{
"type": "FeatureCollection",
"name": "Road_Buff_Reproj",
"crs": { "type": "name", "properties": { "name": "urn:ogc:def:crs:OGC:1.3:CRS84" } },
"features": [
{ "type": "Feature", "properties": { "NAMA JALAN": "JALAN JAMBATAN GANTUNG", "KTG JLN": "JRB", "PJG JLN": 2.0, "LBR JLN": 8.6, "JENIS SRT": "SRT1", "CON OF RD": "C1", "TARIKH": null, "NORTHING": 1.552749, "EASTING": 110.324666, "CATATAN": null, "NORTH AKK": 1.552438, "EAST AKHR": 110.330471, "Road_type": "Tertiary road" }, "geometry": { "type": "MultiPolygon", "coordinates": [ [ [ [ 110.330514944166922, 1.552327052478932 ], [ 110.33048992479857, 1.55232393212328 ], [ 110.330434603813217, 1.552323590013472 ], [ 110.330428168279909, 1.552323743571961 ], [ 110.330140415541209, 1.552339267459113 ], [ 110.330020284391125, 1.552339823425302 ], [ 110.330012930494078, 1.552340110172517 ], [ 110.329239477908004, 1.552396918759891 ], [ 110.3283795904252, 1.552448016854231 ], [ 110.324793834327821, 1.552625407385497 ], [ 110.32477357324403, 1.552628367864689 ], [ 110.324685991397502, 1.552649867131492 ], [ 110.32465486643062, 1.552662975068198 ], [ 110.324629289784596, 1.552685120818566 ], [ 110.32461176507951, 1.552714136602322 ], [ 110.324604007755624, 1.552747182152419 ], [ 110.324606777153974, 1.55278102274037 ], [ 110.324619802186888, 1.552812345813758 ], [ 110.324641807873661, 1.552838085252044 ], [ 110.324670640144575, 1.552855721499684 ], [ 110.324703476696058, 1.552863528197743 ], [ 110.324737103257519, 1.552860741172101 ], [ 110.324814694821924, 1.552841694286339 ], [ 110.328390711403443, 1.552664785701455 ], [ 110.32839177325215, 1.552664727887677 ], [ 110.329252938396635, 1.552613553900808 ], [ 110.329254431366152, 1.552613454718577 ], [ 110.330024958057905, 1.552556861061582 ], [ 110.330144047739807, 1.552556309919245 ], [ 110.330149324657242, 1.552556155459976 ], [ 110.330436498504454, 1.552540662813906 ], [ 110.330475907300638, 1.55254090652272 ], [ 110.330529607507202, 1.552554157591457 ], [ 110.330563230738491, 1.55255698535241 ], [ 110.330596076631267, 1.552549218429897 ], [ 110.330624930000397, 1.552531617104294 ], [ 110.330646966476834, 1.552505904315942 ], [ 110.330660028976581, 1.552474597011759 ], [ 110.330662838851225, 1.552440759768924 ], [ 110.33065512105091, 1.552407704812703 ], [ 110.33063763104802, 1.552378667792654 ], [ 110.330612080886155, 1.552356491054637 ], [ 110.330580971593307, 1.55234334541226 ], [ 110.330514944166922, 1.552327052478932 ] ] ] ] } },
{ "type": "Feature", "properties": { "NAMA JALAN": "JALAN RUBBER", "KTG JLN": "JRB", "PJG JLN": 0.747, "LBR JLN": 8.6, "JENIS SRT": "SRT1", "CON OF RD": "C1", "TARIKH": null, "NORTHING": 1.551033, "EASTING": 110.337645, "CATATAN": null, "NORTH AKK": 1.551376, "EAST AKHR": 110.331037, "Road_type": "Secondary road" }, "geometry": { "type": "MultiPolygon", "coordinates": [ [ [ [ 110.331816193800918, 1.551449846168127 ], [ 110.331853713618216, 1.551455259324042 ], [ 110.331874465717235, 1.551456219115165 ], [ 110.333580443172423, 1.551369374324806 ], [ 110.333581111645287, 1.55136933820156 ], [ 110.334956707675858, 1.551290693014044 ], [ 110.337720009744487, 1.551143412845323 ], [ 110.337753009015103, 1.551136334802709 ], [ 110.337782219785964, 1.551119340935861 ], [ 110.33780478270296, 1.551094094722778 ], [ 110.337818489150493, 1.551063067438747 ], [ 110.337821997446042, 1.55102929625066 ], [ 110.337814964173376, 1.550996086917846 ], [ 110.33779807779861, 1.550966690201315 ], [ 110.337772991278001, 1.550943983656571 ], [ 110.337742160255075, 1.550930189958354 ], [ 110.337708602685154, 1.550926659329846 ], [ 110.334945094144757, 1.551073950602693 ], [ 110.334944680910851, 1.551073973427615 ], [ 110.333569212549236, 1.551152611366086 ], [ 110.331874070756925, 1.551238904617698 ], [ 110.331836421134227, 1.551233416475401 ], [ 110.331816972950534, 1.551232369853121 ], [ 110.331816577358609, 1.55123238458876 ], [ 110.331813916532084, 1.551232516841458 ], [ 110.331011651908554, 1.551282395822925 ], [ 110.330978715756515, 1.551289765440857 ], [ 110.330949654546714, 1.551307016981889 ], [ 110.330927312992586, 1.551332461744941 ], [ 110.330913878040988, 1.551363609019367 ], [ 110.330910664798679, 1.551397409893035 ], [ 110.330917987800419, 1.551430555701098 ], [ 110.330935130220098, 1.551459801901067 ], [ 110.330960414038501, 1.551482285671174 ], [ 110.33099136429945, 1.5514958061433 ], [ 110.331024951375682, 1.551499039839276 ], [ 110.331816193800918, 1.551449846168127 ] ] ] ] } },
{ "type": "Feature", "properties": { "NAMA JALAN": "JALAN RUBBER BARAT", "KTG JLN": "JRB", "PJG JLN": 0.9, "LBR JLN": 7.6, "JENIS SRT": "SRT1", "CON OF RD": "C1", "TARIKH": null, "NORTHING": 1.551387, "EASTING": 110.330803, "CATATAN": null, "NORTH AKK": 1.551848, "EAST AKHR": 110.32281, "Road_type": "Secondary road" }, "geometry": { "type": "MultiPolygon", "coordinates": [ [ [ [ 110.32285367234249, 1.55185839806885 ], [ 110.322853976912128, 1.551858693106021 ], [ 110.322859164135579, 1.551863401929916 ], [ 110.322860149639624, 1.551864239909919 ], [ 110.322902620812698, 1.551886378792854 ], [ 110.322935959986509, 1.551895099727432 ], [ 110.322952267986281, 1.551910837875088 ], [ 110.322991641161167, 1.551935066459014 ], [ 110.322997354017346, 1.551937056076863 ], [ 110.323013625984032, 1.551941326879489 ], [ 110.323022612754599, 1.551942945286188 ], [ 110.323033135360077, 1.551944306759758 ], [ 110.323067991349816, 1.551947071590042 ], [ 110.323082391132971, 1.551947243168519 ], [ 110.325657180255718, 1.551804639897138 ], [ 110.325657560857152, 1.551804618138509 ], [ 110.327426137908375, 1.551700353489283 ], [ 110.32870716326552, 1.551633840106921 ], [ 110.328708181196944, 1.55163378239717 ], [ 110.32986709155027, 1.551562547805045 ], [ 110.330224499726981, 1.551543921664521 ], [ 110.330654511529005, 1.551529332481806 ], [ 110.330735947703999, 1.551528327019432 ], [ 110.330853009866743, 1.551541564267427 ], [ 110.330886715857929, 1.551540030508822 ], [ 110.330918301200839, 1.551528089792587 ], [ 110.330944674101772, 1.551506910959133 ], [ 110.330963252997194, 1.551478567140243 ], [ 110.330972219255329, 1.551445832826442 ], [ 110.330970695196527, 1.551411912280615 ], [ 110.330958830006566, 1.55138012588226 ], [ 110.330937785133187, 1.551353585105648 ], [ 110.330909620595477, 1.5513348879469 ], [ 110.330877093334635, 1.551325864614105 ], [ 110.330753369533994, 1.551311874079576 ], [ 110.330740004829636, 1.551311203549583 ], [ 110.330650709995808, 1.55131230604302 ], [ 110.330648399359305, 1.551312359498247 ], [ 110.330216260410452, 1.551327020864787 ], [ 110.330214316881822, 1.551327104470465 ], [ 110.329855438483605, 1.551345807243798 ], [ 110.329854441038407, 1.551345863888263 ], [ 110.328695540993294, 1.551417097889353 ], [ 110.327414649656859, 1.55148360435928 ], [ 110.327413899486302, 1.551483645946764 ], [ 110.325645137810042, 1.551587921545182 ], [ 110.323077744759203, 1.551730115285298 ], [ 110.323076520682662, 1.551730018189729 ], [ 110.323064946938956, 1.551718848868956 ], [ 110.323042892439616, 1.551702430135287 ], [ 110.323017435002797, 1.55169214277392 ], [ 110.322979944736261, 1.551682335988504 ], [ 110.322974398784183, 1.551678087791187 ], [ 110.322959229753124, 1.551669043211994 ], [ 110.322927868705989, 1.551656518163681 ], [ 110.322894196606285, 1.551654358918647 ], [ 110.322861509513501, 1.551662776838654 ], [ 110.322833007067715, 1.551680947918953 ], [ 110.322811479286628, 1.551707093447535 ], [ 110.322799033459376, 1.551738654117905 ], [ 110.322796887870297, 1.551772540551946 ], [ 110.322805252544867, 1.551805435709525 ], [ 110.322823308690758, 1.551834119583548 ], [ 110.322849288846868, 1.55185578439663 ], [ 110.32285367234249, 1.55185839806885 ] ] ] ] } },
{ "type": "Feature", "properties": { "NAMA JALAN": "JALAN GREEN", "KTG JLN": "JRB", "PJG JLN": 2.4, "LBR JLN": 7.4, "JENIS SRT": "SRT1", "CON OF RD": "C1", "TARIKH": null, "NORTHING": 1.55335, "EASTING": 110.330264, "CATATAN": null, "NORTH AKK": 1.536136, "EAST AKHR": 110.340682, "Road_type": "Secondary road" }, "geometry": { "type": "MultiPolygon", "coordinates": [ [ [ [ 110.330470456480001, 1.553276301966179 ], [ 110.330505782236528, 1.553189449104145 ], [ 110.330509924217125, 1.553177241892629 ], [ 110.3305621804531, 1.55298692002904 ], [ 110.330667869182065, 1.552664572772707 ], [ 110.330669439186096, 1.552659345917689 ], [ 110.330788249893189, 1.552224600699192 ], [ 110.330850766247067, 1.552064959036274 ], [ 110.330853100324404, 1.552058386633809 ], [ 110.33090037033908, 1.551910432505277 ], [ 110.330900920757216, 1.551908657678311 ], [ 110.330987967894529, 1.551619280708891 ], [ 110.331159395557421, 1.5510828586387 ], [ 110.33116060105597, 1.551078818717956 ], [ 110.331230536310898, 1.550826766129697 ], [ 110.331275538514404, 1.550706578226559 ], [ 110.331277982698765, 1.550699274485754 ], [ 110.331393804263783, 1.550307727805968 ], [ 110.331486384967889, 1.55002346293928 ], [ 110.331490044407531, 1.550008880799576 ], [ 110.331499627831491, 1.549955281958882 ], [ 110.331522900212221, 1.549877827342077 ], [ 110.331544523307997, 1.549830057906691 ], [ 110.331549723422256, 1.549816100543616 ], [ 110.331797220698974, 1.548981419185195 ], [ 110.331799456462804, 1.548972522175259 ], [ 110.331889477524157, 1.548537697479569 ], [ 110.331890112832454, 1.548534369356806 ], [ 110.331957829596305, 1.548147084267044 ], [ 110.331959458909736, 1.548129007245616 ], [ 110.331959674581952, 1.548096786606871 ], [ 110.331996617412585, 1.547890133697117 ], [ 110.331997323278102, 1.54785618589346 ], [ 110.331987570520013, 1.547823680100146 ], [ 110.331968313806541, 1.547795798210793 ], [ 110.331941438119259, 1.547775269499034 ], [ 110.331909574237727, 1.547764103458148 ], [ 110.33187584122058, 1.547763393097847 ], [ 110.331843541090308, 1.547773207953038 ], [ 110.331815835608381, 1.547792587277147 ], [ 110.331795436780183, 1.547819634086915 ], [ 110.331784341385074, 1.547851700852182 ], [ 110.331745759392021, 1.548067522942119 ], [ 110.331744057879021, 1.548086008308715 ], [ 110.331743840806922, 1.548118437815771 ], [ 110.331677984213613, 1.548495084128684 ], [ 110.331589237432922, 1.548923753628437 ], [ 110.331345167779304, 1.549746875262741 ], [ 110.331323626507967, 1.549794463929612 ], [ 110.331318539441909, 1.549808042556375 ], [ 110.331291369367364, 1.549898469378561 ], [ 110.331288458017283, 1.549910661674827 ], [ 110.33127909595288, 1.549963022466846 ], [ 110.331188388163014, 1.550241536601333 ], [ 110.331187506746048, 1.550244373649354 ], [ 110.331072356933575, 1.550633649349342 ], [ 110.33102703020856, 1.550754703944361 ], [ 110.331024076724361, 1.550763784651323 ], [ 110.330953427247991, 1.551018411317297 ], [ 110.330782357217132, 1.551553714239868 ], [ 110.330781804229915, 1.551555497107444 ], [ 110.330694755868123, 1.551844878109652 ], [ 110.330648830595763, 1.551988623206637 ], [ 110.330585468593853, 1.552150424300924 ], [ 110.33058181919769, 1.552161436707092 ], [ 110.330462196470521, 1.552599153157694 ], [ 110.330356527961456, 1.552921438706079 ], [ 110.330354992249411, 1.552926540371714 ], [ 110.330303740339787, 1.553113204362079 ], [ 110.330266361556667, 1.553205104843026 ], [ 110.330259875555925, 1.553227875760976 ], [ 110.330233058445714, 1.553385270626942 ], [ 110.330232628788423, 1.553419223058943 ], [ 110.330242645684805, 1.553451647356912 ], [ 110.33026212861165, 1.553479369604776 ], [ 110.330289170444516, 1.553499676155797 ], [ 110.330321124140497, 1.553510579263199 ], [ 110.330354861849074, 1.55351101165473 ], [ 110.330387081087977, 1.553500931004736 ], [ 110.33041462801333, 1.553481324077333 ], [ 110.330434806139877, 1.553454110135197 ], [ 110.330445640291984, 1.553421953068616 ], [ 110.330470456480001, 1.553276301966179 ] ] ] ] } },
{ "type": "Feature", "properties": { "NAMA JALAN": "JALAN KULAS", "KTG JLN": "JRB", "PJG JLN": 1.39, "LBR JLN": 12.9, "JENIS SRT": "SRT1", "CON OF RD": "C1", "TARIKH": null, "NORTHING": 1.554508, "EASTING": 110.327786, "CATATAN": null, "NORTH AKK": 1.553821, "EAST AKHR": 110.33792, "Road_type": "Main road" }, "geometry": { "type": "MultiPolygon", "coordinates": [ [ [ [ 110.326643535872989, 1.55437778639284 ], [ 110.326796742680756, 1.554357987175834 ], [ 110.326960372450259, 1.554353437179898 ], [ 110.327150747414947, 1.554367980421493 ], [ 110.327275291546201, 1.5543908037942 ], [ 110.327355770026955, 1.554411527612263 ], [ 110.327764018834159, 1.554541410203033 ], [ 110.32776795010146, 1.554542578692565 ], [ 110.327996892154445, 1.554605892014955 ], [ 110.328034665050239, 1.554625291785126 ], [ 110.328081348061062, 1.554637127098887 ], [ 110.328227806678839, 1.554640323976175 ], [ 110.328234225570128, 1.554640271783134 ], [ 110.328511249645103, 1.554629715888425 ], [ 110.328513593067584, 1.554629600890345 ], [ 110.330056718658398, 1.55453693214424 ], [ 110.330058559026028, 1.554536805719834 ], [ 110.330887499055166, 1.554472689062991 ], [ 110.332871422855561, 1.554362640065711 ], [ 110.33295946527636, 1.55436928706146 ], [ 110.332973657441372, 1.554369416022183 ], [ 110.333242333349617, 1.554354035636893 ], [ 110.333260173739134, 1.554351497160914 ], [ 110.333299650901424, 1.554342442232694 ], [ 110.334261171357795, 1.554284125037051 ], [ 110.334345812672737, 1.554292825341774 ], [ 110.334362922214254, 1.554293210361315 ], [ 110.33522100461488, 1.554243871751784 ], [ 110.335222947512094, 1.55424374231837 ], [ 110.336039545426431, 1.55418188523383 ], [ 110.336709726779375, 1.554141436682724 ], [ 110.336742676110774, 1.55413412672484 ], [ 110.336771768170905, 1.554116927838479 ], [ 110.336794155225959, 1.554091523570412 ], [ 110.336807645874899, 1.554060400667448 ], [ 110.336810919559042, 1.554026605656277 ], [ 110.336803655827651, 1.553993446628238 ], [ 110.33678656570568, 1.553964169420181 ], [ 110.336761322093565, 1.553941639889241 ], [ 110.336730396012101, 1.55392806338284 ], [ 110.336696814721549, 1.5539247688639 ], [ 110.336025813753977, 1.553965266906938 ], [ 110.336024175286127, 1.553965378401843 ], [ 110.335207729478256, 1.554027223994955 ], [ 110.334359189155165, 1.554076013979353 ], [ 110.334274379296659, 1.554067296352258 ], [ 110.334256933660754, 1.554066931187675 ], [ 110.333277834353524, 1.554126314594279 ], [ 110.333260357050648, 1.55412883166796 ], [ 110.333221058418928, 1.554137845648249 ], [ 110.332968508757261, 1.554152302893692 ], [ 110.332880561256786, 1.554145663066732 ], [ 110.332866558347689, 1.554145523440136 ], [ 110.33087446333667, 1.554256025771558 ], [ 110.330872134274543, 1.554256180424114 ], [ 110.330042950243751, 1.554320315985219 ], [ 110.328501916557116, 1.554412859163504 ], [ 110.328229273504931, 1.554423248130814 ], [ 110.328110713078217, 1.554420660215392 ], [ 110.328085117539047, 1.554407514610585 ], [ 110.328064671553449, 1.554399533120324 ], [ 110.327827077879078, 1.554333827220821 ], [ 110.327417919864558, 1.554203655378783 ], [ 110.327412146278945, 1.554201994980348 ], [ 110.327325079924933, 1.554179574737127 ], [ 110.327317666631188, 1.554177943104119 ], [ 110.327183846199915, 1.554153419803699 ], [ 110.327172688999397, 1.554151975337457 ], [ 110.326971134208478, 1.55413657804581 ], [ 110.326959992821415, 1.554136308111705 ], [ 110.326785385913951, 1.554141163351207 ], [ 110.326774628816864, 1.554142005864938 ], [ 110.326609261740572, 1.554163376583929 ], [ 110.326595821823332, 1.554165995029465 ], [ 110.326379657126921, 1.554222642147747 ], [ 110.326348737612534, 1.554236233662177 ], [ 110.326323504855196, 1.55425877542266 ], [ 110.326306428812785, 1.554288060884627 ], [ 110.326299181007315, 1.55432122338311 ], [ 110.326302470904679, 1.554355016741888 ], [ 110.326315976467086, 1.55438613303166 ], [ 110.326338375676301, 1.554411526373319 ], [ 110.326367475941836, 1.554428711089622 ], [ 110.326400428726942, 1.55443600502071 ], [ 110.326434008383245, 1.554432694185652 ], [ 110.326643535872989, 1.55437778639284 ] ] ] ] } },
{ "type": "Feature", "properties": { "NAMA JALAN": "JALAN SATOK", "KTG JLN": "JRB", "PJG JLN": 1.351, "LBR JLN": 12.9, "JENIS SRT": "SRT1", "CON OF RD": "C1", "TARIKH": null, "NORTHING": 1.553103, "EASTING": 110.337785, "CATATAN": null, "NORTH AKK": 1.553661, "EAST AKHR": 110.325951, "Road_type": "Main road" }, "geometry": { "type": "MultiPolygon", "coordinates": [ [ [ [ 110.326427063300741, 1.554198509104252 ], [ 110.326951571533598, 1.553917413687214 ], [ 110.327380886378137, 1.553767536755308 ], [ 110.327728113613588, 1.553718666351785 ], [ 110.327938765974125, 1.553697470053945 ], [ 110.328691645829238, 1.553651191786045 ], [ 110.328693618446309, 1.553651052252553 ], [ 110.328873088016678, 1.553636692180229 ], [ 110.328882486350068, 1.55363552040138 ], [ 110.328918837945295, 1.553629346666729 ], [ 110.328944363709908, 1.553628619815546 ], [ 110.329180274779432, 1.553625612073237 ], [ 110.329184227736803, 1.553625488689968 ], [ 110.329579356034884, 1.553605851854025 ], [ 110.329580880051282, 1.553605765229349 ], [ 110.330489796871078, 1.553547605567327 ], [ 110.332961982289191, 1.553414148289337 ], [ 110.332966052037563, 1.553413850788277 ], [ 110.333144861514313, 1.553397352039833 ], [ 110.333732140515636, 1.553373073675232 ], [ 110.333733565435665, 1.553373005265108 ], [ 110.334451832141198, 1.553333727977946 ], [ 110.334452168919128, 1.553333709030101 ], [ 110.335178531105768, 1.553291695417376 ], [ 110.33519466200778, 1.553289524535882 ], [ 110.335230215051354, 1.553281955797137 ], [ 110.335251610626983, 1.553274989254678 ], [ 110.335267876008871, 1.55326773094766 ], [ 110.335608661981695, 1.553247712010271 ], [ 110.335618506089659, 1.553246675851588 ], [ 110.335789448717136, 1.553220655110216 ], [ 110.335925448367902, 1.553216140852758 ], [ 110.336092017500746, 1.553228544634924 ], [ 110.336101612143665, 1.553228828035865 ], [ 110.336324240097881, 1.553225427591499 ], [ 110.336357481231659, 1.553219607483296 ], [ 110.336387308290554, 1.55320373477789 ], [ 110.336410801593956, 1.553179363206193 ], [ 110.336425661453475, 1.553148878427493 ], [ 110.336430433282587, 1.553115264504451 ], [ 110.336424649981623, 1.553081811802205 ], [ 110.336408877660659, 1.553051794904476 ], [ 110.336384660224681, 1.553028152074418 ], [ 110.336354368245168, 1.553013197636935 ], [ 110.33632096691214, 1.553008395436456 ], [ 110.336103142564653, 1.553011722517605 ], [ 110.335935614225136, 1.552999247311726 ], [ 110.335924101110507, 1.552999010398581 ], [ 110.335776018110082, 1.55300392574572 ], [ 110.335763444782216, 1.553005087342911 ], [ 110.335591147749383, 1.553031314258039 ], [ 110.33523576894973, 1.553052190439862 ], [ 110.335198338661428, 1.553061322258591 ], [ 110.335174516477935, 1.553071952734142 ], [ 110.335158007909484, 1.553075467174927 ], [ 110.33443996120694, 1.553116999835926 ], [ 110.333722575185519, 1.553156228990284 ], [ 110.333133294343298, 1.55318059013254 ], [ 110.333127874280621, 1.55318095199034 ], [ 110.33294839139019, 1.553197512881603 ], [ 110.330477710335686, 1.553330889037423 ], [ 110.330476643731444, 1.553330951950204 ], [ 110.329567955523331, 1.553389097017427 ], [ 110.329175564916099, 1.553408597811561 ], [ 110.328940789297519, 1.553411591085455 ], [ 110.328939105235378, 1.553411625795827 ], [ 110.328905239038505, 1.553412590143641 ], [ 110.328890343555898, 1.553414059918948 ], [ 110.328851268596978, 1.553420696174907 ], [ 110.328677509463816, 1.553434599338951 ], [ 110.327923536117822, 1.553480944849264 ], [ 110.327919381620305, 1.553481281424999 ], [ 110.327704546464616, 1.55350289861305 ], [ 110.327700338792866, 1.553503406210776 ], [ 110.327340568653298, 1.553554041976076 ], [ 110.327320161374317, 1.553558990158681 ], [ 110.326872949609026, 1.553715115057799 ], [ 110.326857603843678, 1.553721857055639 ], [ 110.326320641967001, 1.554009626681195 ], [ 110.326310870524708, 1.554015551368626 ], [ 110.325825624823167, 1.554346184827965 ], [ 110.325800989045689, 1.554369385720851 ], [ 110.325784683160293, 1.554399112403643 ], [ 110.32577830330068, 1.554432455021597 ], [ 110.32578247397214, 1.554466149767121 ], [ 110.325796786920606, 1.554496898363908 ], [ 110.325819841095239, 1.554521690925146 ], [ 110.325849379792999, 1.554538100582213 ], [ 110.32588251156028, 1.554544521043401 ], [ 110.325915993228733, 1.554540323829114 ], [ 110.325946547379033, 1.554525919791744 ], [ 110.326427063300741, 1.554198509104252 ] ] ] ] } },
{ "type": "Feature", "properties": { "NAMA JALAN": "JALAN NANAS", "KTG JLN": "JRB", "PJG JLN": 0.667, "LBR JLN": 12.67, "JENIS SRT": "SRT1", "CON OF RD": "C1", "TARIKH": null, "NORTHING": 1.549003, "EASTING": 110.337193, "CATATAN": null, "NORTH AKK": 1.549351, "EAST AKHR": 110.331613, "Road_type": "Secondary road" }, "geometry": { "type": "MultiPolygon", "coordinates": [ [ [ [ 110.331750824183331, 1.549448069403894 ], [ 110.331757191008464, 1.549447902198685 ], [ 110.332025553194455, 1.549432864411835 ], [ 110.332411905293569, 1.549418290180194 ], [ 110.332415474677035, 1.549418095871259 ], [ 110.332575108461555, 1.549406732715491 ], [ 110.332803326752042, 1.549402389765479 ], [ 110.332809257890844, 1.549402112373029 ], [ 110.332948539173884, 1.549391724921317 ], [ 110.333183276602568, 1.549383190484288 ], [ 110.33318534615664, 1.54938309520135 ], [ 110.334912375996595, 1.549286844387114 ], [ 110.334927957247629, 1.549284822640987 ], [ 110.334961020961472, 1.549278038456019 ], [ 110.334963230106894, 1.549278044933133 ], [ 110.334988151507346, 1.549277392441058 ], [ 110.334988882182174, 1.54927737081645 ], [ 110.335095227277264, 1.549273860422766 ], [ 110.335096798677426, 1.549273797005388 ], [ 110.335481709492228, 1.549255433148329 ], [ 110.335482625450382, 1.549255385519009 ], [ 110.336016911154161, 1.549225309812806 ], [ 110.336147368807744, 1.549231320145636 ], [ 110.336158624887929, 1.549231246912121 ], [ 110.336478529635528, 1.549212334473819 ], [ 110.336485140944831, 1.54921173767952 ], [ 110.336682219892722, 1.549187774662524 ], [ 110.336748146540629, 1.549184050883426 ], [ 110.336830660549793, 1.549182328191925 ], [ 110.337070173272664, 1.549189933111812 ], [ 110.33708096503527, 1.549189731906747 ], [ 110.337208833460593, 1.549180891862978 ], [ 110.3372194957349, 1.549179615523524 ], [ 110.337353986917208, 1.549156633455863 ], [ 110.337367805788588, 1.549153316899061 ], [ 110.337641955628541, 1.549067964875765 ], [ 110.337672232075718, 1.549052978652697 ], [ 110.337696424987541, 1.549029310404635 ], [ 110.3377121661931, 1.548999276944638 ], [ 110.337717914833519, 1.548965818157116 ], [ 110.33771310819202, 1.548932209221487 ], [ 110.337698216776488, 1.548901740014675 ], [ 110.337674698262717, 1.548877393075 ], [ 110.337644854806854, 1.548861551650569 ], [ 110.337611607694271, 1.548855766410217 ], [ 110.337578211383772, 1.548860603653458 ], [ 110.337310862227426, 1.548943838409231 ], [ 110.337188688788274, 1.54896471560635 ], [ 110.337071573988013, 1.548972812214304 ], [ 110.336834643782524, 1.548965289300866 ], [ 110.336829006214998, 1.548965258670302 ], [ 110.336741768478447, 1.548967079984734 ], [ 110.336737961961319, 1.548967227177308 ], [ 110.336666677411301, 1.548971253592922 ], [ 110.336659785084208, 1.548971866631041 ], [ 110.336462566286215, 1.548995846660487 ], [ 110.336151602480271, 1.549014230530905 ], [ 110.336021296071266, 1.549008227169973 ], [ 110.33601034148532, 1.549008283005769 ], [ 110.335471037810223, 1.549038641200672 ], [ 110.335087370568772, 1.549056945741327 ], [ 110.334982176710454, 1.549060418136992 ], [ 110.334960739712145, 1.549060979401197 ], [ 110.334960111316605, 1.549060959260636 ], [ 110.334952251830444, 1.549060995731672 ], [ 110.334947159811122, 1.54906120625559 ], [ 110.334947177031879, 1.549061628101295 ], [ 110.334928228653183, 1.549063244066756 ], [ 110.334892585770049, 1.54907055746074 ], [ 110.333174454342057, 1.549166312409215 ], [ 110.33293871177959, 1.549174883398476 ], [ 110.332934635273233, 1.549175109433647 ], [ 110.332796279645478, 1.549185427856177 ], [ 110.332568242483276, 1.549189767367002 ], [ 110.3325626724355, 1.5491900184428 ], [ 110.332402039954204, 1.549201452694483 ], [ 110.332016495781318, 1.549215996462493 ], [ 110.332014539831434, 1.549216088148023 ], [ 110.331748381058674, 1.549231002475477 ], [ 110.331654687858574, 1.549230677772383 ], [ 110.331621344867202, 1.549235874017037 ], [ 110.331591229367547, 1.549251185087999 ], [ 110.331567289274233, 1.549275112230884 ], [ 110.331551868010251, 1.549305313290271 ], [ 110.331546475116383, 1.549338831976141 ], [ 110.331551638486886, 1.549372387246173 ], [ 110.331566852695346, 1.549402694476856 ], [ 110.331590628469357, 1.549426786985376 ], [ 110.331620638470653, 1.549442306429099 ], [ 110.331653945111185, 1.549447733656655 ], [ 110.331750824183331, 1.549448069403894 ] ] ] ] } },
{ "type": "Feature", "properties": { "NAMA JALAN": "JALAN NANAS BARAT", "KTG JLN": "JRB", "PJG JLN": 0.829, "LBR JLN": 4.88, "JENIS SRT": "SRT1", "CON OF RD": "C1", "TARIKH": null, "NORTHING": 1.549374, "EASTING": 110.331326, "CATATAN": null, "NORTH AKK": 1.549963, "EAST AKHR": 110.321209, "Road_type": "Tertiary road" }, "geometry": { "type": "MultiPolygon", "coordinates": [ [ [ [ 110.331551725299846, 1.549338525921837 ], [ 110.331584352386059, 1.549329875339035 ], [ 110.331612726322859, 1.549311501632212 ], [ 110.331634069671381, 1.549285203347775 ], [ 110.331646293195845, 1.549253554745091 ], [ 110.331648200372612, 1.54921965381006 ], [ 110.33163960451418, 1.549186819002535 ], [ 110.331621347043395, 1.5491582644224 ], [ 110.331595215128914, 1.549136785190902 ], [ 110.33156376674475, 1.549124483844891 ], [ 110.331530080277716, 1.549122564525633 ], [ 110.331462636488467, 1.549129410516166 ], [ 110.331430009404585, 1.54913806109914 ], [ 110.331401635469462, 1.549156434805518 ], [ 110.331380292121352, 1.549182733088851 ], [ 110.331368068595737, 1.549214381689966 ], [ 110.331366161416568, 1.549248282623432 ], [ 110.331374757272116, 1.549281117429854 ], [ 110.331393014740414, 1.54930967200969 ], [ 110.331419146653545, 1.549331151241805 ], [ 110.331450595037893, 1.549343452589223 ], [ 110.33148428150632, 1.549345371910212 ], [ 110.331551725299846, 1.549338525921837 ] ] ], [ [ [ 110.32989059743926, 1.549507140935371 ], [ 110.329923224522545, 1.549498490370357 ], [ 110.329951598461804, 1.54948011668222 ], [ 110.329972941817942, 1.549453818415484 ], [ 110.329985165354429, 1.549422169827824 ], [ 110.329987072546459, 1.549388268903612 ], [ 110.329978476705037, 1.549355434101692 ], [ 110.329960219251305, 1.549326879521364 ], [ 110.329934087352328, 1.54930540028397 ], [ 110.329902638980528, 1.549293098926832 ], [ 110.329868952521551, 1.549291179592374 ], [ 110.329636893470862, 1.54931473500318 ], [ 110.329604266390206, 1.54932338556658 ], [ 110.329575892452397, 1.549341759252433 ], [ 110.329554549095917, 1.549368057516311 ], [ 110.329542325557085, 1.549399706100921 ], [ 110.329540418361162, 1.549433607022483 ], [ 110.329549014198008, 1.549466441822722 ], [ 110.329567271647548, 1.549494996402768 ], [ 110.329593403543669, 1.549516475641398 ], [ 110.329624851914389, 1.549528777001024 ], [ 110.329658538373977, 1.549530696338735 ], [ 110.32989059743926, 1.549507140935371 ] ] ], [ [ [ 110.323008327055064, 1.549937950782416 ], [ 110.323012477760557, 1.549937882335323 ], [ 110.323326510845675, 1.549926616418184 ], [ 110.323328583277927, 1.549926521975796 ], [ 110.325041415619339, 1.54983184466145 ], [ 110.325053714533411, 1.549830448996669 ], [ 110.325147327395882, 1.549814306274862 ], [ 110.32529179476829, 1.549807372293595 ], [ 110.325370730419081, 1.549811625768265 ], [ 110.325381427213955, 1.549811667513145 ], [ 110.325588250751082, 1.549802141014768 ], [ 110.325589250873236, 1.549802090264262 ], [ 110.326890155737374, 1.549729981200469 ], [ 110.326896690695918, 1.549729417939306 ], [ 110.327113363642397, 1.549704042360084 ], [ 110.327224826577719, 1.549696908831835 ], [ 110.327540990375198, 1.549691781053512 ], [ 110.327545397882389, 1.549691618795078 ], [ 110.328409376861842, 1.54964199150846 ], [ 110.328580662176194, 1.549639692768692 ], [ 110.328590046577418, 1.549639154539061 ], [ 110.329403006104002, 1.549556634396782 ], [ 110.329435633186421, 1.549547983837007 ], [ 110.329464007126404, 1.549529610154327 ], [ 110.329485350484759, 1.549503311892811 ], [ 110.329497574024799, 1.549471663309544 ], [ 110.329499481221291, 1.549437762388506 ], [ 110.329490885384857, 1.549404927588228 ], [ 110.329472627936156, 1.549376373007877 ], [ 110.329446496041712, 1.549354893768736 ], [ 110.32941504767355, 1.549342592408327 ], [ 110.329381361216932, 1.549340673069421 ], [ 110.328573082276662, 1.549422718136486 ], [ 110.328404145379579, 1.549424985364878 ], [ 110.328399438081959, 1.549425152067331 ], [ 110.327535309419744, 1.549474787983773 ], [ 110.327218795364047, 1.54947992145354 ], [ 110.327213688827172, 1.549480126156168 ], [ 110.327096857648229, 1.549487603251524 ], [ 110.327091236096521, 1.549488111970542 ], [ 110.326875017969471, 1.549513434292409 ], [ 110.325577889121305, 1.54958533409855 ], [ 110.325376915201318, 1.549594591165077 ], [ 110.325297875941672, 1.549590332109776 ], [ 110.325286972370506, 1.549590300089522 ], [ 110.325130470919618, 1.549597811674451 ], [ 110.3251173950962, 1.54959924745622 ], [ 110.325023397512439, 1.549615456523967 ], [ 110.323317790352505, 1.549709734525119 ], [ 110.323006868651547, 1.549720888832635 ], [ 110.322410170028732, 1.549719169282674 ], [ 110.322376830081566, 1.54972438498251 ], [ 110.32234672345146, 1.549739713607304 ], [ 110.32232279718481, 1.549763654684399 ], [ 110.322307393351153, 1.549793864694419 ], [ 110.322302019785084, 1.549827386471156 ], [ 110.322307202488872, 1.549860938669732 ], [ 110.322322434143715, 1.549891236967309 ], [ 110.32234622376933, 1.549915315555528 ], [ 110.322376242671623, 1.549930817454337 ], [ 110.322409552391235, 1.5499362252298 ], [ 110.323008327055064, 1.549937950782416 ] ] ] ] } },
{ "type": "Feature", "properties": { "NAMA JALAN": "JALAN ONG GUAN POH", "KTG JLN": "JRB", "PJG JLN": 0.215, "LBR JLN": 8.6, "JENIS SRT": "SRT1", "CON OF RD": "C1", "TARIKH": null, "NORTHING": 1.55143, "EASTING": 110.328834, "CATATAN": null, "NORTH AKK": 1.54966, "EAST AKHR": 110.328706, "Road_type": "Tertiary road" }, "geometry": { "type": "MultiPolygon", "coordinates": [ [ [ [ 110.328674356779445, 1.549797338231668 ], [ 110.328770320439901, 1.551485073364089 ], [ 110.328777493769948, 1.551518252290965 ], [ 110.328794504013374, 1.551547576534378 ], [ 110.328819686089261, 1.551570175633136 ], [ 110.328850575000729, 1.551583837429935 ], [ 110.328884147125805, 1.55158722461282 ], [ 110.32891711619078, 1.551580005620535 ], [ 110.328946254953507, 1.551562887098247 ], [ 110.328968711108629, 1.551537544726094 ], [ 110.328982286491097, 1.551506459192101 ], [ 110.328985652247937, 1.551472673365024 ], [ 110.328889539870985, 1.549782324457992 ], [ 110.328889117584765, 1.549777107270623 ], [ 110.328874687632293, 1.54963983336157 ], [ 110.328865932962742, 1.549607041094753 ], [ 110.328847537514193, 1.549578576360442 ], [ 110.328821301961597, 1.549557225485199 ], [ 110.328789794423685, 1.549545078441429 ], [ 110.328756099077779, 1.54954332426624 ], [ 110.328723514258783, 1.549552134670366 ], [ 110.32869522959551, 1.549570647229964 ], [ 110.328674013787648, 1.549597049806656 ], [ 110.328661943586184, 1.549628757932313 ], [ 110.32866020050659, 1.549662667794848 ], [ 110.328674356779445, 1.549797338231668 ] ] ] ] } },
{ "type": "Feature", "properties": { "NAMA JALAN": "JALAN SATOK TIMUR", "KTG JLN": "JRB", "PJG JLN": null, "LBR JLN": null, "JENIS SRT": "SRT1", "CON OF RD": "C1", "TARIKH": "2025-08-01", "NORTHING": null, "EASTING": null, "CATATAN": null, "NORTH AKK": null, "EAST AKHR": null, "Road_type": "Main road" }, "geometry": { "type": "MultiPolygon", "coordinates": [ [ [ [ 110.339506587092586, 1.552941809768879 ], [ 110.33950270748133, 1.552941797619184 ], [ 110.339305625779275, 1.552944748405774 ], [ 110.339300030309005, 1.55294497852981 ], [ 110.339178605959518, 1.552953154865994 ], [ 110.339168029663284, 1.552954397254391 ], [ 110.338984116298761, 1.552985328399906 ], [ 110.338976317611568, 1.552986939851682 ], [ 110.338881875086329, 1.553010141238566 ], [ 110.338874731393162, 1.553012160650201 ], [ 110.338755762906473, 1.553050281152262 ], [ 110.338747036803468, 1.553053500175525 ], [ 110.338526955264598, 1.553145697556677 ], [ 110.338521566859882, 1.553148131185789 ], [ 110.337488838166081, 1.553649184531664 ], [ 110.337176884517433, 1.553795370486205 ], [ 110.33706937952438, 1.553834608016941 ], [ 110.336907108181649, 1.553882822133479 ], [ 110.336684509921, 1.553921596612374 ], [ 110.33665257330928, 1.5539325504103 ], [ 110.336625563289829, 1.553952899855365 ], [ 110.336606123791285, 1.553980653002104 ], [ 110.336596157687183, 1.554013093179227 ], [ 110.336596640529351, 1.554047044916278 ], [ 110.336607525054092, 1.554079184780891 ], [ 110.336627745808656, 1.554106366699243 ], [ 110.336655323444873, 1.554125929915842 ], [ 110.336687558471638, 1.554135959446635 ], [ 110.336721295499814, 1.554135473531134 ], [ 110.336950047622764, 1.554095627117896 ], [ 110.336962191219669, 1.554092775500907 ], [ 110.337133599405405, 1.554041846650602 ], [ 110.337139831256962, 1.554039785699341 ], [ 110.337254878093432, 1.553997795527099 ], [ 110.337263633173691, 1.553994154661928 ], [ 110.33758054169877, 1.553845646797854 ], [ 110.337581851212619, 1.553845022332914 ], [ 110.338612571569186, 1.553344943434844 ], [ 110.338825631726394, 1.553255687488004 ], [ 110.338936630880653, 1.553220120566202 ], [ 110.339023597257182, 1.55319875582425 ], [ 110.339198324079305, 1.553169369708477 ], [ 110.339311635011043, 1.553161739708609 ], [ 110.339503976105505, 1.553158859906861 ], [ 110.339588273232039, 1.553160650194223 ], [ 110.339621702265049, 1.553156047201635 ], [ 110.339652081757563, 1.55314127360804 ], [ 110.339676437952875, 1.553117775555625 ], [ 110.339692386696754, 1.553087853197511 ], [ 110.339698366815028, 1.553054435542695 ], [ 110.339693792932252, 1.553020793744208 ], [ 110.339679112772259, 1.552990220895869 ], [ 110.339655763331663, 1.552965709681127 ], [ 110.339626030216579, 1.552949659428453 ], [ 110.33959282391146, 1.552943641248284 ], [ 110.339506587092586, 1.552941809768879 ] ] ] ] } },
{ "type": "Feature", "properties": { "NAMA JALAN": "JALAN SATOK TIMUR (DOWN)", "KTG JLN": "JRB", "PJG JLN": null, "LBR JLN": null, "JENIS SRT": "SRT1", "CON OF RD": "C1", "TARIKH": null, "NORTHING": null, "EASTING": null, "CATATAN": null, "NORTH AKK": null, "EAST AKHR": null, "Road_type": "Main road" }, "geometry": { "type": "MultiPolygon", "coordinates": [ [ [ [ 110.339340039945981, 1.552856502698381 ], [ 110.339333647738201, 1.552856660295415 ], [ 110.339102645116128, 1.55286925957112 ], [ 110.339092868389542, 1.552870243923517 ], [ 110.338856206120809, 1.552905091900971 ], [ 110.338849990535948, 1.55290619497671 ], [ 110.338292150953123, 1.553022228157868 ], [ 110.338148770090243, 1.55304766708383 ], [ 110.337897382832622, 1.553076904550546 ], [ 110.337805555398134, 1.553083106718074 ], [ 110.337640988931383, 1.553086005116961 ], [ 110.336745620612177, 1.553059137144923 ], [ 110.336744360010655, 1.553059106739225 ], [ 110.336325319364633, 1.553051466014415 ], [ 110.336291904145654, 1.5530561693627 ], [ 110.336261568606346, 1.553071034104005 ], [ 110.336237282200329, 1.553094605173819 ], [ 110.336221422250091, 1.553124575271588 ], [ 110.336215541238104, 1.553158010715451 ], [ 110.33622021483896, 1.553191638611362 ], [ 110.336234985568382, 1.553222167226734 ], [ 110.336258407564713, 1.553246608208033 ], [ 110.33628818811998, 1.553262569101707 ], [ 110.336321412105889, 1.553268487544199 ], [ 110.336739822385809, 1.553276116788722 ], [ 110.337637110791931, 1.553303042406698 ], [ 110.337642212033742, 1.553303074004906 ], [ 110.337811999527034, 1.553300083657395 ], [ 110.337817333991111, 1.553299856671837 ], [ 110.337914411168981, 1.553293299932052 ], [ 110.33791957044896, 1.553292825951604 ], [ 110.338176716958884, 1.55326291866803 ], [ 110.33818305996995, 1.553261987953193 ], [ 110.338331155250557, 1.553235712591839 ], [ 110.33833425984183, 1.553235114429244 ], [ 110.338890555653421, 1.55311940238403 ], [ 110.339119228039706, 1.553085730907784 ], [ 110.33934212622799, 1.553073573669671 ], [ 110.339612270093099, 1.553074975504779 ], [ 110.339645621953423, 1.553069836733513 ], [ 110.339675763532824, 1.553054577583113 ], [ 110.339699744363131, 1.553030691725481 ], [ 110.339715217033486, 1.553000517274839 ], [ 110.339720666971147, 1.552967007916696 ], [ 110.33971556069838, 1.552933443780722 ], [ 110.339700398053139, 1.552903110358488 ], [ 110.339676663260988, 1.552878976896852 ], [ 110.339646679648993, 1.552863405747092 ], [ 110.339613382221913, 1.552857921121789 ], [ 110.339340039945981, 1.552856502698381 ] ] ] ] } },
{ "type": "Feature", "properties": { "NAMA JALAN": "SUSUR JALAN KULAS", "KTG JLN": "JRB", "PJG JLN": null, "LBR JLN": null, "JENIS SRT": "SRT1", "CON OF RD": "C1", "TARIKH": null, "NORTHING": null, "EASTING": null, "CATATAN": null, "NORTH AKK": null, "EAST AKHR": null, "Road_type": "Main road" }, "geometry": { "type": "MultiPolygon", "coordinates": [ [ [ [ 110.336902355300211, 1.554192764956164 ], [ 110.336906855567591, 1.554192160782538 ], [ 110.337081997104349, 1.554164859853111 ], [ 110.337127960318313, 1.55414607527121 ], [ 110.337149693207735, 1.55413053242232 ], [ 110.337337752619973, 1.554060784834028 ], [ 110.337343461575117, 1.554058479324131 ], [ 110.337490457044424, 1.553994159279581 ], [ 110.337541670039712, 1.553979199244624 ], [ 110.337691408557404, 1.553959079351607 ], [ 110.338022620976574, 1.55393281769473 ], [ 110.338055428536165, 1.553924888170911 ], [ 110.338084195517894, 1.553907144130027 ], [ 110.338106106008894, 1.553881322482356 ], [ 110.338119015257519, 1.55384995083074 ], [ 110.338121659616661, 1.553816100051152 ], [ 110.338113780238274, 1.553783083693904 ], [ 110.338096148411111, 1.553754133630217 ], [ 110.338070490061526, 1.553732083694067 ], [ 110.338039316807681, 1.553719092286813 ], [ 110.338005680104757, 1.553716431097775 ], [ 110.337671558524193, 1.553742923432843 ], [ 110.337665756813266, 1.553743542760499 ], [ 110.337505105975552, 1.553765128913903 ], [ 110.337489315927428, 1.553768476308212 ], [ 110.33742371420314, 1.553787639495999 ], [ 110.337410775611644, 1.553792338305362 ], [ 110.337260281840813, 1.553858189091565 ], [ 110.337061635905314, 1.553931863025093 ], [ 110.337036457279908, 1.553945231247198 ], [ 110.337023795306834, 1.553954286791929 ], [ 110.336876084961801, 1.553977311773599 ], [ 110.336696992096819, 1.553997504065154 ], [ 110.336664461873028, 1.554006516766792 ], [ 110.336636291256696, 1.554025204722907 ], [ 110.336615237783775, 1.554051738626093 ], [ 110.336603362314762, 1.554083521153112 ], [ 110.336601827303454, 1.554117441208866 ], [ 110.336610783007671, 1.554150178462177 ], [ 110.336629352781031, 1.554178528362707 ], [ 110.33665571888497, 1.554199715824698 ], [ 110.336687300421616, 1.554211666871674 ], [ 110.33672100597002, 1.554213211651795 ], [ 110.336902355300211, 1.554192764956164 ] ] ] ] } },
{ "type": "Feature", "properties": { "NAMA JALAN": "SUSUR JALAN HAJI TAHA", "KTG JLN": "JRB", "PJG JLN": null, "LBR JLN": null, "JENIS SRT": "SRT1", "CON OF RD": "C1", "TARIKH": null, "NORTHING": null, "EASTING": null, "CATATAN": null, "NORTH AKK": null, "EAST AKHR": null, "Road_type": "Main road" }, "geometry": { "type": "MultiPolygon", "coordinates": [ [ [ [ 110.338087351778597, 1.554006248558592 ], [ 110.338058575717042, 1.553986114065334 ], [ 110.337985746900642, 1.553951221368691 ], [ 110.337963208483686, 1.553943363250636 ], [ 110.337895768082262, 1.553927994410308 ], [ 110.337880301842688, 1.553925640385054 ], [ 110.337815476941344, 1.553920573214526 ], [ 110.337799281954304, 1.553920534756563 ], [ 110.337097283725996, 1.55397205486349 ], [ 110.337064430806393, 1.553979791829359 ], [ 110.33703556155713, 1.553997366841936 ], [ 110.337013501901239, 1.554023059536443 ], [ 110.337000411191383, 1.554054354932985 ], [ 110.336997570837553, 1.554088189620242 ], [ 110.337005258873603, 1.554121251623432 ], [ 110.33702272274131, 1.554150304603467 ], [ 110.337048252955881, 1.554172504652273 ], [ 110.337079350442181, 1.554185678674362 ], [ 110.337112971161488, 1.554188537104549 ], [ 110.337806870500373, 1.554137611406907 ], [ 110.337855781184828, 1.554141434611684 ], [ 110.33790386987026, 1.554152393434521 ], [ 110.337949828448046, 1.554174412449394 ], [ 110.337980415969426, 1.554204306659664 ], [ 110.338007999881981, 1.554223860925642 ], [ 110.33804023812975, 1.554233879992441 ], [ 110.338073975008342, 1.554233383123891 ], [ 110.338105908116702, 1.554222418956778 ], [ 110.338132911619411, 1.554202060740072 ], [ 110.338152342225229, 1.554174301277822 ], [ 110.338162297931035, 1.554141857859723 ], [ 110.338161804203096, 1.554107906273681 ], [ 110.338150909371251, 1.554075769937676 ], [ 110.33813067989783, 1.554048594580296 ], [ 110.338087351778597, 1.554006248558592 ] ] ] ] } },
{ "type": "Feature", "properties": { "NAMA JALAN": "JALAN HAJI TAHA (UP)", "KTG JLN": "JRB", "PJG JLN": 0.543, "LBR JLN": 8.36, "JENIS SRT": "SRT1", "CON OF RD": "C1", "TARIKH": null, "NORTHING": 1.557584, "EASTING": 110.340805, "CATATAN": null, "NORTH AKK": 1.553888, "EAST AKHR": 110.338028, "Road_type": "Secondary road" }, "geometry": { "type": "MultiPolygon", "coordinates": [ [ [ [ 110.338000285661536, 1.554099662098235 ], [ 110.337997888507701, 1.554161906889532 ], [ 110.338000103328213, 1.554188384088056 ], [ 110.33804934898734, 1.55442471550722 ], [ 110.338050727636443, 1.554430529652116 ], [ 110.338105275720991, 1.554635409173535 ], [ 110.338107369593899, 1.554642339601885 ], [ 110.338169986800025, 1.554827189427463 ], [ 110.338172620937399, 1.554834169564532 ], [ 110.338262956136802, 1.555050785532939 ], [ 110.338265220198437, 1.555055847679695 ], [ 110.338333842423523, 1.555199354353792 ], [ 110.338336749344691, 1.555205003488689 ], [ 110.338421789408898, 1.555359034467805 ], [ 110.338425230221944, 1.555364833942965 ], [ 110.338695886989029, 1.555790355883614 ], [ 110.338721257232862, 1.555818095984277 ], [ 110.338744673788824, 1.555836094517786 ], [ 110.338950453376896, 1.556131845026473 ], [ 110.338991733054925, 1.55620460917845 ], [ 110.339002695312374, 1.556220465356535 ], [ 110.339077115287779, 1.556309928782447 ], [ 110.339088654287551, 1.55632181795863 ], [ 110.339150663259645, 1.556376608870538 ], [ 110.33924478797465, 1.556477713683126 ], [ 110.339248313063749, 1.556481327386865 ], [ 110.339386135404268, 1.556616172078389 ], [ 110.339390781473512, 1.55662045920084 ], [ 110.339566822964059, 1.556773614362113 ], [ 110.339571525349342, 1.556777478113863 ], [ 110.339728133012088, 1.556898926342451 ], [ 110.339732267045207, 1.556901977443059 ], [ 110.340408085722004, 1.557376320397238 ], [ 110.340413813286119, 1.557380074670587 ], [ 110.340560970616437, 1.557469980204584 ], [ 110.340565490811215, 1.557472593476517 ], [ 110.340818578715812, 1.557610834099012 ], [ 110.340850385625515, 1.557622163803611 ], [ 110.340884114731011, 1.557623047580852 ], [ 110.340916464392166, 1.557613398920316 ], [ 110.340944267998438, 1.557594162299977 ], [ 110.340964803938903, 1.557567220734257 ], [ 110.340976062012501, 1.55753521145139 ], [ 110.340976940200733, 1.557501267743139 ], [ 110.340967352540588, 1.557468712256308 ], [ 110.34094823753945, 1.557440731748901 ], [ 110.34092146630698, 1.557420065147984 ], [ 110.340670669890869, 1.557283076178891 ], [ 110.34052866419205, 1.557196318029548 ], [ 110.339857753203475, 1.556725419698887 ], [ 110.339705581757016, 1.55660741173258 ], [ 110.339534222712899, 1.556458330282022 ], [ 110.339400465567721, 1.556327462964344 ], [ 110.339304466416522, 1.556224344716991 ], [ 110.339296920004273, 1.556216991650691 ], [ 110.339237182804453, 1.556164208071598 ], [ 110.339174263714199, 1.556088570355189 ], [ 110.339135297060452, 1.556019883403914 ], [ 110.339129982040859, 1.556011442467792 ], [ 110.33891176008467, 1.555697809565279 ], [ 110.338888879038478, 1.555673809763714 ], [ 110.338867288957758, 1.555657215104292 ], [ 110.338608696562773, 1.555250660598305 ], [ 110.338526822942697, 1.555102364937319 ], [ 110.3384607682477, 1.554964227644365 ], [ 110.33837293715537, 1.554753616337867 ], [ 110.338312679550384, 1.554575732231245 ], [ 110.338259832318258, 1.554377241060778 ], [ 110.33821392634465, 1.554156936958646 ], [ 110.338216294717839, 1.554095439396255 ], [ 110.338214370831963, 1.554070407205412 ], [ 110.338121814383044, 1.553594102014251 ], [ 110.338110238477896, 1.553562207741592 ], [ 110.338089435596331, 1.553535474403676 ], [ 110.338061442069602, 1.553516518845909 ], [ 110.338028998099162, 1.553507196570239 ], [ 110.337995279526751, 1.553508420105862 ], [ 110.337963586960882, 1.553520069684374 ], [ 110.337937022690411, 1.5535410049638 ], [ 110.337918187010999, 1.553569176653096 ], [ 110.337908923690136, 1.553601827111104 ], [ 110.337910139486354, 1.553635760283658 ], [ 110.338000285661536, 1.554099662098235 ] ] ] ] } },
{ "type": "Feature", "properties": { "NAMA JALAN": "JALAN HAJI TAHA (DOWN)", "KTG JLN": "JRB", "PJG JLN": 0.535, "LBR JLN": 9.0, "JENIS SRT": "SRT1", "CON OF RD": "C1", "TARIKH": null, "NORTHING": 1.553835, "EASTING": 110.338124, "CATATAN": null, "NORTH AKK": 1.557375, "EAST AKHR": 110.34098, "Road_type": "Secondary road" }, "geometry": { "type": "MultiPolygon", "coordinates": [ [ [ [ 110.338053173579041, 1.553888658623669 ], [ 110.338054983430638, 1.553897524073099 ], [ 110.338056761427382, 1.553906233411426 ], [ 110.338058376538257, 1.553914269752139 ], [ 110.338059919649893, 1.553922484479462 ], [ 110.338060691451901, 1.553926230203914 ], [ 110.338065150640702, 1.553946103214976 ], [ 110.338075606251039, 1.553974049335666 ], [ 110.338079019681118, 1.55398036568342 ], [ 110.338086907649895, 1.554065971448194 ], [ 110.33808844058639, 1.554076722229983 ], [ 110.338148082370282, 1.554384527986372 ], [ 110.338149846151097, 1.554392154702664 ], [ 110.338193905003592, 1.554555700272076 ], [ 110.338199801730937, 1.554572184509456 ], [ 110.338246837982865, 1.554676398159333 ], [ 110.338271960319972, 1.554751796839911 ], [ 110.338303388800597, 1.554874344175982 ], [ 110.338309694730455, 1.554892267668464 ], [ 110.338416647506548, 1.555128200382592 ], [ 110.338419623364686, 1.555134258104551 ], [ 110.338501897365418, 1.555289384293639 ], [ 110.338506083810955, 1.555296595324645 ], [ 110.338587757646252, 1.555425608730528 ], [ 110.338597244666204, 1.555438408303198 ], [ 110.338598148270648, 1.555439456660336 ], [ 110.338600116354613, 1.555452054562897 ], [ 110.338613199291501, 1.555489364510294 ], [ 110.338649129581128, 1.555552145901209 ], [ 110.338652251635438, 1.555557267810926 ], [ 110.338848311495923, 1.555859793373818 ], [ 110.338851181603971, 1.555864002270394 ], [ 110.33904463297641, 1.556133860622243 ], [ 110.339048807992683, 1.55613931164341 ], [ 110.339150259272117, 1.556263422402101 ], [ 110.339154289394628, 1.556268076308924 ], [ 110.339305585722059, 1.556433071550827 ], [ 110.3393113069761, 1.556438858149046 ], [ 110.339515211474136, 1.556630134074145 ], [ 110.339572907962264, 1.556689089237255 ], [ 110.339581898937794, 1.556697296569037 ], [ 110.339651757252909, 1.556754193968918 ], [ 110.339656514657335, 1.556757853497181 ], [ 110.339961156494084, 1.556978983296463 ], [ 110.339969319501463, 1.556984360942442 ], [ 110.340169671032882, 1.557103682180945 ], [ 110.340250526380473, 1.557162622411753 ], [ 110.340254704199864, 1.557165519562526 ], [ 110.340498809964515, 1.55732640816908 ], [ 110.34050889561388, 1.557332297217017 ], [ 110.340595310414301, 1.557376653386315 ], [ 110.340603983457441, 1.557380629450191 ], [ 110.340667676245062, 1.557406472913907 ], [ 110.340701523533383, 1.557428136816402 ], [ 110.340721560740874, 1.557438189726328 ], [ 110.340746531023768, 1.557447605014547 ], [ 110.340763997522927, 1.557452550500289 ], [ 110.340928831572327, 1.557484459217037 ], [ 110.340978079712542, 1.557482449742069 ], [ 110.341074991006764, 1.557455344502528 ], [ 110.341105685808998, 1.557441246341018 ], [ 110.341130549272734, 1.557418292626198 ], [ 110.341147147588714, 1.557388730227605 ], [ 110.341153855998144, 1.557355452918901 ], [ 110.341150017835361, 1.557321718115053 ], [ 110.341136008806728, 1.557290828013891 ], [ 110.341113200213954, 1.557265806353799 ], [ 110.341083824721139, 1.557249102429187 ], [ 110.341050757806215, 1.557242351336475 ], [ 110.341017236289005, 1.557246213919511 ], [ 110.340944714716201, 1.557266497571438 ], [ 110.340813679787047, 1.557241131720483 ], [ 110.340807775205889, 1.557238905340824 ], [ 110.340775065502783, 1.557217969548688 ], [ 110.340757517261977, 1.557208890662898 ], [ 110.34068905986075, 1.557181113950278 ], [ 110.340612095443461, 1.557141608604548 ], [ 110.340374996868221, 1.556985338399837 ], [ 110.340292153526264, 1.55692494900518 ], [ 110.34028381419057, 1.556919443096836 ], [ 110.340083368843821, 1.556800065991181 ], [ 110.339785116721856, 1.556583574291447 ], [ 110.339722311955725, 1.556532421787727 ], [ 110.339667264147721, 1.556476173089909 ], [ 110.33966396160065, 1.556472939664236 ], [ 110.339461340320497, 1.556282867492529 ], [ 110.339314877261387, 1.556123143149948 ], [ 110.339217548673318, 1.556004075907418 ], [ 110.3390275831228, 1.555739080184131 ], [ 110.338834540606044, 1.555441210488858 ], [ 110.338810078810084, 1.555398468127725 ], [ 110.338806902065159, 1.555378133473305 ], [ 110.338791895097941, 1.555337592618266 ], [ 110.338786252724802, 1.555328480168365 ], [ 110.338776191267669, 1.555314763123265 ], [ 110.338765387882262, 1.555302229093288 ], [ 110.338690219620119, 1.555183492014183 ], [ 110.338611482554583, 1.555035034670902 ], [ 110.338509859989031, 1.554810860176372 ], [ 110.338479844907056, 1.554693824055297 ], [ 110.338477671627359, 1.554686442573518 ], [ 110.338449568289178, 1.554602097147233 ], [ 110.338445509178868, 1.554591717717717 ], [ 110.338399789593836, 1.554490421292292 ], [ 110.338359034551644, 1.554339139434127 ], [ 110.338301171919952, 1.554040515812057 ], [ 110.338291735061489, 1.553938100478662 ], [ 110.33827909150564, 1.553896269975941 ], [ 110.33827223858205, 1.553883589053022 ], [ 110.338271497396136, 1.553880285853173 ], [ 110.338270179923967, 1.553873272315856 ], [ 110.338269916439828, 1.553871916967968 ], [ 110.338268132536456, 1.553863040765598 ], [ 110.338268066509457, 1.553862714805692 ], [ 110.338266255285859, 1.553853842711608 ], [ 110.33826444411217, 1.553844970788657 ], [ 110.338213967766109, 1.553597872010367 ], [ 110.338202087198241, 1.55356609140162 ], [ 110.338181029467151, 1.553539560909669 ], [ 110.33815285585051, 1.553520877523868 ], [ 110.338120324178249, 1.553511870104182 ], [ 110.338086618876972, 1.553513420359397 ], [ 110.338055039256105, 1.553525376539626 ], [ 110.338028676548646, 1.553546568290501 ], [ 110.338010111319889, 1.553574921215819 ], [ 110.338001160863726, 1.553607659933745 ], [ 110.338002701313329, 1.553641579750677 ], [ 110.338053173579041, 1.553888658623669 ] ] ] ] } },
{ "type": "Feature", "properties": { "NAMA JALAN": "JALAN HAJI TAHA", "KTG JLN": "JRB", "PJG JLN": null, "LBR JLN": null, "JENIS SRT": "SRT1", "CON OF RD": "C1", "TARIKH": null, "NORTHING": null, "EASTING": null, "CATATAN": null, "NORTH AKK": null, "EAST AKHR": null, "Road_type": "Main road" }, "geometry": { "type": "MultiPolygon", "coordinates": [ [ [ [ 110.337909792399785, 1.553633525728348 ], [ 110.337920801944378, 1.553665622447468 ], [ 110.337941128349513, 1.553692724452251 ], [ 110.337968781925269, 1.553712178809639 ], [ 110.338001055747029, 1.55372208119152 ], [ 110.338034790628129, 1.553721462283641 ], [ 110.338066684363071, 1.553710382668813 ], [ 110.33809361497056, 1.55368992689685 ], [ 110.338112946294885, 1.553662097321213 ], [ 110.338122786051258, 1.553629618094733 ], [ 110.338122171055886, 1.553595668510563 ], [ 110.338055761719303, 1.553218355491693 ], [ 110.338044752172479, 1.553186258769973 ], [ 110.338024425766903, 1.553159156763957 ], [ 110.337996772193023, 1.553139702406858 ], [ 110.337964498375371, 1.553129800026603 ], [ 110.337930763499955, 1.553130418937015 ], [ 110.337898869771152, 1.553141498554691 ], [ 110.337871939169034, 1.553161954329334 ], [ 110.337852607848333, 1.553189783907173 ], [ 110.337842768093381, 1.553222263135336 ], [ 110.337843383088099, 1.553256212720785 ], [ 110.337909792399785, 1.553633525728348 ] ] ] ] } },
{ "type": "Feature", "properties": { "NAMA JALAN": "JALAN HAJI TAHA (DOWN)", "KTG JLN": "JRB", "PJG JLN": null, "LBR JLN": null, "JENIS SRT": "SRT1", "CON OF RD": "C1", "TARIKH": null, "NORTHING": null, "EASTING": null, "CATATAN": null, "NORTH AKK": null, "EAST AKHR": null, "Road_type": "Main road" }, "geometry": { "type": "MultiPolygon", "coordinates": [ [ [ [ 110.338161979314108, 1.553207341450556 ], [ 110.338151318019086, 1.5531751258818 ], [ 110.33813128632724, 1.553147802544909 ], [ 110.338103845080369, 1.553128046038462 ], [ 110.338071680418949, 1.553117790266902 ], [ 110.33803794084406, 1.553118039136441 ], [ 110.338005929020042, 1.553128768285892 ], [ 110.337978778486999, 1.553148927471174 ], [ 110.337959146928029, 1.5531765433708 ], [ 110.337948956016831, 1.553208912748125 ], [ 110.337949203310956, 1.553242867063167 ], [ 110.338013912843195, 1.553635385581513 ], [ 110.338024574135858, 1.55366760114753 ], [ 110.338044605827207, 1.553694924483091 ], [ 110.338072047075912, 1.55371468098979 ], [ 110.338104211741467, 1.553724936762998 ], [ 110.338137951322139, 1.553724687896034 ], [ 110.338169963152438, 1.553713958749573 ], [ 110.338197113691081, 1.55369379956713 ], [ 110.338216745253888, 1.553666183669905 ], [ 110.338226936166706, 1.553633814294392 ], [ 110.338226688872098, 1.553599859980757 ], [ 110.338161979314108, 1.553207341450556 ] ] ] ] } },
{ "type": "Feature", "properties": { "NAMA JALAN": "JALAN TUN AHMAD ZAIDI ADRUCE (NB)", "KTG JLN": "JRB", "PJG JLN": 3.69, "LBR JLN": 8.6, "JENIS SRT": "SRT1", "CON OF RD": "C1", "TARIKH": null, "NORTHING": 1.526516, "EASTING": 110.33653, "CATATAN": null, "NORTH AKK": 1.552921, "EAST AKHR": 110.337914, "Road_type": "Main road" }, "geometry": { "type": "MultiPolygon", "coordinates": [ [ [ [ 110.337547123436678, 1.548812992524165 ], [ 110.337547627182403, 1.549051866412089 ], [ 110.337542329965345, 1.549172633592052 ], [ 110.337542333954104, 1.54918229577435 ], [ 110.33758145359576, 1.550057645601643 ], [ 110.337581582138597, 1.55005996741504 ], [ 110.337594192383804, 1.550250890731042 ], [ 110.337591157020142, 1.550383334829545 ], [ 110.33759131609105, 1.550392238410547 ], [ 110.337605280242144, 1.550630087096576 ], [ 110.337606060242024, 1.550638192653688 ], [ 110.337627800214918, 1.550800402044838 ], [ 110.33764952221081, 1.551182379052625 ], [ 110.337650215823146, 1.551189934201302 ], [ 110.337675339755251, 1.551387803394336 ], [ 110.337675657928528, 1.551410407565471 ], [ 110.337671105769488, 1.551430083317203 ], [ 110.337668499162191, 1.55146134597701 ], [ 110.337684008779263, 1.551715518708624 ], [ 110.337693871616835, 1.551754649948049 ], [ 110.337701133834855, 1.5517703575029 ], [ 110.337702506484248, 1.551777235451673 ], [ 110.33775964479122, 1.55270330828496 ], [ 110.337759931566865, 1.55270695915928 ], [ 110.337772327627277, 1.552836835387214 ], [ 110.337773905693354, 1.552886747939361 ], [ 110.337764994266152, 1.552944562654963 ], [ 110.337764477225207, 1.552974038861851 ], [ 110.337773251069535, 1.553048144621942 ], [ 110.337776754196966, 1.553065508417383 ], [ 110.337803475063268, 1.553158314778678 ], [ 110.337817819270782, 1.553189048695854 ], [ 110.337840898661071, 1.553213817572105 ], [ 110.337870454062781, 1.553230196857228 ], [ 110.337903592387235, 1.553236583232577 ], [ 110.337937069824179, 1.553232351555062 ], [ 110.337967609368491, 1.553217916050657 ], [ 110.337992221596565, 1.553194689766979 ], [ 110.33800849729181, 1.553164946254536 ], [ 110.338014843275786, 1.553131597015681 ], [ 110.338010638359577, 1.55309790650641 ], [ 110.33798637561803, 1.553013637671125 ], [ 110.337980395926451, 1.552963131946344 ], [ 110.337988580443209, 1.55291003319339 ], [ 110.337989800381095, 1.552889945926683 ], [ 110.337987793257383, 1.552826462853472 ], [ 110.337987353737773, 1.552819537550211 ], [ 110.337974801847722, 1.552688028742858 ], [ 110.337917320448256, 1.551756396109612 ], [ 110.337915416344572, 1.551741751515596 ], [ 110.337910064125126, 1.551714933101209 ], [ 110.337902109917522, 1.551690520264497 ], [ 110.337898036393739, 1.551681709583085 ], [ 110.337884743494953, 1.551463864801834 ], [ 110.337888708529547, 1.551446726768483 ], [ 110.33789150708003, 1.551420578946139 ], [ 110.337890916119278, 1.551378595143849 ], [ 110.337890057155619, 1.551366376334907 ], [ 110.337864638684636, 1.551166187528821 ], [ 110.337842895143993, 1.550783832057667 ], [ 110.337842103570779, 1.550775526237438 ], [ 110.337820350246176, 1.550613217297104 ], [ 110.337806886058587, 1.550383884621491 ], [ 110.337809930577592, 1.550251040712049 ], [ 110.33780972180358, 1.550241340345733 ], [ 110.337796868139208, 1.550046731754724 ], [ 110.33775801625697, 1.549177374500506 ], [ 110.337763211520468, 1.549058931530345 ], [ 110.337763316191499, 1.549053915160937 ], [ 110.337762802657934, 1.54881040649081 ], [ 110.337762711010669, 1.548806157553563 ], [ 110.337705886014533, 1.54742175680791 ], [ 110.337699236926014, 1.547388467394297 ], [ 110.337682691359873, 1.547358875044829 ], [ 110.33765786891172, 1.547335876464928 ], [ 110.337627199375802, 1.547321722915745 ], [ 110.337593684899986, 1.547317799845232 ], [ 110.337560606114423, 1.547324491270636 ], [ 110.3375312010008, 1.547341142188517 ], [ 110.33750834793625, 1.547366122690977 ], [ 110.337494283937815, 1.547396987512379 ], [ 110.33749038568773, 1.547430715389113 ], [ 110.337547123436678, 1.548812992524165 ] ] ] ] } },
{ "type": "Feature", "properties": { "NAMA JALAN": "JALAN TUN AHMAD ZAIDI ADRUCE (SB)", "KTG JLN": "JRB", "PJG JLN": 3.69, "LBR JLN": 4.3, "JENIS SRT": "SRT1", "CON OF RD": "C1", "TARIKH": null, "NORTHING": 1.548727, "EASTING": 110.337731, "CATATAN": null, "NORTH AKK": 1.52643, "EAST AKHR": 110.336616, "Road_type": "Main road" }, "geometry": { "type": "MultiPolygon", "coordinates": [ [ [ [ 110.337642531711481, 1.547612833966002 ], [ 110.337649811370582, 1.547817068620209 ], [ 110.337643024351863, 1.547960949794629 ], [ 110.337642968408545, 1.547969874076865 ], [ 110.337646096938514, 1.548060261498637 ], [ 110.337646287580341, 1.548063957079992 ], [ 110.337684100764832, 1.548615246279567 ], [ 110.337675617900487, 1.548660080939293 ], [ 110.337673714585577, 1.5486803995879 ], [ 110.337673735692022, 1.548804081445486 ], [ 110.337660468614303, 1.548841346662659 ], [ 110.337654149790637, 1.548878317523219 ], [ 110.337654605165355, 1.549014471470203 ], [ 110.337661290241812, 1.549051724629279 ], [ 110.337672355021382, 1.549081858005326 ], [ 110.337676937719522, 1.549135544871721 ], [ 110.337684733755168, 1.549167746335721 ], [ 110.337692383004224, 1.549186352821609 ], [ 110.337711398665547, 1.549630098568395 ], [ 110.337710509930673, 1.549911214094844 ], [ 110.337710602770613, 1.549916074948286 ], [ 110.337717325305164, 1.550078534733036 ], [ 110.337717438666814, 1.550080736200812 ], [ 110.337726894507824, 1.550234194498316 ], [ 110.337727803081819, 1.550243045711857 ], [ 110.337753855918152, 1.550423930125165 ], [ 110.337763493250236, 1.550591843923581 ], [ 110.337759603367545, 1.550803046109091 ], [ 110.337759788861817, 1.550811729866961 ], [ 110.337875260555691, 1.552698263355686 ], [ 110.337875753988442, 1.552703913873571 ], [ 110.337904450225523, 1.552956605182685 ], [ 110.337903497211101, 1.552984658937859 ], [ 110.337905175891038, 1.553007793099459 ], [ 110.337927906782852, 1.553133529449284 ], [ 110.337939064723813, 1.553165574230338 ], [ 110.337959516311699, 1.553192580689374 ], [ 110.337987259602812, 1.553211905246042 ], [ 110.338019578890567, 1.553221656278018 ], [ 110.338053310537731, 1.553220879286207 ], [ 110.338085152655424, 1.553209650327857 ], [ 110.338111988314964, 1.553189068571485 ], [ 110.338131190654821, 1.553161148702822 ], [ 110.338140880016113, 1.55312862371321 ], [ 110.338140107936781, 1.553094677375382 ], [ 110.338119451746962, 1.55298041731628 ], [ 110.338120281831081, 1.552955982202377 ], [ 110.338119647351277, 1.552939951076684 ], [ 110.338090363624616, 1.552682086627975 ], [ 110.337975330674368, 1.550802722968877 ], [ 110.337979216717486, 1.550591728600721 ], [ 110.33797905579388, 1.550583459190926 ], [ 110.337968912979463, 1.550406738419872 ], [ 110.337967977100945, 1.550397428361145 ], [ 110.337941891434227, 1.550216316082622 ], [ 110.337932777228119, 1.550068402299501 ], [ 110.337926200783116, 1.549909473202928 ], [ 110.337927089755908, 1.549628277338113 ], [ 110.337926990158721, 1.549623256053014 ], [ 110.337907047363373, 1.549157875530885 ], [ 110.337898955754056, 1.549121061316084 ], [ 110.337890404409478, 1.549100260522858 ], [ 110.33788600223356, 1.549048688532695 ], [ 110.337879712258612, 1.549020358839761 ], [ 110.337870223856598, 1.548994518511329 ], [ 110.337869896458159, 1.548896630276022 ], [ 110.337883103671089, 1.548859533205404 ], [ 110.337889423101927, 1.54882290899792 ], [ 110.337889400518108, 1.548690612077099 ], [ 110.337898585478811, 1.548642066599751 ], [ 110.337900232787945, 1.548614292948035 ], [ 110.337861586345909, 1.548050855925213 ], [ 110.337858676309892, 1.547966781226563 ], [ 110.337865465975185, 1.547822843775348 ], [ 110.337865517969149, 1.547813807085238 ], [ 110.337857897692615, 1.547600016577772 ], [ 110.337857075649623, 1.54758998217054 ], [ 110.337831122988604, 1.547388105310705 ], [ 110.337821612643211, 1.547355526818768 ], [ 110.337802564157187, 1.547327500402972 ], [ 110.337775842129332, 1.547306769484208 ], [ 110.337744062297944, 1.547295363349178 ], [ 110.337710335494322, 1.547294398509701 ], [ 110.33767796313262, 1.547303969410837 ], [ 110.337650114044948, 1.547323139185981 ], [ 110.33762951429371, 1.547350031363948 ], [ 110.337618180326061, 1.547382013551045 ], [ 110.337617221589809, 1.547415955108113 ], [ 110.337642531711481, 1.547612833966002 ] ] ] ] } },
{ "type": "Feature", "properties": { "NAMA JALAN": "JALAN BADRUDDIN", "KTG JLN": "JRB", "PJG JLN": 0.4, "LBR JLN": 17.2, "JENIS SRT": "SRT1", "CON OF RD": "C1", "TARIKH": null, "NORTHING": 1.548899, "EASTING": 110.337798, "CATATAN": null, "NORTH AKK": 1.548491, "EAST AKHR": 110.341253, "Road_type": "Secondary road" }, "geometry": { "type": "MultiPolygon", "coordinates": [ [ [ [ 110.341213598246128, 1.548285389506332 ], [ 110.341180878330448, 1.548293677559362 ], [ 110.341152304786831, 1.548311735352621 ], [ 110.341130674592605, 1.548337795263426 ], [ 110.341118105061724, 1.548369306366179 ], [ 110.341115826587568, 1.548403184134745 ], [ 110.341124062203306, 1.548436112377243 ], [ 110.341142005749788, 1.548464867848003 ], [ 110.341167900787923, 1.548486635761247 ], [ 110.341199212531095, 1.548499285321907 ], [ 110.341232875967577, 1.54850157830271 ], [ 110.3413793479546, 1.548488350435323 ], [ 110.341412067872767, 1.548480062381623 ], [ 110.341440641417989, 1.548462004587046 ], [ 110.341462271612329, 1.54843594467433 ], [ 110.341474841141547, 1.548404433569313 ], [ 110.34147711961262, 1.548370555798698 ], [ 110.341468883993201, 1.548337627554789 ], [ 110.34145094044338, 1.548308872083728 ], [ 110.341425045403099, 1.548287104171382 ], [ 110.341393733659459, 1.548274454612621 ], [ 110.341360070223985, 1.548272161634275 ], [ 110.341213598246128, 1.548285389506332 ] ] ], [ [ [ 110.340508490420277, 1.548349067648761 ], [ 110.340497844591397, 1.548350570448337 ], [ 110.339671295318752, 1.548509874261065 ], [ 110.338931723940817, 1.548640688900559 ], [ 110.338652290779137, 1.548671056489909 ], [ 110.338645165906811, 1.548672073823148 ], [ 110.338087591378553, 1.548770887893121 ], [ 110.337990208372716, 1.548778806477205 ], [ 110.337966218139954, 1.548783555600189 ], [ 110.337907078812975, 1.548802478038431 ], [ 110.337833268405035, 1.54879655519432 ], [ 110.337799629269938, 1.548799184486102 ], [ 110.337768443906882, 1.548812146338061 ], [ 110.337742764956161, 1.54883417195375 ], [ 110.337725106052233, 1.548863105312407 ], [ 110.337717195771575, 1.548896114215437 ], [ 110.337719808427792, 1.548929967521558 ], [ 110.337732688276162, 1.54896135143342 ], [ 110.337754574547674, 1.54898719387518 ], [ 110.337783324861817, 1.549004965208601 ], [ 110.337816124937532, 1.549012925851643 ], [ 110.337911022705228, 1.549020540832914 ], [ 110.337952269936636, 1.549015782540467 ], [ 110.338019843238584, 1.54899416153998 ], [ 110.338110000980947, 1.548986830472793 ], [ 110.338120018912974, 1.548985538366334 ], [ 110.338679026786721, 1.548886470301108 ], [ 110.338958442245215, 1.548856104646118 ], [ 110.338965532048249, 1.548855093521623 ], [ 110.339709441047731, 1.54872351167932 ], [ 110.339711057502896, 1.548723212966238 ], [ 110.340533128272767, 1.548564772347069 ], [ 110.340883541018655, 1.548533126674694 ], [ 110.34091626093587, 1.548524838626264 ], [ 110.340944834481732, 1.548506780837224 ], [ 110.340966464678274, 1.548480720929749 ], [ 110.340979034211017, 1.5484492098292 ], [ 110.340981312686608, 1.548415332061784 ], [ 110.340973077072249, 1.548382403819559 ], [ 110.340955133527558, 1.548353648348442 ], [ 110.340929238491952, 1.548331880434353 ], [ 110.340897926752035, 1.548319230872316 ], [ 110.340864263319034, 1.548316937889464 ], [ 110.340508490420277, 1.548349067648761 ] ] ] ] } },
{ "type": "Feature", "properties": { "NAMA JALAN": "JALAN TUN ABANG HJ OPENG", "KTG JLN": "JRB", "PJG JLN": 2.71, "LBR JLN": 37.344, "JENIS SRT": "SRT1", "CON OF RD": "C1", "TARIKH": null, "NORTHING": 1.536249, "EASTING": 110.340795, "CATATAN": null, "NORTH AKK": 1.559632, "EAST AKHR": 110.345558, "Road_type": "Main road" }, "geometry": { "type": "MultiPolygon", "coordinates": [ [ [ [ 110.34143671220464, 1.547801842455585 ], [ 110.34143143620463, 1.547884344666728 ], [ 110.341411915121697, 1.548012190656578 ], [ 110.341411211749417, 1.548017749723471 ], [ 110.341396928119721, 1.548159828142292 ], [ 110.341396699464411, 1.548162410105716 ], [ 110.341362018632609, 1.548615106508655 ], [ 110.341309036711408, 1.549057149766721 ], [ 110.341308432899055, 1.549064014955081 ], [ 110.341305594215854, 1.549114500587278 ], [ 110.341305973995574, 1.549131598874116 ], [ 110.341307414395956, 1.549145870390154 ], [ 110.341295988292941, 1.549401923581921 ], [ 110.341267027559823, 1.549860337757675 ], [ 110.341266810795346, 1.54986688180949 ], [ 110.341266452319005, 1.549981328600068 ], [ 110.341266932227072, 1.549991903690658 ], [ 110.341284915273164, 1.550182986877371 ], [ 110.34128641613556, 1.550193461845585 ], [ 110.341329349463763, 1.550415744163282 ], [ 110.341332378454553, 1.550427732109572 ], [ 110.341456176159511, 1.550822061463681 ], [ 110.341457118873038, 1.550824925094472 ], [ 110.342001269208907, 1.552404000239543 ], [ 110.342002051724108, 1.552406194601073 ], [ 110.342081557568662, 1.552621834355545 ], [ 110.34208436180424, 1.552628708799876 ], [ 110.342148531666609, 1.552771860433037 ], [ 110.342292429437222, 1.55314426157621 ], [ 110.342432140413322, 1.553656898076973 ], [ 110.342460484503903, 1.553811281167476 ], [ 110.342461717519043, 1.553817099606444 ], [ 110.342558222279905, 1.554218254135364 ], [ 110.342559733507898, 1.554223872687886 ], [ 110.342654575808297, 1.554542359791015 ], [ 110.342794554800264, 1.555131994139356 ], [ 110.342804206874121, 1.555157690017415 ], [ 110.342839003289882, 1.555223609314268 ], [ 110.342842680329966, 1.555230035224341 ], [ 110.342903472158469, 1.555328346722782 ], [ 110.342908168801003, 1.555335322884828 ], [ 110.343131578681906, 1.5556409069608 ], [ 110.343196256756471, 1.555745265850732 ], [ 110.343269948785135, 1.55592406707003 ], [ 110.343287591766142, 1.555953010275359 ], [ 110.343313258627589, 1.555975050225692 ], [ 110.343344436918301, 1.555988029497044 ], [ 110.343378074689937, 1.555990677587796 ], [ 110.343410879242754, 1.555982735284202 ], [ 110.343439639438273, 1.55596498003415 ], [ 110.343461540027874, 1.555939149845178 ], [ 110.34347443722919, 1.555907773156208 ], [ 110.343477068574344, 1.555873921336261 ], [ 110.343469176489194, 1.55584090803756 ], [ 110.343392078494404, 1.555653842845805 ], [ 110.343383967830874, 1.555637987769453 ], [ 110.343312396889701, 1.555522507163029 ], [ 110.343307758389031, 1.555515624922166 ], [ 110.343084381119539, 1.555210085476704 ], [ 110.343027750599788, 1.55511850358364 ], [ 110.343001138441807, 1.555068088777785 ], [ 110.342863646569867, 1.554488931088946 ], [ 110.342862059342451, 1.554482994526514 ], [ 110.342767170334156, 1.554164350640541 ], [ 110.342672042045905, 1.553768917984004 ], [ 110.34264340212485, 1.553612923631501 ], [ 110.342641356295886, 1.553603936189705 ], [ 110.342498959583466, 1.553081445129564 ], [ 110.342495468386957, 1.55307081736957 ], [ 110.342348518036871, 1.552690516343796 ], [ 110.342346310225352, 1.552685221726494 ], [ 110.3422824859543, 1.552542841065685 ], [ 110.342204668180571, 1.552331779816484 ], [ 110.341661388415005, 1.550755231265886 ], [ 110.341539896729699, 1.550368247286688 ], [ 110.341499142400792, 1.550157246550884 ], [ 110.341482152225197, 1.549976713462868 ], [ 110.341482483837495, 1.549870841323085 ], [ 110.341511301729412, 1.549414687757175 ], [ 110.341511410448732, 1.549412670520775 ], [ 110.341523235626042, 1.549147673942887 ], [ 110.341522792187902, 1.549131838100362 ], [ 110.341521415618516, 1.549118199031046 ], [ 110.341523579203965, 1.549079719891431 ], [ 110.341576429154429, 1.548638777509304 ], [ 110.341576886118361, 1.548634123495789 ], [ 110.341611646570684, 1.548180387471446 ], [ 110.34162552018995, 1.548042387329592 ], [ 110.34164534107083, 1.547912577882526 ], [ 110.341646369540996, 1.54790306451504 ], [ 110.341653663324038, 1.547789009594002 ], [ 110.34165218059114, 1.54776281508911 ], [ 110.341644494836402, 1.547737744125494 ], [ 110.341571238080391, 1.547572843199109 ], [ 110.341552818146312, 1.547544394420685 ], [ 110.34152656421449, 1.547523066340609 ], [ 110.341495046202837, 1.547510946699893 ], [ 110.341461349313846, 1.547509221853256 ], [ 110.341428772033495, 1.547518060640565 ], [ 110.341400503252657, 1.547536597859632 ], [ 110.341379310116352, 1.547563018958217 ], [ 110.341367267156272, 1.547594737655173 ], [ 110.34136555322138, 1.547628649103623 ], [ 110.341374336083831, 1.547661433814818 ], [ 110.34143671220464, 1.547801842455585 ] ] ] ] } },
{ "type": "Feature", "properties": { "NAMA JALAN": "JALAN SATOK TIMUR (UP)", "KTG JLN": "JRB", "PJG JLN": 0.5, "LBR JLN": 10.7, "JENIS SRT": "SRT1", "CON OF RD": "C1", "TARIKH": null, "NORTHING": null, "EASTING": null, "CATATAN": null, "NORTH AKK": null, "EAST AKHR": null, "Road_type": "Main road" }, "geometry": { "type": "MultiPolygon", "coordinates": [ [ [ [ 110.339875978611246, 1.553192289409548 ], [ 110.340101168620762, 1.553213263525144 ], [ 110.34010968161202, 1.553214115634656 ], [ 110.340117979649321, 1.5532149560358 ], [ 110.34012582296242, 1.553215836875956 ], [ 110.34012936767158, 1.553216175440821 ], [ 110.340139826639387, 1.553216999329398 ], [ 110.341046739469363, 1.55331790456874 ], [ 110.342169384122428, 1.55346553046439 ], [ 110.342216932849709, 1.553461051068903 ], [ 110.342244224291875, 1.553452052699269 ], [ 110.342364936712514, 1.5534440081866 ], [ 110.342397840229097, 1.55343649202604 ], [ 110.342426825400352, 1.553419111273493 ], [ 110.342449054955495, 1.553393567278097 ], [ 110.342462352910673, 1.553362360464124 ], [ 110.342465417569429, 1.553328545572077 ], [ 110.342457948941885, 1.553295432639392 ], [ 110.342440678109625, 1.553266262990707 ], [ 110.342415295662335, 1.55324389195455 ], [ 110.34238428621093, 1.553230509363765 ], [ 110.342350685176456, 1.55322742519947 ], [ 110.342216424999677, 1.553236372565856 ], [ 110.342189974639169, 1.553241529582809 ], [ 110.342173049646632, 1.553247109990145 ], [ 110.341073625019035, 1.553102537515943 ], [ 110.341071503068392, 1.553102279978549 ], [ 110.340161813099499, 1.553001065774161 ], [ 110.340158378031504, 1.553000739465472 ], [ 110.340147974068287, 1.552999919910116 ], [ 110.340141319661441, 1.552999172589793 ], [ 110.340140157650325, 1.552999048501368 ], [ 110.340131215890253, 1.552998142906101 ], [ 110.340131091115182, 1.552998130343017 ], [ 110.340122148267369, 1.552997235207171 ], [ 110.340121413096938, 1.552997164177786 ], [ 110.339891580050903, 1.552975757618069 ], [ 110.339883011440307, 1.552975304530935 ], [ 110.339589405740227, 1.552971551192579 ], [ 110.339556016300023, 1.552976436551738 ], [ 110.339525761166456, 1.552991466379298 ], [ 110.339501601922478, 1.553015169450915 ], [ 110.339485903443091, 1.553045225544834 ], [ 110.339480202404843, 1.553078692561283 ], [ 110.339485056865271, 1.553112294515656 ], [ 110.339499991636302, 1.553142742214682 ], [ 110.339523544798752, 1.553167055225538 ], [ 110.339553410805152, 1.553182853621268 ], [ 110.339586666162688, 1.553188590944738 ], [ 110.339875978611246, 1.553192289409548 ] ] ] ] } },
{ "type": "Feature", "properties": { "NAMA JALAN": "JALAN SATOK TIMUR (DOWN)", "KTG JLN": "JRB", "PJG JLN": null, "LBR JLN": null, "JENIS SRT": "SRT1", "CON OF RD": "C1", "TARIKH": null, "NORTHING": null, "EASTING": null, "CATATAN": null, "NORTH AKK": null, "EAST AKHR": null, "Road_type": "Main road" }, "geometry": { "type": "MultiPolygon", "coordinates": [ [ [ [ 110.34020593665295, 1.55310053504191 ], [ 110.341553126293036, 1.55324455010755 ], [ 110.341559546382996, 1.553245041896538 ], [ 110.341699929988025, 1.553251561363926 ], [ 110.341811301580975, 1.553281205004569 ], [ 110.341822946270227, 1.553287630960554 ], [ 110.341853447284706, 1.553298850587896 ], [ 110.341871133289345, 1.553302445410399 ], [ 110.341883301832169, 1.553304199455594 ], [ 110.34232163562379, 1.553341892877902 ], [ 110.342355289104177, 1.553339455695181 ], [ 110.342386547098116, 1.553326672110635 ], [ 110.342412349855081, 1.553304793470432 ], [ 110.342430171621245, 1.553275961408354 ], [ 110.342438267877895, 1.553242998207605 ], [ 110.342435846107236, 1.553209130536103 ], [ 110.342423143369345, 1.553177673597653 ], [ 110.342401403097, 1.553151706616632 ], [ 110.342372753379735, 1.553133771422103 ], [ 110.342339998651525, 1.553125623635742 ], [ 110.341911127224236, 1.55308874391909 ], [ 110.341903457587506, 1.553084511539407 ], [ 110.341879181061671, 1.553074751530878 ], [ 110.341743962470503, 1.553038760567125 ], [ 110.341721359180355, 1.553035268222307 ], [ 110.341572706268735, 1.553028364730163 ], [ 110.340227591301769, 1.552884571485758 ], [ 110.340225332748503, 1.552884354199004 ], [ 110.339621799506162, 1.552832731956973 ], [ 110.339588147144511, 1.552835184474181 ], [ 110.33955689492295, 1.552847982296549 ], [ 110.33953110202637, 1.552869872683986 ], [ 110.339513293243002, 1.552898712852858 ], [ 110.339505211820622, 1.552931679726562 ], [ 110.339507648825304, 1.552965546277962 ], [ 110.339520365706392, 1.552996997413218 ], [ 110.339542117647213, 1.553022954476145 ], [ 110.339570775416476, 1.553040876608598 ], [ 110.339603533792044, 1.553049009467279 ], [ 110.34020593665295, 1.55310053504191 ] ] ], [ [ [ 110.339257949874352, 1.553019450451622 ], [ 110.33929160223623, 1.553016997938571 ], [ 110.339322854459127, 1.55300420012023 ], [ 110.339348647357454, 1.55298230973609 ], [ 110.339366456142372, 1.552953469569504 ], [ 110.339374537565959, 1.552920502696988 ], [ 110.339372100562315, 1.552886636145878 ], [ 110.339359383682606, 1.552855185010306 ], [ 110.339337631743945, 1.552829227946683 ], [ 110.33930897397785, 1.552811305813204 ], [ 110.339276215606148, 1.552803172953097 ], [ 110.339038701122533, 1.552782857487695 ], [ 110.339005048763994, 1.55278530999969 ], [ 110.338973796543783, 1.552798107816418 ], [ 110.338948003646635, 1.552819998198306 ], [ 110.338930194860879, 1.552848838362225 ], [ 110.338922113434506, 1.55288180523213 ], [ 110.338924550433987, 1.552915671781214 ], [ 110.33893726730912, 1.552947122915851 ], [ 110.338959019243902, 1.552973079979966 ], [ 110.33898767700758, 1.552991002115249 ], [ 110.339020435378586, 1.552999134978146 ], [ 110.339257949874352, 1.553019450451622 ] ] ] ] } },
{ "type": "Feature", "properties": { "NAMA JALAN": "Jalan Mataim", "KTG JLN": null, "PJG JLN": null, "LBR JLN": null, "JENIS SRT": null, "CON OF RD": null, "TARIKH": null, "NORTHING": null, "EASTING": null, "CATATAN": null, "NORTH AKK": null, "EAST AKHR": null, "Road_type": "Secondary road" }, "geometry": { "type": "MultiPolygon", "coordinates": [ [ [ [ 110.327323968285242, 1.55488656004294 ], [ 110.327337476214197, 1.554935108768238 ], [ 110.327338807033726, 1.554939527579123 ], [ 110.327424496494075, 1.555203670130813 ], [ 110.327424932263298, 1.555204984897938 ], [ 110.327589688160103, 1.555691696551494 ], [ 110.327632275497805, 1.55583540343108 ], [ 110.327633266097266, 1.555838568596179 ], [ 110.327959769404316, 1.556828720183905 ], [ 110.327975274991132, 1.556858877430857 ], [ 110.327999281861196, 1.556882736699498 ], [ 110.328029440054962, 1.556897962478373 ], [ 110.328062797478296, 1.55690306436204 ], [ 110.328096088873949, 1.556897542942418 ], [ 110.328126055447854, 1.556881938694375 ], [ 110.328149763862683, 1.556857779070371 ], [ 110.328164893373454, 1.556827428982752 ], [ 110.32816996299826, 1.55679385930968 ], [ 110.328164476487146, 1.55676035608478 ], [ 110.327838492456578, 1.555771779433163 ], [ 110.327795783054484, 1.555627660688544 ], [ 110.327794520310277, 1.555623681020984 ], [ 110.327629317000856, 1.555135647736328 ], [ 110.327544553358479, 1.554874359119084 ], [ 110.327529668046054, 1.554820859964011 ], [ 110.327524720493543, 1.554806853589505 ], [ 110.327451897270237, 1.554638277013083 ], [ 110.327433770322727, 1.554609638381063 ], [ 110.32740773671118, 1.55458803860608 ], [ 110.327376344786956, 1.554575592024558 ], [ 110.327342667410278, 1.554573516994467 ], [ 110.327310001157116, 1.554582016634053 ], [ 110.327281543627663, 1.554600258939263 ], [ 110.327260080442898, 1.554626458226101 ], [ 110.327247712568777, 1.554658049925894 ], [ 110.327245650659108, 1.554691941623059 ], [ 110.327254096548188, 1.554724815762341 ], [ 110.327323968285242, 1.55488656004294 ] ] ] ] } },
{ "type": "Feature", "properties": { "NAMA JALAN": "Jalan Patingan", "KTG JLN": null, "PJG JLN": null, "LBR JLN": null, "JENIS SRT": null, "CON OF RD": null, "TARIKH": null, "NORTHING": null, "EASTING": null, "CATATAN": null, "NORTH AKK": null, "EAST AKHR": null, "Road_type": "Secondary road" }, "geometry": { "type": "MultiPolygon", "coordinates": [ [ [ [ 110.328179570558888, 1.557483738756557 ], [ 110.328180136631019, 1.557485497323094 ], [ 110.328315800733293, 1.557895023523351 ], [ 110.32831710826467, 1.557898743710541 ], [ 110.328378441153632, 1.558063648499631 ], [ 110.328509259437951, 1.558488936424777 ], [ 110.328514799532812, 1.558523436155307 ], [ 110.328519659581573, 1.558542507158923 ], [ 110.328688145321991, 1.559018988039509 ], [ 110.328704290570343, 1.559048803387524 ], [ 110.328728800819761, 1.559072138572235 ], [ 110.32875927683645, 1.559086709383167 ], [ 110.328792735415433, 1.559091089527663 ], [ 110.328825901397721, 1.559084850246538 ], [ 110.328855528265549, 1.559068602283944 ], [ 110.328878715934394, 1.559043936103601 ], [ 110.328893194633523, 1.559013266203138 ], [ 110.328897547087053, 1.558979594766204 ], [ 110.32889134724671, 1.558946217787833 ], [ 110.328726154508587, 1.55847904966105 ], [ 110.328720975295127, 1.558446797252739 ], [ 110.328717533502527, 1.558432018243292 ], [ 110.328583555217747, 1.557996457298976 ], [ 110.328581535207164, 1.557990506391505 ], [ 110.328519793979609, 1.557824503735854 ], [ 110.328385040484349, 1.55741772643911 ], [ 110.328180311858063, 1.556762739291628 ], [ 110.328165277298353, 1.556732341454102 ], [ 110.328141644526113, 1.556708106888726 ], [ 110.328111726881943, 1.556692407843583 ], [ 110.32807845291326, 1.556686781050482 ], [ 110.328045079707721, 1.556691777298971 ], [ 110.32801487406698, 1.556706907521314 ], [ 110.327990792729253, 1.556730690665839 ], [ 110.327975192943512, 1.556760798672653 ], [ 110.327969601725513, 1.556794284360406 ], [ 110.327974566382835, 1.556827869916838 ], [ 110.328179570558888, 1.557483738756557 ] ] ] ] } },
{ "type": "Feature", "properties": { "NAMA JALAN": "Jalan Patingan", "KTG JLN": null, "PJG JLN": null, "LBR JLN": null, "JENIS SRT": null, "CON OF RD": null, "TARIKH": null, "NORTHING": null, "EASTING": null, "CATATAN": null, "NORTH AKK": null, "EAST AKHR": null, "Road_type": "Secondary road" }, "geometry": { "type": "MultiPolygon", "coordinates": [ [ [ [ 110.329784065175673, 1.562530674352567 ], [ 110.329781950880147, 1.562513530638139 ], [ 110.329767656555035, 1.562443697823205 ], [ 110.329566449419758, 1.561405457908065 ], [ 110.329566071345099, 1.561403594111073 ], [ 110.329435293065728, 1.560786540078404 ], [ 110.329434918012126, 1.560784837615383 ], [ 110.329322043251167, 1.56029126928704 ], [ 110.32931967980592, 1.560282596064279 ], [ 110.32889633738084, 1.558948455493318 ], [ 110.328881171869995, 1.558918123613114 ], [ 110.328857434799133, 1.558893992495545 ], [ 110.328827449718261, 1.558878424262474 ], [ 110.328794151776009, 1.55887294284093 ], [ 110.328760800406783, 1.55887808479045 ], [ 110.32873066027463, 1.558893346781073 ], [ 110.328706681705398, 1.558917234862758 ], [ 110.328691211888383, 1.55894741070364 ], [ 110.328685765117044, 1.558980920482265 ], [ 110.328690874559541, 1.55901448402818 ], [ 110.329112856470999, 1.560344337270232 ], [ 110.329224533853093, 1.560832669940879 ], [ 110.329354934207061, 1.561447940976508 ], [ 110.329556069169399, 1.562485808800949 ], [ 110.329556292681204, 1.562486930627691 ], [ 110.329568964479478, 1.562548836845705 ], [ 110.329587925259787, 1.562984130390091 ], [ 110.329594657802318, 1.563017402661456 ], [ 110.329611277550953, 1.56304695277021 ], [ 110.329636157649148, 1.563069888145888 ], [ 110.329666862659693, 1.563083963714082 ], [ 110.329700386962159, 1.56308780165996 ], [ 110.329733448964035, 1.563081026298529 ], [ 110.329762812325868, 1.563064300849191 ], [ 110.329785602756971, 1.563039262515408 ], [ 110.329799589371021, 1.563008362223795 ], [ 110.329803403060836, 1.562974624710278 ], [ 110.329784065175673, 1.562530674352567 ] ] ] ] } },
{ "type": "Feature", "properties": { "NAMA JALAN": "Jalan Patingan", "KTG JLN": null, "PJG JLN": null, "LBR JLN": null, "JENIS SRT": null, "CON OF RD": null, "TARIKH": null, "NORTHING": null, "EASTING": null, "CATATAN": null, "NORTH AKK": null, "EAST AKHR": null, "Road_type": "Secondary road" }, "geometry": { "type": "MultiPolygon", "coordinates": [ [ [ [ 110.329861001013782, 1.564584098933261 ], [ 110.329826768956522, 1.563172334128584 ], [ 110.329826430250222, 1.56316598958987 ], [ 110.329809870113806, 1.562965540110294 ], [ 110.329801848941798, 1.562932558456714 ], [ 110.329784092872515, 1.562903685482703 ], [ 110.329758339994015, 1.562881747476178 ], [ 110.329727111177561, 1.562868891881984 ], [ 110.329693463317227, 1.562866377095155 ], [ 110.329660690099757, 1.562874449280378 ], [ 110.329631999595719, 1.56289231827578 ], [ 110.329610200231301, 1.562918234939535 ], [ 110.329597425880038, 1.562949662368093 ], [ 110.329594926984527, 1.562983524225896 ], [ 110.32961122544404, 1.563180806420627 ], [ 110.329645396686047, 1.564590066513745 ], [ 110.32964543758861, 1.564591411450689 ], [ 110.329755161365412, 1.56759104118284 ], [ 110.329761661898289, 1.567624360116567 ], [ 110.329778075343739, 1.567654026759238 ], [ 110.329802795039612, 1.567677137133261 ], [ 110.329833401249999, 1.567691429034197 ], [ 110.329866898025728, 1.56769550347102 ], [ 110.32990000646879, 1.5676889616094 ], [ 110.329929485693768, 1.567672443812078 ], [ 110.329952450068475, 1.567647566956152 ], [ 110.329966651679726, 1.567616766161616 ], [ 110.329970700374943, 1.567583056424966 ], [ 110.329861001013782, 1.564584098933261 ] ] ] ] } },
{ "type": "Feature", "properties": { "NAMA JALAN": "Jalan Muhibbah", "KTG JLN": null, "PJG JLN": null, "LBR JLN": null, "JENIS SRT": null, "CON OF RD": null, "TARIKH": null, "NORTHING": null, "EASTING": null, "CATATAN": null, "NORTH AKK": null, "EAST AKHR": null, "Road_type": "Secondary road" }, "geometry": { "type": "MultiPolygon", "coordinates": [ [ [ [ 110.330137325092338, 1.555584740456998 ], [ 110.330132572514785, 1.555640201041274 ], [ 110.330132180339717, 1.555648323724519 ], [ 110.330121586773302, 1.556610834825264 ], [ 110.330121610252718, 1.556614600584478 ], [ 110.330146042588041, 1.557655164805334 ], [ 110.330163474350783, 1.558919606465326 ], [ 110.330169214318019, 1.558953066651197 ], [ 110.330184947753082, 1.558983104147123 ], [ 110.330209134558018, 1.559006778673788 ], [ 110.330239407160008, 1.55902177280357 ], [ 110.330272802265767, 1.559026618806417 ], [ 110.33030605092948, 1.559020842321687 ], [ 110.33033589854, 1.55900500879178 ], [ 110.330359423404929, 1.55898066811286 ], [ 110.330374322746408, 1.558950202920222 ], [ 110.330379138113187, 1.558916595359259 ], [ 110.330361698982728, 1.55765162453219 ], [ 110.330361679266545, 1.557650566379294 ], [ 110.330337278654227, 1.556611355770233 ], [ 110.33034780666037, 1.555654796462037 ], [ 110.330352751714727, 1.555597089717736 ], [ 110.330353100759282, 1.555584469048189 ], [ 110.330319501744285, 1.554471617186122 ], [ 110.330313213927042, 1.554438256840907 ], [ 110.330296990135338, 1.554408484675026 ], [ 110.330272418467217, 1.554385214995598 ], [ 110.330241904168901, 1.554370725600958 ], [ 110.330208434192485, 1.554366434813848 ], [ 110.330175284812185, 1.554372762646269 ], [ 110.330145700920056, 1.554389089685762 ], [ 110.330122578393286, 1.554413817727849 ], [ 110.330108180625757, 1.554444526219558 ], [ 110.330103916971296, 1.554478209199828 ], [ 110.330137325092338, 1.555584740456998 ] ] ] ] } },
{ "type": "Feature", "properties": { "NAMA JALAN": "Jalan Muhibbah", "KTG JLN": null, "PJG JLN": null, "LBR JLN": null, "JENIS SRT": null, "CON OF RD": null, "TARIKH": null, "NORTHING": null, "EASTING": null, "CATATAN": null, "NORTH AKK": null, "EAST AKHR": null, "Road_type": "Secondary road" }, "geometry": { "type": "MultiPolygon", "coordinates": [ [ [ [ 110.330904780245078, 1.561340887565698 ], [ 110.330816095303547, 1.561021772868848 ], [ 110.330547111795198, 1.560007031948684 ], [ 110.330546696791998, 1.560005510823721 ], [ 110.330423233684286, 1.559565526527419 ], [ 110.330387936053555, 1.559333152994697 ], [ 110.330387907748531, 1.559102450028903 ], [ 110.330382625457091, 1.559068913585178 ], [ 110.330367303881019, 1.559038661233991 ], [ 110.330343442803198, 1.559014654286357 ], [ 110.330313377912333, 1.558999242709518 ], [ 110.330280052169414, 1.558993935095906 ], [ 110.330246727730128, 1.558999250991537 ], [ 110.330216666622462, 1.559014670039378 ], [ 110.330192811436802, 1.559038682915539 ], [ 110.330177497284794, 1.559068939072382 ], [ 110.330172223222334, 1.559102476826594 ], [ 110.330172252524648, 1.559341420329503 ], [ 110.330173490902524, 1.55935780679109 ], [ 110.33021103373413, 1.559604961166278 ], [ 110.330213854139529, 1.559618055492654 ], [ 110.330338916779979, 1.560063740125659 ], [ 110.330607865234228, 1.561078349037596 ], [ 110.330608206795304, 1.561079607172511 ], [ 110.330697256719588, 1.56140003525581 ], [ 110.330697646570215, 1.561401403403585 ], [ 110.331149332355736, 1.562948204686497 ], [ 110.331163792343574, 1.562978883520107 ], [ 110.331186964977732, 1.563003564024143 ], [ 110.331216581959538, 1.563019830298911 ], [ 110.331249744172396, 1.563026090087981 ], [ 110.331283205467699, 1.563021730639448 ], [ 110.33131369042043, 1.563007178686323 ], [ 110.331338214950677, 1.562983858675125 ], [ 110.331354378426397, 1.562954053331013 ], [ 110.331360598653973, 1.562920680208869 ], [ 110.331356266754398, 1.562887006102551 ], [ 110.330904780245078, 1.561340887565698 ] ] ] ] } },
{ "type": "Feature", "properties": { "NAMA JALAN": "Jalan Muhibbah", "KTG JLN": null, "PJG JLN": null, "LBR JLN": null, "JENIS SRT": null, "CON OF RD": null, "TARIKH": null, "NORTHING": null, "EASTING": null, "CATATAN": null, "NORTH AKK": null, "EAST AKHR": null, "Road_type": "Secondary road" }, "geometry": { "type": "MultiPolygon", "coordinates": [ [ [ [ 110.331209308518922, 1.563111967016852 ], [ 110.331276604392087, 1.563384752335441 ], [ 110.331300412564133, 1.563597315357961 ], [ 110.33130092654514, 1.563601254892901 ], [ 110.331337599650354, 1.563847352387213 ], [ 110.331494343442316, 1.565259242902936 ], [ 110.331548515549017, 1.56597412193603 ], [ 110.3315486442295, 1.565975673236815 ], [ 110.331588549408139, 1.566418421018702 ], [ 110.331594823670201, 1.566662773993027 ], [ 110.331580374830963, 1.566693406492425 ], [ 110.331573484674351, 1.56671241085178 ], [ 110.331545007774181, 1.566821669282254 ], [ 110.331541658236972, 1.566855456643885 ], [ 110.331548847542763, 1.566888631978995 ], [ 110.331565871952449, 1.566917947854811 ], [ 110.331591064998534, 1.566940534629181 ], [ 110.331621960610207, 1.566954181351259 ], [ 110.331655534509721, 1.566957552184638 ], [ 110.331688500249598, 1.566950317168507 ], [ 110.331717630913218, 1.566933184516517 ], [ 110.331740074988019, 1.566907831291967 ], [ 110.331753635491438, 1.566876739245165 ], [ 110.331779551172204, 1.566777307529055 ], [ 110.331800719425956, 1.566732429421141 ], [ 110.331811102242654, 1.566683086615925 ], [ 110.331804072385992, 1.566409307390777 ], [ 110.331803667471092, 1.566402307187424 ], [ 110.33176351725966, 1.565956841060872 ], [ 110.331709259791666, 1.565240836123288 ], [ 110.331708905204508, 1.565237038403482 ], [ 110.33155172575583, 1.563821224415745 ], [ 110.331551199963059, 1.563817178957926 ], [ 110.331514518985188, 1.563571028733361 ], [ 110.331490138999186, 1.563353360584838 ], [ 110.331487640232112, 1.563339366418567 ], [ 110.331417290179431, 1.563054200985867 ], [ 110.33141403860941, 1.56304343965753 ], [ 110.331354386931665, 1.562877457157328 ], [ 110.331338089188193, 1.562847725953978 ], [ 110.331313459728747, 1.562824518209412 ], [ 110.33128290945659, 1.562810105659349 ], [ 110.331249428845112, 1.562805899104502 ], [ 110.331216295209657, 1.562812310311585 ], [ 110.331186751901001, 1.562828711706838 ], [ 110.331163690823772, 1.562853497807394 ], [ 110.331149369356694, 1.562884242377006 ], [ 110.331145189384856, 1.56291793592316 ], [ 110.331151560073209, 1.562951280286927 ], [ 110.331209308518922, 1.563111967016852 ] ] ] ] } },
{ "type": "Feature", "properties": { "NAMA JALAN": "Jalan Tanjung", "KTG JLN": null, "PJG JLN": null, "LBR JLN": null, "JENIS SRT": null, "CON OF RD": null, "TARIKH": null, "NORTHING": null, "EASTING": null, "CATATAN": null, "NORTH AKK": null, "EAST AKHR": null, "Road_type": "Secondary road" }, "geometry": { "type": "MultiPolygon", "coordinates": [ [ [ [ 110.329318774444943, 1.567723976581123 ], [ 110.329323288749151, 1.567724154523729 ], [ 110.329327759380092, 1.567724143028638 ], [ 110.329332273683136, 1.567724320953524 ], [ 110.329336744315228, 1.567724309476096 ], [ 110.329341258617362, 1.567724487383286 ], [ 110.329345729250718, 1.567724475923559 ], [ 110.329350243551829, 1.567724653813072 ], [ 110.329354714186309, 1.567724642371004 ], [ 110.329359228486311, 1.567724820242803 ], [ 110.329363699122283, 1.567724808818421 ], [ 110.329368213421191, 1.567724986672515 ], [ 110.329372684058328, 1.567724975265788 ], [ 110.329377198355971, 1.567725153102223 ], [ 110.32938166899433, 1.567725141713163 ], [ 110.329386183291149, 1.567725319531903 ], [ 110.329390653930773, 1.567725308160483 ], [ 110.329395168226299, 1.567725485961564 ], [ 110.329399638867343, 1.567725474607793 ], [ 110.329404153161846, 1.567725652391224 ], [ 110.329408623803999, 1.567725641055084 ], [ 110.329413138097337, 1.567725818820849 ], [ 110.329417608740926, 1.567725807502333 ], [ 110.32942212303324, 1.567725985250459 ], [ 110.329426593678036, 1.567725973949573 ], [ 110.329431107969171, 1.567726151680056 ], [ 110.329435578614991, 1.567726140396778 ], [ 110.32944009290523, 1.567726318109629 ], [ 110.329444563552542, 1.567726306843973 ], [ 110.329449077841588, 1.567726484539187 ], [ 110.329453548490235, 1.567726473291126 ], [ 110.329458062778031, 1.567726650968723 ], [ 110.329462533427758, 1.567726639738248 ], [ 110.329467047714601, 1.567726817398242 ], [ 110.329471518365622, 1.567726806185363 ], [ 110.329476032651527, 1.567726983827736 ], [ 110.329480503303571, 1.567726972632449 ], [ 110.329485017588411, 1.567727150257247 ], [ 110.329489860717899, 1.567727138148249 ], [ 110.329728312103015, 1.567733275002351 ], [ 110.329759805160677, 1.567739655485159 ], [ 110.329781218110128, 1.567741790038092 ], [ 110.330224265333555, 1.567741256040619 ], [ 110.330244950132709, 1.567744259932147 ], [ 110.330286261208911, 1.567742194077895 ], [ 110.331151382346562, 1.567526722486869 ], [ 110.33119292672562, 1.567506051261832 ], [ 110.331326215204058, 1.567398522431362 ], [ 110.331336498172035, 1.567389066482611 ], [ 110.331380096931994, 1.567343436267262 ], [ 110.331733496880929, 1.567014971802225 ], [ 110.331745903163366, 1.567001289230211 ], [ 110.331766908898459, 1.566973724708386 ], [ 110.33180502866847, 1.566939726435534 ], [ 110.331819095312284, 1.566931108757346 ], [ 110.331831296311137, 1.566926521937646 ], [ 110.332163651236144, 1.566911605971925 ], [ 110.332167259302267, 1.566911383012537 ], [ 110.332357817329182, 1.566896377592339 ], [ 110.332366154597764, 1.566895391265284 ], [ 110.332407728220488, 1.56688881323512 ], [ 110.332412333436523, 1.56688883415742 ], [ 110.33241497955882, 1.566888743101068 ], [ 110.332421618061133, 1.566888776500437 ], [ 110.332424263718423, 1.566888682057229 ], [ 110.332427762020799, 1.566888701524843 ], [ 110.332430292878186, 1.566888466831573 ], [ 110.33243033603577, 1.566888465290977 ], [ 110.33243166576186, 1.566888363509483 ], [ 110.332431663961415, 1.566888339687313 ], [ 110.332448651697504, 1.566886764368395 ], [ 110.332561375976681, 1.566865029234728 ], [ 110.332593112579829, 1.566853501517908 ], [ 110.332619756128253, 1.566832668503533 ], [ 110.332638698565603, 1.566804569472177 ], [ 110.332648085674009, 1.566771954952922 ], [ 110.332646998578113, 1.566738017482279 ], [ 110.332635543690699, 1.566706079096484 ], [ 110.332614842296252, 1.566679266147379 ], [ 110.332586920791755, 1.566660203273258 ], [ 110.332554512328599, 1.566650756480993 ], [ 110.332520789272877, 1.566651850488244 ], [ 110.332417852312645, 1.566671698467106 ], [ 110.332414689126551, 1.566671682552717 ], [ 110.332412009711462, 1.566671774100332 ], [ 110.332405299951049, 1.566671743616907 ], [ 110.332402621505366, 1.566671832029144 ], [ 110.332399356105967, 1.566671818656507 ], [ 110.332382167328419, 1.56667313480614 ], [ 110.332336804292467, 1.566680312422191 ], [ 110.332152236175105, 1.566694846176136 ], [ 110.33180469066177, 1.566710443901533 ], [ 110.331771756511927, 1.56671719826844 ], [ 110.331734025942836, 1.566731382626906 ], [ 110.331715687848117, 1.566740346783488 ], [ 110.331684639799008, 1.56675936781807 ], [ 110.331669189206281, 1.566770848225411 ], [ 110.331616106558357, 1.566818191597189 ], [ 110.331602059195276, 1.566833368351937 ], [ 110.331580374512669, 1.566861823814997 ], [ 110.331231409907417, 1.56718616590298 ], [ 110.331226842572889, 1.56719067073227 ], [ 110.331185863975691, 1.567233558701883 ], [ 110.331076533629712, 1.567321759611702 ], [ 110.330254899315776, 1.567526400184489 ], [ 110.330247344718146, 1.567525303089569 ], [ 110.330231812911791, 1.567524190527915 ], [ 110.329791772608488, 1.567524720917367 ], [ 110.329761706798593, 1.567518629595181 ], [ 110.329743180029368, 1.567516530436806 ], [ 110.329493862545533, 1.567510113938108 ], [ 110.329490837583478, 1.56751007880101 ], [ 110.329486742437979, 1.56751008904 ], [ 110.329482227728434, 1.567509911407535 ], [ 110.329477756659998, 1.567509922604018 ], [ 110.329473241949188, 1.567509744953964 ], [ 110.329468770881434, 1.567509756168055 ], [ 110.329464256169572, 1.567509578500365 ], [ 110.329459785102998, 1.567509589732038 ], [ 110.329455270389872, 1.567509412046755 ], [ 110.32945079932432, 1.567509423296018 ], [ 110.329446284610114, 1.567509245593101 ], [ 110.329441813545458, 1.567509256859982 ], [ 110.329437298830086, 1.567509079139437 ], [ 110.329432827766652, 1.567509090423919 ], [ 110.329428313049959, 1.567508912685739 ], [ 110.32942384198742, 1.567508923987848 ], [ 110.329419327269889, 1.567508746232027 ], [ 110.329414856208288, 1.567508757551761 ], [ 110.329410341489307, 1.567508579778296 ], [ 110.329405870428928, 1.567508591115638 ], [ 110.329401355708825, 1.567508413324521 ], [ 110.329396884649185, 1.567508424679518 ], [ 110.329392369928058, 1.567508246870741 ], [ 110.32938789886974, 1.567508258243376 ], [ 110.32938338414732, 1.567508080416927 ], [ 110.329378913089897, 1.567508091807218 ], [ 110.329374398366241, 1.5675079139631 ], [ 110.329369927309969, 1.567507925371037 ], [ 110.329365412585219, 1.567507747509235 ], [ 110.329360941529814, 1.567507758934829 ], [ 110.329356426803841, 1.567507581055356 ], [ 110.329351955749544, 1.567507592498628 ], [ 110.329347441022492, 1.567507414601439 ], [ 110.329342969969247, 1.5675074260624 ], [ 110.329338455240887, 1.567507248147493 ], [ 110.329333984188594, 1.567507259626136 ], [ 110.329329469459211, 1.567507081693551 ], [ 110.329324998407984, 1.567507093189882 ], [ 110.329320483677293, 1.567506915239558 ], [ 110.329316012627061, 1.567506926753592 ], [ 110.329311497895205, 1.567506748785551 ], [ 110.329307026846038, 1.567506760317287 ], [ 110.329302512113102, 1.567506582331532 ], [ 110.329298041064874, 1.567506593880971 ], [ 110.329293526330801, 1.567506415877478 ], [ 110.329289055283766, 1.567506427444654 ], [ 110.329284540548301, 1.567506249423382 ], [ 110.329280069502275, 1.56750626100829 ], [ 110.329275554765829, 1.567506082969285 ], [ 110.32927108372084, 1.567506094571908 ], [ 110.329266568983115, 1.567505916515173 ], [ 110.329262097939051, 1.567505928135526 ], [ 110.32925758320016, 1.567505750061017 ], [ 110.32925311215719, 1.567505761699131 ], [ 110.329248597417276, 1.567505583606843 ], [ 110.329244126375301, 1.567505595262701 ], [ 110.329239611634023, 1.567505417152639 ], [ 110.329235140593184, 1.567505428826248 ], [ 110.329230625850684, 1.567505250698424 ], [ 110.329226154810968, 1.567505262389811 ], [ 110.329221640067246, 1.567505084244178 ], [ 110.329217169028524, 1.56750509595332 ], [ 110.329212654283552, 1.567504917789893 ], [ 110.329208183245711, 1.567504929516822 ], [ 110.329203668499787, 1.567504751335608 ], [ 110.329199197462927, 1.567504763080315 ], [ 110.329194682715936, 1.567504584881284 ], [ 110.329190211680142, 1.567504596643791 ], [ 110.329185696931859, 1.567504418426958 ], [ 110.329181225897315, 1.567504430207268 ], [ 110.329176711147653, 1.567504251972583 ], [ 110.329173400568735, 1.567504260708489 ], [ 110.329139511345517, 1.567509852882923 ], [ 110.328987472258135, 1.56756096982368 ], [ 110.328957536868131, 1.567576634709955 ], [ 110.328933876754974, 1.567600842257766 ], [ 110.328918807935196, 1.567631222863784 ], [ 110.328913805449915, 1.567664802662667 ], [ 110.328919358977458, 1.567698294629942 ], [ 110.328934924900167, 1.56772842033864 ], [ 110.328958979517353, 1.567752230874559 ], [ 110.328989168195648, 1.567767395496517 ], [ 110.329022535856865, 1.567772429785534 ], [ 110.329055816241592, 1.56776684095019 ], [ 110.329190218764779, 1.567721653591764 ], [ 110.329192985370995, 1.56772164631339 ], [ 110.329197499690665, 1.567721824504704 ], [ 110.3292019703037, 1.567721812761248 ], [ 110.329206484622276, 1.567721990934749 ], [ 110.329210955236576, 1.567721979209096 ], [ 110.329215469553986, 1.567722157364768 ], [ 110.329219940169537, 1.567722145656895 ], [ 110.329224454485995, 1.567722323794788 ], [ 110.329228925102782, 1.567722312104667 ], [ 110.329233439418132, 1.567722490224782 ], [ 110.329237910036142, 1.567722478552429 ], [ 110.329242424350426, 1.567722656654762 ], [ 110.329246894969813, 1.567722645000162 ], [ 110.329251409283003, 1.567722823084721 ], [ 110.329255879903698, 1.567722811447873 ], [ 110.329260394215524, 1.567722989514653 ], [ 110.329264864837512, 1.567722977895555 ], [ 110.329269379148457, 1.567723155944571 ], [ 110.329273849771653, 1.56772314434321 ], [ 110.329278364081588, 1.567723322374488 ], [ 110.329282834706106, 1.567723310790832 ], [ 110.329287349014777, 1.567723488804366 ], [ 110.329291819640375, 1.567723477238453 ], [ 110.329296333948079, 1.567723655234232 ], [ 110.329300804575141, 1.567723643686035 ], [ 110.329305318881666, 1.567723821664077 ], [ 110.32930978950985, 1.567723810133592 ], [ 110.329314303815266, 1.567723988093927 ], [ 110.329318774444943, 1.567723976581123 ] ] ] ] } },
{ "type": "Feature", "properties": { "NAMA JALAN": "Jalan Datuk Ajibah Abol", "KTG JLN": null, "PJG JLN": null, "LBR JLN": null, "JENIS SRT": null, "CON OF RD": null, "TARIKH": null, "NORTHING": null, "EASTING": null, "CATATAN": null, "NORTH AKK": null, "EAST AKHR": null, "Road_type": "Secondary road" }, "geometry": { "type": "MultiPolygon", "coordinates": [ [ [ [ 110.332391363013528, 1.566673709215837 ], [ 110.332391095780721, 1.566673986595858 ], [ 110.332376244548584, 1.566704475545157 ], [ 110.3323714822657, 1.566738090720834 ], [ 110.332377275097642, 1.56677154163556 ], [ 110.332393056001948, 1.566801553880889 ], [ 110.332417280234068, 1.566825189649185 ], [ 110.332447576557513, 1.566840135306798 ], [ 110.33248097935703, 1.566844927868438 ], [ 110.332514218933625, 1.566839098204664 ], [ 110.332544041565683, 1.566823216963436 ], [ 110.332567528005868, 1.566798838711221 ], [ 110.332567528005967, 1.566798838711077 ], [ 110.332567708505366, 1.566798468153447 ], [ 110.332567993477369, 1.566798172221873 ], [ 110.332848284494588, 1.566396831917651 ], [ 110.332849999813789, 1.566394300589045 ], [ 110.333155641439816, 1.565929290923539 ], [ 110.33315799326725, 1.565925549100831 ], [ 110.333378817921187, 1.565557815500537 ], [ 110.333383456655113, 1.56554924184456 ], [ 110.333457665298653, 1.565396055444652 ], [ 110.333458155422136, 1.565395030088141 ], [ 110.333623079246337, 1.565045322275863 ], [ 110.333627681257383, 1.565033942013701 ], [ 110.333671092484664, 1.564906336254605 ], [ 110.333783825666828, 1.564643227920484 ], [ 110.333789642780033, 1.564625662521572 ], [ 110.333825155464353, 1.564477241135331 ], [ 110.333881502593499, 1.564284531055633 ], [ 110.333882695831051, 1.564280107180215 ], [ 110.33393623607077, 1.564063624393247 ], [ 110.333941968993486, 1.564048333696096 ], [ 110.333959023529616, 1.564021958679451 ], [ 110.333973926539855, 1.56398622552099 ], [ 110.333981329630348, 1.563952575326478 ], [ 110.333982957825739, 1.563914957437907 ], [ 110.333978457280608, 1.563880535224672 ], [ 110.333979537202467, 1.563864006009369 ], [ 110.334123721897754, 1.563272463472236 ], [ 110.334124338165978, 1.563269789401611 ], [ 110.334179509987493, 1.563015840521451 ], [ 110.334181393114463, 1.563004144708753 ], [ 110.334194974246572, 1.562875717219836 ], [ 110.334268255437266, 1.562461602706716 ], [ 110.334368257403099, 1.562002674535919 ], [ 110.334368624692488, 1.562000919809736 ], [ 110.334455029450837, 1.561570521300159 ], [ 110.334631414300674, 1.560855147623294 ], [ 110.334640471495362, 1.560833531824098 ], [ 110.334669918010022, 1.560791983875522 ], [ 110.334685219418972, 1.560760795111199 ], [ 110.334724253013377, 1.560632753388251 ], [ 110.334780084666676, 1.560501133059455 ], [ 110.334781644489851, 1.560497250003938 ], [ 110.334912840056802, 1.560151599057919 ], [ 110.335010260282488, 1.559966556219232 ], [ 110.335012862338417, 1.559961271486887 ], [ 110.335177483063873, 1.559602759001671 ], [ 110.335271565404881, 1.559447098589175 ], [ 110.335406329523977, 1.559245665927783 ], [ 110.335475977050393, 1.559151165516321 ], [ 110.335581464544589, 1.559025066669927 ], [ 110.335585894208108, 1.559019399588353 ], [ 110.335632739279191, 1.558955188464726 ], [ 110.335639251800856, 1.558945141478377 ], [ 110.335724870318145, 1.558795598494856 ], [ 110.335807127675764, 1.558673890090093 ], [ 110.33600509495588, 1.558402511248289 ], [ 110.336008153386885, 1.558398092939737 ], [ 110.3361235145222, 1.558222295202632 ], [ 110.336317413532569, 1.558012164128207 ], [ 110.33646746027928, 1.557887103669362 ], [ 110.336530138539871, 1.557852625615253 ], [ 110.336609101555595, 1.557822682468253 ], [ 110.336856452966501, 1.55775657685383 ], [ 110.336858128821234, 1.557756114397369 ], [ 110.336956012753788, 1.557728247835151 ], [ 110.337390909552383, 1.557640727583728 ], [ 110.337479485462396, 1.557630025496546 ], [ 110.337500532725926, 1.557625296957111 ], [ 110.337547313642744, 1.557609706385931 ], [ 110.3377194712576, 1.55760796009428 ], [ 110.338004459531774, 1.557626177104036 ], [ 110.338007066079484, 1.55762631187133 ], [ 110.338255750526088, 1.557636134897425 ], [ 110.338305687182284, 1.557641918093386 ], [ 110.338674185712591, 1.557725262123836 ], [ 110.338681337141495, 1.557726626209925 ], [ 110.33877941711502, 1.557741903636622 ], [ 110.338907453164722, 1.55778406879606 ], [ 110.338912275619805, 1.557785532382796 ], [ 110.339033412219536, 1.557819211633356 ], [ 110.339044151925506, 1.557821611698876 ], [ 110.339231649752577, 1.557853514127912 ], [ 110.339400065177145, 1.557889341691973 ], [ 110.339406303517976, 1.557890477128901 ], [ 110.339796772868795, 1.557949676438206 ], [ 110.339818933233431, 1.557950713977 ], [ 110.339914725039719, 1.557945256904667 ], [ 110.340672947158438, 1.558023593686552 ], [ 110.340706637094073, 1.558021734722611 ], [ 110.34073810730716, 1.558009489743352 ], [ 110.340764277273635, 1.557988057372574 ], [ 110.340782585294676, 1.557959535560017 ], [ 110.340791239253548, 1.557926716219525 ], [ 110.340789392040648, 1.557892811936967 ], [ 110.340777224474351, 1.557861141499878 ], [ 110.340755927601094, 1.557834805031431 ], [ 110.340727586107434, 1.557816380528639 ], [ 110.340694974256266, 1.557807671510124 ], [ 110.339928213483574, 1.557728452566647 ], [ 110.339911104940242, 1.557728058587297 ], [ 110.339817876773367, 1.557733369617756 ], [ 110.339441570077398, 1.55767631752749 ], [ 110.33927410278487, 1.557640691666744 ], [ 110.339269777076254, 1.557639863907517 ], [ 110.339085538759761, 1.557608516083605 ], [ 110.33897213932913, 1.557576987977907 ], [ 110.338838141429122, 1.557532859449512 ], [ 110.338821096665072, 1.557528754208834 ], [ 110.338717926625577, 1.55751268393097 ], [ 110.338347373077227, 1.557428875121827 ], [ 110.338336055158933, 1.557426945495552 ], [ 110.338276370516837, 1.557420033380864 ], [ 110.338268271130588, 1.557419405318436 ], [ 110.338016829327614, 1.557409473385044 ], [ 110.337729185881045, 1.55739108666011 ], [ 110.337721262805132, 1.557390873903032 ], [ 110.337528305653592, 1.557392831182354 ], [ 110.337495490085232, 1.557398328042405 ], [ 110.337443015274587, 1.557415816207632 ], [ 110.337361027533106, 1.557425722289628 ], [ 110.337352736044181, 1.557427055425062 ], [ 110.33690957617425, 1.55751623858685 ], [ 110.336901367373756, 1.557518229818423 ], [ 110.336800253884718, 1.557547015807431 ], [ 110.336548485616831, 1.557614301855125 ], [ 110.336538139435405, 1.557617636689332 ], [ 110.336447017482669, 1.557652190566927 ], [ 110.336433319091341, 1.557658517790214 ], [ 110.336354924587013, 1.557701641038908 ], [ 110.336337861396387, 1.557713287508671 ], [ 110.336174403930116, 1.557849525497185 ], [ 110.336164167217319, 1.557859259175013 ], [ 110.335959407201784, 1.558081160479958 ], [ 110.335948441222428, 1.558095204354666 ], [ 110.335829647959045, 1.558276232278993 ], [ 110.335632116077377, 1.558547014266114 ], [ 110.335629876497848, 1.55855020304947 ], [ 110.335544265616804, 1.55867687334405 ], [ 110.335539995197308, 1.558683728091135 ], [ 110.335455348471825, 1.558831573721183 ], [ 110.335414157203289, 1.55888803510742 ], [ 110.335308838675516, 1.559013931975119 ], [ 110.335304720246071, 1.559019174609653 ], [ 110.335231628866012, 1.55911834777345 ], [ 110.335228790655222, 1.559122388103806 ], [ 110.335091264533474, 1.559327949144768 ], [ 110.335088583724541, 1.55933216265709 ], [ 110.334990022701831, 1.559495233101574 ], [ 110.334984263985731, 1.559506106977752 ], [ 110.334818300740992, 1.559867543194984 ], [ 110.334719160445374, 1.560055853177362 ], [ 110.334713710967961, 1.560067936934283 ], [ 110.334580901062267, 1.560417841026469 ], [ 110.334523644843074, 1.560552819688205 ], [ 110.33451972847044, 1.560563597795213 ], [ 110.334484155219641, 1.560680288555225 ], [ 110.334457942661757, 1.560717273509366 ], [ 110.334446371576703, 1.560738125462176 ], [ 110.334429404363576, 1.560778619219827 ], [ 110.334424105308827, 1.560794650419648 ], [ 110.334245122967772, 1.561520558757171 ], [ 110.3342440846518, 1.561525203504611 ], [ 110.334157387788196, 1.561957056945576 ], [ 110.334057118804111, 1.562417210415912 ], [ 110.334056286200209, 1.562421429325534 ], [ 110.333981966176879, 1.562841414201213 ], [ 110.333980901300365, 1.562848957074911 ], [ 110.333967543235445, 1.562975275108238 ], [ 110.333913921971217, 1.563222086917136 ], [ 110.333767809868064, 1.563821536863596 ], [ 110.333764937262472, 1.563840271385627 ], [ 110.33376253973158, 1.563876967809895 ], [ 110.333763228941976, 1.563898245910338 ], [ 110.333766333617092, 1.563921991886505 ], [ 110.333754809617901, 1.563939813870113 ], [ 110.333744300207201, 1.56396069447519 ], [ 110.333732210821935, 1.563992938955374 ], [ 110.333728460131297, 1.56400503953821 ], [ 110.33367394641985, 1.564225458389824 ], [ 110.333617482894525, 1.56441856652296 ], [ 110.333616093654257, 1.564423796029306 ], [ 110.333582112552534, 1.564565816308136 ], [ 110.333471384977486, 1.564824243730169 ], [ 110.333468385005176, 1.56483206279752 ], [ 110.333425604349301, 1.564957815001666 ], [ 110.333263544488204, 1.565301449989893 ], [ 110.333191711165412, 1.565449733088538 ], [ 110.332974535640929, 1.565811389880912 ], [ 110.332670947767909, 1.56627327492015 ], [ 110.332391532170959, 1.566673361736734 ], [ 110.332391363013528, 1.566673709215837 ] ] ] ] } },
{ "type": "Feature", "properties": { "NAMA JALAN": "Jalan Muda Hashim", "KTG JLN": null, "PJG JLN": null, "LBR JLN": null, "JENIS SRT": null, "CON OF RD": null, "TARIKH": null, "NORTHING": null, "EASTING": null, "CATATAN": null, "NORTH AKK": null, "EAST AKHR": null, "Road_type": "Tertiary road" }, "geometry": { "type": "MultiPolygon", "coordinates": [ [ [ [ 110.334149141712203, 1.556886999108283 ], [ 110.334080252152575, 1.555491483762461 ], [ 110.334080109156972, 1.555489111513442 ], [ 110.334066457810223, 1.555297396520304 ], [ 110.334019398436226, 1.554301442287378 ], [ 110.334012543358909, 1.554268195281486 ], [ 110.333995814873944, 1.554238707316475 ], [ 110.333970850482288, 1.554215864879883 ], [ 110.333940093872641, 1.554201903948521 ], [ 110.33390655571624, 1.554198191115477 ], [ 110.333873518961241, 1.554205089818576 ], [ 110.333844217475061, 1.554221924764549 ], [ 110.33382151949111, 1.554247048031521 ], [ 110.333807646846026, 1.554278000379134 ], [ 110.333803957491071, 1.554311751976055 ], [ 110.333851078331364, 1.555309008300533 ], [ 110.333851232444232, 1.555311610686052 ], [ 110.333864891962634, 1.555503440597631 ], [ 110.333933733377719, 1.556897982317806 ], [ 110.333933755274359, 1.556898408940446 ], [ 110.334032525631756, 1.558751981312285 ], [ 110.334039580745355, 1.558785185879943 ], [ 110.334056486467119, 1.558814571280268 ], [ 110.334081587947509, 1.558837261065622 ], [ 110.334112428078825, 1.558851034201652 ], [ 110.3341459880141, 1.558854542477758 ], [ 110.334178982672796, 1.558847442479215 ], [ 110.334208182307549, 1.558830429203277 ], [ 110.334230728654333, 1.558805168027819 ], [ 110.334244414719549, 1.558774131692754 ], [ 110.334247900815853, 1.558740358250941 ], [ 110.334149141712203, 1.556886999108283 ] ] ] ] } },
{ "type": "Feature", "properties": { "NAMA JALAN": "Jalan Muhibbah", "KTG JLN": null, "PJG JLN": null, "LBR JLN": null, "JENIS SRT": null, "CON OF RD": null, "TARIKH": null, "NORTHING": null, "EASTING": null, "CATATAN": null, "NORTH AKK": null, "EAST AKHR": null, "Road_type": "Tertiary road" }, "geometry": { "type": "MultiPolygon", "coordinates": [ [ [ [ 110.330404172636321, 1.559035816341148 ], [ 110.330423457564805, 1.559007954246796 ], [ 110.330433243188864, 1.558975458536913 ], [ 110.330432571623547, 1.558941510118165 ], [ 110.330421508606619, 1.558909432098479 ], [ 110.330401137063589, 1.558882364498029 ], [ 110.330373451103242, 1.558862956882154 ], [ 110.330341160820339, 1.558853109003439 ], [ 110.330307427012613, 1.558853784840724 ], [ 110.330275551779906, 1.558864918238167 ], [ 110.330248655291783, 1.558885419381181 ], [ 110.330102398558239, 1.559038585934411 ], [ 110.330083113628064, 1.559066448025457 ], [ 110.330073328000864, 1.559098943731847 ], [ 110.330073999562131, 1.559132892147604 ], [ 110.330085062575066, 1.559164970165402 ], [ 110.330105434115154, 1.55919203776548 ], [ 110.330133120074393, 1.559211445382551 ], [ 110.330165410358219, 1.559221293263794 ], [ 110.330199144168532, 1.559220617429793 ], [ 110.330231019404678, 1.559209484035756 ], [ 110.330257915896112, 1.559188982895739 ], [ 110.330404172636321, 1.559035816341148 ] ] ] ] } },
{ "type": "Feature", "properties": { "NAMA JALAN": "Jalan Hj Mataim", "KTG JLN": null, "PJG JLN": null, "LBR JLN": null, "JENIS SRT": null, "CON OF RD": null, "TARIKH": null, "NORTHING": null, "EASTING": null, "CATATAN": null, "NORTH AKK": null, "EAST AKHR": null, "Road_type": "Tertiary road" }, "geometry": { "type": "MultiPolygon", "coordinates": [ [ [ [ 110.328725522198297, 1.559197308362621 ], [ 110.328758487613598, 1.559190072221528 ], [ 110.328787617631406, 1.55917293856219 ], [ 110.328810060802397, 1.559147584546484 ], [ 110.328823620232455, 1.559116492002196 ], [ 110.328826968630167, 1.55908270448427 ], [ 110.328819778231278, 1.559049529350571 ], [ 110.32880275288241, 1.559020214014469 ], [ 110.32877755914366, 1.558997628065346 ], [ 110.328746663153794, 1.558983982373264 ], [ 110.328713089227506, 1.558980612673464 ], [ 110.328083431814335, 1.559017200508885 ], [ 110.328050466402914, 1.559024436644441 ], [ 110.328021336386655, 1.559041570297314 ], [ 110.327998893214215, 1.559066924306113 ], [ 110.32798533377958, 1.559098016843873 ], [ 110.32798198537472, 1.559131804356461 ], [ 110.327989175765083, 1.559164979486914 ], [ 110.328006201105481, 1.55919429482245 ], [ 110.32803139483724, 1.55921688077383 ], [ 110.328062290822487, 1.559230526470732 ], [ 110.328095864746842, 1.559233896177135 ], [ 110.328725522198297, 1.559197308362621 ] ] ] ] } },
{ "type": "Feature", "properties": { "NAMA JALAN": "Jalan Mataim", "KTG JLN": null, "PJG JLN": null, "LBR JLN": null, "JENIS SRT": null, "CON OF RD": null, "TARIKH": null, "NORTHING": null, "EASTING": null, "CATATAN": null, "NORTH AKK": null, "EAST AKHR": null, "Road_type": "Tertiary road" }, "geometry": { "type": "MultiPolygon", "coordinates": [ [ [ [ 110.330191927243234, 1.559116431315893 ], [ 110.330224921912318, 1.559109331455964 ], [ 110.330254121599182, 1.559092318309891 ], [ 110.330276668034784, 1.559067057242864 ], [ 110.3302903542168, 1.559036020984216 ], [ 110.330293840446416, 1.559002247579289 ], [ 110.330286785467436, 1.558969043004415 ], [ 110.330269879870656, 1.558939657554903 ], [ 110.330244778493963, 1.558916967683342 ], [ 110.330213938435136, 1.558903194432376 ], [ 110.33018037853391, 1.558899686023689 ], [ 110.328923400401109, 1.558967515513201 ], [ 110.32889040573771, 1.55897461536118 ], [ 110.328861206052153, 1.558991628493972 ], [ 110.328838659612856, 1.559016889547548 ], [ 110.328824973422229, 1.559047925794031 ], [ 110.328821487180051, 1.559081699189492 ], [ 110.328828542144237, 1.559114903758819 ], [ 110.328845447726025, 1.559144289207572 ], [ 110.328870549089572, 1.55916697908332 ], [ 110.328901389138636, 1.559180752342918 ], [ 110.328934949034306, 1.559184260763633 ], [ 110.330191927243234, 1.559116431315893 ] ] ] ] } },
{ "type": "Feature", "properties": { "NAMA JALAN": "Jalan Mataaim", "KTG JLN": null, "PJG JLN": null, "LBR JLN": null, "JENIS SRT": null, "CON OF RD": null, "TARIKH": null, "NORTHING": null, "EASTING": null, "CATATAN": null, "NORTH AKK": null, "EAST AKHR": null, "Road_type": "Tertiary road" }, "geometry": { "type": "MultiPolygon", "coordinates": [ [ [ [ 110.331260756996699, 1.559060230405116 ], [ 110.333941248569232, 1.558940625273438 ], [ 110.333945500267902, 1.558940350783107 ], [ 110.334113367316831, 1.558926157626772 ], [ 110.334938303007618, 1.558909998369679 ], [ 110.334939592200485, 1.558909965354865 ], [ 110.335164575199485, 1.558902848911717 ], [ 110.335176184702746, 1.558901847889637 ], [ 110.335204439259854, 1.558897854781305 ], [ 110.335381076262095, 1.558899191266353 ], [ 110.335406557613922, 1.558896316337807 ], [ 110.335430644300075, 1.558887468826187 ], [ 110.335620293107027, 1.558790728098638 ], [ 110.335647631397407, 1.558770827548877 ], [ 110.335667520924304, 1.558743399258963 ], [ 110.335678014762223, 1.558711128101068 ], [ 110.335678085701261, 1.558677173001125 ], [ 110.335667726797723, 1.55864485772108 ], [ 110.335647952053563, 1.55861734550576 ], [ 110.335620697158745, 1.558597329442554 ], [ 110.335588630012353, 1.558586768843091 ], [ 110.335554889569977, 1.558586697452299 ], [ 110.335522778580909, 1.558597122258259 ], [ 110.335356498854537, 1.558681942320333 ], [ 110.335198118240626, 1.558680743972791 ], [ 110.335182310020429, 1.558681795496929 ], [ 110.335151967677291, 1.55868608366537 ], [ 110.334933460849598, 1.55869299526812 ], [ 110.334105699179858, 1.558709209910186 ], [ 110.334098769267015, 1.558709570370974 ], [ 110.333929566191642, 1.558723876494863 ], [ 110.331250732826533, 1.558843407731716 ], [ 110.331249792031784, 1.55884345385385 ], [ 110.33037742735327, 1.558890064995073 ], [ 110.330344428972211, 1.558897147357017 ], [ 110.330315220381564, 1.558914145016112 ], [ 110.330292660721398, 1.558939394123027 ], [ 110.330278958288318, 1.558970423119262 ], [ 110.330275454372, 1.559004194670603 ], [ 110.330282491960432, 1.559037402982473 ], [ 110.330299382165705, 1.559066797394083 ], [ 110.330324471657164, 1.55908950057563 ], [ 110.330355304500685, 1.559103290181546 ], [ 110.330388862562643, 1.559106816388965 ], [ 110.331260756996699, 1.559060230405116 ] ] ] ] } },
{ "type": "Feature", "properties": { "NAMA JALAN": "Jalan Hj Bolhassan", "KTG JLN": null, "PJG JLN": null, "LBR JLN": null, "JENIS SRT": null, "CON OF RD": null, "TARIKH": null, "NORTHING": null, "EASTING": null, "CATATAN": null, "NORTH AKK": null, "EAST AKHR": null, "Road_type": "Tertiary road" }, "geometry": { "type": "MultiPolygon", "coordinates": [ [ [ [ 110.332495276605641, 1.55999516059623 ], [ 110.332495293955347, 1.559995902650877 ], [ 110.332543960145671, 1.561813110812386 ], [ 110.332543985702131, 1.561813945771087 ], [ 110.332587330483292, 1.563072639445624 ], [ 110.332603496231528, 1.564261326103612 ], [ 110.332603790891156, 1.564267994219747 ], [ 110.332614382759971, 1.564409477760455 ], [ 110.332614343080024, 1.564646651929794 ], [ 110.332607104493746, 1.564659501911856 ], [ 110.332543205123912, 1.564740818033998 ], [ 110.332526673911616, 1.564770418407228 ], [ 110.332520041013822, 1.564803710944922 ], [ 110.332523955704943, 1.564837436741729 ], [ 110.332538034788016, 1.564868294481803 ], [ 110.332560900104653, 1.564893263594636 ], [ 110.332590313438473, 1.564909899929494 ], [ 110.33262339560747, 1.564916575005902 ], [ 110.332656908298233, 1.564912635420703 ], [ 110.332687571054791, 1.564898466807796 ], [ 110.3327123823926, 1.564875456089651 ], [ 110.332781422239606, 1.564787598375542 ], [ 110.332790649669093, 1.564773801598728 ], [ 110.332815996820543, 1.564728805180803 ], [ 110.332826455361243, 1.564702967932957 ], [ 110.332830023217184, 1.56467530120207 ], [ 110.332830068353758, 1.564405422728941 ], [ 110.33282976359682, 1.564397251158326 ], [ 110.332819115534136, 1.564255017105594 ], [ 110.33280297965679, 1.563068531933329 ], [ 110.332802925055034, 1.563066258321071 ], [ 110.332759555436624, 1.561806845516399 ], [ 110.332710910256935, 1.559990425820197 ], [ 110.332691024839363, 1.558995214756261 ], [ 110.3326850777527, 1.558961791210474 ], [ 110.332669158586185, 1.558931852971666 ], [ 110.332644825618999, 1.558908330603294 ], [ 110.332614460731705, 1.55889352663864 ], [ 110.332581036250943, 1.558888890192778 ], [ 110.332547823997587, 1.558894875113198 ], [ 110.332518075018072, 1.558910895554029 ], [ 110.332494701349532, 1.558935383322834 ], [ 110.332479990969304, 1.55896594138622 ], [ 110.332475383831977, 1.558999578508153 ], [ 110.332495276605641, 1.55999516059623 ] ] ] ] } },
{ "type": "Feature", "properties": { "NAMA JALAN": "Jalan Hj Kassan", "KTG JLN": null, "PJG JLN": null, "LBR JLN": null, "JENIS SRT": null, "CON OF RD": null, "TARIKH": null, "NORTHING": null, "EASTING": null, "CATATAN": null, "NORTH AKK": null, "EAST AKHR": null, "Road_type": "Tertiary road" }, "geometry": { "type": "MultiPolygon", "coordinates": [ [ [ [ 110.32911027809368, 1.564580059558088 ], [ 110.329077011304122, 1.564585729612556 ], [ 110.329047113778543, 1.56460146752951 ], [ 110.329023512094793, 1.564625732771916 ], [ 110.329008516549948, 1.564656150088805 ], [ 110.329003595012452, 1.564689742021387 ], [ 110.329009229236888, 1.564723220357434 ], [ 110.329024867706451, 1.564753308004261 ], [ 110.329048979619046, 1.564777059773462 ], [ 110.329079204732835, 1.564792150676365 ], [ 110.329112584403049, 1.564797103510089 ], [ 110.329669861763691, 1.56479110629658 ], [ 110.329703128557441, 1.564785436237642 ], [ 110.329733026085265, 1.564769698315313 ], [ 110.32975662776856, 1.564745433067012 ], [ 110.329771623309938, 1.564715015744347 ], [ 110.329776544841366, 1.564681423806906 ], [ 110.329770910609312, 1.564647945467715 ], [ 110.329755272131919, 1.564617857820054 ], [ 110.329731160212646, 1.564594106052531 ], [ 110.32970093509428, 1.564579015153668 ], [ 110.329667555421963, 1.564574062325636 ], [ 110.32911027809368, 1.564580059558088 ] ] ] ] } },
{ "type": "Feature", "properties": { "NAMA JALAN": "Jalan Hj Kassan", "KTG JLN": null, "PJG JLN": null, "LBR JLN": null, "JENIS SRT": null, "CON OF RD": null, "TARIKH": null, "NORTHING": null, "EASTING": null, "CATATAN": null, "NORTH AKK": null, "EAST AKHR": null, "Road_type": "Tertiary road" }, "geometry": { "type": "MultiPolygon", "coordinates": [ [ [ [ 110.331448058255944, 1.564757468585933 ], [ 110.33148128154329, 1.56475154576201 ], [ 110.331511060078995, 1.564735580975437 ], [ 110.331534478932184, 1.564711136970671 ], [ 110.331549245702178, 1.564680606497283 ], [ 110.331553914914736, 1.564646978090796 ], [ 110.331548029514963, 1.564613543534148 ], [ 110.331532165607129, 1.564583575634799 ], [ 110.331507876061366, 1.56456000785963 ], [ 110.331477538507755, 1.564545147186649 ], [ 110.331444122597446, 1.564540448281929 ], [ 110.329843604762914, 1.564569843641586 ], [ 110.329810381483298, 1.564575766450604 ], [ 110.329780602950024, 1.564591731220661 ], [ 110.32975718409314, 1.564616175208767 ], [ 110.329742417313383, 1.56464670566708 ], [ 110.32973774808606, 1.56468033406173 ], [ 110.329743633467913, 1.564713768611308 ], [ 110.329759497357045, 1.564743736509327 ], [ 110.329783786885784, 1.564767304289144 ], [ 110.329814124425923, 1.564782164972276 ], [ 110.329847540327648, 1.564786863891367 ], [ 110.331448058255944, 1.564757468585933 ] ] ] ] } },
{ "type": "Feature", "properties": { "NAMA JALAN": "Jalan Hj Kassan", "KTG JLN": null, "PJG JLN": null, "LBR JLN": null, "JENIS SRT": null, "CON OF RD": null, "TARIKH": null, "NORTHING": null, "EASTING": null, "CATATAN": null, "NORTH AKK": null, "EAST AKHR": null, "Road_type": "Tertiary road" }, "geometry": { "type": "MultiPolygon", "coordinates": [ [ [ [ 110.33263137895139, 1.564732743028673 ], [ 110.332664523899979, 1.5647263911945 ], [ 110.332694096197329, 1.564710042756766 ], [ 110.33271720110065, 1.5646852980144 ], [ 110.332731576940887, 1.564654579155208 ], [ 110.332735816510677, 1.564620893155283 ], [ 110.332729504811624, 1.564587537435184 ], [ 110.332713259677135, 1.564557777085325 ], [ 110.332688671294392, 1.564534525256142 ], [ 110.33265814654581, 1.564520057998702 ], [ 110.332624673406372, 1.564515791468806 ], [ 110.331624052525896, 1.564547113157126 ], [ 110.331590907582708, 1.564553464982187 ], [ 110.331561335287333, 1.564569813409649 ], [ 110.331538230381781, 1.564594558141429 ], [ 110.33152385453505, 1.56462527699082 ], [ 110.331519614955212, 1.564658962982917 ], [ 110.331525926642129, 1.564692318698309 ], [ 110.331542171764241, 1.564722079047269 ], [ 110.331566760136027, 1.564745330879564 ], [ 110.331597284876537, 1.564759798143841 ], [ 110.331630758011428, 1.564764064683304 ], [ 110.33263137895139, 1.564732743028673 ] ] ] ] } },
{ "type": "Feature", "properties": { "NAMA JALAN": "Jalan Patinggi Ali", "KTG JLN": null, "PJG JLN": null, "LBR JLN": null, "JENIS SRT": null, "CON OF RD": null, "TARIKH": null, "NORTHING": null, "EASTING": null, "CATATAN": null, "NORTH AKK": null, "EAST AKHR": null, "Road_type": "Tertiary road" }, "geometry": { "type": "MultiPolygon", "coordinates": [ [ [ [ 110.329626535265646, 1.56317995688412 ], [ 110.329659660253327, 1.563173500607209 ], [ 110.329689181497571, 1.563157059038271 ], [ 110.329712209253032, 1.563132241592578 ], [ 110.329726489402418, 1.563101477574654 ], [ 110.329730624105224, 1.563067778381046 ], [ 110.329724208628221, 1.563034442723791 ], [ 110.329707870963247, 1.563004733729399 ], [ 110.329683210355128, 1.5629815595213 ], [ 110.329652640756095, 1.562967188552461 ], [ 110.329619154531443, 1.562963027553255 ], [ 110.329109462495708, 1.562980590407 ], [ 110.329076337511836, 1.56298704667975 ], [ 110.329046816269525, 1.563003488243659 ], [ 110.329023788513382, 1.563028305683831 ], [ 110.3290095083605, 1.563059069696337 ], [ 110.329005373651782, 1.563092768885405 ], [ 110.329011789121552, 1.563126104539786 ], [ 110.329028126779235, 1.563155813533494 ], [ 110.329052787381329, 1.563178987743308 ], [ 110.329083356976454, 1.563193358716059 ], [ 110.3291168431996, 1.563197519720694 ], [ 110.329626535265646, 1.56317995688412 ] ] ] ] } },
{ "type": "Feature", "properties": { "NAMA JALAN": "Jalan Patinggi Ali", "KTG JLN": null, "PJG JLN": null, "LBR JLN": null, "JENIS SRT": null, "CON OF RD": null, "TARIKH": null, "NORTHING": null, "EASTING": null, "CATATAN": null, "NORTH AKK": null, "EAST AKHR": null, "Road_type": "Tertiary road" }, "geometry": { "type": "MultiPolygon", "coordinates": [ [ [ [ 110.331196226677875, 1.563115947625361 ], [ 110.331229348267044, 1.563109473673296 ], [ 110.331258860851761, 1.563093016350867 ], [ 110.33128187553433, 1.56306818661537 ], [ 110.331296139477132, 1.563037414974387 ], [ 110.331300256426118, 1.563003713570605 ], [ 110.331293823385863, 1.56297038133243 ], [ 110.331277470067462, 1.562940681051717 ], [ 110.331252797247942, 1.56291751999894 ], [ 110.331222220074963, 1.562903165339291 ], [ 110.331188731655146, 1.56289902220672 ], [ 110.329798414521605, 1.562947671985556 ], [ 110.329765292938987, 1.562954145924552 ], [ 110.329735780356117, 1.562970603232502 ], [ 110.329712765669953, 1.56299543295332 ], [ 110.32969850171817, 1.563026204581028 ], [ 110.329694384755811, 1.563059905974401 ], [ 110.329700817780079, 1.563093238206408 ], [ 110.329717171082024, 1.563122938486079 ], [ 110.329741843886808, 1.563146099543175 ], [ 110.329772421048503, 1.563160454212007 ], [ 110.329805909461484, 1.563164597357478 ], [ 110.331196226677875, 1.563115947625361 ] ] ] ] } },
{ "type": "Feature", "properties": { "NAMA JALAN": "Jalan Patinggi Ali", "KTG JLN": null, "PJG JLN": null, "LBR JLN": null, "JENIS SRT": null, "CON OF RD": null, "TARIKH": null, "NORTHING": null, "EASTING": null, "CATATAN": null, "NORTH AKK": null, "EAST AKHR": null, "Road_type": "Tertiary road" }, "geometry": { "type": "MultiPolygon", "coordinates": [ [ [ [ 110.332102282054564, 1.563109563324785 ], [ 110.332105948240368, 1.563109430436358 ], [ 110.332589340079153, 1.563083617605605 ], [ 110.332622338725116, 1.563076536270964 ], [ 110.332651547878555, 1.563059539526384 ], [ 110.332674108343724, 1.56303429113152 ], [ 110.332687811744947, 1.563003262575302 ], [ 110.332691316697918, 1.562969491149077 ], [ 110.332684280113668, 1.56293628263549 ], [ 110.33266739078239, 1.562906887715426 ], [ 110.332642301949804, 1.562884183768474 ], [ 110.332611469485713, 1.56287039321512 ], [ 110.332577911486524, 1.562866865970707 ], [ 110.332096351646499, 1.562892580991549 ], [ 110.331375604400961, 1.562906358590195 ], [ 110.331342385519818, 1.562912306298794 ], [ 110.331312618814053, 1.562928293390189 ], [ 110.331289218055943, 1.562952754936441 ], [ 110.331274473874601, 1.562983296470988 ], [ 110.331269829533213, 1.56301692837576 ], [ 110.331275739652568, 1.56305035852574 ], [ 110.331291625709241, 1.56308031454509 ], [ 110.331315932665646, 1.563103864129964 ], [ 110.331346281187663, 1.563118702082902 ], [ 110.331379700550471, 1.563123375961558 ], [ 110.332102282054564, 1.563109563324785 ] ] ] ] } },
{ "type": "Feature", "properties": { "NAMA JALAN": "Jalan Patinggi Ali", "KTG JLN": null, "PJG JLN": null, "LBR JLN": null, "JENIS SRT": null, "CON OF RD": null, "TARIKH": null, "NORTHING": null, "EASTING": null, "CATATAN": null, "NORTH AKK": null, "EAST AKHR": null, "Road_type": "Tertiary road" }, "geometry": { "type": "MultiPolygon", "coordinates": [ [ [ [ 110.333180865509192, 1.563067214963561 ], [ 110.333200766571224, 1.563064489861845 ], [ 110.333326364833155, 1.563035095935072 ], [ 110.33400280908775, 1.563011809571905 ], [ 110.334035934307138, 1.563005354384159 ], [ 110.334065456106359, 1.562988913778212 ], [ 110.334088484685736, 1.56296409707502 ], [ 110.334102765847334, 1.562933333506451 ], [ 110.33410690165158, 1.562899634425077 ], [ 110.334100487257373, 1.56286629853192 ], [ 110.334084150550638, 1.562836588976609 ], [ 110.334059490682307, 1.562813413937492 ], [ 110.33402892153228, 1.562799041948805 ], [ 110.333995435421869, 1.562794879840862 ], [ 110.333308487513008, 1.56281852781218 ], [ 110.333287747138698, 1.562821285102047 ], [ 110.33316173610767, 1.562850775635815 ], [ 110.332790320777008, 1.562866476811618 ], [ 110.332757246525517, 1.56287319142426 ], [ 110.332727852859364, 1.562889862907713 ], [ 110.332705017035124, 1.562914859340907 ], [ 110.332690974382217, 1.56294573389889 ], [ 110.332687099493427, 1.562979464364894 ], [ 110.332693771670108, 1.563012748966071 ], [ 110.332710337793401, 1.563042329573898 ], [ 110.332735176256037, 1.563065310632424 ], [ 110.332765855696337, 1.563079442595493 ], [ 110.332799372996917, 1.563083342127983 ], [ 110.333180865509192, 1.563067214963561 ] ] ] ] } },
{ "type": "Feature", "properties": { "NAMA JALAN": "Jalan Abg Ateh", "KTG JLN": null, "PJG JLN": null, "LBR JLN": null, "JENIS SRT": null, "CON OF RD": null, "TARIKH": null, "NORTHING": null, "EASTING": null, "CATATAN": null, "NORTH AKK": null, "EAST AKHR": null, "Road_type": "Tertiary road" }, "geometry": { "type": "MultiPolygon", "coordinates": [ [ [ [ 110.333916381580721, 1.559902817613463 ], [ 110.333683340511612, 1.55990655005858 ], [ 110.333680664707259, 1.559906626353363 ], [ 110.332692239573305, 1.559947169688628 ], [ 110.332659157060903, 1.559953842832255 ], [ 110.332629742801629, 1.559970477459767 ], [ 110.332606876067857, 1.55999544525788 ], [ 110.332592795214651, 1.560026302204602 ], [ 110.332588878574086, 1.560060027807088 ], [ 110.332595509534457, 1.560093320768565 ], [ 110.33261203901148, 1.560122922142127 ], [ 110.332636848985061, 1.560145934339163 ], [ 110.332667510882246, 1.560160104765454 ], [ 110.332701023302874, 1.560164046320808 ], [ 110.333688111064362, 1.560123557877575 ], [ 110.333931953979899, 1.560119652435302 ], [ 110.333955887502498, 1.560116551787895 ], [ 110.33407585523581, 1.560086988343396 ], [ 110.334106968658375, 1.560073852425459 ], [ 110.334132525718289, 1.560051683687031 ], [ 110.334150024712244, 1.560022652158717 ], [ 110.334157752716763, 1.559989599648852 ], [ 110.33415495326112, 1.559955761567551 ], [ 110.334141900375798, 1.559924450222142 ], [ 110.334119871768493, 1.559898730585348 ], [ 110.334091023752947, 1.559881120274435 ], [ 110.33405818017394, 1.559873343109232 ], [ 110.334024555989643, 1.559876160372702 ], [ 110.333916381580721, 1.559902817613463 ] ] ] ] } },
{ "type": "Feature", "properties": { "NAMA JALAN": "Jalan Abg Taip", "KTG JLN": null, "PJG JLN": null, "LBR JLN": null, "JENIS SRT": null, "CON OF RD": null, "TARIKH": null, "NORTHING": null, "EASTING": null, "CATATAN": null, "NORTH AKK": null, "EAST AKHR": null, "Road_type": "Tertiary road" }, "geometry": { "type": "MultiPolygon", "coordinates": [ [ [ [ 110.331361810980965, 1.5599622998059 ], [ 110.331362252179744, 1.559970112141121 ], [ 110.331364637648761, 1.559995898222528 ], [ 110.331364815823292, 1.560001605433498 ], [ 110.33136509803532, 1.560010645135948 ], [ 110.33136538024722, 1.5600196848384 ], [ 110.331365662458936, 1.560028724540832 ], [ 110.331365944670495, 1.560037764243259 ], [ 110.331366226881897, 1.560046803945617 ], [ 110.331366509093115, 1.560055843648011 ], [ 110.331366791304191, 1.560064883350407 ], [ 110.331367073515096, 1.560073923052732 ], [ 110.331367355725831, 1.560082962755078 ], [ 110.331367637936395, 1.560092002457379 ], [ 110.331367920146818, 1.560101042159701 ], [ 110.331396282263853, 1.561004110436906 ], [ 110.331402610560602, 1.561037462989632 ], [ 110.331418870490381, 1.561067215161917 ], [ 110.33144347041825, 1.561090454603892 ], [ 110.331474002332001, 1.561104906477045 ], [ 110.331507477555164, 1.561109156131179 ], [ 110.331540619299417, 1.56110278758043 ], [ 110.331570183419601, 1.561086424222735 ], [ 110.331593275973404, 1.561061667817506 ], [ 110.331607636500593, 1.561030941694204 ], [ 110.331611859292764, 1.560997253539991 ], [ 110.331583498083845, 1.560094215904044 ], [ 110.331583216191774, 1.560085186415774 ], [ 110.331582933980542, 1.560076146709463 ], [ 110.331582651769153, 1.560067107003091 ], [ 110.331582369557623, 1.560058067296755 ], [ 110.331582087345893, 1.560049027590396 ], [ 110.331581805134007, 1.56003998788403 ], [ 110.331581522921965, 1.560030948177662 ], [ 110.331581240709752, 1.560021908471279 ], [ 110.331580958497383, 1.5600128687649 ], [ 110.331580676284858, 1.560003829058501 ], [ 110.331580394072176, 1.559994789352111 ], [ 110.33158011185931, 1.559985749645708 ], [ 110.331579700708318, 1.559979097370327 ], [ 110.331577368743382, 1.559953889665382 ], [ 110.331558685326627, 1.559046350483101 ], [ 110.331552718002982, 1.559012930596922 ], [ 110.331536780713421, 1.5589830021319 ], [ 110.331512433511151, 1.558959494694802 ], [ 110.331482059670137, 1.558944709357329 ], [ 110.331448632393517, 1.558940093411183 ], [ 110.331415423775795, 1.558946098697181 ], [ 110.33138568450758, 1.558962137375961 ], [ 110.331362325675343, 1.558986639469816 ], [ 110.331347633804157, 1.559017206543111 ], [ 110.331343047036839, 1.559050846477865 ], [ 110.331361810980965, 1.5599622998059 ] ] ] ] } },
{ "type": "Feature", "properties": { "NAMA JALAN": "Jalan Laruh", "KTG JLN": null, "PJG JLN": null, "LBR JLN": null, "JENIS SRT": null, "CON OF RD": null, "TARIKH": null, "NORTHING": null, "EASTING": null, "CATATAN": null, "NORTH AKK": null, "EAST AKHR": null, "Road_type": "Tertiary road" }, "geometry": { "type": "MultiPolygon", "coordinates": [ [ [ [ 110.327991939913417, 1.556962078269726 ], [ 110.328024896971385, 1.556954803780149 ], [ 110.32805400726788, 1.556937636237191 ], [ 110.328076421284024, 1.556912256119526 ], [ 110.328089944979595, 1.556881147809947 ], [ 110.328093254561125, 1.556847356406653 ], [ 110.328086026063943, 1.556814189647793 ], [ 110.328068967064041, 1.556784894126956 ], [ 110.328043747415435, 1.556762337493923 ], [ 110.32801283579316, 1.556748727748998 ], [ 110.327979258042177, 1.556745397108746 ], [ 110.327252149890128, 1.556788496367285 ], [ 110.327219192836296, 1.556795770850309 ], [ 110.32719008254125, 1.556812938385725 ], [ 110.327167668523273, 1.556838318495484 ], [ 110.327154144822458, 1.55686942679764 ], [ 110.327150835232928, 1.556903218194996 ], [ 110.327158063720617, 1.556936384950264 ], [ 110.327175122711083, 1.556965680470504 ], [ 110.327200342351759, 1.556988237106128 ], [ 110.327231253968634, 1.557001846856451 ], [ 110.327264831717173, 1.557005177504173 ], [ 110.327991939913417, 1.556962078269726 ] ] ] ] } },
{ "type": "Feature", "properties": { "NAMA JALAN": "Jalan Patingan", "KTG JLN": null, "PJG JLN": null, "LBR JLN": null, "JENIS SRT": null, "CON OF RD": null, "TARIKH": null, "NORTHING": null, "EASTING": null, "CATATAN": null, "NORTH AKK": null, "EAST AKHR": null, "Road_type": "Secondary road" }, "geometry": { "type": "MultiPolygon", "coordinates": [ [ [ [ 110.328090430689514, 1.556683597229661 ], [ 110.328056986292509, 1.556688085539918 ], [ 110.328026556975487, 1.556702754823645 ], [ 110.328002121371739, 1.556726169149087 ], [ 110.327986071408247, 1.556756036558923 ], [ 110.327979978167221, 1.556789433423115 ], [ 110.327984438097786, 1.55682309062407 ], [ 110.327999014631175, 1.556853713560566 ], [ 110.328022280914993, 1.556878304646317 ], [ 110.328051959483503, 1.556894456734504 ], [ 110.328085145191579, 1.556900588746099 ], [ 110.328155578222137, 1.556902326262449 ], [ 110.328189022621558, 1.556897837952585 ], [ 110.328219451940726, 1.556883168668719 ], [ 110.32824388754554, 1.556859754342458 ], [ 110.328259937508605, 1.556829886931267 ], [ 110.328266030747685, 1.556796490065501 ], [ 110.328261570814334, 1.556762832863223 ], [ 110.32824699427816, 1.556732209926084 ], [ 110.328223727992381, 1.556707618840601 ], [ 110.32819404942336, 1.556691466753551 ], [ 110.328160863716164, 1.556685334743622 ], [ 110.328090430689514, 1.556683597229661 ] ] ] ] } },
{ "type": "Feature", "properties": { "NAMA JALAN": "Jlan Laruh", "KTG JLN": null, "PJG JLN": null, "LBR JLN": null, "JENIS SRT": null, "CON OF RD": null, "TARIKH": null, "NORTHING": null, "EASTING": null, "CATATAN": null, "NORTH AKK": null, "EAST AKHR": null, "Road_type": "Tertiary road" }, "geometry": { "type": "MultiPolygon", "coordinates": [ [ [ [ 110.33013676065471, 1.556846208690881 ], [ 110.330169738114819, 1.556839028403491 ], [ 110.330198896741067, 1.556821944106833 ], [ 110.330221382283696, 1.556796628130879 ], [ 110.330234993700969, 1.556765558579736 ], [ 110.330238398612622, 1.556731776757708 ], [ 110.330231263722396, 1.556698589465048 ], [ 110.330214287443411, 1.556669245305324 ], [ 110.33018913153235, 1.556646616689427 ], [ 110.3301582584252, 1.556632918663882 ], [ 110.330124690196754, 1.55662949208675 ], [ 110.328176329493644, 1.556739394754336 ], [ 110.328143352040996, 1.556746575022641 ], [ 110.32811419341563, 1.556763659298443 ], [ 110.32809170786669, 1.556788975253761 ], [ 110.328078096436215, 1.556820044786522 ], [ 110.328074691505961, 1.556853826594509 ], [ 110.328081826374429, 1.556887013879155 ], [ 110.328098802631303, 1.556916358037958 ], [ 110.328123958522568, 1.556938986660236 ], [ 110.328154831614413, 1.556952684698758 ], [ 110.328188399833465, 1.556956111293903 ], [ 110.33013676065471, 1.556846208690881 ] ] ] ] } },
{ "type": "Feature", "properties": { "NAMA JALAN": "Jaan dagok", "KTG JLN": null, "PJG JLN": null, "LBR JLN": null, "JENIS SRT": null, "CON OF RD": null, "TARIKH": null, "NORTHING": null, "EASTING": null, "CATATAN": null, "NORTH AKK": null, "EAST AKHR": null, "Road_type": "Tertiary road" }, "geometry": { "type": "MultiPolygon", "coordinates": [ [ [ [ 110.326828112878246, 1.555876687733413 ], [ 110.326876141474472, 1.555885069798785 ], [ 110.327627980797061, 1.555842455386856 ], [ 110.327660956309941, 1.555835266149718 ], [ 110.327690110337201, 1.555818173941973 ], [ 110.327712589079241, 1.555792851867932 ], [ 110.327726192160043, 1.555761778628693 ], [ 110.327729588015373, 1.555727995889512 ], [ 110.327722444235434, 1.555694810540454 ], [ 110.327705460103545, 1.555665470994851 ], [ 110.327680298145097, 1.555642849211891 ], [ 110.32764942138806, 1.555629159569256 ], [ 110.327615852264458, 1.555625742104431 ], [ 110.326888993483323, 1.555666940643087 ], [ 110.326811506009761, 1.555633999992689 ], [ 110.326778753637029, 1.555625842879678 ], [ 110.326745099532005, 1.555628270448548 ], [ 110.326713837992713, 1.555641045071779 ], [ 110.326688029116127, 1.555662916280157 ], [ 110.326670199254679, 1.555691743167386 ], [ 110.326662093719435, 1.555724703957033 ], [ 110.326664505936819, 1.555758572217481 ], [ 110.326677199782466, 1.555790032687591 ], [ 110.326698932694626, 1.55581600579744 ], [ 110.326727577304652, 1.555833949118074 ], [ 110.326828112878246, 1.555876687733413 ] ] ] ] } },
{ "type": "Feature", "properties": { "NAMA JALAN": "Jalan Dagok", "KTG JLN": null, "PJG JLN": null, "LBR JLN": null, "JENIS SRT": null, "CON OF RD": null, "TARIKH": null, "NORTHING": null, "EASTING": null, "CATATAN": null, "NORTH AKK": null, "EAST AKHR": null, "Road_type": "Tertiary road" }, "geometry": { "type": "MultiPolygon", "coordinates": [ [ [ [ 110.330125438541373, 1.555699751564398 ], [ 110.330158411586169, 1.555692550814904 ], [ 110.330187559731243, 1.555675448425088 ], [ 110.330210029752848, 1.555650118495936 ], [ 110.330223622128543, 1.555619040497487 ], [ 110.330227006341957, 1.555585256560876 ], [ 110.330219851122962, 1.555552073693339 ], [ 110.330202856874536, 1.555522740065298 ], [ 110.330177687112382, 1.55550012705673 ], [ 110.330146805628374, 1.555486448186402 ], [ 110.330113235317171, 1.555483042437311 ], [ 110.327792186401055, 1.555615412293441 ], [ 110.327759213364686, 1.555622613020016 ], [ 110.327730065220251, 1.55563971538494 ], [ 110.327707595190915, 1.555665045289541 ], [ 110.327694002799589, 1.555696123266284 ], [ 110.32769061856429, 1.55572990718642 ], [ 110.327697773757819, 1.555763090044612 ], [ 110.327714767980282, 1.555792423671644 ], [ 110.327739937719016, 1.555815036687769 ], [ 110.327770819184792, 1.555828715573396 ], [ 110.327804389484498, 1.555832121343746 ], [ 110.330125438541373, 1.555699751564398 ] ] ] ] } },
{ "type": "Feature", "properties": { "NAMA JALAN": "Jalan Dagok", "KTG JLN": null, "PJG JLN": null, "LBR JLN": null, "JENIS SRT": null, "CON OF RD": null, "TARIKH": null, "NORTHING": null, "EASTING": null, "CATATAN": null, "NORTH AKK": null, "EAST AKHR": null, "Road_type": "Tertiary road" }, "geometry": { "type": "MultiPolygon", "coordinates": [ [ [ [ 110.331843446915684, 1.55557759006518 ], [ 110.332347434180122, 1.555555618891469 ], [ 110.332348773744741, 1.555555552092374 ], [ 110.333371699581875, 1.5554981232018 ], [ 110.333373064720107, 1.55549803781773 ], [ 110.333874094207417, 1.555463489146423 ], [ 110.333906980520254, 1.555455897239811 ], [ 110.333935926068733, 1.555438449808517 ], [ 110.333958097460624, 1.555412854728599 ], [ 110.333971324405482, 1.55538161742488 ], [ 110.333974312157878, 1.555347795622394 ], [ 110.333966768256019, 1.55531470003499 ], [ 110.33394943114989, 1.555285570289484 ], [ 110.333923997916514, 1.555263257808407 ], [ 110.33389295813808, 1.555249946692786 ], [ 110.333859350204307, 1.555246939927235 ], [ 110.333359003047647, 1.555281441566743 ], [ 110.332337429687072, 1.55533879456404 ], [ 110.331833603008036, 1.555360758755052 ], [ 110.331832584373259, 1.555360808019264 ], [ 110.330311519513089, 1.555441627101791 ], [ 110.330278519087415, 1.555448699670846 ], [ 110.330249305541571, 1.555465688669202 ], [ 110.330226738500699, 1.555490931095303 ], [ 110.330213026983841, 1.555521956044619 ], [ 110.330209513169919, 1.555555726579073 ], [ 110.330216541015702, 1.555588937003647 ], [ 110.330233422587, 1.555618336450687 ], [ 110.330258505398305, 1.555641047097591 ], [ 110.330289334169365, 1.55565484586791 ], [ 110.33032289116521, 1.555658382041789 ], [ 110.331843446915684, 1.55557759006518 ] ] ] ] } },
{ "type": "Feature", "properties": { "NAMA JALAN": "Jalan Dagok", "KTG JLN": null, "PJG JLN": null, "LBR JLN": null, "JENIS SRT": null, "CON OF RD": null, "TARIKH": null, "NORTHING": null, "EASTING": null, "CATATAN": null, "NORTH AKK": null, "EAST AKHR": null, "Road_type": "Tertiary road" }, "geometry": { "type": "MultiPolygon", "coordinates": [ [ [ [ 110.33452062879276, 1.555435573884196 ], [ 110.33453411171071, 1.55543387205824 ], [ 110.334586775805064, 1.555423799292409 ], [ 110.335046751233307, 1.555408908918405 ], [ 110.335049927000455, 1.555408758925904 ], [ 110.336931980352034, 1.555291865890811 ], [ 110.337161527400255, 1.55531281775899 ], [ 110.33719082558251, 1.555311461864599 ], [ 110.337229521480296, 1.555304280657973 ], [ 110.337261336808851, 1.55529297502525 ], [ 110.337288123443116, 1.55527232868811 ], [ 110.337307259320468, 1.555244362653887 ], [ 110.33731687128784, 1.555211814432928 ], [ 110.337316018459092, 1.555177870072017 ], [ 110.337304784315265, 1.55514585228189 ], [ 110.337284268532983, 1.555118895186996 ], [ 110.337256479340127, 1.555099637535649 ], [ 110.337224136936641, 1.555089964400835 ], [ 110.337190407222096, 1.555090822656277 ], [ 110.337166267952753, 1.555095302436627 ], [ 110.33694327941086, 1.555074949200913 ], [ 110.336926895306604, 1.555074711657163 ], [ 110.335038227810799, 1.555192015563873 ], [ 110.334571435458642, 1.555207126631875 ], [ 110.334554767143104, 1.555208979049364 ], [ 110.334500528752102, 1.555219352924536 ], [ 110.334049279751838, 1.555247420281425 ], [ 110.334016343743457, 1.555254790772677 ], [ 110.333987282942772, 1.555272043080145 ], [ 110.333964942023172, 1.555297488427711 ], [ 110.333951507869358, 1.555328636047496 ], [ 110.333948295510041, 1.555362436993571 ], [ 110.333955619393507, 1.555395582594015 ], [ 110.333972762607388, 1.555424828326649 ], [ 110.333998047054664, 1.555447311415443 ], [ 110.334028997717638, 1.55546083105898 ], [ 110.334062584929711, 1.555464063860213 ], [ 110.33452062879276, 1.555435573884196 ] ] ] ] } },
{ "type": "Feature", "properties": { "NAMA JALAN": "Jalan Laruh", "KTG JLN": null, "PJG JLN": null, "LBR JLN": null, "JENIS SRT": null, "CON OF RD": null, "TARIKH": null, "NORTHING": null, "EASTING": null, "CATATAN": null, "NORTH AKK": null, "EAST AKHR": null, "Road_type": "Tertiary road" }, "geometry": { "type": "MultiPolygon", "coordinates": [ [ [ [ 110.330422542650226, 1.556756376361891 ], [ 110.330436128606252, 1.556756532178869 ], [ 110.333459347038897, 1.556599279212068 ], [ 110.333927681206603, 1.556588699890929 ], [ 110.333960879456868, 1.556582636866231 ], [ 110.333990591137507, 1.556566546486231 ], [ 110.334013907861959, 1.5565420037894 ], [ 110.334028547226609, 1.556511411185899 ], [ 110.334033076228522, 1.556477763293048 ], [ 110.334027051537603, 1.556444353801228 ], [ 110.334011062892927, 1.55641445306436 ], [ 110.333986675374717, 1.556390987974998 ], [ 110.333956276203281, 1.556376255459548 ], [ 110.333922841061323, 1.55637169763915 ], [ 110.333452932812833, 1.556382312533872 ], [ 110.333449786299212, 1.556382429881264 ], [ 110.330431793508097, 1.556539411148795 ], [ 110.330337121176299, 1.556532306558578 ], [ 110.330303495874617, 1.556535109686519 ], [ 110.330272377049582, 1.556548232525715 ], [ 110.330246810828314, 1.556570390521161 ], [ 110.330229299810455, 1.556599414693876 ], [ 110.330221558096468, 1.556632463955723 ], [ 110.330224343499367, 1.556666303214831 ], [ 110.33023738336486, 1.556697620048891 ], [ 110.330259401260321, 1.556723348948088 ], [ 110.330288241920954, 1.556740971388488 ], [ 110.330321082221957, 1.556748762362788 ], [ 110.330422542650226, 1.556756376361891 ] ] ] ] } },
{ "type": "Feature", "properties": { "NAMA JALAN": "Jalan Parit Lama", "KTG JLN": null, "PJG JLN": null, "LBR JLN": null, "JENIS SRT": null, "CON OF RD": null, "TARIKH": null, "NORTHING": null, "EASTING": null, "CATATAN": null, "NORTH AKK": null, "EAST AKHR": null, "Road_type": "Tertiary road" }, "geometry": { "type": "MultiPolygon", "coordinates": [ [ [ [ 110.327644607080657, 1.557875633736525 ], [ 110.327611587472475, 1.557882615071473 ], [ 110.327582327670868, 1.557899523254508 ], [ 110.327559691828824, 1.557924703194766 ], [ 110.32754589570014, 1.557955690104322 ], [ 110.327542289746091, 1.557989450768656 ], [ 110.327549226942793, 1.558022680458917 ], [ 110.327566028229427, 1.558052126421625 ], [ 110.327591048979244, 1.558074906280854 ], [ 110.32762183998706, 1.558088790185207 ], [ 110.327655387214477, 1.558092419081286 ], [ 110.328352815048305, 1.558057295166359 ], [ 110.328385834660651, 1.558050313825241 ], [ 110.328415094463907, 1.558033405635055 ], [ 110.328437730304373, 1.558008225687242 ], [ 110.328451526428125, 1.55797723877058 ], [ 110.328455132374557, 1.557943478100464 ], [ 110.328448195168676, 1.55791024840669 ], [ 110.328431393872862, 1.557880802443334 ], [ 110.328406373115328, 1.557858022586516 ], [ 110.328375582102225, 1.557844138687314 ], [ 110.328342034872406, 1.557840509798365 ], [ 110.327644607080657, 1.557875633736525 ] ] ] ] } },
{ "type": "Feature", "properties": { "NAMA JALAN": "Jalan prit Lama", "KTG JLN": null, "PJG JLN": null, "LBR JLN": null, "JENIS SRT": null, "CON OF RD": null, "TARIKH": null, "NORTHING": null, "EASTING": null, "CATATAN": null, "NORTH AKK": null, "EAST AKHR": null, "Road_type": "Tertiary road" }, "geometry": { "type": "MultiPolygon", "coordinates": [ [ [ [ 110.330158901805845, 1.557959853232839 ], [ 110.330191892888379, 1.557952736559939 ], [ 110.330221084002829, 1.557935708533398 ], [ 110.330243617719233, 1.557910435975077 ], [ 110.330257288280322, 1.557879392739081 ], [ 110.330260757516385, 1.55784561755378 ], [ 110.330253685834649, 1.557812416569782 ], [ 110.33023676546091, 1.557783039730891 ], [ 110.330211652679523, 1.55776036264682 ], [ 110.330180805704629, 1.557746605108497 ], [ 110.330147244052966, 1.557743113799541 ], [ 110.328536864818091, 1.557830836547194 ], [ 110.32850387374215, 1.557837953204505 ], [ 110.328474682628851, 1.557854981213914 ], [ 110.328452148907417, 1.557880253755125 ], [ 110.328438478335414, 1.557911296975778 ], [ 110.328435009083748, 1.557945072149269 ], [ 110.328442080747109, 1.557978273126458 ], [ 110.328459001102203, 1.558007649964497 ], [ 110.328484113867034, 1.558030327053864 ], [ 110.328514960829324, 1.55804408460301 ], [ 110.32854852247344, 1.558047575927031 ], [ 110.330158901805845, 1.557959853232839 ] ] ] ] } },
{ "type": "Feature", "properties": { "NAMA JALAN": "Jalan Green", "KTG JLN": null, "PJG JLN": null, "LBR JLN": null, "JENIS SRT": null, "CON OF RD": null, "TARIKH": null, "NORTHING": null, "EASTING": null, "CATATAN": null, "NORTH AKK": null, "EAST AKHR": null, "Road_type": "Secondary road" }, "geometry": { "type": "MultiPolygon", "coordinates": [ [ [ [ 110.330320699210205, 1.553922766671192 ], [ 110.330395009180435, 1.553521789790512 ], [ 110.330395930308143, 1.553487847261185 ], [ 110.330386383868017, 1.553455279541563 ], [ 110.330367304332441, 1.553427274587107 ], [ 110.330340559339518, 1.553406573717888 ], [ 110.330308766875604, 1.553395203279179 ], [ 110.33027503900847, 1.553394276288578 ], [ 110.330242677256479, 1.553403883486222 ], [ 110.330214849413082, 1.553423084452588 ], [ 110.33019427946121, 1.553449999663203 ], [ 110.330182980931028, 1.553481994469868 ], [ 110.3301072097331, 1.553890856032432 ], [ 110.330105454940863, 1.55390675593404 ], [ 110.330089139297584, 1.554352196838412 ], [ 110.330093186316347, 1.554385906875146 ], [ 110.330107386359074, 1.554416708468666 ], [ 110.330130349426952, 1.554441586544442 ], [ 110.330159827735031, 1.554458105863103 ], [ 110.330192935741167, 1.554464649398521 ], [ 110.330226432602856, 1.554460576623682 ], [ 110.330257039413553, 1.554446286210062 ], [ 110.330281760165107, 1.554423177002777 ], [ 110.330298175017944, 1.554393511092084 ], [ 110.330304677171895, 1.554360192384124 ], [ 110.330320699210205, 1.553922766671192 ] ] ] ] } },
{ "type": "Feature", "properties": { "NAMA JALAN": "Jalan Muda Hashim", "KTG JLN": null, "PJG JLN": null, "LBR JLN": null, "JENIS SRT": null, "CON OF RD": null, "TARIKH": null, "NORTHING": null, "EASTING": null, "CATATAN": null, "NORTH AKK": null, "EAST AKHR": null, "Road_type": "Tertiary road" }, "geometry": { "type": "MultiPolygon", "coordinates": [ [ [ [ 110.334004272437653, 1.554381752476403 ], [ 110.334037285101957, 1.554374737938304 ], [ 110.334066528107456, 1.554357800318534 ], [ 110.334089138944734, 1.554332597589275 ], [ 110.334102904307358, 1.554301596769305 ], [ 110.334106476745831, 1.554267832435002 ], [ 110.334099506565181, 1.554234609674811 ], [ 110.334082676055559, 1.554205180564122 ], [ 110.334057632704827, 1.554182425829386 ], [ 110.334026827930742, 1.554168572862554 ], [ 110.333993277119134, 1.554164977688403 ], [ 110.333806307499302, 1.554174582311005 ], [ 110.333773294837712, 1.554181596848144 ], [ 110.33374405183406, 1.554198534466308 ], [ 110.333721440997024, 1.554223737193321 ], [ 110.333707675632724, 1.55425473801075 ], [ 110.33370410319101, 1.5542885023427 ], [ 110.33371107336761, 1.554321725101248 ], [ 110.333727903873339, 1.55435115421148 ], [ 110.333752947221356, 1.55437390894706 ], [ 110.333783751994375, 1.554387761915944 ], [ 110.333817302806523, 1.554391357092859 ], [ 110.334004272437653, 1.554381752476403 ] ] ] ] } },
{ "type": "Feature", "properties": { "NAMA JALAN": "Jalan P. Ramlee", "KTG JLN": null, "PJG JLN": null, "LBR JLN": null, "JENIS SRT": null, "CON OF RD": null, "TARIKH": null, "NORTHING": null, "EASTING": null, "CATATAN": null, "NORTH AKK": null, "EAST AKHR": null, "Road_type": "Secondary road" }, "geometry": { "type": "MultiPolygon", "coordinates": [ [ [ [ 110.340592327957324, 1.553461368542585 ], [ 110.34059355706529, 1.553476043219228 ], [ 110.340625829412176, 1.553688077737563 ], [ 110.340627488301109, 1.55369665400342 ], [ 110.340776431650113, 1.554329636164233 ], [ 110.340940433549846, 1.555061513039953 ], [ 110.340941161666862, 1.555064557045399 ], [ 110.341023231263449, 1.555387138183963 ], [ 110.341095625374834, 1.555735600749852 ], [ 110.34109635386379, 1.55573885653608 ], [ 110.341250277238842, 1.55638057169844 ], [ 110.341257462568905, 1.556490110600017 ], [ 110.341260252682957, 1.556508483663605 ], [ 110.341351127775056, 1.556886471632674 ], [ 110.341355086559545, 1.55689936841922 ], [ 110.341492570297547, 1.557264907959809 ], [ 110.341509512826008, 1.557294654780202 ], [ 110.341663049226952, 1.557486082458517 ], [ 110.34168808751474, 1.557508842903068 ], [ 110.341718889238777, 1.557522702886835 ], [ 110.341752439311591, 1.557526305697913 ], [ 110.341785453618044, 1.557519298667916 ], [ 110.341814700487532, 1.557502367693578 ], [ 110.341837317032386, 1.557477170096614 ], [ 110.341851089387518, 1.557446172393404 ], [ 110.341854669418893, 1.557412408855241 ], [ 110.341847706688327, 1.557379184492635 ], [ 110.341830882756724, 1.557349751537825 ], [ 110.34168818187625, 1.557171833493106 ], [ 110.341559183747691, 1.556828855408552 ], [ 110.34147206837828, 1.556466505809576 ], [ 110.341464884931156, 1.556356995713476 ], [ 110.341462108195813, 1.556338678366718 ], [ 110.34130640578725, 1.555689546479847 ], [ 110.341233859401569, 1.555340351057869 ], [ 110.34123277193963, 1.5553356426843 ], [ 110.341150492356974, 1.555012236256435 ], [ 110.340986705502758, 1.55428131924462 ], [ 110.34098644517465, 1.554280185841921 ], [ 110.340838369703974, 1.553650892169638 ], [ 110.340807865495648, 1.553450474685937 ], [ 110.340804241183292, 1.553225238326046 ], [ 110.340798424116755, 1.553191791531006 ], [ 110.340782621496189, 1.553161790751782 ], [ 110.340758380192497, 1.55313817267377 ], [ 110.340728073113496, 1.553123249198989 ], [ 110.340694666927206, 1.553118481140962 ], [ 110.340661431663705, 1.553124335230289 ], [ 110.340631620621792, 1.553140238427784 ], [ 110.340608151913713, 1.553164634017633 ], [ 110.340593322819956, 1.553195133989502 ], [ 110.340588584915594, 1.553228752793782 ], [ 110.340592327957324, 1.553461368542585 ] ] ] ] } },
{ "type": "Feature", "properties": { "NAMA JALAN": "Bulatan Padang Pasir", "KTG JLN": null, "PJG JLN": null, "LBR JLN": null, "JENIS SRT": null, "CON OF RD": null, "TARIKH": null, "NORTHING": null, "EASTING": null, "CATATAN": null, "NORTH AKK": null, "EAST AKHR": null, "Road_type": "Secondary road" }, "geometry": { "type": "MultiPolygon", "coordinates": [ [ [ [ 110.340910114825945, 1.557887978862416 ], [ 110.340944121679172, 1.557701875331667 ], [ 110.340977017311857, 1.557629336262448 ], [ 110.341014239053266, 1.557564838920125 ], [ 110.341016126838781, 1.557563269445379 ], [ 110.341081618430039, 1.557524506372296 ], [ 110.341150666663324, 1.557498508416812 ], [ 110.341516527190677, 1.557509527728963 ], [ 110.341620578557013, 1.557558473397489 ], [ 110.341631187549368, 1.557567842554348 ], [ 110.341639649526243, 1.557579422269868 ], [ 110.34185891190441, 1.558050012682048 ], [ 110.341877838719654, 1.558078122455271 ], [ 110.341904470672617, 1.558098970519475 ], [ 110.341936200842284, 1.55811051612081 ], [ 110.341969923258461, 1.558111629095222 ], [ 110.342002336935835, 1.558102200496865 ], [ 110.342030268997476, 1.558083153262529 ], [ 110.342050985258382, 1.558056351868188 ], [ 110.342062457866476, 1.558024419821122 ], [ 110.342063563803066, 1.557990482852703 ], [ 110.342054194811624, 1.557957862950009 ], [ 110.341830439480432, 1.557477629628082 ], [ 110.341819676662396, 1.557459406743884 ], [ 110.341798003772311, 1.557429748676208 ], [ 110.341782256870985, 1.557412473534679 ], [ 110.341751294296714, 1.557385129448495 ], [ 110.3417258283976, 1.557368384182054 ], [ 110.341587681692118, 1.557303400099806 ], [ 110.341545241979119, 1.557293238270807 ], [ 110.341135944137577, 1.557280910688315 ], [ 110.341094928343026, 1.557287743451687 ], [ 110.340997247977157, 1.557324521947438 ], [ 110.340980366203496, 1.557332620659035 ], [ 110.340899386668355, 1.55738055071938 ], [ 110.340885373277374, 1.557390429542021 ], [ 110.340861990950756, 1.557409869236184 ], [ 110.340837420211045, 1.557439033636638 ], [ 110.340787849525697, 1.557524929064682 ], [ 110.340782996685505, 1.557534375361568 ], [ 110.340742363316096, 1.557623977122269 ], [ 110.340734407795495, 1.557649407551593 ], [ 110.340697002715544, 1.557854107927636 ], [ 110.340695578049093, 1.557864952659867 ], [ 110.340678178552523, 1.5580805898529 ], [ 110.340680742224876, 1.558114446900656 ], [ 110.340693576681545, 1.558145849607783 ], [ 110.34071542559677, 1.558171724058614 ], [ 110.340744150246735, 1.55818953748161 ], [ 110.340776938862561, 1.558197546174704 ], [ 110.340810581865938, 1.558194966191107 ], [ 110.340841786044976, 1.558182050077412 ], [ 110.3408674969169, 1.558160062152715 ], [ 110.340885197722258, 1.558131154748308 ], [ 110.340893155782851, 1.558098157522395 ], [ 110.340910114825945, 1.557887978862416 ] ] ] ] } },
{ "type": "Feature", "properties": { "NAMA JALAN": "Jalan Parit Lama", "KTG JLN": null, "PJG JLN": null, "LBR JLN": null, "JENIS SRT": null, "CON OF RD": null, "TARIKH": null, "NORTHING": null, "EASTING": null, "CATATAN": null, "NORTH AKK": null, "EAST AKHR": null, "Road_type": "Tertiary road" }, "geometry": { "type": "MultiPolygon", "coordinates": [ [ [ [ 110.333479203872926, 1.557717795189691 ], [ 110.333513408516382, 1.557722713979869 ], [ 110.333533800240232, 1.557723682150275 ], [ 110.333996058746905, 1.557701499599937 ], [ 110.334029094624952, 1.557694596499325 ], [ 110.334058393922973, 1.557677757660221 ], [ 110.334081088621261, 1.557652631385408 ], [ 110.334094957204471, 1.557621677209799 ], [ 110.334098642119102, 1.557587925143924 ], [ 110.334091782660281, 1.557554679075251 ], [ 110.334075050279949, 1.557525193360809 ], [ 110.334050082860344, 1.557502354267781 ], [ 110.334019324386588, 1.557488397445755 ], [ 110.333985785712329, 1.557484689085515 ], [ 110.333533768828886, 1.557506380184673 ], [ 110.333499172640686, 1.557501405089364 ], [ 110.333477998263461, 1.557500477345797 ], [ 110.330351443269521, 1.557673436364004 ], [ 110.330318458122946, 1.557680580842044 ], [ 110.330289281191341, 1.557697633467352 ], [ 110.330266768515756, 1.557722925010111 ], [ 110.330253123793625, 1.55775397975794 ], [ 110.330249682665482, 1.557787757855861 ], [ 110.330256781973148, 1.557820952868492 ], [ 110.330273726787254, 1.557850315436835 ], [ 110.33029885843159, 1.557872971348168 ], [ 110.330329716845853, 1.557886702884004 ], [ 110.330363281393375, 1.557890165905823 ], [ 110.333479203872926, 1.557717795189691 ] ] ] ] } },
{ "type": "Feature", "properties": { "NAMA JALAN": "Jalan Datuk Paduka Sitom", "KTG JLN": null, "PJG JLN": null, "LBR JLN": null, "JENIS SRT": null, "CON OF RD": null, "TARIKH": null, "NORTHING": null, "EASTING": null, "CATATAN": null, "NORTH AKK": null, "EAST AKHR": null, "Road_type": "Tertiary road" }, "geometry": { "type": "MultiPolygon", "coordinates": [ [ [ [ 110.330244791836989, 1.56257174571878 ], [ 110.33024620289217, 1.562571702722586 ], [ 110.331005404194045, 1.562543562642345 ], [ 110.331038512469746, 1.562537020115197 ], [ 110.331067991336212, 1.562520501711403 ], [ 110.331090955196331, 1.562495624367308 ], [ 110.33110515618732, 1.562464823250747 ], [ 110.331109204217313, 1.562431113389755 ], [ 110.331102703037118, 1.56239779454052 ], [ 110.331086289027908, 1.562368128184321 ], [ 110.331061568907515, 1.56234501827084 ], [ 110.33103096245371, 1.562330726959409 ], [ 110.330997465639371, 1.562326653183033 ], [ 110.330238969770647, 1.562354767143339 ], [ 110.329751407512319, 1.5623664097407 ], [ 110.32971821697825, 1.562372515547369 ], [ 110.329688525777925, 1.562388644186244 ], [ 110.329665240292584, 1.562413216873682 ], [ 110.329650639867637, 1.562443828263865 ], [ 110.329646153694455, 1.562477481900784 ], [ 110.329652220911157, 1.562510883532124 ], [ 110.32966824761661, 1.562540763573624 ], [ 110.329692665005453, 1.562564197158722 ], [ 110.329723082933754, 1.562578890444776 ], [ 110.329756523882679, 1.562583405150492 ], [ 110.330244791836989, 1.56257174571878 ] ] ] ] } },
{ "type": "Feature", "properties": { "NAMA JALAN": "Jalan Abong Taip", "KTG JLN": null, "PJG JLN": null, "LBR JLN": null, "JENIS SRT": null, "CON OF RD": null, "TARIKH": null, "NORTHING": null, "EASTING": null, "CATATAN": null, "NORTH AKK": null, "EAST AKHR": null, "Road_type": "Tertiary road" }, "geometry": { "type": "MultiPolygon", "coordinates": [ [ [ [ 110.331412454594741, 1.56181154841463 ], [ 110.331409997700064, 1.561848583253811 ], [ 110.331409791270659, 1.561858501688658 ], [ 110.331422118105365, 1.562359033188316 ], [ 110.331428220346041, 1.562392428367784 ], [ 110.331444278379536, 1.562422291381238 ], [ 110.331468720333945, 1.562445699028926 ], [ 110.331499153660587, 1.562460360007177 ], [ 110.3315325993334, 1.562464839197168 ], [ 110.331565783456639, 1.562458698144398 ], [ 110.331595457736839, 1.562442537977789 ], [ 110.331618717448393, 1.56241794056695 ], [ 110.331633285768547, 1.562387313677877 ], [ 110.331637736648673, 1.562353655283986 ], [ 110.331625532035218, 1.561858087737571 ], [ 110.3316279907379, 1.561821025613392 ], [ 110.331628195809444, 1.561811052621147 ], [ 110.331615584004993, 1.561309142466676 ], [ 110.331609465072603, 1.561275750371956 ], [ 110.331593392117142, 1.561245895483883 ], [ 110.331568938471733, 1.561222500206908 ], [ 110.331538497829712, 1.561207854633773 ], [ 110.331505049933199, 1.561203392375054 ], [ 110.331471868895107, 1.561209550227585 ], [ 110.331442202706327, 1.561225725417703 ], [ 110.331418955299824, 1.561250334605063 ], [ 110.331404402293572, 1.56128096887094 ], [ 110.331399968237278, 1.561314629520072 ], [ 110.331412454594741, 1.56181154841463 ] ] ] ] } },
{ "type": "Feature", "properties": { "NAMA JALAN": "Jalan Datuk Paduka Sitom", "KTG JLN": null, "PJG JLN": null, "LBR JLN": null, "JENIS SRT": null, "CON OF RD": null, "TARIKH": null, "NORTHING": null, "EASTING": null, "CATATAN": null, "NORTH AKK": null, "EAST AKHR": null, "Road_type": "Tertiary road" }, "geometry": { "type": "MultiPolygon", "coordinates": [ [ [ [ 110.332056010361342, 1.562499980412871 ], [ 110.332091544606797, 1.562502983895141 ], [ 110.332104234878102, 1.562503302001109 ], [ 110.332574674683826, 1.562487205690635 ], [ 110.332607801222665, 1.562480757426979 ], [ 110.3326373264034, 1.562464322993268 ], [ 110.332660360095318, 1.562439511106325 ], [ 110.332674647600044, 1.562408750526568 ], [ 110.332678790357122, 1.562375052313981 ], [ 110.332672382844862, 1.562341715084546 ], [ 110.33265605227551, 1.562312002118714 ], [ 110.332631397199236, 1.562288821928663 ], [ 110.332600831026852, 1.56227444355286 ], [ 110.33256734578822, 1.562270274446778 ], [ 110.332103260463924, 1.562286153352705 ], [ 110.33206774594538, 1.562283151538863 ], [ 110.332055095104678, 1.562282832091342 ], [ 110.331208757132572, 1.562311477851691 ], [ 110.331175628258379, 1.562317913906347 ], [ 110.331146097107293, 1.562334337454863 ], [ 110.331123054393842, 1.562359140845779 ], [ 110.331108755699219, 1.562389896150409 ], [ 110.331104600679339, 1.562423592825433 ], [ 110.331110996056708, 1.562456932405589 ], [ 110.331127315807578, 1.562486651380716 ], [ 110.33115196244124, 1.562509840650456 ], [ 110.331182523373698, 1.562524230287515 ], [ 110.331216007087804, 1.562528411733844 ], [ 110.332056010361342, 1.562499980412871 ] ] ] ] } }
]
}
