{
"type": "FeatureCollection",
"name": "Tree_Int_WGS",
"crs": { "type": "name", "properties": { "name": "urn:ogc:def:crs:OGC:1.3:CRS84" } },
"features": [
{ "type": "Feature", "properties": { "fid_1": 163.0, "Lokasi": "Jalan_Satok", "Pemilik": "Dbku", "Tarikh_Dit": null, "Jenis_Poko": "TB2_Bucida", "Tinggi_Pok": 4.0, "Silara_Pok": 0.0, "Catatan": null, "Ukur_Lilit": 11, "Northing": null, "Easthing": null, "Ln_TAGB_": 4.065, "TAGB": 58.265, "CO2_Stock": 29.133, "NAMA JALAN": "JALAN SATOK", "KTG JLN": "JRB", "PJG JLN": 1.351, "LBR JLN": 12.9, "JENIS SRT": "SRT1", "CON OF RD": "C1", "TARIKH": null, "NORTHING_2": 1.553103, "EASTING": 110.337785, "CATATAN_2": null, "NORTH AKK": 1.553661, "EAST AKHR": 110.325951, "Road_type": "Main road" }, "geometry": { "type": "MultiPolygon", "coordinates": [ [ [ [ 110.335483500561793, 1.553075409567176 ], [ 110.335469956827083, 1.55304865714989 ], [ 110.335464842068916, 1.553050939574125 ], [ 110.335448333627525, 1.5530544539901 ], [ 110.335284173581428, 1.55306394923418 ], [ 110.335278374130553, 1.553075402813083 ], [ 110.335273094908089, 1.553108939547895 ], [ 110.335278371947794, 1.553142476630408 ], [ 110.335293688696524, 1.553172731217472 ], [ 110.335317545844504, 1.553196741779323 ], [ 110.335347608088028, 1.553212157994919 ], [ 110.335380932725215, 1.553217470817511 ], [ 110.335414257708152, 1.553212160190862 ], [ 110.335444320955062, 1.553196745955968 ], [ 110.335468179665554, 1.553172736965466 ], [ 110.335483498382658, 1.553142483386634 ], [ 110.335488777603643, 1.553108946650694 ], [ 110.335483500561793, 1.553075409567176 ] ] ] ] } },
{ "type": "Feature", "properties": { "fid_1": 164.0, "Lokasi": "Jalan_Satok", "Pemilik": "Dbku", "Tarikh_Dit": null, "Jenis_Poko": "TB2_Bucida", "Tinggi_Pok": 4.0, "Silara_Pok": 0.0, "Catatan": null, "Ukur_Lilit": 10, "Northing": null, "Easthing": null, "Ln_TAGB_": 3.855, "TAGB": 47.229, "CO2_Stock": 23.614, "NAMA JALAN": "JALAN SATOK", "KTG JLN": "JRB", "PJG JLN": 1.351, "LBR JLN": 12.9, "JENIS SRT": "SRT1", "CON OF RD": "C1", "TARIKH": null, "NORTHING_2": 1.553103, "EASTING": 110.337785, "CATATAN_2": null, "NORTH AKK": 1.553661, "EAST AKHR": 110.325951, "Road_type": "Main road" }, "geometry": { "type": "MultiPolygon", "coordinates": [ [ [ [ 110.33540391153835, 1.553076461418015 ], [ 110.335394350786856, 1.553057576433081 ], [ 110.335202731924539, 1.553068659929461 ], [ 110.335198785109569, 1.553076454659528 ], [ 110.335193505886465, 1.553109991393827 ], [ 110.335198782925374, 1.553143528476026 ], [ 110.335214099673294, 1.553173783063011 ], [ 110.335237956820478, 1.553197793625099 ], [ 110.335268019063321, 1.553213209841131 ], [ 110.335301343699982, 1.553218522664381 ], [ 110.335334668682648, 1.553213212038517 ], [ 110.335364731929516, 1.553197797804473 ], [ 110.335388590640221, 1.553173788814769 ], [ 110.33540390935778, 1.553143535236646 ], [ 110.335409188579419, 1.553109998501238 ], [ 110.33540391153835, 1.553076461418015 ] ] ] ] } },
{ "type": "Feature", "properties": { "fid_1": 165.0, "Lokasi": "Jalan_Satok", "Pemilik": "Dbku", "Tarikh_Dit": null, "Jenis_Poko": "TB2_Bucida", "Tinggi_Pok": 5.0, "Silara_Pok": 0.0, "Catatan": null, "Ukur_Lilit": 14, "Northing": null, "Easthing": null, "Ln_TAGB_": 4.594, "TAGB": 98.889, "CO2_Stock": 49.444, "NAMA JALAN": "JALAN SATOK", "KTG JLN": "JRB", "PJG JLN": 1.351, "LBR JLN": 12.9, "JENIS SRT": "SRT1", "CON OF RD": "C1", "TARIKH": null, "NORTHING_2": 1.553103, "EASTING": 110.337785, "CATATAN_2": null, "NORTH AKK": 1.553661, "EAST AKHR": 110.325951, "Road_type": "Main road" }, "geometry": { "type": "MultiPolygon", "coordinates": [ [ [ [ 110.335333438439179, 1.55308277245376 ], [ 110.335322778494273, 1.553061716273308 ], [ 110.335133424532799, 1.553072668761005 ], [ 110.335128312012316, 1.55308276569121 ], [ 110.335123032788601, 1.553116302424982 ], [ 110.3351283098268, 1.55314983950689 ], [ 110.335143626573995, 1.553180094093813 ], [ 110.335167483720497, 1.553204104656056 ], [ 110.335197545962757, 1.553219520872518 ], [ 110.335230870598991, 1.553224833696348 ], [ 110.335264195581459, 1.553219523071202 ], [ 110.335294258828341, 1.553204108837942 ], [ 110.335318117539302, 1.553180099849007 ], [ 110.335333436257329, 1.553149846271563 ], [ 110.335338715479566, 1.553116309536665 ], [ 110.335333438439179, 1.55308277245376 ] ] ] ] } },
{ "type": "Feature", "properties": { "fid_1": 166.0, "Lokasi": "Jalan_Satok", "Pemilik": "Dbku", "Tarikh_Dit": null, "Jenis_Poko": "TB2_Bucida", "Tinggi_Pok": 5.0, "Silara_Pok": 0.0, "Catatan": null, "Ukur_Lilit": 10, "Northing": null, "Easthing": null, "Ln_TAGB_": 3.855, "TAGB": 47.229, "CO2_Stock": 23.614, "NAMA JALAN": "JALAN SATOK", "KTG JLN": "JRB", "PJG JLN": 1.351, "LBR JLN": 12.9, "JENIS SRT": "SRT1", "CON OF RD": "C1", "TARIKH": null, "NORTHING_2": 1.553103, "EASTING": 110.337785, "CATATAN_2": null, "NORTH AKK": 1.553661, "EAST AKHR": 110.325951, "Road_type": "Main road" }, "geometry": { "type": "MultiPolygon", "coordinates": [ [ [ [ 110.335228955932806, 1.553085226758556 ], [ 110.335220061322104, 1.553067657573888 ], [ 110.335027069876958, 1.553078820452909 ], [ 110.335023829509097, 1.553085219990179 ], [ 110.335018550284545, 1.553118756723247 ], [ 110.335023827321734, 1.553152293804736 ], [ 110.335039144067821, 1.553182548391592 ], [ 110.335063001213285, 1.553206558954143 ], [ 110.335093063454636, 1.55322197517117 ], [ 110.335126388090231, 1.55322728799587 ], [ 110.335159713072315, 1.553221977371754 ], [ 110.335189776319169, 1.553206563139589 ], [ 110.335213635030442, 1.553182554151728 ], [ 110.335228953749038, 1.553152300575233 ], [ 110.335234232972141, 1.553118763841044 ], [ 110.335228955932806, 1.553085226758556 ] ] ] ] } },
{ "type": "Feature", "properties": { "fid_1": 167.0, "Lokasi": "Jalan_Satok", "Pemilik": "Dbku", "Tarikh_Dit": null, "Jenis_Poko": "TB2_Bucida", "Tinggi_Pok": 4.0, "Silara_Pok": 0.0, "Catatan": null, "Ukur_Lilit": 15, "Northing": null, "Easthing": null, "Ln_TAGB_": 4.746, "TAGB": 115.123, "CO2_Stock": 57.562, "NAMA JALAN": "JALAN SATOK", "KTG JLN": "JRB", "PJG JLN": 1.351, "LBR JLN": 12.9, "JENIS SRT": "SRT1", "CON OF RD": "C1", "TARIKH": null, "NORTHING_2": 1.553103, "EASTING": 110.337785, "CATATAN_2": null, "NORTH AKK": 1.553661, "EAST AKHR": 110.325951, "Road_type": "Main road" }, "geometry": { "type": "MultiPolygon", "coordinates": [ [ [ [ 110.335128505470379, 1.553093115555366 ], [ 110.335118588477997, 1.553073526897939 ], [ 110.334927703663652, 1.553084567921325 ], [ 110.334923379049457, 1.55309310878125 ], [ 110.334918099824023, 1.553126645513605 ], [ 110.334923376860218, 1.553160182594659 ], [ 110.334938693605281, 1.55319043718141 ], [ 110.334962550749736, 1.553214447744192 ], [ 110.334992612990263, 1.553229863961817 ], [ 110.335025937625275, 1.553235176787345 ], [ 110.335059262607061, 1.553229866164269 ], [ 110.335089325853929, 1.553214451933212 ], [ 110.335113184565529, 1.553190442946444 ], [ 110.335128503284778, 1.553160189370895 ], [ 110.33513378250872, 1.553126652637441 ], [ 110.335128505470379, 1.553093115555366 ] ] ] ] } },
{ "type": "Feature", "properties": { "fid_1": 168.0, "Lokasi": "Jalan_Satok", "Pemilik": "Dbku", "Tarikh_Dit": null, "Jenis_Poko": "TM1_Mahogany", "Tinggi_Pok": 2.0, "Silara_Pok": 0.0, "Catatan": null, "Ukur_Lilit": 13, "Northing": null, "Easthing": null, "Ln_TAGB_": 4.432, "TAGB": 84.099, "CO2_Stock": 42.05, "NAMA JALAN": "JALAN SATOK", "KTG JLN": "JRB", "PJG JLN": 1.351, "LBR JLN": 12.9, "JENIS SRT": "SRT1", "CON OF RD": "C1", "TARIKH": null, "NORTHING_2": 1.553103, "EASTING": 110.337785, "CATATAN_2": null, "NORTH AKK": 1.553661, "EAST AKHR": 110.325951, "Road_type": "Main road" }, "geometry": { "type": "MultiPolygon", "coordinates": [ [ [ [ 110.334823751419762, 1.553109053602898 ], [ 110.334814665333468, 1.553091106199059 ], [ 110.334730292436276, 1.553095986430161 ], [ 110.33462224639446, 1.553101894786147 ], [ 110.33461862500765, 1.553109046811594 ], [ 110.334613345779672, 1.553142583541801 ], [ 110.334618622812854, 1.553176120621589 ], [ 110.334633939554749, 1.553206375208113 ], [ 110.334657796696206, 1.553230385771694 ], [ 110.33468785893416, 1.553245801991051 ], [ 110.334721183567282, 1.553251114819105 ], [ 110.334754508548087, 1.553245804199072 ], [ 110.334784571794941, 1.553230389971332 ], [ 110.334808430507508, 1.553206380987779 ], [ 110.334823749228605, 1.553176127415045 ], [ 110.334829028455118, 1.55314259068372 ], [ 110.334823751419762, 1.553109053602898 ] ] ] ] } },
{ "type": "Feature", "properties": { "fid_1": 169.0, "Lokasi": "Jalan_Satok", "Pemilik": "Dbku", "Tarikh_Dit": null, "Jenis_Poko": "TM1_Mahogany", "Tinggi_Pok": 13.0, "Silara_Pok": 0.0, "Catatan": null, "Ukur_Lilit": 74, "Northing": null, "Easthing": null, "Ln_TAGB_": 8.251, "TAGB": 3831.455, "CO2_Stock": 1915.727, "NAMA JALAN": "JALAN SATOK", "KTG JLN": "JRB", "PJG JLN": 1.351, "LBR JLN": 12.9, "JENIS SRT": "SRT1", "CON OF RD": "C1", "TARIKH": null, "NORTHING_2": 1.553103, "EASTING": 110.337785, "CATATAN_2": null, "NORTH AKK": 1.553661, "EAST AKHR": 110.325951, "Road_type": "Main road" }, "geometry": { "type": "MultiPolygon", "coordinates": [ [ [ [ 110.334766250979868, 1.553109228918899 ], [ 110.334758714534374, 1.553094342461615 ], [ 110.334730292436276, 1.553095986430161 ], [ 110.334563199798211, 1.553105123670367 ], [ 110.334561124569561, 1.553109222124431 ], [ 110.334555845341114, 1.553142758854248 ], [ 110.334561122373756, 1.553176295933836 ], [ 110.334576439115054, 1.55320655052032 ], [ 110.334600296255928, 1.553230561084037 ], [ 110.334630358493385, 1.553245977303721 ], [ 110.334663683126124, 1.553251290132259 ], [ 110.334697008106716, 1.553245979512784 ], [ 110.334727071353555, 1.553230565285638 ], [ 110.334750930066264, 1.553206556302652 ], [ 110.334766248787673, 1.553176302730444 ], [ 110.334771528014656, 1.553142765999481 ], [ 110.334766250979868, 1.553109228918899 ] ] ] ] } },
{ "type": "Feature", "properties": { "fid_1": 170.0, "Lokasi": "Jalan_Satok", "Pemilik": "Dbku", "Tarikh_Dit": null, "Jenis_Poko": "TM1_Mahogany", "Tinggi_Pok": 14.0, "Silara_Pok": 0.0, "Catatan": null, "Ukur_Lilit": 90, "Northing": null, "Easthing": null, "Ln_TAGB_": 8.681, "TAGB": 5889.934, "CO2_Stock": 2944.967, "NAMA JALAN": "JALAN SATOK", "KTG JLN": "JRB", "PJG JLN": 1.351, "LBR JLN": 12.9, "JENIS SRT": "SRT1", "CON OF RD": "C1", "TARIKH": null, "NORTHING_2": 1.553103, "EASTING": 110.337785, "CATATAN_2": null, "NORTH AKK": 1.553661, "EAST AKHR": 110.325951, "Road_type": "Main road" }, "geometry": { "type": "MultiPolygon", "coordinates": [ [ [ [ 110.334708399928061, 1.553112910359267 ], [ 110.334700652547312, 1.553097607248901 ], [ 110.334505618467517, 1.553108272427584 ], [ 110.334503273519388, 1.553112903561523 ], [ 110.334497994290473, 1.553146440290933 ], [ 110.334503271322518, 1.553179977370275 ], [ 110.334518588063219, 1.553210231956707 ], [ 110.334542445203539, 1.553234242520585 ], [ 110.334572507440527, 1.553249658740581 ], [ 110.334605832072896, 1.553254971569603 ], [ 110.334639157053303, 1.553249660950719 ], [ 110.334669220300142, 1.553234246724207 ], [ 110.33469307901305, 1.553210237741843 ], [ 110.334708397734829, 1.553179984170152 ], [ 110.334713676962295, 1.553146447439629 ], [ 110.334708399928061, 1.553112910359267 ] ] ] ] } },
{ "type": "Feature", "properties": { "fid_1": 171.0, "Lokasi": "Jalan_Satok", "Pemilik": "Dbku", "Tarikh_Dit": null, "Jenis_Poko": "TM1_Mahogany", "Tinggi_Pok": 13.0, "Silara_Pok": 0.0, "Catatan": null, "Ukur_Lilit": 86, "Northing": null, "Easthing": null, "Ln_TAGB_": 8.581, "TAGB": 5329.432, "CO2_Stock": 2664.716, "NAMA JALAN": "JALAN SATOK", "KTG JLN": "JRB", "PJG JLN": 1.351, "LBR JLN": 12.9, "JENIS SRT": "SRT1", "CON OF RD": "C1", "TARIKH": null, "NORTHING_2": 1.553103, "EASTING": 110.337785, "CATATAN_2": null, "NORTH AKK": 1.553661, "EAST AKHR": 110.325951, "Road_type": "Main road" }, "geometry": { "type": "MultiPolygon", "coordinates": [ [ [ [ 110.334644763770939, 1.553116065881996 ], [ 110.334637176166567, 1.553101078371339 ], [ 110.334441813409512, 1.553111761519834 ], [ 110.334439637364113, 1.553116059080654 ], [ 110.334434358134658, 1.553149595809616 ], [ 110.334439635166092, 1.553183132888696 ], [ 110.334454951906125, 1.553213387475088 ], [ 110.33447880904582, 1.553237398039132 ], [ 110.334508871282267, 1.553252814259506 ], [ 110.334542195914253, 1.55325812708902 ], [ 110.334575520894447, 1.553252816470804 ], [ 110.334605584141272, 1.55323740224496 ], [ 110.334629442854364, 1.553213393263283 ], [ 110.334644761576541, 1.553183139692167 ], [ 110.334650040804547, 1.553149602962088 ], [ 110.334644763770939, 1.553116065881996 ] ] ] ] } },
{ "type": "Feature", "properties": { "fid_1": 172.0, "Lokasi": "Jalan_Satok", "Pemilik": "Dbku", "Tarikh_Dit": null, "Jenis_Poko": "TM1_Mahogany", "Tinggi_Pok": 15.0, "Silara_Pok": 0.0, "Catatan": null, "Ukur_Lilit": 90, "Northing": null, "Easthing": null, "Ln_TAGB_": 8.681, "TAGB": 5889.934, "CO2_Stock": 2944.967, "NAMA JALAN": "JALAN SATOK", "KTG JLN": "JRB", "PJG JLN": 1.351, "LBR JLN": 12.9, "JENIS SRT": "SRT1", "CON OF RD": "C1", "TARIKH": null, "NORTHING_2": 1.553103, "EASTING": 110.337785, "CATATAN_2": null, "NORTH AKK": 1.553661, "EAST AKHR": 110.325951, "Road_type": "Main road" }, "geometry": { "type": "MultiPolygon", "coordinates": [ [ [ [ 110.334597957010942, 1.553119747320478 ], [ 110.33458981674535, 1.553103668158291 ], [ 110.334395590881485, 1.553114289134795 ], [ 110.33439283060541, 1.553119740516482 ], [ 110.334387551375556, 1.55315327724508 ], [ 110.334392828406521, 1.553186814323964 ], [ 110.334408145146071, 1.55321706891031 ], [ 110.334432002285297, 1.553241079474471 ], [ 110.334462064521333, 1.553256495695114 ], [ 110.334495389153076, 1.553261808525038 ], [ 110.334528714133128, 1.55325649790726 ], [ 110.334558777379954, 1.553241083681961 ], [ 110.334582636093231, 1.553217074700789 ], [ 110.334597954815678, 1.553186821130112 ], [ 110.334603234044067, 1.553153284400381 ], [ 110.334597957010942, 1.553119747320478 ] ] ] ] } },
{ "type": "Feature", "properties": { "fid_1": 173.0, "Lokasi": "Jalan_Satok", "Pemilik": "Dbku", "Tarikh_Dit": null, "Jenis_Poko": "TM1_Mahogany", "Tinggi_Pok": 15.0, "Silara_Pok": 0.0, "Catatan": null, "Ukur_Lilit": 85, "Northing": null, "Easthing": null, "Ln_TAGB_": 8.555, "TAGB": 5192.653, "CO2_Stock": 2596.327, "NAMA JALAN": "JALAN SATOK", "KTG JLN": "JRB", "PJG JLN": 1.351, "LBR JLN": 12.9, "JENIS SRT": "SRT1", "CON OF RD": "C1", "TARIKH": null, "NORTHING_2": 1.553103, "EASTING": 110.337785, "CATATAN_2": null, "NORTH AKK": 1.553661, "EAST AKHR": 110.325951, "Road_type": "Main road" }, "geometry": { "type": "MultiPolygon", "coordinates": [ [ [ [ 110.334540105959249, 1.553123954679527 ], [ 110.334531451467512, 1.553106859785015 ], [ 110.334338283431634, 1.553117422912536 ], [ 110.334334979555308, 1.5531239478722 ], [ 110.334329700324972, 1.55315748460041 ], [ 110.334334977355354, 1.553191021679043 ], [ 110.334350294094293, 1.553221276265328 ], [ 110.334374151232964, 1.55324528682963 ], [ 110.334404213468517, 1.553260703050616 ], [ 110.334437538099905, 1.553266015881012 ], [ 110.334470863079801, 1.553260705263852 ], [ 110.334500926326612, 1.553245291039174 ], [ 110.334524785040102, 1.553221282058607 ], [ 110.334540103762919, 1.553191028488486 ], [ 110.334545382991806, 1.553157491759156 ], [ 110.334540105959249, 1.553123954679527 ] ] ] ] } },
{ "type": "Feature", "properties": { "fid_1": 174.0, "Lokasi": "Jalan_Satok", "Pemilik": "Dbku", "Tarikh_Dit": null, "Jenis_Poko": "TM1_Mahogany", "Tinggi_Pok": 14.0, "Silara_Pok": 0.0, "Catatan": null, "Ukur_Lilit": 73, "Northing": null, "Easthing": null, "Ln_TAGB_": 8.221, "TAGB": 3718.219, "CO2_Stock": 1859.11, "NAMA JALAN": "JALAN SATOK", "KTG JLN": "JRB", "PJG JLN": 1.351, "LBR JLN": 12.9, "JENIS SRT": "SRT1", "CON OF RD": "C1", "TARIKH": null, "NORTHING_2": 1.553103, "EASTING": 110.337785, "CATATAN_2": null, "NORTH AKK": 1.553661, "EAST AKHR": 110.325951, "Road_type": "Main road" }, "geometry": { "type": "MultiPolygon", "coordinates": [ [ [ [ 110.334469632860078, 1.553130265715275 ], [ 110.334459767839064, 1.55311077970654 ], [ 110.334269090012313, 1.553121206656678 ], [ 110.334264506458041, 1.553130258903888 ], [ 110.334259227227093, 1.553163795631571 ], [ 110.33426450425678, 1.55319733270991 ], [ 110.334279820994993, 1.553227587296122 ], [ 110.334303678132969, 1.5532515978606 ], [ 110.334333740367939, 1.553267014081996 ], [ 110.334367064998915, 1.553272326912991 ], [ 110.334400389978597, 1.553267016296534 ], [ 110.334430453225465, 1.55325160207264 ], [ 110.334454311939169, 1.553227593092861 ], [ 110.33446963066244, 1.553197339523415 ], [ 110.334474909891924, 1.553163802794607 ], [ 110.334469632860078, 1.553130265715275 ] ] ] ] } },
{ "type": "Feature", "properties": { "fid_1": 175.0, "Lokasi": "Jalan_Satok", "Pemilik": "Dbku", "Tarikh_Dit": null, "Jenis_Poko": "TM1_Mahogany", "Tinggi_Pok": 14.0, "Silara_Pok": 0.0, "Catatan": null, "Ukur_Lilit": 70, "Northing": null, "Easthing": null, "Ln_TAGB_": 8.129, "TAGB": 3391.406, "CO2_Stock": 1695.703, "NAMA JALAN": "JALAN SATOK", "KTG JLN": "JRB", "PJG JLN": 1.351, "LBR JLN": 12.9, "JENIS SRT": "SRT1", "CON OF RD": "C1", "TARIKH": null, "NORTHING_2": 1.553103, "EASTING": 110.337785, "CATATAN_2": null, "NORTH AKK": 1.553661, "EAST AKHR": 110.325951, "Road_type": "Main road" }, "geometry": { "type": "MultiPolygon", "coordinates": [ [ [ [ 110.334383908118753, 1.553130265729854 ], [ 110.334376352382876, 1.553115341165276 ], [ 110.3341809240776, 1.55312602788405 ], [ 110.334178781719444, 1.553130258913791 ], [ 110.334173502487815, 1.553163795640907 ], [ 110.334178779516648, 1.553197332718924 ], [ 110.334194096253995, 1.553227587305088 ], [ 110.334217953391089, 1.553251597869808 ], [ 110.334248015625334, 1.553267014091657 ], [ 110.334281340255743, 1.553272326923349 ], [ 110.334314665235084, 1.553267016307745 ], [ 110.334344728481909, 1.553251602084746 ], [ 110.334368587195854, 1.553227593105814 ], [ 110.334383905919594, 1.553197339537126 ], [ 110.334389185149774, 1.553163802808866 ], [ 110.334383908118753, 1.553130265729854 ] ] ] ] } },
{ "type": "Feature", "properties": { "fid_1": 176.0, "Lokasi": "Jalan_Satok", "Pemilik": "Dbku", "Tarikh_Dit": null, "Jenis_Poko": "TB2_Bucida", "Tinggi_Pok": 4.0, "Silara_Pok": 0.0, "Catatan": null, "Ukur_Lilit": 10, "Northing": null, "Easthing": null, "Ln_TAGB_": 3.855, "TAGB": 47.229, "CO2_Stock": 23.614, "NAMA JALAN": "JALAN SATOK", "KTG JLN": "JRB", "PJG JLN": 1.351, "LBR JLN": 12.9, "JENIS SRT": "SRT1", "CON OF RD": "C1", "TARIKH": null, "NORTHING_2": 1.553103, "EASTING": 110.337785, "CATATAN_2": null, "NORTH AKK": 1.553661, "EAST AKHR": 110.325951, "Road_type": "Main road" }, "geometry": { "type": "MultiPolygon", "coordinates": [ [ [ [ 110.334220212247899, 1.553138594711573 ], [ 110.334212963168511, 1.553124275872681 ], [ 110.334016904039046, 1.55313499707824 ], [ 110.334015085853352, 1.553138587886282 ], [ 110.334009806620344, 1.553172124612251 ], [ 110.334015083647586, 1.553205661689584 ], [ 110.334030400383213, 1.553235916275627 ], [ 110.334054257518687, 1.553259926840747 ], [ 110.334084319751554, 1.553275343063558 ], [ 110.334117644380967, 1.553280655896607 ], [ 110.334150969359783, 1.55327534528264 ], [ 110.33418103260658, 1.553259931061399 ], [ 110.334204891321036, 1.553235922084207 ], [ 110.334220210045785, 1.553205668517024 ], [ 110.334225489277301, 1.553172131789927 ], [ 110.334220212247899, 1.553138594711573 ] ] ] ] } },
{ "type": "Feature", "properties": { "fid_1": 177.0, "Lokasi": "Jalan_Satok", "Pemilik": "Dbku", "Tarikh_Dit": null, "Jenis_Poko": "TB2_Bucida", "Tinggi_Pok": 5.0, "Silara_Pok": 0.0, "Catatan": null, "Ukur_Lilit": 13, "Northing": null, "Easthing": null, "Ln_TAGB_": 4.432, "TAGB": 84.099, "CO2_Stock": 42.05, "NAMA JALAN": "JALAN SATOK", "KTG JLN": "JRB", "PJG JLN": 1.351, "LBR JLN": 12.9, "JENIS SRT": "SRT1", "CON OF RD": "C1", "TARIKH": null, "NORTHING_2": 1.553103, "EASTING": 110.337785, "CATATAN_2": null, "NORTH AKK": 1.553661, "EAST AKHR": 110.325951, "Road_type": "Main road" }, "geometry": { "type": "MultiPolygon", "coordinates": [ [ [ [ 110.334173931405886, 1.553138244107031 ], [ 110.334168101775518, 1.553126729053018 ], [ 110.334012911920695, 1.553135215381256 ], [ 110.333969424835416, 1.553137013166673 ], [ 110.333968805012844, 1.5531382372792 ], [ 110.333963525779438, 1.553171774004868 ], [ 110.333968802806254, 1.553205311082036 ], [ 110.333984119541412, 1.553235565668023 ], [ 110.334007976676403, 1.553259576233294 ], [ 110.334038038908872, 1.553274992456353 ], [ 110.334071363537973, 1.553280305289782 ], [ 110.334104688516604, 1.553274994676245 ], [ 110.334134751763386, 1.553259580455507 ], [ 110.334158610477957, 1.553235571478768 ], [ 110.334173929202933, 1.553205317911987 ], [ 110.334179208434861, 1.553171781185197 ], [ 110.334173931405886, 1.553138244107031 ] ] ] ] } },
{ "type": "Feature", "properties": { "fid_1": 178.0, "Lokasi": "Jalan_Satok", "Pemilik": "Dbku", "Tarikh_Dit": null, "Jenis_Poko": "TB2_Bucida", "Tinggi_Pok": 5.0, "Silara_Pok": 0.0, "Catatan": null, "Ukur_Lilit": 11, "Northing": null, "Easthing": null, "Ln_TAGB_": 4.065, "TAGB": 58.265, "CO2_Stock": 29.133, "NAMA JALAN": "JALAN SATOK", "KTG JLN": "JRB", "PJG JLN": 1.351, "LBR JLN": 12.9, "JENIS SRT": "SRT1", "CON OF RD": "C1", "TARIKH": null, "NORTHING_2": 1.553103, "EASTING": 110.337785, "CATATAN_2": null, "NORTH AKK": 1.553661, "EAST AKHR": 110.325951, "Road_type": "Main road" }, "geometry": { "type": "MultiPolygon", "coordinates": [ [ [ [ 110.334127650564852, 1.553143503301375 ], [ 110.33412047686285, 1.553129333351804 ], [ 110.334012911920695, 1.553135215381256 ], [ 110.333924874401106, 1.553138854911083 ], [ 110.333922524172962, 1.553143496470852 ], [ 110.333917244939187, 1.553177033196167 ], [ 110.333922521965519, 1.553210570273134 ], [ 110.33393783870018, 1.553240824859077 ], [ 110.333961695834759, 1.553264835424444 ], [ 110.333991758066844, 1.553280251647789 ], [ 110.334025082695661, 1.553285564481607 ], [ 110.334058407674178, 1.553280253868563 ], [ 110.334088470920975, 1.553264839648335 ], [ 110.33411232963573, 1.553240830672115 ], [ 110.334127648361033, 1.553210577105777 ], [ 110.334132927593345, 1.553177040379334 ], [ 110.334127650564852, 1.553143503301375 ] ] ] ] } },
{ "type": "Feature", "properties": { "fid_1": 179.0, "Lokasi": "Jalan_Satok", "Pemilik": "Dbku", "Tarikh_Dit": null, "Jenis_Poko": "TB2_Bucida", "Tinggi_Pok": 4.0, "Silara_Pok": 0.0, "Catatan": null, "Ukur_Lilit": 12, "Northing": null, "Easthing": null, "Ln_TAGB_": 4.256, "TAGB": 70.527, "CO2_Stock": 35.264, "NAMA JALAN": "JALAN SATOK", "KTG JLN": "JRB", "PJG JLN": 1.351, "LBR JLN": 12.9, "JENIS SRT": "SRT1", "CON OF RD": "C1", "TARIKH": null, "NORTHING_2": 1.553103, "EASTING": 110.337785, "CATATAN_2": null, "NORTH AKK": 1.553661, "EAST AKHR": 110.325951, "Road_type": "Main road" }, "geometry": { "type": "MultiPolygon", "coordinates": [ [ [ [ 110.334068046450454, 1.553144905761242 ], [ 110.334061787503359, 1.553132542692844 ], [ 110.334012911920695, 1.553135215381256 ], [ 110.333864721252439, 1.553141341681193 ], [ 110.333862920060398, 1.553144898927405 ], [ 110.333857640826125, 1.553178435652324 ], [ 110.333862917851889, 1.553211972729043 ], [ 110.333878234585939, 1.553242227314962 ], [ 110.333902091719906, 1.55326623788048 ], [ 110.333932153951494, 1.553281654104139 ], [ 110.333965478579927, 1.553286966938458 ], [ 110.333998803558217, 1.553281656326006 ], [ 110.334028866805014, 1.553266242106412 ], [ 110.334052725519939, 1.553242233130794 ], [ 110.334068044245569, 1.553211979565016 ], [ 110.334073323478364, 1.553178442838963 ], [ 110.334068046450454, 1.553144905761242 ] ] ] ] } },
{ "type": "Feature", "properties": { "fid_1": 180.0, "Lokasi": "Jalan_Satok", "Pemilik": "Dbku", "Tarikh_Dit": null, "Jenis_Poko": "TB2_Bucida", "Tinggi_Pok": 5.0, "Silara_Pok": 0.0, "Catatan": null, "Ukur_Lilit": 12, "Northing": null, "Easthing": null, "Ln_TAGB_": 4.256, "TAGB": 70.527, "CO2_Stock": 35.264, "NAMA JALAN": "JALAN SATOK", "KTG JLN": "JRB", "PJG JLN": 1.351, "LBR JLN": 12.9, "JENIS SRT": "SRT1", "CON OF RD": "C1", "TARIKH": null, "NORTHING_2": 1.553103, "EASTING": 110.337785, "CATATAN_2": null, "NORTH AKK": 1.553661, "EAST AKHR": 110.325951, "Road_type": "Main road" }, "geometry": { "type": "MultiPolygon", "coordinates": [ [ [ [ 110.334015805198305, 1.553152268631192 ], [ 110.334007289466044, 1.553135447817363 ], [ 110.3338151709317, 1.553143390122757 ], [ 110.333810678809513, 1.553152261794258 ], [ 110.333805399574771, 1.553185798518779 ], [ 110.33381067660001, 1.553219335595254 ], [ 110.333825993333505, 1.553249590181111 ], [ 110.333849850466976, 1.553273600746764 ], [ 110.333879912698137, 1.553289016970719 ], [ 110.3339132373263, 1.55329432980549 ], [ 110.333946562304476, 1.553289019193586 ], [ 110.333976625551301, 1.553273604974594 ], [ 110.334000484266426, 1.553249595999577 ], [ 110.334015802992425, 1.553219342434295 ], [ 110.334021082225703, 1.553185805708679 ], [ 110.334015805198305, 1.553152268631192 ] ] ] ] } },
{ "type": "Feature", "properties": { "fid_1": 181.0, "Lokasi": "Jalan_Satok", "Pemilik": "Dbku", "Tarikh_Dit": null, "Jenis_Poko": "TB2_Bucida", "Tinggi_Pok": 5.0, "Silara_Pok": 0.0, "Catatan": null, "Ukur_Lilit": 12, "Northing": null, "Easthing": null, "Ln_TAGB_": 4.256, "TAGB": 70.527, "CO2_Stock": 35.264, "NAMA JALAN": "JALAN SATOK", "KTG JLN": "JRB", "PJG JLN": 1.351, "LBR JLN": 12.9, "JENIS SRT": "SRT1", "CON OF RD": "C1", "TARIKH": null, "NORTHING_2": 1.553103, "EASTING": 110.337785, "CATATAN_2": null, "NORTH AKK": 1.553661, "EAST AKHR": 110.325951, "Road_type": "Main road" }, "geometry": { "type": "MultiPolygon", "coordinates": [ [ [ [ 110.333963388638864, 1.553153145171192 ], [ 110.333955512792372, 1.553137588299786 ], [ 110.333762087019721, 1.553145584644505 ], [ 110.333758262251678, 1.553153138331367 ], [ 110.33375298301651, 1.553186675055526 ], [ 110.333758260041222, 1.553220212131796 ], [ 110.333773576774178, 1.553250466717613 ], [ 110.333797433907137, 1.553274477283407 ], [ 110.333827496137843, 1.55328989350767 ], [ 110.333860820765665, 1.553295206342863 ], [ 110.333894145743656, 1.553289895731471 ], [ 110.333924208990453, 1.553274481513038 ], [ 110.333948067705734, 1.553250472538548 ], [ 110.333963386432046, 1.553220218973759 ], [ 110.333968665665736, 1.553186682248471 ], [ 110.333963388638864, 1.553153145171192 ] ] ] ] } },
{ "type": "Feature", "properties": { "fid_1": 182.0, "Lokasi": "Jalan_Satok", "Pemilik": "Dbku", "Tarikh_Dit": null, "Jenis_Poko": "TB2_Bucida", "Tinggi_Pok": 4.0, "Silara_Pok": 0.0, "Catatan": null, "Ukur_Lilit": 15, "Northing": null, "Easthing": null, "Ln_TAGB_": 4.746, "TAGB": 115.123, "CO2_Stock": 57.562, "NAMA JALAN": "JALAN SATOK", "KTG JLN": "JRB", "PJG JLN": 1.351, "LBR JLN": 12.9, "JENIS SRT": "SRT1", "CON OF RD": "C1", "TARIKH": null, "NORTHING_2": 1.553103, "EASTING": 110.337785, "CATATAN_2": null, "NORTH AKK": 1.553661, "EAST AKHR": 110.325951, "Road_type": "Main road" }, "geometry": { "type": "MultiPolygon", "coordinates": [ [ [ [ 110.333912725142056, 1.553156826610335 ], [ 110.333904062340721, 1.553139715295255 ], [ 110.333712244261662, 1.553147645174218 ], [ 110.333707598756291, 1.553156819767635 ], [ 110.333702319520683, 1.553190356491426 ], [ 110.333707596544897, 1.55322389356747 ], [ 110.333722913277327, 1.553254148153247 ], [ 110.333746770409789, 1.55327815871917 ], [ 110.333776832640055, 1.553293574943719 ], [ 110.333810157267592, 1.553298887779342 ], [ 110.333843482245427, 1.553293577168467 ], [ 110.333873545492239, 1.553278162950575 ], [ 110.33389740420769, 1.553254153976648 ], [ 110.333912722934301, 1.553223900412321 ], [ 110.333918002168446, 1.553190363687396 ], [ 110.333912725142056, 1.553156826610335 ] ] ] ] } },
{ "type": "Feature", "properties": { "fid_1": 183.0, "Lokasi": "Jalan_Satok", "Pemilik": "Dbku", "Tarikh_Dit": null, "Jenis_Poko": "TB2_Bucida", "Tinggi_Pok": 4.0, "Silara_Pok": 0.0, "Catatan": null, "Ukur_Lilit": 10, "Northing": null, "Easthing": null, "Ln_TAGB_": 3.855, "TAGB": 47.229, "CO2_Stock": 23.614, "NAMA JALAN": "JALAN SATOK", "KTG JLN": "JRB", "PJG JLN": 1.351, "LBR JLN": 12.9, "JENIS SRT": "SRT1", "CON OF RD": "C1", "TARIKH": null, "NORTHING_2": 1.553103, "EASTING": 110.337785, "CATATAN_2": null, "NORTH AKK": 1.553661, "EAST AKHR": 110.325951, "Road_type": "Main road" }, "geometry": { "type": "MultiPolygon", "coordinates": [ [ [ [ 110.333765608983001, 1.553159929959929 ], [ 110.333758423182744, 1.553145736109742 ], [ 110.33356358770277, 1.553153790722088 ], [ 110.33356048260174, 1.553159923109048 ], [ 110.333555203364938, 1.553193459831861 ], [ 110.333560480387717, 1.553226996907334 ], [ 110.333575797118627, 1.553257251493015 ], [ 110.333599654249625, 1.55328126205931 ], [ 110.33362971647864, 1.553296678284703 ], [ 110.333663041105225, 1.553301991121513 ], [ 110.333696366082521, 1.553296680512101 ], [ 110.333726429329289, 1.553281266295772 ], [ 110.333750288045152, 1.553257257323331 ], [ 110.333765606772602, 1.553227003760334 ], [ 110.333770886007954, 1.55319346703641 ], [ 110.333765608983001, 1.553159929959929 ] ] ] ] } },
{ "type": "Feature", "properties": { "fid_1": 184.0, "Lokasi": "Jalan_Satok", "Pemilik": "Dbku", "Tarikh_Dit": null, "Jenis_Poko": "TB2_Bucida", "Tinggi_Pok": 4.0, "Silara_Pok": 0.0, "Catatan": null, "Ukur_Lilit": 13, "Northing": null, "Easthing": null, "Ln_TAGB_": 4.432, "TAGB": 84.099, "CO2_Stock": 42.05, "NAMA JALAN": "JALAN SATOK", "KTG JLN": "JRB", "PJG JLN": 1.351, "LBR JLN": 12.9, "JENIS SRT": "SRT1", "CON OF RD": "C1", "TARIKH": null, "NORTHING_2": 1.553103, "EASTING": 110.337785, "CATATAN_2": null, "NORTH AKK": 1.553661, "EAST AKHR": 110.325951, "Road_type": "Main road" }, "geometry": { "type": "MultiPolygon", "coordinates": [ [ [ [ 110.333711965280074, 1.553161332418776 ], [ 110.333705183726039, 1.553147937060952 ], [ 110.333509522402196, 1.553156025811283 ], [ 110.333506838900448, 1.553161325564925 ], [ 110.333501559663205, 1.553194862287365 ], [ 110.333506836685459, 1.553228399362636 ], [ 110.333522153415814, 1.553258653948273 ], [ 110.333546010546272, 1.553282664514707 ], [ 110.333576072774818, 1.553298080740402 ], [ 110.333609397401077, 1.553303393577654 ], [ 110.333642722378201, 1.553298082968761 ], [ 110.333672785624927, 1.553282668753001 ], [ 110.333696644340961, 1.55325865978113 ], [ 110.333711963068737, 1.553228406218604 ], [ 110.333717242304502, 1.553194869495055 ], [ 110.333711965280074, 1.553161332418776 ] ] ] ] } },
{ "type": "Feature", "properties": { "fid_1": 185.0, "Lokasi": "Jalan_Satok", "Pemilik": "Dbku", "Tarikh_Dit": null, "Jenis_Poko": "TB2_Bucida", "Tinggi_Pok": 4.0, "Silara_Pok": 0.0, "Catatan": null, "Ukur_Lilit": 16, "Northing": null, "Easthing": null, "Ln_TAGB_": 4.888, "TAGB": 132.688, "CO2_Stock": 66.344, "NAMA JALAN": "JALAN SATOK", "KTG JLN": "JRB", "PJG JLN": 1.351, "LBR JLN": 12.9, "JENIS SRT": "SRT1", "CON OF RD": "C1", "TARIKH": null, "NORTHING_2": 1.553103, "EASTING": 110.337785, "CATATAN_2": null, "NORTH AKK": 1.553661, "EAST AKHR": 110.325951, "Road_type": "Main road" }, "geometry": { "type": "MultiPolygon", "coordinates": [ [ [ [ 110.333661126477381, 1.553166942226337 ], [ 110.333652605315322, 1.553150110683368 ], [ 110.333460497886875, 1.553158052510941 ], [ 110.333456000099048, 1.553166935369516 ], [ 110.333450720861379, 1.553200472091592 ], [ 110.333455997883121, 1.553234009166616 ], [ 110.333471314612936, 1.553264263752193 ], [ 110.333495171742896, 1.55328827431877 ], [ 110.333525233971059, 1.553303690544742 ], [ 110.333558558597005, 1.553309003382436 ], [ 110.333591883573973, 1.553303692774085 ], [ 110.333621946820756, 1.553288278558892 ], [ 110.33364580553696, 1.553264269587589 ], [ 110.333661124265078, 1.553234016025561 ], [ 110.333666403501283, 1.553200479302393 ], [ 110.333661126477381, 1.553166942226337 ] ] ] ] } },
{ "type": "Feature", "properties": { "fid_1": 186.0, "Lokasi": "Jalan_Satok", "Pemilik": "Dbku", "Tarikh_Dit": null, "Jenis_Poko": "TB2_Bucida", "Tinggi_Pok": 4.0, "Silara_Pok": 0.0, "Catatan": null, "Ukur_Lilit": 14, "Northing": null, "Easthing": null, "Ln_TAGB_": 4.594, "TAGB": 98.889, "CO2_Stock": 49.444, "NAMA JALAN": "JALAN SATOK", "KTG JLN": "JRB", "PJG JLN": 1.351, "LBR JLN": 12.9, "JENIS SRT": "SRT1", "CON OF RD": "C1", "TARIKH": null, "NORTHING_2": 1.553103, "EASTING": 110.337785, "CATATAN_2": null, "NORTH AKK": 1.553661, "EAST AKHR": 110.325951, "Road_type": "Main road" }, "geometry": { "type": "MultiPolygon", "coordinates": [ [ [ [ 110.333343829060723, 1.55319275337167 ], [ 110.333331277181671, 1.55316796009419 ], [ 110.333238734066924, 1.553176499061328 ], [ 110.33314434953823, 1.553181594318048 ], [ 110.333138702691073, 1.553192746496679 ], [ 110.33313342345069, 1.553226283216429 ], [ 110.333138700469277, 1.55325982029008 ], [ 110.33315401719581, 1.553290074875382 ], [ 110.333177874322644, 1.553314085442742 ], [ 110.333207936548177, 1.553329501670556 ], [ 110.333241261172248, 1.5533348145109 ], [ 110.333274586148278, 1.553329503905789 ], [ 110.333304649395131, 1.553314089694106 ], [ 110.33332850811243, 1.553290080726227 ], [ 110.333343826842537, 1.55325982716722 ], [ 110.333349106081471, 1.55322629044633 ], [ 110.333343829060723, 1.55319275337167 ] ] ] ] } },
{ "type": "Feature", "properties": { "fid_1": 187.0, "Lokasi": "Jalan_Satok", "Pemilik": "Dbku", "Tarikh_Dit": null, "Jenis_Poko": "TB2_Bucida", "Tinggi_Pok": 4.0, "Silara_Pok": 0.0, "Catatan": null, "Ukur_Lilit": 14, "Northing": null, "Easthing": null, "Ln_TAGB_": 4.594, "TAGB": 98.889, "CO2_Stock": 49.444, "NAMA JALAN": "JALAN SATOK", "KTG JLN": "JRB", "PJG JLN": 1.351, "LBR JLN": 12.9, "JENIS SRT": "SRT1", "CON OF RD": "C1", "TARIKH": null, "NORTHING_2": 1.553103, "EASTING": 110.337785, "CATATAN_2": null, "NORTH AKK": 1.553661, "EAST AKHR": 110.325951, "Road_type": "Main road" }, "geometry": { "type": "MultiPolygon", "coordinates": [ [ [ [ 110.333284926171316, 1.553194857056272 ], [ 110.333273985532728, 1.553173246403554 ], [ 110.333238734066924, 1.553176499061328 ], [ 110.333084886443842, 1.553184804373927 ], [ 110.333079799803443, 1.553194850177975 ], [ 110.333074520562562, 1.553228386897324 ], [ 110.333079797580567, 1.553261923970751 ], [ 110.333095114306502, 1.553292178555995 ], [ 110.333118971432754, 1.553316189123527 ], [ 110.333149033657776, 1.553331605351656 ], [ 110.333182358281491, 1.553336918192495 ], [ 110.333215683257308, 1.553331607587957 ], [ 110.333245746504147, 1.553316193376925 ], [ 110.333269605221631, 1.553292184409645 ], [ 110.333284923952078, 1.553261930851184 ], [ 110.333290203191495, 1.553228394130724 ], [ 110.333284926171316, 1.553194857056272 ] ] ] ] } },
{ "type": "Feature", "properties": { "fid_1": 188.0, "Lokasi": "Jalan_Satok", "Pemilik": "Dbku", "Tarikh_Dit": null, "Jenis_Poko": "TB2_Bucida", "Tinggi_Pok": 4.0, "Silara_Pok": 0.0, "Catatan": null, "Ukur_Lilit": 11, "Northing": null, "Easthing": null, "Ln_TAGB_": 4.065, "TAGB": 58.265, "CO2_Stock": 29.133, "NAMA JALAN": "JALAN SATOK", "KTG JLN": "JRB", "PJG JLN": 1.351, "LBR JLN": 12.9, "JENIS SRT": "SRT1", "CON OF RD": "C1", "TARIKH": null, "NORTHING_2": 1.553103, "EASTING": 110.337785, "CATATAN_2": null, "NORTH AKK": 1.553661, "EAST AKHR": 110.325951, "Road_type": "Main road" }, "geometry": { "type": "MultiPolygon", "coordinates": [ [ [ [ 110.333227425732261, 1.553200466864949 ], [ 110.333215915394689, 1.553177730905307 ], [ 110.333028690411197, 1.553187838059818 ], [ 110.333022299365908, 1.553200459983346 ], [ 110.333017020124529, 1.553233996702264 ], [ 110.333022297141966, 1.553267533775445 ], [ 110.33303761386729, 1.553297788360626 ], [ 110.333061470992988, 1.553321798928281 ], [ 110.333091533217541, 1.553337215156758 ], [ 110.333124857840915, 1.553342527998078 ], [ 110.333158182816589, 1.553337217394133 ], [ 110.333188246063443, 1.553321803183741 ], [ 110.333212104781126, 1.553297794217105 ], [ 110.333227423511957, 1.553267540659177 ], [ 110.333232702751857, 1.553234003939139 ], [ 110.333227425732261, 1.553200466864949 ] ] ] ] } },
{ "type": "Feature", "properties": { "fid_1": 189.0, "Lokasi": "Jalan_Satok", "Pemilik": "Dbku", "Tarikh_Dit": null, "Jenis_Poko": "TB2_Bucida", "Tinggi_Pok": 4.0, "Silara_Pok": 0.0, "Catatan": null, "Ukur_Lilit": 14, "Northing": null, "Easthing": null, "Ln_TAGB_": 4.594, "TAGB": 98.889, "CO2_Stock": 49.444, "NAMA JALAN": "JALAN SATOK", "KTG JLN": "JRB", "PJG JLN": 1.351, "LBR JLN": 12.9, "JENIS SRT": "SRT1", "CON OF RD": "C1", "TARIKH": null, "NORTHING_2": 1.553103, "EASTING": 110.337785, "CATATAN_2": null, "NORTH AKK": 1.553661, "EAST AKHR": 110.325951, "Road_type": "Main road" }, "geometry": { "type": "MultiPolygon", "coordinates": [ [ [ [ 110.333019512557755, 1.553210985273288 ], [ 110.333008349925237, 1.553188936120146 ], [ 110.33282040993798, 1.553199081862568 ], [ 110.332814386197413, 1.553210978379978 ], [ 110.332809106954329, 1.553244515097435 ], [ 110.332814383969705, 1.553278052169749 ], [ 110.332829700692869, 1.553308306754774 ], [ 110.33285355781652, 1.553332317322975 ], [ 110.332883620039311, 1.553347733552629 ], [ 110.332916944661406, 1.553353046395656 ], [ 110.332950269636399, 1.553347735793813 ], [ 110.332980332883224, 1.553332321585671 ], [ 110.33300419160156, 1.553308312621209 ], [ 110.333019510333656, 1.55327805906521 ], [ 110.33302478957529, 1.553244522346626 ], [ 110.333019512557755, 1.553210985273288 ] ] ] ] } },
{ "type": "Feature", "properties": { "fid_1": 190.0, "Lokasi": "Jalan_Satok", "Pemilik": "Dbku", "Tarikh_Dit": null, "Jenis_Poko": "TB2_Bucida", "Tinggi_Pok": 4.0, "Silara_Pok": 0.0, "Catatan": null, "Ukur_Lilit": 12, "Northing": null, "Easthing": null, "Ln_TAGB_": 4.256, "TAGB": 70.527, "CO2_Stock": 35.264, "NAMA JALAN": "JALAN SATOK", "KTG JLN": "JRB", "PJG JLN": 1.351, "LBR JLN": 12.9, "JENIS SRT": "SRT1", "CON OF RD": "C1", "TARIKH": null, "NORTHING_2": 1.553103, "EASTING": 110.337785, "CATATAN_2": null, "NORTH AKK": 1.553661, "EAST AKHR": 110.325951, "Road_type": "Main road" }, "geometry": { "type": "MultiPolygon", "coordinates": [ [ [ [ 110.33296832314177, 1.553211686506853 ], [ 110.33295817673509, 1.553191644667968 ], [ 110.332768147008451, 1.553201903220079 ], [ 110.332763196783048, 1.553211679610694 ], [ 110.33275791753951, 1.553245216327833 ], [ 110.332763194554403, 1.553278753399941 ], [ 110.332778511277041, 1.553309007984925 ], [ 110.332802368400181, 1.553333018553253 ], [ 110.332832430622517, 1.553348434783201 ], [ 110.332865755244285, 1.553353747626663 ], [ 110.332899080219093, 1.553348437025319 ], [ 110.332929143465918, 1.553333022817692 ], [ 110.332953002184382, 1.55330901385378 ], [ 110.332968320916763, 1.55327876029822 ], [ 110.332973600158823, 1.553245223579993 ], [ 110.33296832314177, 1.553211686506853 ] ] ] ] } },
{ "type": "Feature", "properties": { "fid_1": 191.0, "Lokasi": "Jalan_Satok", "Pemilik": "Dbku", "Tarikh_Dit": null, "Jenis_Poko": "TB2_Bucida", "Tinggi_Pok": 4.0, "Silara_Pok": 0.0, "Catatan": null, "Ukur_Lilit": 10, "Northing": null, "Easthing": null, "Ln_TAGB_": 3.855, "TAGB": 47.229, "CO2_Stock": 23.614, "NAMA JALAN": "JALAN SATOK", "KTG JLN": "JRB", "PJG JLN": 1.351, "LBR JLN": 12.9, "JENIS SRT": "SRT1", "CON OF RD": "C1", "TARIKH": null, "NORTHING_2": 1.553103, "EASTING": 110.337785, "CATATAN_2": null, "NORTH AKK": 1.553661, "EAST AKHR": 110.325951, "Road_type": "Main road" }, "geometry": { "type": "MultiPolygon", "coordinates": [ [ [ [ 110.332911874540102, 1.553217646927789 ], [ 110.33290029257671, 1.553194769483577 ], [ 110.332713214895236, 1.553204868669771 ], [ 110.332706748182844, 1.553217640028368 ], [ 110.332701468938822, 1.553251176745055 ], [ 110.332706745953161, 1.553284713816938 ], [ 110.332722062675188, 1.553314968401852 ], [ 110.332745919797787, 1.553338978970321 ], [ 110.332775982019669, 1.553354395200609 ], [ 110.33280930664111, 1.553359708044542 ], [ 110.332842631615762, 1.553354397443774 ], [ 110.332872694862601, 1.55333898323679 ], [ 110.332896553581293, 1.553314974273497 ], [ 110.332911872314028, 1.553284720718491 ], [ 110.332917151556572, 1.553251184000667 ], [ 110.332911874540102, 1.553217646927789 ] ] ] ] } },
{ "type": "Feature", "properties": { "fid_1": 192.0, "Lokasi": "Jalan_Satok", "Pemilik": "Dbku", "Tarikh_Dit": null, "Jenis_Poko": "TB2_Bucida", "Tinggi_Pok": 4.0, "Silara_Pok": 0.0, "Catatan": null, "Ukur_Lilit": 11, "Northing": null, "Easthing": null, "Ln_TAGB_": 4.065, "TAGB": 58.265, "CO2_Stock": 29.133, "NAMA JALAN": "JALAN SATOK", "KTG JLN": "JRB", "PJG JLN": 1.351, "LBR JLN": 12.9, "JENIS SRT": "SRT1", "CON OF RD": "C1", "TARIKH": null, "NORTHING_2": 1.553103, "EASTING": 110.337785, "CATATAN_2": null, "NORTH AKK": 1.553661, "EAST AKHR": 110.325951, "Road_type": "Main road" }, "geometry": { "type": "MultiPolygon", "coordinates": [ [ [ [ 110.332857529612454, 1.553220101224071 ], [ 110.332846183922541, 1.553197690481724 ], [ 110.33265862037635, 1.553207815893962 ], [ 110.332652403256802, 1.553220094321593 ], [ 110.33264712401234, 1.553253631037913 ], [ 110.332652401026124, 1.553287168109563 ], [ 110.332667717747611, 1.553317422694451 ], [ 110.332691574869642, 1.553341433263057 ], [ 110.332721637091083, 1.553356849493643 ], [ 110.332754961712183, 1.553362162338028 ], [ 110.33278828668665, 1.553356851737806 ], [ 110.33281834993349, 1.553341437531416 ], [ 110.332842208652323, 1.553317428568673 ], [ 110.332857527385414, 1.55328717501417 ], [ 110.332862806628398, 1.553253638296739 ], [ 110.332857529612454, 1.553220101224071 ] ] ] ] } },
{ "type": "Feature", "properties": { "fid_1": 193.0, "Lokasi": "Jalan_Satok", "Pemilik": "Dbku", "Tarikh_Dit": null, "Jenis_Poko": "TB2_Bucida", "Tinggi_Pok": 4.0, "Silara_Pok": 0.0, "Catatan": null, "Ukur_Lilit": 13, "Northing": null, "Easthing": null, "Ln_TAGB_": 4.432, "TAGB": 84.099, "CO2_Stock": 42.05, "NAMA JALAN": "JALAN SATOK", "KTG JLN": "JRB", "PJG JLN": 1.351, "LBR JLN": 12.9, "JENIS SRT": "SRT1", "CON OF RD": "C1", "TARIKH": null, "NORTHING_2": 1.553103, "EASTING": 110.337785, "CATATAN_2": null, "NORTH AKK": 1.553661, "EAST AKHR": 110.325951, "Road_type": "Main road" }, "geometry": { "type": "MultiPolygon", "coordinates": [ [ [ [ 110.332705415090416, 1.553228859154282 ], [ 110.332693800240961, 1.553205916748328 ], [ 110.332506790193776, 1.553216012272624 ], [ 110.332500288739112, 1.553228852243212 ], [ 110.332495009493357, 1.553262388958451 ], [ 110.332500286505677, 1.553295926029461 ], [ 110.332515603225559, 1.553326180614215 ], [ 110.332539460346098, 1.553350191183215 ], [ 110.33256952256626, 1.553365607414673 ], [ 110.332602847186422, 1.553370920260323 ], [ 110.33263617216042, 1.553365609661625 ], [ 110.332666235407245, 1.553350195456882 ], [ 110.33269009412659, 1.553326186495762 ], [ 110.332705412860591, 1.55329593294267 ], [ 110.332710692104854, 1.55326239622631 ], [ 110.332705415090416, 1.553228859154282 ] ] ] ] } },
{ "type": "Feature", "properties": { "fid_1": 194.0, "Lokasi": "Jalan_Satok", "Pemilik": "Dbku", "Tarikh_Dit": null, "Jenis_Poko": "TB2_Bucida", "Tinggi_Pok": 4.0, "Silara_Pok": 0.0, "Catatan": null, "Ukur_Lilit": 15, "Northing": null, "Easthing": null, "Ln_TAGB_": 4.746, "TAGB": 115.123, "CO2_Stock": 57.562, "NAMA JALAN": "JALAN SATOK", "KTG JLN": "JRB", "PJG JLN": 1.351, "LBR JLN": 12.9, "JENIS SRT": "SRT1", "CON OF RD": "C1", "TARIKH": null, "NORTHING_2": 1.553103, "EASTING": 110.337785, "CATATAN_2": null, "NORTH AKK": 1.553661, "EAST AKHR": 110.325951, "Road_type": "Main road" }, "geometry": { "type": "MultiPolygon", "coordinates": [ [ [ [ 110.332638097502496, 1.553231138146549 ], [ 110.332627150423804, 1.553209514763874 ], [ 110.332438767191974, 1.553219684414469 ], [ 110.332432971153224, 1.55323113123172 ], [ 110.332427691906915, 1.553264667946508 ], [ 110.332432968918553, 1.553298205017249 ], [ 110.332448285637753, 1.553328459601953 ], [ 110.332472142757624, 1.553352470171124 ], [ 110.332502204977203, 1.553367886402956 ], [ 110.332535529596967, 1.553373199249152 ], [ 110.332568854570695, 1.553367888651139 ], [ 110.332598917817521, 1.553352474447119 ], [ 110.332622776537065, 1.553328465486696 ], [ 110.332638095271463, 1.553298211934219 ], [ 110.33264337451628, 1.553264675218309 ], [ 110.332638097502496, 1.553231138146549 ] ] ] ] } },
{ "type": "Feature", "properties": { "fid_1": 195.0, "Lokasi": "Jalan_Satok", "Pemilik": "Dbku", "Tarikh_Dit": null, "Jenis_Poko": "TB2_Bucida", "Tinggi_Pok": 4.0, "Silara_Pok": 0.0, "Catatan": null, "Ukur_Lilit": 10, "Northing": null, "Easthing": null, "Ln_TAGB_": 3.855, "TAGB": 47.229, "CO2_Stock": 23.614, "NAMA JALAN": "JALAN SATOK", "KTG JLN": "JRB", "PJG JLN": 1.351, "LBR JLN": 12.9, "JENIS SRT": "SRT1", "CON OF RD": "C1", "TARIKH": null, "NORTHING_2": 1.553103, "EASTING": 110.337785, "CATATAN_2": null, "NORTH AKK": 1.553661, "EAST AKHR": 110.325951, "Road_type": "Main road" }, "geometry": { "type": "MultiPolygon", "coordinates": [ [ [ [ 110.332587434005944, 1.55323622203539 ], [ 110.332575329416784, 1.553212312261897 ], [ 110.332389326462987, 1.553222353413344 ], [ 110.33238230765798, 1.553236215117635 ], [ 110.332377028411258, 1.55326975183204 ], [ 110.332382305422385, 1.553303288902572 ], [ 110.332397622141059, 1.553333543487217 ], [ 110.332421479260432, 1.553357554056514 ], [ 110.3324515414796, 1.553372970288637 ], [ 110.332484866099065, 1.553378283135267 ], [ 110.33251819107268, 1.553372972537763 ], [ 110.332548254319505, 1.553357558334328 ], [ 110.332572113039234, 1.55333354937445 ], [ 110.332587431773945, 1.553303295822469 ], [ 110.332592711019217, 1.553269759106934 ], [ 110.332587434005944, 1.55323622203539 ] ] ] ] } },
{ "type": "Feature", "properties": { "fid_1": 196.0, "Lokasi": "Jalan_Satok", "Pemilik": "Dbku", "Tarikh_Dit": null, "Jenis_Poko": "TB2_Bucida", "Tinggi_Pok": 4.0, "Silara_Pok": 0.0, "Catatan": null, "Ukur_Lilit": 14, "Northing": null, "Easthing": null, "Ln_TAGB_": 4.594, "TAGB": 98.889, "CO2_Stock": 49.444, "NAMA JALAN": "JALAN SATOK", "KTG JLN": "JRB", "PJG JLN": 1.351, "LBR JLN": 12.9, "JENIS SRT": "SRT1", "CON OF RD": "C1", "TARIKH": null, "NORTHING_2": 1.553103, "EASTING": 110.337785, "CATATAN_2": null, "NORTH AKK": 1.553661, "EAST AKHR": 110.325951, "Road_type": "Main road" }, "geometry": { "type": "MultiPolygon", "coordinates": [ [ [ [ 110.332531723006298, 1.553236492410672 ], [ 110.332520967250886, 1.5532152469407 ], [ 110.332332190590705, 1.553225437824504 ], [ 110.332326596660124, 1.553236485489857 ], [ 110.332321317412948, 1.553270022203865 ], [ 110.33232659442352, 1.553303559274179 ], [ 110.332341911141626, 1.553333813858796 ], [ 110.332365768260431, 1.553357824428258 ], [ 110.332395830479129, 1.553373240660681 ], [ 110.332429155098225, 1.553378553507772 ], [ 110.332462480071612, 1.553373242910818 ], [ 110.332492543318438, 1.553357828707927 ], [ 110.332516402038294, 1.55333381974864 ], [ 110.332531720773332, 1.55330356619715 ], [ 110.332537000019045, 1.553270029481973 ], [ 110.332531723006298, 1.553236492410672 ] ] ] ] } },
{ "type": "Feature", "properties": { "fid_1": 197.0, "Lokasi": "Jalan_Satok", "Pemilik": "Dbku", "Tarikh_Dit": null, "Jenis_Poko": "TB2_Bucida", "Tinggi_Pok": 4.0, "Silara_Pok": 0.0, "Catatan": null, "Ukur_Lilit": 14, "Northing": null, "Easthing": null, "Ln_TAGB_": 4.594, "TAGB": 98.889, "CO2_Stock": 49.444, "NAMA JALAN": "JALAN SATOK", "KTG JLN": "JRB", "PJG JLN": 1.351, "LBR JLN": 12.9, "JENIS SRT": "SRT1", "CON OF RD": "C1", "TARIKH": null, "NORTHING_2": 1.553103, "EASTING": 110.337785, "CATATAN_2": null, "NORTH AKK": 1.553661, "EAST AKHR": 110.325951, "Road_type": "Main road" }, "geometry": { "type": "MultiPolygon", "coordinates": [ [ [ [ 110.332480621243533, 1.553237894869099 ], [ 110.332470533819659, 1.553217969530545 ], [ 110.332280382820798, 1.553228234603704 ], [ 110.332275494898909, 1.55323788794544 ], [ 110.332270215651292, 1.553271424659125 ], [ 110.332275492661381, 1.553304961729226 ], [ 110.332290809378947, 1.553335216313812 ], [ 110.332314666497268, 1.553359226883384 ], [ 110.332344728715512, 1.553374643116118 ], [ 110.332378053334281, 1.553379955963604 ], [ 110.332411378307498, 1.553374645367156 ], [ 110.33244144155428, 1.553359231164825 ], [ 110.332465300274308, 1.553335222206067 ], [ 110.332480619009644, 1.553304968655015 ], [ 110.332485898255769, 1.553271431940223 ], [ 110.332480621243533, 1.553237894869099 ] ] ] ] } },
{ "type": "Feature", "properties": { "fid_1": 198.0, "Lokasi": "Jalan_Satok", "Pemilik": "Dbku", "Tarikh_Dit": null, "Jenis_Poko": "TB2_Bucida", "Tinggi_Pok": 5.0, "Silara_Pok": 0.0, "Catatan": null, "Ukur_Lilit": 14, "Northing": null, "Easthing": null, "Ln_TAGB_": 4.594, "TAGB": 98.889, "CO2_Stock": 49.444, "NAMA JALAN": "JALAN SATOK", "KTG JLN": "JRB", "PJG JLN": 1.351, "LBR JLN": 12.9, "JENIS SRT": "SRT1", "CON OF RD": "C1", "TARIKH": null, "NORTHING_2": 1.553103, "EASTING": 110.337785, "CATATAN_2": null, "NORTH AKK": 1.553661, "EAST AKHR": 110.325951, "Road_type": "Main road" }, "geometry": { "type": "MultiPolygon", "coordinates": [ [ [ [ 110.33230620121212, 1.553245681183951 ], [ 110.33229691681602, 1.553227342036237 ], [ 110.332105114496969, 1.553237696244645 ], [ 110.332101074872611, 1.553245674250493 ], [ 110.332095795623545, 1.553279210962969 ], [ 110.332101072631929, 1.55331274803236 ], [ 110.332116389347689, 1.553343002616796 ], [ 110.332140246464263, 1.553367013186835 ], [ 110.332170308681043, 1.553382429420549 ], [ 110.332203633298732, 1.553387742269481 ], [ 110.33223695827138, 1.553382431674784 ], [ 110.332267021518135, 1.553367017474316 ], [ 110.332290880238673, 1.553343008517384 ], [ 110.332306198975061, 1.55331275496795 ], [ 110.33231147822265, 1.553279218254354 ], [ 110.33230620121212, 1.553245681183951 ] ] ] ] } },
{ "type": "Feature", "properties": { "fid_1": 199.0, "Lokasi": "Jalan_Satok", "Pemilik": "Dbku", "Tarikh_Dit": null, "Jenis_Poko": "TB2_Bucida", "Tinggi_Pok": 5.0, "Silara_Pok": 0.0, "Catatan": null, "Ukur_Lilit": 13, "Northing": null, "Easthing": null, "Ln_TAGB_": 4.432, "TAGB": 84.099, "CO2_Stock": 42.05, "NAMA JALAN": "JALAN SATOK", "KTG JLN": "JRB", "PJG JLN": 1.351, "LBR JLN": 12.9, "JENIS SRT": "SRT1", "CON OF RD": "C1", "TARIKH": null, "NORTHING_2": 1.553103, "EASTING": 110.337785, "CATATAN_2": null, "NORTH AKK": 1.553661, "EAST AKHR": 110.325951, "Road_type": "Main road" }, "geometry": { "type": "MultiPolygon", "coordinates": [ [ [ [ 110.332249577303827, 1.553249362624115 ], [ 110.332239985075901, 1.553230415426123 ], [ 110.332048815776858, 1.553240735458755 ], [ 110.33204445096591, 1.553249355687441 ], [ 110.332039171716389, 1.553282892399523 ], [ 110.332044448724204, 1.553316429468675 ], [ 110.332059765439382, 1.553346684053056 ], [ 110.332083622555416, 1.553370694623223 ], [ 110.332113684771713, 1.553386110857281 ], [ 110.332147009389047, 1.553391423706671 ], [ 110.33218033436151, 1.553386113112541 ], [ 110.332210397608264, 1.553370698912707 ], [ 110.332234256329002, 1.553346689956371 ], [ 110.332249575065731, 1.553316436407466 ], [ 110.332254854313803, 1.553282899694272 ], [ 110.332249577303827, 1.553249362624115 ] ] ] ] } },
{ "type": "Feature", "properties": { "fid_1": 200.0, "Lokasi": "Jalan_Satok", "Pemilik": "Dbku", "Tarikh_Dit": null, "Jenis_Poko": "TB2_Bucida", "Tinggi_Pok": 5.0, "Silara_Pok": 0.0, "Catatan": null, "Ukur_Lilit": 12, "Northing": null, "Easthing": null, "Ln_TAGB_": 4.256, "TAGB": 70.527, "CO2_Stock": 35.264, "NAMA JALAN": "JALAN SATOK", "KTG JLN": "JRB", "PJG JLN": 1.351, "LBR JLN": 12.9, "JENIS SRT": "SRT1", "CON OF RD": "C1", "TARIKH": null, "NORTHING_2": 1.553103, "EASTING": 110.337785, "CATATAN_2": null, "NORTH AKK": 1.553661, "EAST AKHR": 110.325951, "Road_type": "Main road" }, "geometry": { "type": "MultiPolygon", "coordinates": [ [ [ [ 110.332081361330154, 1.553256348807723 ], [ 110.332072801378118, 1.553239440626978 ], [ 110.331879509337995, 1.553249875244074 ], [ 110.33187623499721, 1.553256341861632 ], [ 110.331870955746297, 1.553289878572536 ], [ 110.331876232752464, 1.553323415640997 ], [ 110.331891549465894, 1.553353670225266 ], [ 110.331915406580251, 1.553377680795871 ], [ 110.331945468795126, 1.553393097030856 ], [ 110.331978793411423, 1.553398409881651 ], [ 110.332012118383304, 1.553393099289188 ], [ 110.332042181630044, 1.553377685091174 ], [ 110.332066040351293, 1.553353676136578 ], [ 110.332081359089017, 1.553323422589227 ], [ 110.332086638338481, 1.553289885877208 ], [ 110.332081361330154, 1.553256348807723 ] ] ] ] } },
{ "type": "Feature", "properties": { "fid_1": 201.0, "Lokasi": "Jalan_Satok", "Pemilik": "Dbku", "Tarikh_Dit": null, "Jenis_Poko": "TB2_Bucida", "Tinggi_Pok": 5.0, "Silara_Pok": 0.0, "Catatan": null, "Ukur_Lilit": 12, "Northing": null, "Easthing": null, "Ln_TAGB_": 4.256, "TAGB": 70.527, "CO2_Stock": 35.264, "NAMA JALAN": "JALAN SATOK", "KTG JLN": "JRB", "PJG JLN": 1.351, "LBR JLN": 12.9, "JENIS SRT": "SRT1", "CON OF RD": "C1", "TARIKH": null, "NORTHING_2": 1.553103, "EASTING": 110.337785, "CATATAN_2": null, "NORTH AKK": 1.553661, "EAST AKHR": 110.325951, "Road_type": "Main road" }, "geometry": { "type": "MultiPolygon", "coordinates": [ [ [ [ 110.332009485780773, 1.553260030250465 ], [ 110.332001023730186, 1.55324331545031 ], [ 110.331807530370469, 1.553253760931522 ], [ 110.331804359449919, 1.553260023300317 ], [ 110.331799080198408, 1.55329356001071 ], [ 110.331804357203865, 1.553327097078899 ], [ 110.331819673916556, 1.553357351663085 ], [ 110.331843531030202, 1.553381362233895 ], [ 110.331873593244453, 1.553396778469289 ], [ 110.331906917860323, 1.553402091320677 ], [ 110.331940242831962, 1.553396780728945 ], [ 110.331970306078702, 1.553381366531686 ], [ 110.331994164800179, 1.553357357577857 ], [ 110.332009483538329, 1.553327104031165 ], [ 110.33201476278839, 1.553293567319641 ], [ 110.332009485780773, 1.553260030250465 ] ] ] ] } },
{ "type": "Feature", "properties": { "fid_1": 202.0, "Lokasi": "Jalan_Satok", "Pemilik": "Dbku", "Tarikh_Dit": null, "Jenis_Poko": "TB2_Bucida", "Tinggi_Pok": 5.0, "Silara_Pok": 0.0, "Catatan": null, "Ukur_Lilit": 10, "Northing": null, "Easthing": null, "Ln_TAGB_": 3.855, "TAGB": 47.229, "CO2_Stock": 23.614, "NAMA JALAN": "JALAN SATOK", "KTG JLN": "JRB", "PJG JLN": 1.351, "LBR JLN": 12.9, "JENIS SRT": "SRT1", "CON OF RD": "C1", "TARIKH": null, "NORTHING_2": 1.553103, "EASTING": 110.337785, "CATATAN_2": null, "NORTH AKK": 1.553661, "EAST AKHR": 110.325951, "Road_type": "Main road" }, "geometry": { "type": "MultiPolygon", "coordinates": [ [ [ [ 110.331938136150086, 1.553263711693141 ], [ 110.331929758009366, 1.553247162636493 ], [ 110.331736092101991, 1.553257617428637 ], [ 110.331733009821306, 1.553263704738982 ], [ 110.331727730569185, 1.553297241448878 ], [ 110.331733007573945, 1.553330778516754 ], [ 110.331748324285897, 1.553361033100895 ], [ 110.331772181398833, 1.55338504367188 ], [ 110.331802243612501, 1.553400459907687 ], [ 110.331835568227916, 1.553405772759656 ], [ 110.331868893199314, 1.553400462168635 ], [ 110.33189895644604, 1.553385047972155 ], [ 110.331922815167758, 1.553361039019082 ], [ 110.331938133906334, 1.553330785473052 ], [ 110.331943413156992, 1.553297248762032 ], [ 110.331938136150086, 1.553263711693141 ] ] ] ] } },
{ "type": "Feature", "properties": { "fid_1": 203.0, "Lokasi": "Jalan_Satok", "Pemilik": "Dbku", "Tarikh_Dit": null, "Jenis_Poko": "TB2_Bucida", "Tinggi_Pok": 5.0, "Silara_Pok": 0.0, "Catatan": null, "Ukur_Lilit": 13, "Northing": null, "Easthing": null, "Ln_TAGB_": 4.432, "TAGB": 84.099, "CO2_Stock": 42.05, "NAMA JALAN": "JALAN SATOK", "KTG JLN": "JRB", "PJG JLN": 1.351, "LBR JLN": 12.9, "JENIS SRT": "SRT1", "CON OF RD": "C1", "TARIKH": null, "NORTHING_2": 1.553103, "EASTING": 110.337785, "CATATAN_2": null, "NORTH AKK": 1.553661, "EAST AKHR": 110.325951, "Road_type": "Main road" }, "geometry": { "type": "MultiPolygon", "coordinates": [ [ [ [ 110.331866435906861, 1.553267042523418 ], [ 110.331858323781873, 1.553251018917889 ], [ 110.331664110848664, 1.553261503236618 ], [ 110.331661309580184, 1.553267035565247 ], [ 110.331656030327466, 1.553300572274642 ], [ 110.33166130733153, 1.553334109342222 ], [ 110.331676624042728, 1.553364363926304 ], [ 110.331700481154954, 1.553388374497461 ], [ 110.33173054336801, 1.553403790733673 ], [ 110.331763867982986, 1.553409103586248 ], [ 110.331797192954156, 1.553403792995951 ], [ 110.331827256200867, 1.553388378800238 ], [ 110.331851114922799, 1.553364369847926 ], [ 110.331866433661816, 1.553334116302533 ], [ 110.33187171291307, 1.553300579592019 ], [ 110.331866435906861, 1.553267042523418 ] ] ] ] } },
{ "type": "Feature", "properties": { "fid_1": 204.0, "Lokasi": "Jalan_Satok", "Pemilik": "Dbku", "Tarikh_Dit": null, "Jenis_Poko": "TB2_Bucida", "Tinggi_Pok": 5.0, "Silara_Pok": 0.0, "Catatan": null, "Ukur_Lilit": 10, "Northing": null, "Easthing": null, "Ln_TAGB_": 3.855, "TAGB": 47.229, "CO2_Stock": 23.614, "NAMA JALAN": "JALAN SATOK", "KTG JLN": "JRB", "PJG JLN": 1.351, "LBR JLN": 12.9, "JENIS SRT": "SRT1", "CON OF RD": "C1", "TARIKH": null, "NORTHING_2": 1.553103, "EASTING": 110.337785, "CATATAN_2": null, "NORTH AKK": 1.553661, "EAST AKHR": 110.325951, "Road_type": "Main road" }, "geometry": { "type": "MultiPolygon", "coordinates": [ [ [ [ 110.331798504747312, 1.55327081161863 ], [ 110.33179034239545, 1.553254688800942 ], [ 110.331596232750016, 1.553265167540167 ], [ 110.331593378422596, 1.553270804656603 ], [ 110.331588099169295, 1.553304341365514 ], [ 110.331593376172691, 1.553337878432835 ], [ 110.331608692883194, 1.553368133016846 ], [ 110.331632549994751, 1.553392143588183 ], [ 110.331662612207225, 1.553407559824793 ], [ 110.331695936821788, 1.553412872677914 ], [ 110.331729261792759, 1.553407562088307 ], [ 110.331759325039471, 1.553392147893337 ], [ 110.331783183761587, 1.55336813894173 ], [ 110.33179850250103, 1.553337885396986 ], [ 110.331803781752853, 1.553304348686948 ], [ 110.331798504747312, 1.55327081161863 ] ] ] ] } },
{ "type": "Feature", "properties": { "fid_1": 205.0, "Lokasi": "Jalan_Satok", "Pemilik": "Dbku", "Tarikh_Dit": null, "Jenis_Poko": "TB2_Bucida", "Tinggi_Pok": 5.0, "Silara_Pok": 0.0, "Catatan": null, "Ukur_Lilit": 16, "Northing": null, "Easthing": null, "Ln_TAGB_": 4.888, "TAGB": 132.688, "CO2_Stock": 66.344, "NAMA JALAN": "JALAN SATOK", "KTG JLN": "JRB", "PJG JLN": 1.351, "LBR JLN": 12.9, "JENIS SRT": "SRT1", "CON OF RD": "C1", "TARIKH": null, "NORTHING_2": 1.553103, "EASTING": 110.337785, "CATATAN_2": null, "NORTH AKK": 1.553661, "EAST AKHR": 110.325951, "Road_type": "Main road" }, "geometry": { "type": "MultiPolygon", "coordinates": [ [ [ [ 110.331729445054108, 1.553275117589297 ], [ 110.331720997928429, 1.553258432266752 ], [ 110.331527473887647, 1.553268879389231 ], [ 110.331524318731354, 1.553275110623364 ], [ 110.331519039477485, 1.55330864733178 ], [ 110.331524316480198, 1.553342184398798 ], [ 110.331539633189976, 1.553372438982768 ], [ 110.331563490300852, 1.553396449554274 ], [ 110.331593552512771, 1.553411865791269 ], [ 110.331626877126894, 1.553417178644964 ], [ 110.331660202097638, 1.553411868056064 ], [ 110.331690265344363, 1.55339645386184 ], [ 110.331714124066721, 1.553372444910968 ], [ 110.331729442806562, 1.553342191366866 ], [ 110.331734722058968, 1.553308654657332 ], [ 110.331729445054108, 1.553275117589297 ] ] ] ] } },
{ "type": "Feature", "properties": { "fid_1": 206.0, "Lokasi": "Jalan_Satok", "Pemilik": "Dbku", "Tarikh_Dit": null, "Jenis_Poko": "TB2_Bucida", "Tinggi_Pok": 5.0, "Silara_Pok": 0.0, "Catatan": null, "Ukur_Lilit": 13, "Northing": null, "Easthing": null, "Ln_TAGB_": 4.432, "TAGB": 84.099, "CO2_Stock": 42.05, "NAMA JALAN": "JALAN SATOK", "KTG JLN": "JRB", "PJG JLN": 1.351, "LBR JLN": 12.9, "JENIS SRT": "SRT1", "CON OF RD": "C1", "TARIKH": null, "NORTHING_2": 1.553103, "EASTING": 110.337785, "CATATAN_2": null, "NORTH AKK": 1.553661, "EAST AKHR": 110.325951, "Road_type": "Main road" }, "geometry": { "type": "MultiPolygon", "coordinates": [ [ [ [ 110.331593114143288, 1.553291633981264 ], [ 110.331580154632633, 1.553266035494517 ], [ 110.331395909759493, 1.553275981687254 ], [ 110.331387987823987, 1.553291627007343 ], [ 110.331382708568924, 1.553325163714744 ], [ 110.331387985570245, 1.553358700781131 ], [ 110.331403302278616, 1.553388955364924 ], [ 110.331427159388156, 1.553412965936786 ], [ 110.331457221598967, 1.553428382174577 ], [ 110.331490546212336, 1.553433695029438 ], [ 110.331523871182711, 1.553428384441955 ], [ 110.331553934429536, 1.553412970249281 ], [ 110.331577793152391, 1.553388961299928 ], [ 110.33159311189317, 1.553358707757178 ], [ 110.33159839114677, 1.553325171048665 ], [ 110.331593114143288, 1.553291633981264 ] ] ] ] } },
{ "type": "Feature", "properties": { "fid_1": 207.0, "Lokasi": "Jalan_Satok", "Pemilik": "Dbku", "Tarikh_Dit": null, "Jenis_Poko": "TB2_Bucida", "Tinggi_Pok": 5.0, "Silara_Pok": 0.0, "Catatan": null, "Ukur_Lilit": 13, "Northing": null, "Easthing": null, "Ln_TAGB_": 4.432, "TAGB": 84.099, "CO2_Stock": 42.05, "NAMA JALAN": "JALAN SATOK", "KTG JLN": "JRB", "PJG JLN": 1.351, "LBR JLN": 12.9, "JENIS SRT": "SRT1", "CON OF RD": "C1", "TARIKH": null, "NORTHING_2": 1.553103, "EASTING": 110.337785, "CATATAN_2": null, "NORTH AKK": 1.553661, "EAST AKHR": 110.325951, "Road_type": "Main road" }, "geometry": { "type": "MultiPolygon", "coordinates": [ [ [ [ 110.33151146527193, 1.553293852714444 ], [ 110.331499584467849, 1.553270384959372 ], [ 110.331313121371053, 1.553280450895492 ], [ 110.331306338955102, 1.553293845736001 ], [ 110.331301059699371, 1.553327382442843 ], [ 110.331306336699896, 1.55336091950889 ], [ 110.331321653407414, 1.553391174092654 ], [ 110.331345510516158, 1.553415184664711 ], [ 110.331375572726259, 1.553430600902954 ], [ 110.331408897339102, 1.553435913758489 ], [ 110.331442222309221, 1.553430603171794 ], [ 110.331472285555989, 1.553415188980011 ], [ 110.3314961442791, 1.553391180031509 ], [ 110.331511463020348, 1.553360926489484 ], [ 110.331516742274601, 1.553327389781525 ], [ 110.33151146527193, 1.553293852714444 ] ] ] ] } },
{ "type": "Feature", "properties": { "fid_1": 208.0, "Lokasi": "Jalan_Satok", "Pemilik": "Dbku", "Tarikh_Dit": null, "Jenis_Poko": "TB2_Bucida", "Tinggi_Pok": 4.0, "Silara_Pok": 0.0, "Catatan": null, "Ukur_Lilit": 12, "Northing": null, "Easthing": null, "Ln_TAGB_": 4.256, "TAGB": 70.527, "CO2_Stock": 35.264, "NAMA JALAN": "JALAN SATOK", "KTG JLN": "JRB", "PJG JLN": 1.351, "LBR JLN": 12.9, "JENIS SRT": "SRT1", "CON OF RD": "C1", "TARIKH": null, "NORTHING_2": 1.553103, "EASTING": 110.337785, "CATATAN_2": null, "NORTH AKK": 1.553661, "EAST AKHR": 110.325951, "Road_type": "Main road" }, "geometry": { "type": "MultiPolygon", "coordinates": [ [ [ [ 110.331460878471603, 1.553297624545851 ], [ 110.331448484682156, 1.553273143507138 ], [ 110.33126307647855, 1.553283152493784 ], [ 110.331255752156181, 1.553297617564532 ], [ 110.331250472900024, 1.553331154270989 ], [ 110.331255749900052, 1.553364691336829 ], [ 110.331271066607044, 1.553394945920529 ], [ 110.331294923715291, 1.553418956492729 ], [ 110.331324985924965, 1.553434372731257 ], [ 110.331358310537524, 1.553439685587207 ], [ 110.331391635507472, 1.553434375001058 ], [ 110.331421698754255, 1.55341896080981 ], [ 110.331445557477551, 1.553394951861852 ], [ 110.331460876219097, 1.553364698320289 ], [ 110.331466155473791, 1.55333116161271 ], [ 110.331460878471603, 1.553297624545851 ] ] ] ] } },
{ "type": "Feature", "properties": { "fid_1": 209.0, "Lokasi": "Jalan_Satok", "Pemilik": "Dbku", "Tarikh_Dit": null, "Jenis_Poko": "TB2_Bucida", "Tinggi_Pok": 5.0, "Silara_Pok": 0.0, "Catatan": null, "Ukur_Lilit": 14, "Northing": null, "Easthing": null, "Ln_TAGB_": 4.594, "TAGB": 98.889, "CO2_Stock": 49.444, "NAMA JALAN": "JALAN SATOK", "KTG JLN": "JRB", "PJG JLN": 1.351, "LBR JLN": 12.9, "JENIS SRT": "SRT1", "CON OF RD": "C1", "TARIKH": null, "NORTHING_2": 1.553103, "EASTING": 110.337785, "CATATAN_2": null, "NORTH AKK": 1.553661, "EAST AKHR": 110.325951, "Road_type": "Main road" }, "geometry": { "type": "MultiPolygon", "coordinates": [ [ [ [ 110.331418279060614, 1.553299843272388 ], [ 110.331405925158293, 1.55327544102068 ], [ 110.331220434933471, 1.55328545443296 ], [ 110.331213152746429, 1.553299836288653 ], [ 110.33120787348993, 1.553333372994821 ], [ 110.331213150489532, 1.55336691006049 ], [ 110.331228467196084, 1.55339716464416 ], [ 110.33125232430389, 1.553421175216445 ], [ 110.331282386513237, 1.553436591455239 ], [ 110.331315711125512, 1.553441904311536 ], [ 110.331349036095318, 1.553436593725808 ], [ 110.331379099342115, 1.553421179535029 ], [ 110.33140295806551, 1.553397170587524 ], [ 110.331418276807341, 1.553366917046344 ], [ 110.331423556062376, 1.553333380339068 ], [ 110.331418279060614, 1.553299843272388 ] ] ] ] } },
{ "type": "Feature", "properties": { "fid_1": 210.0, "Lokasi": "Jalan_Satok", "Pemilik": "Dbku", "Tarikh_Dit": null, "Jenis_Poko": "TB2_Bucida", "Tinggi_Pok": 5.0, "Silara_Pok": 0.0, "Catatan": null, "Ukur_Lilit": 10, "Northing": null, "Easthing": null, "Ln_TAGB_": 3.855, "TAGB": 47.229, "CO2_Stock": 23.614, "NAMA JALAN": "JALAN SATOK", "KTG JLN": "JRB", "PJG JLN": 1.351, "LBR JLN": 12.9, "JENIS SRT": "SRT1", "CON OF RD": "C1", "TARIKH": null, "NORTHING_2": 1.553103, "EASTING": 110.337785, "CATATAN_2": null, "NORTH AKK": 1.553661, "EAST AKHR": 110.325951, "Road_type": "Main road" }, "geometry": { "type": "MultiPolygon", "coordinates": [ [ [ [ 110.331326645952785, 1.553305390086224 ], [ 110.331313996308239, 1.553280403663304 ], [ 110.33112911424459, 1.553290384240216 ], [ 110.331121519641215, 1.553305383097313 ], [ 110.331116240383935, 1.553338919802823 ], [ 110.331121517382627, 1.55337245686812 ], [ 110.331136834088241, 1.553402711451705 ], [ 110.331160691195151, 1.553426722024221 ], [ 110.331190753403718, 1.553442138263533 ], [ 110.331224078015438, 1.553447451120606 ], [ 110.33125740298496, 1.553442140535788 ], [ 110.331287466231728, 1.553426726346009 ], [ 110.33131132495545, 1.553402717399476 ], [ 110.331326643697821, 1.553372463859168 ], [ 110.331331922953652, 1.553338927152524 ], [ 110.331326645952785, 1.553305390086224 ] ] ] ] } },
{ "type": "Feature", "properties": { "fid_1": 211.0, "Lokasi": "Jalan_Satok", "Pemilik": "Dbku", "Tarikh_Dit": null, "Jenis_Poko": "TB2_Bucida", "Tinggi_Pok": 5.0, "Silara_Pok": 0.0, "Catatan": null, "Ukur_Lilit": 16, "Northing": null, "Easthing": null, "Ln_TAGB_": 4.888, "TAGB": 132.688, "CO2_Stock": 66.344, "NAMA JALAN": "JALAN SATOK", "KTG JLN": "JRB", "PJG JLN": 1.351, "LBR JLN": 12.9, "JENIS SRT": "SRT1", "CON OF RD": "C1", "TARIKH": null, "NORTHING_2": 1.553103, "EASTING": 110.337785, "CATATAN_2": null, "NORTH AKK": 1.553661, "EAST AKHR": 110.325951, "Road_type": "Main road" }, "geometry": { "type": "MultiPolygon", "coordinates": [ [ [ [ 110.331288262108401, 1.553306721324335 ], [ 110.331275977552721, 1.553282456048758 ], [ 110.331090344730328, 1.553292477152242 ], [ 110.331083135797982, 1.553306714333287 ], [ 110.331077856540375, 1.553340251038527 ], [ 110.331083133538698, 1.553373788103668 ], [ 110.331098450243914, 1.553404042687232 ], [ 110.331122307350455, 1.553428053259853 ], [ 110.331152369558666, 1.553443469499378 ], [ 110.331185694170173, 1.553448782356767 ], [ 110.331219019139539, 1.553443471772316 ], [ 110.331249082386307, 1.553428057582949 ], [ 110.331272941110143, 1.553404048636812 ], [ 110.331288259852727, 1.553373795096868 ], [ 110.33129353910887, 1.553340258390486 ], [ 110.331288262108401, 1.553306721324335 ] ] ] ] } },
{ "type": "Feature", "properties": { "fid_1": 212.0, "Lokasi": "Jalan_Satok", "Pemilik": "Dbku", "Tarikh_Dit": null, "Jenis_Poko": "TB2_Bucida", "Tinggi_Pok": 5.0, "Silara_Pok": 0.0, "Catatan": null, "Ukur_Lilit": 13, "Northing": null, "Easthing": null, "Ln_TAGB_": 4.432, "TAGB": 84.099, "CO2_Stock": 42.05, "NAMA JALAN": "JALAN SATOK", "KTG JLN": "JRB", "PJG JLN": 1.351, "LBR JLN": 12.9, "JENIS SRT": "SRT1", "CON OF RD": "C1", "TARIKH": null, "NORTHING_2": 1.553103, "EASTING": 110.337785, "CATATAN_2": null, "NORTH AKK": 1.553661, "EAST AKHR": 110.325951, "Road_type": "Main road" }, "geometry": { "type": "MultiPolygon", "coordinates": [ [ [ [ 110.331129484459467, 1.553312148647646 ], [ 110.331118749267887, 1.553290943777411 ], [ 110.330929930375092, 1.553301136867716 ], [ 110.330924358153808, 1.553312141647733 ], [ 110.330919078894894, 1.553345678351888 ], [ 110.330924355891668, 1.553379215416397 ], [ 110.330939672595221, 1.553409469999829 ], [ 110.330963529700199, 1.553433480572862 ], [ 110.330993591907074, 1.553448896813282 ], [ 110.331026916517558, 1.553454209671972 ], [ 110.331060241486384, 1.553448899089116 ], [ 110.331090304733124, 1.553433484901427 ], [ 110.331114163457414, 1.553409475956941 ], [ 110.33112948220095, 1.553379222418438 ], [ 110.331134761458387, 1.55334568571315 ], [ 110.331129484459467, 1.553312148647646 ] ] ] ] } },
{ "type": "Feature", "properties": { "fid_1": 213.0, "Lokasi": "Jalan_Satok", "Pemilik": "Dbku", "Tarikh_Dit": null, "Jenis_Poko": "TB2_Bucida", "Tinggi_Pok": 5.0, "Silara_Pok": 0.0, "Catatan": null, "Ukur_Lilit": 14, "Northing": null, "Easthing": null, "Ln_TAGB_": 4.594, "TAGB": 98.889, "CO2_Stock": 49.444, "NAMA JALAN": "JALAN SATOK", "KTG JLN": "JRB", "PJG JLN": 1.351, "LBR JLN": 12.9, "JENIS SRT": "SRT1", "CON OF RD": "C1", "TARIKH": null, "NORTHING_2": 1.553103, "EASTING": 110.337785, "CATATAN_2": null, "NORTH AKK": 1.553661, "EAST AKHR": 110.325951, "Road_type": "Main road" }, "geometry": { "type": "MultiPolygon", "coordinates": [ [ [ [ 110.331055379234371, 1.553317473586532 ], [ 110.331043991347187, 1.553294979467117 ], [ 110.330856514645617, 1.553305100097484 ], [ 110.330850252930787, 1.5533174665824 ], [ 110.330844973671233, 1.553351003286033 ], [ 110.330850250667282, 1.553384540350217 ], [ 110.330865567370083, 1.553414794933582 ], [ 110.330889424474307, 1.553438805506816 ], [ 110.330919486680571, 1.553454221747658 ], [ 110.330952811290615, 1.553459534606952 ], [ 110.330986136259213, 1.553454224024847 ], [ 110.331016199505953, 1.553438809837983 ], [ 110.331040058230499, 1.553414800894293 ], [ 110.331055376974504, 1.553384547356476 ], [ 110.331060656232566, 1.55335101065174 ], [ 110.331055379234371, 1.553317473586532 ] ] ] ] } },
{ "type": "Feature", "properties": { "fid_1": 214.0, "Lokasi": "Jalan_Satok", "Pemilik": "Dbku", "Tarikh_Dit": null, "Jenis_Poko": "TB2_Bucida", "Tinggi_Pok": 5.0, "Silara_Pok": 0.0, "Catatan": null, "Ukur_Lilit": 12, "Northing": null, "Easthing": null, "Ln_TAGB_": 4.256, "TAGB": 70.527, "CO2_Stock": 35.264, "NAMA JALAN": "JALAN SATOK", "KTG JLN": "JRB", "PJG JLN": 1.351, "LBR JLN": 12.9, "JENIS SRT": "SRT1", "CON OF RD": "C1", "TARIKH": null, "NORTHING_2": 1.553103, "EASTING": 110.337785, "CATATAN_2": null, "NORTH AKK": 1.553661, "EAST AKHR": 110.325951, "Road_type": "Main road" }, "geometry": { "type": "MultiPolygon", "coordinates": [ [ [ [ 110.330224380848719, 1.553365486729139 ], [ 110.330214167433752, 1.553345312495154 ], [ 110.33002328142048, 1.553357526909505 ], [ 110.330019254569024, 1.553365479678034 ], [ 110.330013975302521, 1.553399016375775 ], [ 110.330019252290356, 1.553432553436499 ], [ 110.330034568984544, 1.553462808019154 ], [ 110.330058426080555, 1.553486818594501 ], [ 110.330088488279841, 1.553502234840058 ], [ 110.330121812884812, 1.553507547706255 ], [ 110.330155137850738, 1.553502237132511 ], [ 110.330185201097464, 1.553486822954679 ], [ 110.330209059824654, 1.553462814019813 ], [ 110.330224378573689, 1.553432560489711 ], [ 110.330229657838743, 1.553399023790849 ], [ 110.330224380848719, 1.553365486729139 ] ] ] ] } },
{ "type": "Feature", "properties": { "fid_1": 215.0, "Lokasi": "Jalan_Satok", "Pemilik": "Dbku", "Tarikh_Dit": null, "Jenis_Poko": "TB2_Bucida", "Tinggi_Pok": 5.0, "Silara_Pok": 0.0, "Catatan": null, "Ukur_Lilit": 10, "Northing": null, "Easthing": null, "Ln_TAGB_": 3.855, "TAGB": 47.229, "CO2_Stock": 23.614, "NAMA JALAN": "JALAN SATOK", "KTG JLN": "JRB", "PJG JLN": 1.351, "LBR JLN": 12.9, "JENIS SRT": "SRT1", "CON OF RD": "C1", "TARIKH": null, "NORTHING_2": 1.553103, "EASTING": 110.337785, "CATATAN_2": null, "NORTH AKK": 1.553661, "EAST AKHR": 110.325951, "Road_type": "Main road" }, "geometry": { "type": "MultiPolygon", "coordinates": [ [ [ [ 110.330123872862714, 1.553366485169925 ], [ 110.330116323588953, 1.553351573328438 ], [ 110.32991993041469, 1.55336414012948 ], [ 110.329918746586173, 1.553366478113313 ], [ 110.329913467318846, 1.553400014810383 ], [ 110.329918744305729, 1.553433551870704 ], [ 110.329934060998852, 1.553463806453306 ], [ 110.329957918093882, 1.553487817028901 ], [ 110.329987980292287, 1.553503233275046 ], [ 110.330021304896604, 1.553508546142045 ], [ 110.330054629862147, 1.553503235569291 ], [ 110.330084693108844, 1.553487821392508 ], [ 110.33010855183629, 1.553463812458637 ], [ 110.330123870585908, 1.553433558929446 ], [ 110.330129149851757, 1.553400022231258 ], [ 110.330123872862714, 1.553366485169925 ] ] ] ] } },
{ "type": "Feature", "properties": { "fid_1": 216.0, "Lokasi": "Jalan_Satok", "Pemilik": "Dbku", "Tarikh_Dit": null, "Jenis_Poko": "TB2_Bucida", "Tinggi_Pok": 5.0, "Silara_Pok": 0.0, "Catatan": null, "Ukur_Lilit": 12, "Northing": null, "Easthing": null, "Ln_TAGB_": 4.256, "TAGB": 70.527, "CO2_Stock": 35.264, "NAMA JALAN": "JALAN SATOK", "KTG JLN": "JRB", "PJG JLN": 1.351, "LBR JLN": 12.9, "JENIS SRT": "SRT1", "CON OF RD": "C1", "TARIKH": null, "NORTHING_2": 1.553103, "EASTING": 110.337785, "CATATAN_2": null, "NORTH AKK": 1.553661, "EAST AKHR": 110.325951, "Road_type": "Main road" }, "geometry": { "type": "MultiPolygon", "coordinates": [ [ [ [ 110.33006929236808, 1.553373141337085 ], [ 110.330060191710004, 1.553355165094668 ], [ 110.32986700547319, 1.553367526687348 ], [ 110.329864166092889, 1.553373134277295 ], [ 110.329858886825093, 1.553406670973932 ], [ 110.329864163811436, 1.553440208034009 ], [ 110.329879480504005, 1.553470462616549 ], [ 110.329903337598495, 1.553494473192289 ], [ 110.32993339979646, 1.553509889438747 ], [ 110.329966724400464, 1.553515202306202 ], [ 110.330000049365879, 1.553509891734018 ], [ 110.33003011261259, 1.553494477557856 ], [ 110.330053971340249, 1.553470468624601 ], [ 110.330069290090236, 1.553440215095954 ], [ 110.330074569356555, 1.55340667839817 ], [ 110.33006929236808, 1.553373141337085 ] ] ] ] } },
{ "type": "Feature", "properties": { "fid_1": 217.0, "Lokasi": "Jalan_Satok", "Pemilik": "Dbku", "Tarikh_Dit": null, "Jenis_Poko": "TB2_Bucida", "Tinggi_Pok": 5.0, "Silara_Pok": 0.0, "Catatan": null, "Ukur_Lilit": 14, "Northing": null, "Easthing": null, "Ln_TAGB_": 4.594, "TAGB": 98.889, "CO2_Stock": 49.444, "NAMA JALAN": "JALAN SATOK", "KTG JLN": "JRB", "PJG JLN": 1.351, "LBR JLN": 12.9, "JENIS SRT": "SRT1", "CON OF RD": "C1", "TARIKH": null, "NORTHING_2": 1.553103, "EASTING": 110.337785, "CATATAN_2": null, "NORTH AKK": 1.553661, "EAST AKHR": 110.325951, "Road_type": "Main road" }, "geometry": { "type": "MultiPolygon", "coordinates": [ [ [ [ 110.33001404625648, 1.553373141346479 ], [ 110.330006679111705, 1.553358589257572 ], [ 110.329858324144595, 1.55336808218759 ], [ 110.329810268818946, 1.55337047042131 ], [ 110.329808919983066, 1.553373134283667 ], [ 110.329803640714829, 1.553406670979954 ], [ 110.329808917700632, 1.553440208039822 ], [ 110.329824234392618, 1.553470462622307 ], [ 110.329848091486554, 1.553494473198182 ], [ 110.329878153684049, 1.553509889444952 ], [ 110.329911478287684, 1.553515202312868 ], [ 110.329944803252886, 1.55350989174122 ], [ 110.329974866499555, 1.553494477565649 ], [ 110.329998725227398, 1.553470468632955 ], [ 110.33001404397767, 1.553440215104767 ], [ 110.330019323244429, 1.553406678407355 ], [ 110.33001404625648, 1.553373141346479 ] ] ] ] } },
{ "type": "Feature", "properties": { "fid_1": 218.0, "Lokasi": "Jalan_Satok", "Pemilik": "Dbku", "Tarikh_Dit": null, "Jenis_Poko": "TB2_Bucida", "Tinggi_Pok": 5.0, "Silara_Pok": 0.0, "Catatan": null, "Ukur_Lilit": 16, "Northing": null, "Easthing": null, "Ln_TAGB_": 4.888, "TAGB": 132.688, "CO2_Stock": 66.344, "NAMA JALAN": "JALAN SATOK", "KTG JLN": "JRB", "PJG JLN": 1.351, "LBR JLN": 12.9, "JENIS SRT": "SRT1", "CON OF RD": "C1", "TARIKH": null, "NORTHING_2": 1.553103, "EASTING": 110.337785, "CATATAN_2": null, "NORTH AKK": 1.553661, "EAST AKHR": 110.325951, "Road_type": "Main road" }, "geometry": { "type": "MultiPolygon", "coordinates": [ [ [ [ 110.329956137682913, 1.553380463130021 ], [ 110.329946997180343, 1.553362408182664 ], [ 110.329858324144595, 1.55336808218759 ], [ 110.329754668464162, 1.553373233623991 ], [ 110.329751011410949, 1.553380456063808 ], [ 110.329745732142186, 1.553413992759636 ], [ 110.329751009127406, 1.553447529819253 ], [ 110.329766325818795, 1.553477784401681 ], [ 110.329790182912177, 1.553501794977689 ], [ 110.32982024510919, 1.553517211224803 ], [ 110.329853569712512, 1.553522524093206 ], [ 110.329886894677571, 1.553517213522153 ], [ 110.329916957924283, 1.553501799347233 ], [ 110.329940816652325, 1.553477790415191 ], [ 110.329956135402995, 1.5534475368876 ], [ 110.329961414670279, 1.553414000190623 ], [ 110.329956137682913, 1.553380463130021 ] ] ] ] } },
{ "type": "Feature", "properties": { "fid_1": 219.0, "Lokasi": "Jalan_Satok", "Pemilik": "Dbku", "Tarikh_Dit": null, "Jenis_Poko": "TB2_Bucida", "Tinggi_Pok": 4.0, "Silara_Pok": 0.0, "Catatan": null, "Ukur_Lilit": 15, "Northing": null, "Easthing": null, "Ln_TAGB_": 4.746, "TAGB": 115.123, "CO2_Stock": 57.562, "NAMA JALAN": "JALAN SATOK", "KTG JLN": "JRB", "PJG JLN": 1.351, "LBR JLN": 12.9, "JENIS SRT": "SRT1", "CON OF RD": "C1", "TARIKH": null, "NORTHING_2": 1.553103, "EASTING": 110.337785, "CATATAN_2": null, "NORTH AKK": 1.553661, "EAST AKHR": 110.325951, "Road_type": "Main road" }, "geometry": { "type": "MultiPolygon", "coordinates": [ [ [ [ 110.329906216497889, 1.553381461562182 ], [ 110.329898152820363, 1.553365533632932 ], [ 110.329858324144595, 1.55336808218759 ], [ 110.329703977229258, 1.553375752854585 ], [ 110.329701090227474, 1.553381454493209 ], [ 110.329695810958313, 1.553414991188725 ], [ 110.32970108794305, 1.553448528248109 ], [ 110.329716404633913, 1.55347878283051 ], [ 110.329740261726798, 1.553502793406653 ], [ 110.329770323923384, 1.553518209654055 ], [ 110.329803648526394, 1.55352352252284 ], [ 110.329836973491254, 1.553518211952301 ], [ 110.329867036737951, 1.553502797777908 ], [ 110.32989089546615, 1.553478788846376 ], [ 110.32990621421709, 1.553448535319216 ], [ 110.329911493484786, 1.553414998622588 ], [ 110.329906216497889, 1.553381461562182 ] ] ] ] } },
{ "type": "Feature", "properties": { "fid_1": 220.0, "Lokasi": "Jalan_Satok", "Pemilik": "Dbku", "Tarikh_Dit": null, "Jenis_Poko": "TB2_Bucida", "Tinggi_Pok": 4.0, "Silara_Pok": 0.0, "Catatan": null, "Ukur_Lilit": 11, "Northing": null, "Easthing": null, "Ln_TAGB_": 4.065, "TAGB": 58.265, "CO2_Stock": 29.133, "NAMA JALAN": "JALAN SATOK", "KTG JLN": "JRB", "PJG JLN": 1.351, "LBR JLN": 12.9, "JENIS SRT": "SRT1", "CON OF RD": "C1", "TARIKH": null, "NORTHING_2": 1.553103, "EASTING": 110.337785, "CATATAN_2": null, "NORTH AKK": 1.553661, "EAST AKHR": 110.325951, "Road_type": "Main road" }, "geometry": { "type": "MultiPolygon", "coordinates": [ [ [ [ 110.329856960929376, 1.553386453688971 ], [ 110.329847921888529, 1.553368599154672 ], [ 110.329656043184471, 1.553378135058903 ], [ 110.32965183466024, 1.553386446617153 ], [ 110.329646555390653, 1.553419983312297 ], [ 110.329651832374893, 1.553453520371477 ], [ 110.329667149065244, 1.553483774953826 ], [ 110.32969100615766, 1.553507785530088 ], [ 110.329721068353848, 1.553523201777743 ], [ 110.329754392956559, 1.553528514646986 ], [ 110.329787717921306, 1.553523204076943 ], [ 110.329817781168018, 1.55350778990311 ], [ 110.329841639896372, 1.553483780972109 ], [ 110.329856958647639, 1.553453527445422 ], [ 110.329862237915762, 1.553419990749169 ], [ 110.329856960929376, 1.553386453688971 ] ] ] ] } },
{ "type": "Feature", "properties": { "fid_1": 221.0, "Lokasi": "Jalan_Satok", "Pemilik": "Dbku", "Tarikh_Dit": null, "Jenis_Poko": "TB2_Bucida", "Tinggi_Pok": 5.0, "Silara_Pok": 0.0, "Catatan": null, "Ukur_Lilit": 13, "Northing": null, "Easthing": null, "Ln_TAGB_": 4.432, "TAGB": 84.099, "CO2_Stock": 42.05, "NAMA JALAN": "JALAN SATOK", "KTG JLN": "JRB", "PJG JLN": 1.351, "LBR JLN": 12.9, "JENIS SRT": "SRT1", "CON OF RD": "C1", "TARIKH": null, "NORTHING_2": 1.553103, "EASTING": 110.337785, "CATATAN_2": null, "NORTH AKK": 1.553661, "EAST AKHR": 110.325951, "Road_type": "Main road" }, "geometry": { "type": "MultiPolygon", "coordinates": [ [ [ [ 110.329623713719599, 1.553399130754832 ], [ 110.329614138745811, 1.553380217606092 ], [ 110.329465936548473, 1.55338758288565 ], [ 110.329424161398236, 1.553388115505163 ], [ 110.329418587457212, 1.553399123669879 ], [ 110.329413308185693, 1.553432660363358 ], [ 110.329418585167616, 1.553466197421584 ], [ 110.329433901855566, 1.553496452003734 ], [ 110.329457758945679, 1.553520462580597 ], [ 110.329487821139878, 1.553535878829579 ], [ 110.329521145741168, 1.55354119170074 ], [ 110.329554470705148, 1.553535881133033 ], [ 110.329584533951859, 1.553520466961728 ], [ 110.329608392680953, 1.5534964580332 ], [ 110.329623711433626, 1.553466204508684 ], [ 110.329628990703682, 1.553432667814059 ], [ 110.329623713719599, 1.553399130754832 ] ] ] ] } },
{ "type": "Feature", "properties": { "fid_1": 222.0, "Lokasi": "Jalan_Satok", "Pemilik": "Dbku", "Tarikh_Dit": null, "Jenis_Poko": "TB2_Bucida", "Tinggi_Pok": 4.0, "Silara_Pok": 0.0, "Catatan": null, "Ukur_Lilit": 14, "Northing": null, "Easthing": null, "Ln_TAGB_": 4.594, "TAGB": 98.889, "CO2_Stock": 49.444, "NAMA JALAN": "JALAN SATOK", "KTG JLN": "JRB", "PJG JLN": 1.351, "LBR JLN": 12.9, "JENIS SRT": "SRT1", "CON OF RD": "C1", "TARIKH": null, "NORTHING_2": 1.553103, "EASTING": 110.337785, "CATATAN_2": null, "NORTH AKK": 1.553661, "EAST AKHR": 110.325951, "Road_type": "Main road" }, "geometry": { "type": "MultiPolygon", "coordinates": [ [ [ [ 110.329563808297877, 1.553402059474486 ], [ 110.329554257241455, 1.553383193568232 ], [ 110.329465936548473, 1.55338758288565 ], [ 110.329365359311581, 1.553388865211721 ], [ 110.329358682037238, 1.553402052386159 ], [ 110.329353402765236, 1.553435589079227 ], [ 110.329358679746562, 1.5534691261372 ], [ 110.329373996433887, 1.553499380719307 ], [ 110.329397853523389, 1.553523391296312 ], [ 110.329427915717105, 1.553538807545637 ], [ 110.329461240318011, 1.553544120417295 ], [ 110.329494565281792, 1.553538809850193 ], [ 110.329524628528503, 1.553523395679532 ], [ 110.329548487257767, 1.553499386751625 ], [ 110.329563806010825, 1.553469133227664 ], [ 110.329569085281378, 1.553435596533475 ], [ 110.329563808297877, 1.553402059474486 ] ] ] ] } },
{ "type": "Feature", "properties": { "fid_1": 223.0, "Lokasi": "Jalan_Satok", "Pemilik": "Dbku", "Tarikh_Dit": null, "Jenis_Poko": "TB2_Bucida", "Tinggi_Pok": 5.0, "Silara_Pok": 0.0, "Catatan": null, "Ukur_Lilit": 12, "Northing": null, "Easthing": null, "Ln_TAGB_": 4.256, "TAGB": 70.527, "CO2_Stock": 35.264, "NAMA JALAN": "JALAN SATOK", "KTG JLN": "JRB", "PJG JLN": 1.351, "LBR JLN": 12.9, "JENIS SRT": "SRT1", "CON OF RD": "C1", "TARIKH": null, "NORTHING_2": 1.553103, "EASTING": 110.337785, "CATATAN_2": null, "NORTH AKK": 1.553661, "EAST AKHR": 110.325951, "Road_type": "Main road" }, "geometry": { "type": "MultiPolygon", "coordinates": [ [ [ [ 110.329231532891413, 1.553414573107843 ], [ 110.329219544976468, 1.553390893745193 ], [ 110.329195612744016, 1.553391575224325 ], [ 110.329180717375806, 1.553393044990362 ], [ 110.329141642717374, 1.553399681200569 ], [ 110.32902939583623, 1.553408662539225 ], [ 110.329026406640693, 1.553414566000968 ], [ 110.329021127365934, 1.553448102691739 ], [ 110.329026404344035, 1.553481639748364 ], [ 110.329041721027906, 1.553511894330214 ], [ 110.329065578114125, 1.553535904908056 ], [ 110.329095640305013, 1.553551321159286 ], [ 110.329128964903845, 1.55355663403365 ], [ 110.329162289866474, 1.553551323469865 ], [ 110.329192353113086, 1.553535909302734 ], [ 110.329216211843359, 1.553511900378314 ], [ 110.329231530598364, 1.553481646857369 ], [ 110.329236809871659, 1.553448110165477 ], [ 110.329231532891413, 1.553414573107843 ] ] ] ] } },
{ "type": "Feature", "properties": { "fid_1": 224.0, "Lokasi": "Jalan_Satok", "Pemilik": "Dbku", "Tarikh_Dit": null, "Jenis_Poko": "TB2_Bucida", "Tinggi_Pok": 5.0, "Silara_Pok": 0.0, "Catatan": null, "Ukur_Lilit": 16, "Northing": null, "Easthing": null, "Ln_TAGB_": 4.888, "TAGB": 132.688, "CO2_Stock": 66.344, "NAMA JALAN": "JALAN SATOK", "KTG JLN": "JRB", "PJG JLN": 1.351, "LBR JLN": 12.9, "JENIS SRT": "SRT1", "CON OF RD": "C1", "TARIKH": null, "NORTHING_2": 1.553103, "EASTING": 110.337785, "CATATAN_2": null, "NORTH AKK": 1.553661, "EAST AKHR": 110.325951, "Road_type": "Main road" }, "geometry": { "type": "MultiPolygon", "coordinates": [ [ [ [ 110.329174023686221, 1.553415371856576 ], [ 110.329164145352848, 1.553395859485356 ], [ 110.329141642717374, 1.553399681200569 ], [ 110.32896987979106, 1.553413424663481 ], [ 110.328968897437306, 1.553415364746528 ], [ 110.328963618162064, 1.553448901436921 ], [ 110.32896889513961, 1.55348243849331 ], [ 110.328984211822885, 1.553512693075112 ], [ 110.329008068908522, 1.553536703653123 ], [ 110.329038131098926, 1.553552119904654 ], [ 110.329071455697374, 1.553557432779499 ], [ 110.32910478065979, 1.553552122216274 ], [ 110.329134843906402, 1.553536708049759 ], [ 110.329158702636818, 1.553512699125914 ], [ 110.329174021392149, 1.553482445605477 ], [ 110.329179300665913, 1.553448908913976 ], [ 110.329174023686221, 1.553415371856576 ] ] ] ] } },
{ "type": "Feature", "properties": { "fid_1": 225.0, "Lokasi": "Jalan_Satok", "Pemilik": "Dbku", "Tarikh_Dit": null, "Jenis_Poko": "TB2_Bucida", "Tinggi_Pok": 5.0, "Silara_Pok": 0.0, "Catatan": null, "Ukur_Lilit": 11, "Northing": null, "Easthing": null, "Ln_TAGB_": 4.065, "TAGB": 58.265, "CO2_Stock": 29.133, "NAMA JALAN": "JALAN SATOK", "KTG JLN": "JRB", "PJG JLN": 1.351, "LBR JLN": 12.9, "JENIS SRT": "SRT1", "CON OF RD": "C1", "TARIKH": null, "NORTHING_2": 1.553103, "EASTING": 110.337785, "CATATAN_2": null, "NORTH AKK": 1.553661, "EAST AKHR": 110.325951, "Road_type": "Main road" }, "geometry": { "type": "MultiPolygon", "coordinates": [ [ [ [ 110.3291229043936, 1.553421229284188 ], [ 110.329113149656791, 1.553401961048894 ], [ 110.328967884918299, 1.553413584281466 ], [ 110.328920160158503, 1.5534165178557 ], [ 110.328917778145978, 1.553421222171177 ], [ 110.328912498870281, 1.553454758861197 ], [ 110.328917775847316, 1.553488295917341 ], [ 110.328933092530079, 1.553518550499092 ], [ 110.328956949615204, 1.553542561077225 ], [ 110.328987011805182, 1.55355797732905 ], [ 110.329020336403346, 1.553563290204331 ], [ 110.329053661365649, 1.55355797964163 ], [ 110.329083724612275, 1.553542565475702 ], [ 110.329107583342889, 1.553518556552417 ], [ 110.329122902098547, 1.553488303032494 ], [ 110.329128181372766, 1.553454766341388 ], [ 110.3291229043936, 1.553421229284188 ] ] ] ] } },
{ "type": "Feature", "properties": { "fid_1": 226.0, "Lokasi": "Jalan_Satok", "Pemilik": "Dbku", "Tarikh_Dit": null, "Jenis_Poko": "TB2_Bucida", "Tinggi_Pok": 5.0, "Silara_Pok": 0.0, "Catatan": null, "Ukur_Lilit": 14, "Northing": null, "Easthing": null, "Ln_TAGB_": 4.594, "TAGB": 98.889, "CO2_Stock": 49.444, "NAMA JALAN": "JALAN SATOK", "KTG JLN": "JRB", "PJG JLN": 1.351, "LBR JLN": 12.9, "JENIS SRT": "SRT1", "CON OF RD": "C1", "TARIKH": null, "NORTHING_2": 1.553103, "EASTING": 110.337785, "CATATAN_2": null, "NORTH AKK": 1.553661, "EAST AKHR": 110.325951, "Road_type": "Main road" }, "geometry": { "type": "MultiPolygon", "coordinates": [ [ [ [ 110.329045160468894, 1.553427352962677 ], [ 110.329035452896491, 1.553408177888787 ], [ 110.328967884918299, 1.553413584281466 ], [ 110.328843119079124, 1.553421253461781 ], [ 110.328840034223418, 1.553427345845218 ], [ 110.328834754947081, 1.553460882534673 ], [ 110.328840031923349, 1.553494419590474 ], [ 110.328855348605273, 1.553524674172143 ], [ 110.32887920568966, 1.553548684750487 ], [ 110.328909267878998, 1.553564101002758 ], [ 110.328942592476693, 1.553569413878676 ], [ 110.32897591743874, 1.553564103316773 ], [ 110.329005980685395, 1.553548689151704 ], [ 110.329029839416265, 1.553524680229265 ], [ 110.32904515817242, 1.553494426710075 ], [ 110.329050437447293, 1.553460890019522 ], [ 110.329045160468894, 1.553427352962677 ] ] ] ] } },
{ "type": "Feature", "properties": { "fid_1": 227.0, "Lokasi": "Jalan_Satok", "Pemilik": "Dbku", "Tarikh_Dit": null, "Jenis_Poko": "TB2_Bucida", "Tinggi_Pok": 5.0, "Silara_Pok": 0.0, "Catatan": null, "Ukur_Lilit": 10, "Northing": null, "Easthing": null, "Ln_TAGB_": 3.855, "TAGB": 47.229, "CO2_Stock": 23.614, "NAMA JALAN": "JALAN SATOK", "KTG JLN": "JRB", "PJG JLN": 1.351, "LBR JLN": 12.9, "JENIS SRT": "SRT1", "CON OF RD": "C1", "TARIKH": null, "NORTHING_2": 1.553103, "EASTING": 110.337785, "CATATAN_2": null, "NORTH AKK": 1.553661, "EAST AKHR": 110.325951, "Road_type": "Main road" }, "geometry": { "type": "MultiPolygon", "coordinates": [ [ [ [ 110.328964487833957, 1.553429216700623 ], [ 110.328956915135919, 1.553414258578685 ], [ 110.328760828910987, 1.553426311720066 ], [ 110.328759361590969, 1.553429209578706 ], [ 110.328754082313978, 1.553462746267587 ], [ 110.328759359289435, 1.553496283323106 ], [ 110.32877467597055, 1.553526537904708 ], [ 110.328798533054126, 1.553550548483251 ], [ 110.328828595242769, 1.553565964735973 ], [ 110.328861919839952, 1.553571277612554 ], [ 110.328895244801714, 1.553565967051447 ], [ 110.328925308048326, 1.553550552887225 ], [ 110.328949166779438, 1.55352654396562 ], [ 110.328964485536062, 1.553496290447155 ], [ 110.328969764811589, 1.55346275375715 ], [ 110.328964487833957, 1.553429216700623 ] ] ] ] } },
{ "type": "Feature", "properties": { "fid_1": 228.0, "Lokasi": "Jalan_Satok", "Pemilik": "Dbku", "Tarikh_Dit": null, "Jenis_Poko": "TB2_Bucida", "Tinggi_Pok": 5.0, "Silara_Pok": 0.0, "Catatan": null, "Ukur_Lilit": 12, "Northing": null, "Easthing": null, "Ln_TAGB_": 4.256, "TAGB": 70.527, "CO2_Stock": 35.264, "NAMA JALAN": "JALAN SATOK", "KTG JLN": "JRB", "PJG JLN": 1.351, "LBR JLN": 12.9, "JENIS SRT": "SRT1", "CON OF RD": "C1", "TARIKH": null, "NORTHING_2": 1.553103, "EASTING": 110.337785, "CATATAN_2": null, "NORTH AKK": 1.553661, "EAST AKHR": 110.325951, "Road_type": "Main road" }, "geometry": { "type": "MultiPolygon", "coordinates": [ [ [ [ 110.32875553636535, 1.553442621828046 ], [ 110.328747688140481, 1.553427119464172 ], [ 110.328552170727178, 1.553439137630132 ], [ 110.328550410128315, 1.553442614694276 ], [ 110.328545130849562, 1.553476151381684 ], [ 110.328550407822974, 1.553509688436305 ], [ 110.3285657245019, 1.553539943017723 ], [ 110.328589581583415, 1.553563953596792 ], [ 110.32861964377031, 1.553579369850707 ], [ 110.328652968366242, 1.553584682729018 ], [ 110.328686293327337, 1.553579372170046 ], [ 110.328716356573949, 1.553563958008091 ], [ 110.328740215305729, 1.553539949088716 ], [ 110.328755534063617, 1.553509695572196 ], [ 110.328760813340921, 1.553476158883679 ], [ 110.32875553636535, 1.553442621828046 ] ] ] ] } },
{ "type": "Feature", "properties": { "fid_1": 229.0, "Lokasi": "Jalan_Satok", "Pemilik": "Dbku", "Tarikh_Dit": null, "Jenis_Poko": "TB2_Bucida", "Tinggi_Pok": 5.0, "Silara_Pok": 0.0, "Catatan": null, "Ukur_Lilit": 12, "Northing": null, "Easthing": null, "Ln_TAGB_": 4.256, "TAGB": 70.527, "CO2_Stock": 35.264, "NAMA JALAN": "JALAN SATOK", "KTG JLN": "JRB", "PJG JLN": 1.351, "LBR JLN": 12.9, "JENIS SRT": "SRT1", "CON OF RD": "C1", "TARIKH": null, "NORTHING_2": 1.553103, "EASTING": 110.337785, "CATATAN_2": null, "NORTH AKK": 1.553661, "EAST AKHR": 110.325951, "Road_type": "Main road" }, "geometry": { "type": "MultiPolygon", "coordinates": [ [ [ [ 110.32871426818609, 1.553445550544514 ], [ 110.328706227486208, 1.553429667990109 ], [ 110.32851110742449, 1.553441661729196 ], [ 110.328509141950192, 1.553445543408404 ], [ 110.328503862671084, 1.553479080095516 ], [ 110.328509139644083, 1.553512617149959 ], [ 110.328524456322612, 1.553542871731346 ], [ 110.328548313403701, 1.553566882310509 ], [ 110.328578375590254, 1.553582298564679 ], [ 110.328611700185917, 1.553587611443334 ], [ 110.328645025146912, 1.553582300884754 ], [ 110.32867508839351, 1.553566886723266 ], [ 110.328698947125446, 1.553542877804321 ], [ 110.328714265883605, 1.553512624288206 ], [ 110.328719545161235, 1.553479087599969 ], [ 110.32871426818609, 1.553445550544514 ] ] ] ] } },
{ "type": "Feature", "properties": { "fid_1": 230.0, "Lokasi": "Jalan_Satok", "Pemilik": "Dbku", "Tarikh_Dit": null, "Jenis_Poko": "TB2_Bucida", "Tinggi_Pok": 5.0, "Silara_Pok": 0.0, "Catatan": null, "Ukur_Lilit": 12, "Northing": null, "Easthing": null, "Ln_TAGB_": 4.256, "TAGB": 70.527, "CO2_Stock": 35.264, "NAMA JALAN": "JALAN SATOK", "KTG JLN": "JRB", "PJG JLN": 1.351, "LBR JLN": 12.9, "JENIS SRT": "SRT1", "CON OF RD": "C1", "TARIKH": null, "NORTHING_2": 1.553103, "EASTING": 110.337785, "CATATAN_2": null, "NORTH AKK": 1.553661, "EAST AKHR": 110.325951, "Road_type": "Main road" }, "geometry": { "type": "MultiPolygon", "coordinates": [ [ [ [ 110.328555052887879, 1.553455667931602 ], [ 110.328546849841317, 1.553439464696943 ], [ 110.328352064937718, 1.553451437825745 ], [ 110.328349926656514, 1.553455660786474 ], [ 110.328344647376085, 1.553489197472446 ], [ 110.328349924347506, 1.553522734526213 ], [ 110.328365241024343, 1.553552989107471 ], [ 110.328389098103898, 1.553576999687039 ], [ 110.328419160289101, 1.553592415942088 ], [ 110.328452484883812, 1.553597728822077 ], [ 110.328485809844281, 1.553592418265101 ], [ 110.328515873090907, 1.553577004105356 ], [ 110.328539731823355, 1.553552995188095 ], [ 110.32855505058248, 1.553522741673486 ], [ 110.328560329861446, 1.553489204986397 ], [ 110.328555052887879, 1.553455667931602 ] ] ] ] } },
{ "type": "Feature", "properties": { "fid_1": 231.0, "Lokasi": "Jalan_Satok", "Pemilik": "Dbku", "Tarikh_Dit": null, "Jenis_Poko": "TB2_Bucida", "Tinggi_Pok": 6.0, "Silara_Pok": 0.0, "Catatan": null, "Ukur_Lilit": 12, "Northing": null, "Easthing": null, "Ln_TAGB_": 4.256, "TAGB": 70.527, "CO2_Stock": 35.264, "NAMA JALAN": "JALAN SATOK", "KTG JLN": "JRB", "PJG JLN": 1.351, "LBR JLN": 12.9, "JENIS SRT": "SRT1", "CON OF RD": "C1", "TARIKH": null, "NORTHING_2": 1.553103, "EASTING": 110.337785, "CATATAN_2": null, "NORTH AKK": 1.553661, "EAST AKHR": 110.325951, "Road_type": "Main road" }, "geometry": { "type": "MultiPolygon", "coordinates": [ [ [ [ 110.328507128550541, 1.553458330402886 ], [ 110.328499064631103, 1.553442401981399 ], [ 110.328303992511721, 1.553454392762301 ], [ 110.328302002320569, 1.553458323255069 ], [ 110.328296723039728, 1.553491859940693 ], [ 110.32830200001068, 1.553525396994259 ], [ 110.328317316687048, 1.553555651575474 ], [ 110.32834117376612, 1.553579662155168 ], [ 110.328371235950911, 1.553595078410502 ], [ 110.328404560545323, 1.553600391290866 ], [ 110.32843788550565, 1.553595080734397 ], [ 110.328467948752262, 1.553579666575164 ], [ 110.328491807484866, 1.553555657658404 ], [ 110.328507126244276, 1.553525404144233 ], [ 110.328512405523654, 1.553491867457482 ], [ 110.328507128550541, 1.553458330402886 ] ] ] ] } },
{ "type": "Feature", "properties": { "fid_1": 232.0, "Lokasi": "Jalan_Satok", "Pemilik": "Dbku", "Tarikh_Dit": null, "Jenis_Poko": "TB2_Bucida", "Tinggi_Pok": 6.0, "Silara_Pok": 0.0, "Catatan": null, "Ukur_Lilit": 16, "Northing": null, "Easthing": null, "Ln_TAGB_": 4.888, "TAGB": 132.688, "CO2_Stock": 66.344, "NAMA JALAN": "JALAN SATOK", "KTG JLN": "JRB", "PJG JLN": 1.351, "LBR JLN": 12.9, "JENIS SRT": "SRT1", "CON OF RD": "C1", "TARIKH": null, "NORTHING_2": 1.553103, "EASTING": 110.337785, "CATATAN_2": null, "NORTH AKK": 1.553661, "EAST AKHR": 110.325951, "Road_type": "Main road" }, "geometry": { "type": "MultiPolygon", "coordinates": [ [ [ [ 110.328446424389796, 1.55346099287639 ], [ 110.328438885289174, 1.553446101113427 ], [ 110.328242729722831, 1.553458158488825 ], [ 110.328241298161615, 1.553460985725169 ], [ 110.328236018880276, 1.553494522410377 ], [ 110.328241295850631, 1.553528059463688 ], [ 110.32825661252636, 1.553558314044855 ], [ 110.328280469604834, 1.553582324624714 ], [ 110.328310531789114, 1.55359774088039 ], [ 110.328343856383157, 1.553603053761259 ], [ 110.328377181343271, 1.553597743205363 ], [ 110.328407244589883, 1.553582329046802 ], [ 110.328431103322643, 1.553558320130695 ], [ 110.328446422082436, 1.553528066617059 ], [ 110.328451701362312, 1.553494529930742 ], [ 110.328446424389796, 1.55346099287639 ] ] ] ] } },
{ "type": "Feature", "properties": { "fid_1": 233.0, "Lokasi": "Jalan_Satok", "Pemilik": "Dbku", "Tarikh_Dit": null, "Jenis_Poko": "TB2_Bucida", "Tinggi_Pok": 4.0, "Silara_Pok": 0.0, "Catatan": null, "Ukur_Lilit": 15, "Northing": null, "Easthing": null, "Ln_TAGB_": 4.746, "TAGB": 115.123, "CO2_Stock": 57.562, "NAMA JALAN": "JALAN SATOK", "KTG JLN": "JRB", "PJG JLN": 1.351, "LBR JLN": 12.9, "JENIS SRT": "SRT1", "CON OF RD": "C1", "TARIKH": null, "NORTHING_2": 1.553103, "EASTING": 110.337785, "CATATAN_2": null, "NORTH AKK": 1.553661, "EAST AKHR": 110.325951, "Road_type": "Main road" }, "geometry": { "type": "MultiPolygon", "coordinates": [ [ [ [ 110.328242745956345, 1.55347350648785 ], [ 110.328235209892213, 1.553458620720815 ], [ 110.328213917359292, 1.553459929538776 ], [ 110.328209762893678, 1.553460266112491 ], [ 110.328036965813311, 1.553477653360983 ], [ 110.328032340450918, 1.553507036008877 ], [ 110.32803761741927, 1.553540573061354 ], [ 110.328052934092909, 1.55357082764232 ], [ 110.328076791169352, 1.553594838222677 ], [ 110.32810685335194, 1.553610254479508 ], [ 110.328140177944732, 1.55361556736207 ], [ 110.328173502904207, 1.553610256808247 ], [ 110.32820356615079, 1.553594842651888 ], [ 110.328227424884219, 1.553570833737941 ], [ 110.328242743645248, 1.553540580226214 ], [ 110.328248022926843, 1.553507043541348 ], [ 110.328242745956345, 1.55347350648785 ] ] ] ] } },
{ "type": "Feature", "properties": { "fid_1": 234.0, "Lokasi": "Jalan_Satok", "Pemilik": "Dbku", "Tarikh_Dit": null, "Jenis_Poko": "TB2_Bucida", "Tinggi_Pok": 4.0, "Silara_Pok": 0.0, "Catatan": null, "Ukur_Lilit": 12, "Northing": null, "Easthing": null, "Ln_TAGB_": 4.256, "TAGB": 70.527, "CO2_Stock": 35.264, "NAMA JALAN": "JALAN SATOK", "KTG JLN": "JRB", "PJG JLN": 1.351, "LBR JLN": 12.9, "JENIS SRT": "SRT1", "CON OF RD": "C1", "TARIKH": null, "NORTHING_2": 1.553103, "EASTING": 110.337785, "CATATAN_2": null, "NORTH AKK": 1.553661, "EAST AKHR": 110.325951, "Road_type": "Main road" }, "geometry": { "type": "MultiPolygon", "coordinates": [ [ [ [ 110.328096842973963, 1.553482558887383 ], [ 110.328091577526948, 1.553472158202899 ], [ 110.327994929388041, 1.553481883163616 ], [ 110.327990721748648, 1.553482390758012 ], [ 110.327889499430555, 1.553496637287455 ], [ 110.327886437471506, 1.553516088399108 ], [ 110.327891714438422, 1.553549625450967 ], [ 110.327907031110527, 1.553579880031816 ], [ 110.327930888185548, 1.553603890612531 ], [ 110.327960950366915, 1.553619306870194 ], [ 110.327994274958797, 1.55362461975398 ], [ 110.328027599917803, 1.553619309201617 ], [ 110.328057663164415, 1.553603895046855 ], [ 110.328081521898298, 1.553579886134458 ], [ 110.328096840660223, 1.553549632624095 ], [ 110.328102119943026, 1.553516095940256 ], [ 110.328096842973963, 1.553482558887383 ] ] ] ] } },
{ "type": "Feature", "properties": { "fid_1": 235.0, "Lokasi": "Jalan_Satok", "Pemilik": "Dbku", "Tarikh_Dit": null, "Jenis_Poko": "TB2_Bucida", "Tinggi_Pok": 4.0, "Silara_Pok": 0.0, "Catatan": null, "Ukur_Lilit": 11, "Northing": null, "Easthing": null, "Ln_TAGB_": 4.065, "TAGB": 58.265, "CO2_Stock": 29.133, "NAMA JALAN": "JALAN SATOK", "KTG JLN": "JRB", "PJG JLN": 1.351, "LBR JLN": 12.9, "JENIS SRT": "SRT1", "CON OF RD": "C1", "TARIKH": null, "NORTHING_2": 1.553103, "EASTING": 110.337785, "CATATAN_2": null, "NORTH AKK": 1.553661, "EAST AKHR": 110.325951, "Road_type": "Main road" }, "geometry": { "type": "MultiPolygon", "coordinates": [ [ [ [ 110.327828102110672, 1.553505278648278 ], [ 110.327630954374285, 1.55353302618275 ], [ 110.327617307496567, 1.553536335162918 ], [ 110.327621507299838, 1.55356302645896 ], [ 110.327636823969144, 1.553593281039591 ], [ 110.327660681041507, 1.553617291621004 ], [ 110.327690743220558, 1.553632707880202 ], [ 110.327724067810806, 1.553638020766188 ], [ 110.327757392768902, 1.553632710216531 ], [ 110.327787456015486, 1.553617296064674 ], [ 110.327811314750207, 1.553593287155137 ], [ 110.327826633513752, 1.553563033647265 ], [ 110.3278319127988, 1.553529496965325 ], [ 110.327828102110672, 1.553505278648278 ] ] ] ] } },
{ "type": "Feature", "properties": { "fid_1": 236.0, "Lokasi": "Jalan_Satok", "Pemilik": "Dbku", "Tarikh_Dit": null, "Jenis_Poko": "TB2_Bucida", "Tinggi_Pok": 4.0, "Silara_Pok": 0.0, "Catatan": null, "Ukur_Lilit": 14, "Northing": null, "Easthing": null, "Ln_TAGB_": 4.594, "TAGB": 98.889, "CO2_Stock": 49.444, "NAMA JALAN": "JALAN SATOK", "KTG JLN": "JRB", "PJG JLN": 1.351, "LBR JLN": 12.9, "JENIS SRT": "SRT1", "CON OF RD": "C1", "TARIKH": null, "NORTHING_2": 1.553103, "EASTING": 110.337785, "CATATAN_2": null, "NORTH AKK": 1.553661, "EAST AKHR": 110.325951, "Road_type": "Main road" }, "geometry": { "type": "MultiPolygon", "coordinates": [ [ [ [ 110.327329470618864, 1.553642052562522 ], [ 110.327359532795185, 1.553657468823594 ], [ 110.327392857383444, 1.553662781712367 ], [ 110.327426182340517, 1.553657471166073 ], [ 110.327456245587143, 1.55364205701786 ], [ 110.327480104322973, 1.553618048111875 ], [ 110.327495423088578, 1.553587794607138 ], [ 110.32749702710899, 1.553577605066496 ], [ 110.327325079553518, 1.553637633242003 ], [ 110.327329470618864, 1.553642052562522 ] ] ] ] } },
{ "type": "Feature", "properties": { "fid_1": 237.0, "Lokasi": "Jalan_Satok", "Pemilik": "Dbku", "Tarikh_Dit": null, "Jenis_Poko": "TB2_Bucida", "Tinggi_Pok": 4.0, "Silara_Pok": 0.0, "Catatan": null, "Ukur_Lilit": 14, "Northing": null, "Easthing": null, "Ln_TAGB_": 4.594, "TAGB": 98.889, "CO2_Stock": 49.444, "NAMA JALAN": "JALAN SATOK", "KTG JLN": "JRB", "PJG JLN": 1.351, "LBR JLN": 12.9, "JENIS SRT": "SRT1", "CON OF RD": "C1", "TARIKH": null, "NORTHING_2": 1.553103, "EASTING": 110.337785, "CATATAN_2": null, "NORTH AKK": 1.553661, "EAST AKHR": 110.325951, "Road_type": "Main road" }, "geometry": { "type": "MultiPolygon", "coordinates": [ [ [ [ 110.327262396683565, 1.553664911698537 ], [ 110.327295721640184, 1.553659601153518 ], [ 110.327325784886753, 1.553644187006687 ], [ 110.327336132026375, 1.553633774741576 ], [ 110.327251787007043, 1.553663220213484 ], [ 110.327262396683565, 1.553664911698537 ] ] ] ] } },
{ "type": "Feature", "properties": { "fid_1": 250.0, "Lokasi": "Jalan_Satok", "Pemilik": "Dbku", "Tarikh_Dit": null, "Jenis_Poko": "TB2_Bucida", "Tinggi_Pok": 4.0, "Silara_Pok": 0.0, "Catatan": null, "Ukur_Lilit": 10, "Northing": null, "Easthing": null, "Ln_TAGB_": 3.855, "TAGB": 47.229, "CO2_Stock": 23.614, "NAMA JALAN": "JALAN SATOK", "KTG JLN": "JRB", "PJG JLN": 1.351, "LBR JLN": 12.9, "JENIS SRT": "SRT1", "CON OF RD": "C1", "TARIKH": null, "NORTHING_2": 1.553103, "EASTING": 110.337785, "CATATAN_2": null, "NORTH AKK": 1.553661, "EAST AKHR": 110.325951, "Road_type": "Main road" }, "geometry": { "type": "MultiPolygon", "coordinates": [ [ [ [ 110.336207255236317, 1.553149261958989 ], [ 110.336191938478095, 1.553119007371312 ], [ 110.33616808132156, 1.553094996811645 ], [ 110.336138019071555, 1.55307958060086 ], [ 110.336104694430503, 1.553074267784929 ], [ 110.336071369446273, 1.553079578419157 ], [ 110.336041306200229, 1.553094992661515 ], [ 110.336017447492011, 1.553119001658483 ], [ 110.336002128778119, 1.553149255242201 ], [ 110.335996849560985, 1.553182791981207 ], [ 110.336001378303607, 1.553211573389144 ], [ 110.336079769613391, 1.553199640718921 ], [ 110.336210564561256, 1.553195299204138 ], [ 110.336212532284875, 1.553182799044766 ], [ 110.336207255236317, 1.553149261958989 ] ] ] ] } },
{ "type": "Feature", "properties": { "fid_1": 251.0, "Lokasi": "Jalan_Satok", "Pemilik": "Dbku", "Tarikh_Dit": null, "Jenis_Poko": "TB2_Bucida", "Tinggi_Pok": 4.0, "Silara_Pok": 0.0, "Catatan": null, "Ukur_Lilit": 10, "Northing": null, "Easthing": null, "Ln_TAGB_": 3.855, "TAGB": 47.229, "CO2_Stock": 23.614, "NAMA JALAN": "JALAN SATOK", "KTG JLN": "JRB", "PJG JLN": 1.351, "LBR JLN": 12.9, "JENIS SRT": "SRT1", "CON OF RD": "C1", "TARIKH": null, "NORTHING_2": 1.553103, "EASTING": 110.337785, "CATATAN_2": null, "NORTH AKK": 1.553661, "EAST AKHR": 110.325951, "Road_type": "Main road" }, "geometry": { "type": "MultiPolygon", "coordinates": [ [ [ [ 110.336118269800124, 1.55315399524194 ], [ 110.33610295304284, 1.553123740654323 ], [ 110.336079095887172, 1.553099730094435 ], [ 110.336049033637892, 1.553084313883142 ], [ 110.336015708997408, 1.553079001066467 ], [ 110.335982384013477, 1.553084311699796 ], [ 110.335952320767419, 1.553099725941187 ], [ 110.335928462058916, 1.553123734937222 ], [ 110.335913143344484, 1.553153988520123 ], [ 110.335907864126611, 1.553187525258518 ], [ 110.335913141172128, 1.553221062342915 ], [ 110.335914994274404, 1.553224722703297 ], [ 110.336079769613391, 1.553199640718921 ], [ 110.336121860726735, 1.553198243576844 ], [ 110.336123546847801, 1.553187532327346 ], [ 110.336118269800124, 1.55315399524194 ] ] ] ] } },
{ "type": "Feature", "properties": { "fid_1": 252.0, "Lokasi": "Jalan_Satok", "Pemilik": "Dbku", "Tarikh_Dit": null, "Jenis_Poko": "TB2_Bucida", "Tinggi_Pok": 4.0, "Silara_Pok": 0.0, "Catatan": null, "Ukur_Lilit": 14, "Northing": null, "Easthing": null, "Ln_TAGB_": 4.594, "TAGB": 98.889, "CO2_Stock": 49.444, "NAMA JALAN": "JALAN SATOK", "KTG JLN": "JRB", "PJG JLN": 1.351, "LBR JLN": 12.9, "JENIS SRT": "SRT1", "CON OF RD": "C1", "TARIKH": null, "NORTHING_2": 1.553103, "EASTING": 110.337785, "CATATAN_2": null, "NORTH AKK": 1.553661, "EAST AKHR": 110.325951, "Road_type": "Main road" }, "geometry": { "type": "MultiPolygon", "coordinates": [ [ [ [ 110.336034964285133, 1.553156835216807 ], [ 110.33601964752873, 1.553126580629263 ], [ 110.335995790373872, 1.553102570069139 ], [ 110.335965728125316, 1.553087153857368 ], [ 110.335932403485344, 1.553081841040025 ], [ 110.335899078501697, 1.553087151672525 ], [ 110.335869015255653, 1.553102565913032 ], [ 110.335845156546924, 1.553126574908199 ], [ 110.335829837831994, 1.55315682849034 ], [ 110.335824558613425, 1.553190365228146 ], [ 110.335829835658132, 1.553223902312218 ], [ 110.335833206919887, 1.553230561433993 ], [ 110.335898984267857, 1.553226697435386 ], [ 110.335908828300205, 1.55322566128333 ], [ 110.336037776097655, 1.553206032942666 ], [ 110.336040241332, 1.553190372301877 ], [ 110.336034964285133, 1.553156835216807 ] ] ] ] } },
{ "type": "Feature", "properties": { "fid_1": 253.0, "Lokasi": "Jalan_Satok", "Pemilik": "Dbku", "Tarikh_Dit": null, "Jenis_Poko": "TB2_Bucida", "Tinggi_Pok": 4.0, "Silara_Pok": 0.0, "Catatan": null, "Ukur_Lilit": 11, "Northing": null, "Easthing": null, "Ln_TAGB_": 4.065, "TAGB": 58.265, "CO2_Stock": 29.133, "NAMA JALAN": "JALAN SATOK", "KTG JLN": "JRB", "PJG JLN": 1.351, "LBR JLN": 12.9, "JENIS SRT": "SRT1", "CON OF RD": "C1", "TARIKH": null, "NORTHING_2": 1.553103, "EASTING": 110.337785, "CATATAN_2": null, "NORTH AKK": 1.553661, "EAST AKHR": 110.325951, "Road_type": "Main road" }, "geometry": { "type": "MultiPolygon", "coordinates": [ [ [ [ 110.335942192234612, 1.553161568500405 ], [ 110.335926875479146, 1.553131313912938 ], [ 110.335903018325226, 1.553107303352581 ], [ 110.335872956077452, 1.553091887140279 ], [ 110.335839631438049, 1.553086574322154 ], [ 110.335806306454714, 1.553091884953732 ], [ 110.33577624320867, 1.553107299193235 ], [ 110.335752384499656, 1.553131308187427 ], [ 110.335737065784159, 1.553161561768706 ], [ 110.335731786564807, 1.553195098505873 ], [ 110.335737063608605, 1.553228635589565 ], [ 110.335740787123711, 1.553235990504039 ], [ 110.335898984267857, 1.553226697435386 ], [ 110.335908828300205, 1.55322566128333 ], [ 110.335943489877778, 1.553220385123515 ], [ 110.335947469280569, 1.55319510558511 ], [ 110.335942192234612, 1.553161568500405 ] ] ] ] } },
{ "type": "Feature", "properties": { "fid_1": 254.0, "Lokasi": "Jalan_Satok", "Pemilik": "Dbku", "Tarikh_Dit": null, "Jenis_Poko": "TB2_Bucida", "Tinggi_Pok": 4.0, "Silara_Pok": 0.0, "Catatan": null, "Ukur_Lilit": 10, "Northing": null, "Easthing": null, "Ln_TAGB_": 3.855, "TAGB": 47.229, "CO2_Stock": 23.614, "NAMA JALAN": "JALAN SATOK", "KTG JLN": "JRB", "PJG JLN": 1.351, "LBR JLN": 12.9, "JENIS SRT": "SRT1", "CON OF RD": "C1", "TARIKH": null, "NORTHING_2": 1.553103, "EASTING": 110.337785, "CATATAN_2": null, "NORTH AKK": 1.553661, "EAST AKHR": 110.325951, "Road_type": "Main road" }, "geometry": { "type": "MultiPolygon", "coordinates": [ [ [ [ 110.335852260145955, 1.553172928358492 ], [ 110.335836943391428, 1.553142673771121 ], [ 110.335813086238389, 1.553118663210556 ], [ 110.335783023991311, 1.553103246997721 ], [ 110.335749699352434, 1.553097934178826 ], [ 110.335716374369298, 1.553103244809467 ], [ 110.335686311123197, 1.553118659047933 ], [ 110.335662452413828, 1.553142668041109 ], [ 110.335647133697734, 1.553172921621506 ], [ 110.335641854477586, 1.553206458357987 ], [ 110.33564713152046, 1.553239995441263 ], [ 110.335647867372302, 1.553241448940842 ], [ 110.335853935780307, 1.553229343746106 ], [ 110.335857537191004, 1.553206465442784 ], [ 110.335852260145955, 1.553172928358492 ] ] ] ] } },
{ "type": "Feature", "properties": { "fid_1": 255.0, "Lokasi": "Jalan_Satok", "Pemilik": "Dbku", "Tarikh_Dit": null, "Jenis_Poko": "TB2_Bucida", "Tinggi_Pok": 6.0, "Silara_Pok": 0.0, "Catatan": null, "Ukur_Lilit": 14, "Northing": null, "Easthing": null, "Ln_TAGB_": 4.594, "TAGB": 98.889, "CO2_Stock": 49.444, "NAMA JALAN": "JALAN SATOK", "KTG JLN": "JRB", "PJG JLN": 1.351, "LBR JLN": 12.9, "JENIS SRT": "SRT1", "CON OF RD": "C1", "TARIKH": null, "NORTHING_2": 1.553103, "EASTING": 110.337785, "CATATAN_2": null, "NORTH AKK": 1.553661, "EAST AKHR": 110.325951, "Road_type": "Main road" }, "geometry": { "type": "MultiPolygon", "coordinates": [ [ [ [ 110.335768007977336, 1.553175768333539 ], [ 110.335752691223689, 1.553145513746224 ], [ 110.335728834071489, 1.553121503185439 ], [ 110.33569877182515, 1.553106086972114 ], [ 110.33566544718677, 1.55310077415254 ], [ 110.335632122203947, 1.553106084782325 ], [ 110.335602058957875, 1.55312149901989 ], [ 110.335578200248236, 1.553145508012214 ], [ 110.335562881531629, 1.553175761591833 ], [ 110.335557602310814, 1.553209298327734 ], [ 110.335562879352878, 1.553242835410666 ], [ 110.335564652223141, 1.55324633729275 ], [ 110.335769348473647, 1.553234312708232 ], [ 110.33577328502156, 1.553209305417494 ], [ 110.335768007977336, 1.553175768333539 ] ] ] ] } },
{ "type": "Feature", "properties": { "fid_1": 256.0, "Lokasi": "Jalan_Satok", "Pemilik": "Dbku", "Tarikh_Dit": null, "Jenis_Poko": "TB2_Bucida", "Tinggi_Pok": 4.0, "Silara_Pok": 0.0, "Catatan": null, "Ukur_Lilit": 15, "Northing": null, "Easthing": null, "Ln_TAGB_": 4.746, "TAGB": 115.123, "CO2_Stock": 57.562, "NAMA JALAN": "JALAN SATOK", "KTG JLN": "JRB", "PJG JLN": 1.351, "LBR JLN": 12.9, "JENIS SRT": "SRT1", "CON OF RD": "C1", "TARIKH": null, "NORTHING_2": 1.553103, "EASTING": 110.337785, "CATATAN_2": null, "NORTH AKK": 1.553661, "EAST AKHR": 110.325951, "Road_type": "Main road" }, "geometry": { "type": "MultiPolygon", "coordinates": [ [ [ [ 110.335679022540333, 1.553175768348683 ], [ 110.335663705787624, 1.553145513761428 ], [ 110.335639848636305, 1.553121503200392 ], [ 110.335609786390734, 1.553106086986591 ], [ 110.33557646175295, 1.553100774166266 ], [ 110.335543136770454, 1.553106084795197 ], [ 110.33551307352441, 1.553121499031839 ], [ 110.335489214814558, 1.553145508023258 ], [ 110.335473896097469, 1.553175761602103 ], [ 110.335468616875914, 1.553209298337416 ], [ 110.335473893917126, 1.553242835420016 ], [ 110.335486706554249, 1.55326814372785 ], [ 110.335520540243948, 1.553260941010577 ], [ 110.335541935654561, 1.553253974518864 ], [ 110.335558200910754, 1.553246716265551 ], [ 110.335679532493018, 1.553239588819256 ], [ 110.335684299583718, 1.553209305432292 ], [ 110.335679022540333, 1.553175768348683 ] ] ] ] } },
{ "type": "Feature", "properties": { "fid_1": 257.0, "Lokasi": "Jalan_Satok", "Pemilik": "Dbku", "Tarikh_Dit": null, "Jenis_Poko": "TB2_Bucida", "Tinggi_Pok": 4.0, "Silara_Pok": 0.0, "Catatan": null, "Ukur_Lilit": 14, "Northing": null, "Easthing": null, "Ln_TAGB_": 4.594, "TAGB": 98.889, "CO2_Stock": 49.444, "NAMA JALAN": "JALAN SATOK", "KTG JLN": "JRB", "PJG JLN": 1.351, "LBR JLN": 12.9, "JENIS SRT": "SRT1", "CON OF RD": "C1", "TARIKH": null, "NORTHING_2": 1.553103, "EASTING": 110.337785, "CATATAN_2": null, "NORTH AKK": 1.553661, "EAST AKHR": 110.325951, "Road_type": "Main road" }, "geometry": { "type": "MultiPolygon", "coordinates": [ [ [ [ 110.335587197143866, 1.55318334159283 ], [ 110.335571880392109, 1.553153087005633 ], [ 110.335548023241685, 1.553129076444382 ], [ 110.335517960996881, 1.553113660230029 ], [ 110.335484636359624, 1.553108347408967 ], [ 110.335451311377412, 1.553113658036946 ], [ 110.335421248131354, 1.553129072272578 ], [ 110.335397389421175, 1.553153081263002 ], [ 110.335382070703503, 1.553183334840974 ], [ 110.335376791481181, 1.553216871575609 ], [ 110.335382068521454, 1.553250408657819 ], [ 110.335394508546599, 1.553274980961036 ], [ 110.335468856695968, 1.55327068056288 ], [ 110.335484987474004, 1.553268509695892 ], [ 110.335520540243948, 1.553260941010577 ], [ 110.335541935654561, 1.553253974518864 ], [ 110.335558200910754, 1.553246716265551 ], [ 110.335588053320947, 1.55324496262976 ], [ 110.335592474186328, 1.553216878676049 ], [ 110.335587197143866, 1.55318334159283 ] ] ] ] } },
{ "type": "Feature", "properties": { "fid_1": 258.0, "Lokasi": "Jalan_Satok", "Pemilik": "Dbku", "Tarikh_Dit": null, "Jenis_Poko": "TB2_Bucida", "Tinggi_Pok": 6.0, "Silara_Pok": 0.0, "Catatan": null, "Ukur_Lilit": 14, "Northing": null, "Easthing": null, "Ln_TAGB_": 4.594, "TAGB": 98.889, "CO2_Stock": 49.444, "NAMA JALAN": "JALAN SATOK", "KTG JLN": "JRB", "PJG JLN": 1.351, "LBR JLN": 12.9, "JENIS SRT": "SRT1", "CON OF RD": "C1", "TARIKH": null, "NORTHING_2": 1.553103, "EASTING": 110.337785, "CATATAN_2": null, "NORTH AKK": 1.553661, "EAST AKHR": 110.325951, "Road_type": "Main road" }, "geometry": { "type": "MultiPolygon", "coordinates": [ [ [ [ 110.335496629917799, 1.553191932421885 ], [ 110.335481313166966, 1.5531616778348 ], [ 110.335457456017437, 1.553137667273301 ], [ 110.335427393773372, 1.553122251058441 ], [ 110.33539406913664, 1.553116938236588 ], [ 110.33536074415467, 1.553122248863648 ], [ 110.335330680908612, 1.553137663098275 ], [ 110.335306822198106, 1.553161672087699 ], [ 110.335291503479837, 1.553191925664805 ], [ 110.33528622425672, 1.553225462398771 ], [ 110.335291501296084, 1.553258999480587 ], [ 110.335302292464931, 1.553280314862605 ], [ 110.335468856695968, 1.55327068056288 ], [ 110.335484987474004, 1.553268509695892 ], [ 110.335492640686383, 1.5532668804345 ], [ 110.335496627737683, 1.553259006239794 ], [ 110.335501906959337, 1.553225469504697 ], [ 110.335496629917799, 1.553191932421885 ] ] ] ] } },
{ "type": "Feature", "properties": { "fid_1": 259.0, "Lokasi": "Jalan_Satok", "Pemilik": "Dbku", "Tarikh_Dit": null, "Jenis_Poko": "TB2_Bucida", "Tinggi_Pok": 4.0, "Silara_Pok": 0.0, "Catatan": null, "Ukur_Lilit": 10, "Northing": null, "Easthing": null, "Ln_TAGB_": 3.855, "TAGB": 47.229, "CO2_Stock": 23.614, "NAMA JALAN": "JALAN SATOK", "KTG JLN": "JRB", "PJG JLN": 1.351, "LBR JLN": 12.9, "JENIS SRT": "SRT1", "CON OF RD": "C1", "TARIKH": null, "NORTHING_2": 1.553103, "EASTING": 110.337785, "CATATAN_2": null, "NORTH AKK": 1.553661, "EAST AKHR": 110.325951, "Road_type": "Main road" }, "geometry": { "type": "MultiPolygon", "coordinates": [ [ [ [ 110.335412614411936, 1.553190749119194 ], [ 110.33539729766197, 1.553160494532164 ], [ 110.335373440513294, 1.553136483970457 ], [ 110.335343378269954, 1.553121067755121 ], [ 110.335310053633805, 1.553115754932593 ], [ 110.335276728652161, 1.553121065558843 ], [ 110.335246665406146, 1.55313647979259 ], [ 110.335222806695427, 1.55316048878118 ], [ 110.335207487976703, 1.553190742357556 ], [ 110.335202208752918, 1.553224279090996 ], [ 110.3352074857915, 1.553257816172489 ], [ 110.335221249202206, 1.55328500251141 ], [ 110.335404208454065, 1.553274419905283 ], [ 110.335412612230343, 1.553257822936259 ], [ 110.335417891452664, 1.553224286201727 ], [ 110.335412614411936, 1.553190749119194 ] ] ] ] } },
{ "type": "Feature", "properties": { "fid_1": 260.0, "Lokasi": "Jalan_Satok", "Pemilik": "Dbku", "Tarikh_Dit": null, "Jenis_Poko": "TB2_Bucida", "Tinggi_Pok": 6.0, "Silara_Pok": 0.0, "Catatan": null, "Ukur_Lilit": 14, "Northing": null, "Easthing": null, "Ln_TAGB_": 4.594, "TAGB": 98.889, "CO2_Stock": 49.444, "NAMA JALAN": "JALAN SATOK", "KTG JLN": "JRB", "PJG JLN": 1.351, "LBR JLN": 12.9, "JENIS SRT": "SRT1", "CON OF RD": "C1", "TARIKH": null, "NORTHING_2": 1.553103, "EASTING": 110.337785, "CATATAN_2": null, "NORTH AKK": 1.553661, "EAST AKHR": 110.325951, "Road_type": "Main road" }, "geometry": { "type": "MultiPolygon", "coordinates": [ [ [ [ 110.335332148858086, 1.553195955727511 ], [ 110.335316832108973, 1.553165701140536 ], [ 110.335292974961078, 1.553141690578611 ], [ 110.33526291271842, 1.553126274362812 ], [ 110.335229588082754, 1.553120961539626 ], [ 110.335196263101352, 1.553126272165056 ], [ 110.335166199855323, 1.553141686397918 ], [ 110.335142341144348, 1.553165695385664 ], [ 110.335127022425127, 1.553195948961291 ], [ 110.335121743200659, 1.553229485694145 ], [ 110.335127020238446, 1.553263022775308 ], [ 110.335140511959679, 1.553289672457789 ], [ 110.335324031026971, 1.553279057475306 ], [ 110.335332146675043, 1.553263029543658 ], [ 110.335337425898018, 1.553229492809693 ], [ 110.335332148858086, 1.553195955727511 ] ] ] ] } },
{ "type": "Feature", "properties": { "fid_1": 261.0, "Lokasi": "Jalan_Satok", "Pemilik": "Dbku", "Tarikh_Dit": null, "Jenis_Poko": "TB2_Bucida", "Tinggi_Pok": 4.0, "Silara_Pok": 0.0, "Catatan": null, "Ukur_Lilit": 13, "Northing": null, "Easthing": null, "Ln_TAGB_": 4.432, "TAGB": 84.099, "CO2_Stock": 42.05, "NAMA JALAN": "JALAN SATOK", "KTG JLN": "JRB", "PJG JLN": 1.351, "LBR JLN": 12.9, "JENIS SRT": "SRT1", "CON OF RD": "C1", "TARIKH": null, "NORTHING_2": 1.553103, "EASTING": 110.337785, "CATATAN_2": null, "NORTH AKK": 1.553661, "EAST AKHR": 110.325951, "Road_type": "Main road" }, "geometry": { "type": "MultiPolygon", "coordinates": [ [ [ [ 110.335230620262138, 1.553202108992943 ], [ 110.335215303514062, 1.55317185440607 ], [ 110.335191446367176, 1.553147843843883 ], [ 110.335161384125371, 1.553132427627495 ], [ 110.335128059490302, 1.553127114803472 ], [ 110.335094734509255, 1.55313242542787 ], [ 110.335064671263225, 1.553147839659628 ], [ 110.335040812551895, 1.553171848646293 ], [ 110.335025493832063, 1.553202102220974 ], [ 110.335020214606743, 1.553235638953105 ], [ 110.33502549164352, 1.553269176033857 ], [ 110.33503884529118, 1.553295552986608 ], [ 110.335222648856202, 1.553284921553589 ], [ 110.335230618077205, 1.553269182807959 ], [ 110.335235897301061, 1.553235646074703 ], [ 110.335230620262138, 1.553202108992943 ] ] ] ] } },
{ "type": "Feature", "properties": { "fid_1": 262.0, "Lokasi": "Jalan_Satok", "Pemilik": "Dbku", "Tarikh_Dit": null, "Jenis_Poko": "TB2_Bucida", "Tinggi_Pok": 4.0, "Silara_Pok": 0.0, "Catatan": null, "Ukur_Lilit": 10, "Northing": null, "Easthing": null, "Ln_TAGB_": 3.855, "TAGB": 47.229, "CO2_Stock": 23.614, "NAMA JALAN": "JALAN SATOK", "KTG JLN": "JRB", "PJG JLN": 1.351, "LBR JLN": 12.9, "JENIS SRT": "SRT1", "CON OF RD": "C1", "TARIKH": null, "NORTHING_2": 1.553103, "EASTING": 110.337785, "CATATAN_2": null, "NORTH AKK": 1.553661, "EAST AKHR": 110.325951, "Road_type": "Main road" }, "geometry": { "type": "MultiPolygon", "coordinates": [ [ [ [ 110.335134061597358, 1.553207552267384 ], [ 110.335118744850305, 1.553177297680577 ], [ 110.335094887704358, 1.553153287118147 ], [ 110.335064825463363, 1.55313787090121 ], [ 110.33503150082889, 1.553132558076373 ], [ 110.334998175848128, 1.553137868699807 ], [ 110.334968112602098, 1.553153282930522 ], [ 110.334944253890484, 1.553177291916151 ], [ 110.334928935170055, 1.553207545489935 ], [ 110.334923655943939, 1.553241082221392 ], [ 110.33492893297975, 1.553274619301747 ], [ 110.334942356374555, 1.55330113402504 ], [ 110.335126016220897, 1.553290510909847 ], [ 110.335134059410677, 1.55327462608132 ], [ 110.335139338635329, 1.553241089348736 ], [ 110.335134061597358, 1.553207552267384 ] ] ] ] } },
{ "type": "Feature", "properties": { "fid_1": 263.0, "Lokasi": "Jalan_Satok", "Pemilik": "Dbku", "Tarikh_Dit": null, "Jenis_Poko": "TB2_Bucida", "Tinggi_Pok": 6.0, "Silara_Pok": 0.0, "Catatan": null, "Ukur_Lilit": 14, "Northing": null, "Easthing": null, "Ln_TAGB_": 4.594, "TAGB": 98.889, "CO2_Stock": 49.444, "NAMA JALAN": "JALAN SATOK", "KTG JLN": "JRB", "PJG JLN": 1.351, "LBR JLN": 12.9, "JENIS SRT": "SRT1", "CON OF RD": "C1", "TARIKH": null, "NORTHING_2": 1.553103, "EASTING": 110.337785, "CATATAN_2": null, "NORTH AKK": 1.553661, "EAST AKHR": 110.325951, "Road_type": "Main road" }, "geometry": { "type": "MultiPolygon", "coordinates": [ [ [ [ 110.335042472863975, 1.553213232204353 ], [ 110.335027156117846, 1.553182977617632 ], [ 110.335003298972822, 1.553158967054952 ], [ 110.334973236732594, 1.553143550837507 ], [ 110.334939912098676, 1.553138238011905 ], [ 110.334906587118212, 1.553143548634406 ], [ 110.334876523872182, 1.553158962864131 ], [ 110.334852665160241, 1.553182971848793 ], [ 110.334837346439258, 1.553213225421711 ], [ 110.334832067212346, 1.553246762152523 ], [ 110.334837344247291, 1.553280299232475 ], [ 110.334850579590153, 1.553306442505506 ], [ 110.335034626915558, 1.553295796982726 ], [ 110.335042470675603, 1.553280306017251 ], [ 110.335047749901037, 1.55324676928533 ], [ 110.335042472863975, 1.553213232204353 ] ] ] ] } },
{ "type": "Feature", "properties": { "fid_1": 264.0, "Lokasi": "Jalan_Satok", "Pemilik": "Dbku", "Tarikh_Dit": null, "Jenis_Poko": "TB2_Bucida", "Tinggi_Pok": 6.0, "Silara_Pok": 0.0, "Catatan": null, "Ukur_Lilit": 14, "Northing": null, "Easthing": null, "Ln_TAGB_": 4.594, "TAGB": 98.889, "CO2_Stock": 49.444, "NAMA JALAN": "JALAN SATOK", "KTG JLN": "JRB", "PJG JLN": 1.351, "LBR JLN": 12.9, "JENIS SRT": "SRT1", "CON OF RD": "C1", "TARIKH": null, "NORTHING_2": 1.553103, "EASTING": 110.337785, "CATATAN_2": null, "NORTH AKK": 1.553661, "EAST AKHR": 110.325951, "Road_type": "Main road" }, "geometry": { "type": "MultiPolygon", "coordinates": [ [ [ [ 110.334957747368563, 1.553215835516071 ], [ 110.334942430623315, 1.553185580929402 ], [ 110.334918573479143, 1.553161570366523 ], [ 110.334888511239626, 1.55314615414858 ], [ 110.334855186606234, 1.553140841322288 ], [ 110.334821861626068, 1.553146151943951 ], [ 110.334791798380067, 1.553161566172757 ], [ 110.334767939667898, 1.553185575156553 ], [ 110.334752620946404, 1.553215828728705 ], [ 110.33474734171881, 1.553249365458923 ], [ 110.334752618752887, 1.553282902538569 ], [ 110.334766984050887, 1.553311277770792 ], [ 110.334948703088912, 1.553300766923308 ], [ 110.33495774517867, 1.553282909328042 ], [ 110.3349630244048, 1.553249372596699 ], [ 110.334957747368563, 1.553215835516071 ] ] ] ] } },
{ "type": "Feature", "properties": { "fid_1": 265.0, "Lokasi": "Jalan_Satok", "Pemilik": "Dbku", "Tarikh_Dit": null, "Jenis_Poko": "TB2_Bucida", "Tinggi_Pok": 5.0, "Silara_Pok": 0.0, "Catatan": null, "Ukur_Lilit": 17, "Northing": null, "Easthing": null, "Ln_TAGB_": 5.021, "TAGB": 151.563, "CO2_Stock": 75.781, "NAMA JALAN": "JALAN SATOK", "KTG JLN": "JRB", "PJG JLN": 1.351, "LBR JLN": 12.9, "JENIS SRT": "SRT1", "CON OF RD": "C1", "TARIKH": null, "NORTHING_2": 1.553103, "EASTING": 110.337785, "CATATAN_2": null, "NORTH AKK": 1.553661, "EAST AKHR": 110.325951, "Road_type": "Main road" }, "geometry": { "type": "MultiPolygon", "coordinates": [ [ [ [ 110.334894084915916, 1.553221515448285 ], [ 110.334878768171336, 1.553191260861697 ], [ 110.334854911027776, 1.553167250298632 ], [ 110.334824848788799, 1.55315183408033 ], [ 110.334791524155776, 1.553146521253512 ], [ 110.334758199175809, 1.553151831874528 ], [ 110.334728135929765, 1.553167246102612 ], [ 110.334704277217384, 1.553191255085698 ], [ 110.334688958495477, 1.553221508657268 ], [ 110.334683679267343, 1.553255045387021 ], [ 110.334688956300781, 1.55328858246637 ], [ 110.334702276845405, 1.553314894037715 ], [ 110.334742163309087, 1.55331271289987 ], [ 110.334742500084431, 1.553312693952124 ], [ 110.334886082634441, 1.553304388966657 ], [ 110.334894082724844, 1.553288589259523 ], [ 110.334899361951528, 1.553255052528646 ], [ 110.334894084915916, 1.553221515448285 ] ] ] ] } },
{ "type": "Feature", "properties": { "fid_1": 266.0, "Lokasi": "Jalan_Satok", "Pemilik": "Dbku", "Tarikh_Dit": null, "Jenis_Poko": "TB2_Bucida", "Tinggi_Pok": 5.0, "Silara_Pok": 0.0, "Catatan": null, "Ukur_Lilit": 12, "Northing": null, "Easthing": null, "Ln_TAGB_": 4.256, "TAGB": 70.527, "CO2_Stock": 35.264, "NAMA JALAN": "JALAN SATOK", "KTG JLN": "JRB", "PJG JLN": 1.351, "LBR JLN": 12.9, "JENIS SRT": "SRT1", "CON OF RD": "C1", "TARIKH": null, "NORTHING_2": 1.553103, "EASTING": 110.337785, "CATATAN_2": null, "NORTH AKK": 1.553661, "EAST AKHR": 110.325951, "Road_type": "Main road" }, "geometry": { "type": "MultiPolygon", "coordinates": [ [ [ [ 110.334814725021488, 1.553229679378885 ], [ 110.334799408277746, 1.553199424792359 ], [ 110.334775551134939, 1.553175414229102 ], [ 110.334745488896615, 1.553159998010341 ], [ 110.334712164264047, 1.553154685182849 ], [ 110.33467883928428, 1.553159995803031 ], [ 110.334648776038208, 1.553175410030254 ], [ 110.334624917325542, 1.553199419012457 ], [ 110.334609598603109, 1.553229672583254 ], [ 110.334604319374279, 1.553263209312416 ], [ 110.334609596406935, 1.553296746391397 ], [ 110.334621033040406, 1.553319336744992 ], [ 110.334742163309087, 1.55331271289987 ], [ 110.334742500084431, 1.553312693952124 ], [ 110.334808586834114, 1.553308871416643 ], [ 110.334814722828938, 1.553296753189167 ], [ 110.33482000205629, 1.553263216458894 ], [ 110.334814725021488, 1.553229679378885 ] ] ] ] } },
{ "type": "Feature", "properties": { "fid_1": 267.0, "Lokasi": "Jalan_Satok", "Pemilik": "Dbku", "Tarikh_Dit": null, "Jenis_Poko": "TB2_Bucida", "Tinggi_Pok": 5.0, "Silara_Pok": 0.0, "Catatan": null, "Ukur_Lilit": 10, "Northing": null, "Easthing": null, "Ln_TAGB_": 3.855, "TAGB": 47.229, "CO2_Stock": 23.614, "NAMA JALAN": "JALAN SATOK", "KTG JLN": "JRB", "PJG JLN": 1.351, "LBR JLN": 12.9, "JENIS SRT": "SRT1", "CON OF RD": "C1", "TARIKH": null, "NORTHING_2": 1.553103, "EASTING": 110.337785, "CATATAN_2": null, "NORTH AKK": 1.553661, "EAST AKHR": 110.325951, "Road_type": "Main road" }, "geometry": { "type": "MultiPolygon", "coordinates": [ [ [ [ 110.334740886042013, 1.553230626045018 ], [ 110.334725569299025, 1.553200371458538 ], [ 110.334701712156971, 1.553176360895087 ], [ 110.334671649919272, 1.553160944675913 ], [ 110.334638325287202, 1.553155631847799 ], [ 110.334605000307704, 1.553160942467267 ], [ 110.33457493706166, 1.5531763566937 ], [ 110.334551078348795, 1.553200365675176 ], [ 110.33453575962595, 1.553230619245291 ], [ 110.334530480396509, 1.553264155973977 ], [ 110.334535757428455, 1.553297693052688 ], [ 110.334548716821672, 1.553323291257799 ], [ 110.334733029165434, 1.553313212388312 ], [ 110.334740883848141, 1.553297699854526 ], [ 110.334746163076105, 1.553264163124728 ], [ 110.334740886042013, 1.553230626045018 ] ] ] ] } },
{ "type": "Feature", "properties": { "fid_1": 268.0, "Lokasi": "Jalan_Satok", "Pemilik": "Dbku", "Tarikh_Dit": null, "Jenis_Poko": "TB2_Bucida", "Tinggi_Pok": 2.0, "Silara_Pok": 0.0, "Catatan": null, "Ukur_Lilit": 10, "Northing": null, "Easthing": null, "Ln_TAGB_": 3.855, "TAGB": 47.229, "CO2_Stock": 23.614, "NAMA JALAN": "JALAN SATOK", "KTG JLN": "JRB", "PJG JLN": 1.351, "LBR JLN": 12.9, "JENIS SRT": "SRT1", "CON OF RD": "C1", "TARIKH": null, "NORTHING_2": 1.553103, "EASTING": 110.337785, "CATATAN_2": null, "NORTH AKK": 1.553661, "EAST AKHR": 110.325951, "Road_type": "Main road" }, "geometry": { "type": "MultiPolygon", "coordinates": [ [ [ [ 110.334654740566421, 1.553234412673934 ], [ 110.334639423824328, 1.553204158087525 ], [ 110.334615566683112, 1.553180147523848 ], [ 110.334585504446153, 1.553164731304176 ], [ 110.334552179814608, 1.553159418475362 ], [ 110.334518854835395, 1.553164729093977 ], [ 110.334488791589379, 1.553180143319479 ], [ 110.33446493287623, 1.553204152300047 ], [ 110.334449614152874, 1.553234405869385 ], [ 110.334444334922722, 1.553267942597466 ], [ 110.334449611953815, 1.55330147967582 ], [ 110.334463026590697, 1.553327977108178 ], [ 110.334646402439063, 1.553317949454036 ], [ 110.334654738370986, 1.553301486482486 ], [ 110.33466001759966, 1.553267949753303 ], [ 110.334654740566421, 1.553234412673934 ] ] ] ] } },
{ "type": "Feature", "properties": { "fid_1": 269.0, "Lokasi": "Jalan_Satok", "Pemilik": "Dbku", "Tarikh_Dit": null, "Jenis_Poko": "TB2_Bucida", "Tinggi_Pok": 5.0, "Silara_Pok": 0.0, "Catatan": null, "Ukur_Lilit": 15, "Northing": null, "Easthing": null, "Ln_TAGB_": 4.746, "TAGB": 115.123, "CO2_Stock": 57.562, "NAMA JALAN": "JALAN SATOK", "KTG JLN": "JRB", "PJG JLN": 1.351, "LBR JLN": 12.9, "JENIS SRT": "SRT1", "CON OF RD": "C1", "TARIKH": null, "NORTHING_2": 1.553103, "EASTING": 110.337785, "CATATAN_2": null, "NORTH AKK": 1.553661, "EAST AKHR": 110.325951, "Road_type": "Main road" }, "geometry": { "type": "MultiPolygon", "coordinates": [ [ [ [ 110.334588948143008, 1.553238909289566 ], [ 110.334573631401597, 1.553208654703204 ], [ 110.334549774261035, 1.553184644139378 ], [ 110.33451971202463, 1.553169227919323 ], [ 110.334486387393497, 1.553163915089949 ], [ 110.334453062414468, 1.553169225707889 ], [ 110.334422999168453, 1.553184639932681 ], [ 110.334399140455091, 1.553208648912548 ], [ 110.334383821731322, 1.553238902481267 ], [ 110.33437854250063, 1.553272439208861 ], [ 110.334383819531055, 1.553305976286941 ], [ 110.334396791374402, 1.553331599086893 ], [ 110.334581078100484, 1.55332152162602 ], [ 110.334588945946365, 1.553305983097383 ], [ 110.334594225175621, 1.553272446368655 ], [ 110.334588948143008, 1.553238909289566 ] ] ] ] } },
{ "type": "Feature", "properties": { "fid_1": 270.0, "Lokasi": "Jalan_Satok", "Pemilik": "Dbku", "Tarikh_Dit": null, "Jenis_Poko": "Leopard Tree", "Tinggi_Pok": 4.0, "Silara_Pok": 0.0, "Catatan": null, "Ukur_Lilit": 8, "Northing": null, "Easthing": null, "Ln_TAGB_": 3.365, "TAGB": 28.933, "CO2_Stock": 14.466, "NAMA JALAN": "JALAN SATOK", "KTG JLN": "JRB", "PJG JLN": 1.351, "LBR JLN": 12.9, "JENIS SRT": "SRT1", "CON OF RD": "C1", "TARIKH": null, "NORTHING_2": 1.553103, "EASTING": 110.337785, "CATATAN_2": null, "NORTH AKK": 1.553661, "EAST AKHR": 110.325951, "Road_type": "Main road" }, "geometry": { "type": "MultiPolygon", "coordinates": [ [ [ [ 110.334321554339624, 1.553300249643762 ], [ 110.334306237601027, 1.553269995057825 ], [ 110.334282380462966, 1.553245984493381 ], [ 110.33425231822855, 1.553230568271736 ], [ 110.334218993598654, 1.553225255439973 ], [ 110.33418566862008, 1.553230566054916 ], [ 110.334155605373567, 1.553245980276431 ], [ 110.334131746658898, 1.55326998925305 ], [ 110.334116427933097, 1.553300242818881 ], [ 110.334111148699847, 1.553333779544222 ], [ 110.334113245351034, 1.553347104384606 ], [ 110.334326571278055, 1.553335438971758 ], [ 110.334326831369395, 1.553333786721457 ], [ 110.334321554339624, 1.553300249643762 ] ] ] ] } },
{ "type": "Feature", "properties": { "fid_1": 271.0, "Lokasi": "Jalan_Satok", "Pemilik": "Dbku", "Tarikh_Dit": null, "Jenis_Poko": "Leopard Tree", "Tinggi_Pok": 4.0, "Silara_Pok": 0.0, "Catatan": null, "Ukur_Lilit": 6, "Northing": null, "Easthing": null, "Ln_TAGB_": 2.734, "TAGB": 15.394, "CO2_Stock": 7.697, "NAMA JALAN": "JALAN SATOK", "KTG JLN": "JRB", "PJG JLN": 1.351, "LBR JLN": 12.9, "JENIS SRT": "SRT1", "CON OF RD": "C1", "TARIKH": null, "NORTHING_2": 1.553103, "EASTING": 110.337785, "CATATAN_2": null, "NORTH AKK": 1.553661, "EAST AKHR": 110.325951, "Road_type": "Main road" }, "geometry": { "type": "MultiPolygon", "coordinates": [ [ [ [ 110.334300715464494, 1.553324822077944 ], [ 110.334276858326362, 1.553300811513575 ], [ 110.334246796091676, 1.553285395291834 ], [ 110.334213471461396, 1.553280082459801 ], [ 110.334180146482296, 1.553285393074342 ], [ 110.33415008323523, 1.553300807295373 ], [ 110.334126224519991, 1.553324816271433 ], [ 110.334114987288558, 1.553347009129373 ], [ 110.334306642114058, 1.553336528769161 ], [ 110.334300715464494, 1.553324822077944 ] ] ] ] } },
{ "type": "Feature", "properties": { "fid_1": 272.0, "Lokasi": "Jalan_Satok", "Pemilik": "Dbku", "Tarikh_Dit": null, "Jenis_Poko": "Leopard Tree", "Tinggi_Pok": 4.0, "Silara_Pok": 0.0, "Catatan": null, "Ukur_Lilit": 10, "Northing": null, "Easthing": null, "Ln_TAGB_": 3.855, "TAGB": 47.229, "CO2_Stock": 23.614, "NAMA JALAN": "JALAN SATOK", "KTG JLN": "JRB", "PJG JLN": 1.351, "LBR JLN": 12.9, "JENIS SRT": "SRT1", "CON OF RD": "C1", "TARIKH": null, "NORTHING_2": 1.553103, "EASTING": 110.337785, "CATATAN_2": null, "NORTH AKK": 1.553661, "EAST AKHR": 110.325951, "Road_type": "Main road" }, "geometry": { "type": "MultiPolygon", "coordinates": [ [ [ [ 110.334248768292852, 1.55332444475124 ], [ 110.334215443662245, 1.553319131919075 ], [ 110.334182118682776, 1.553324442533395 ], [ 110.334152055435297, 1.55333985675412 ], [ 110.334146669473043, 1.553345276636744 ], [ 110.334275638655114, 1.553338224148076 ], [ 110.334248768292852, 1.55332444475124 ] ] ] ] } },
{ "type": "Feature", "properties": { "fid_1": 277.0, "Lokasi": "Jalan_Satok", "Pemilik": "Dbku", "Tarikh_Dit": null, "Jenis_Poko": "TB2_Bucida", "Tinggi_Pok": 2.0, "Silara_Pok": 0.0, "Catatan": null, "Ukur_Lilit": 14, "Northing": null, "Easthing": null, "Ln_TAGB_": 4.594, "TAGB": 98.889, "CO2_Stock": 49.444, "NAMA JALAN": "JALAN SATOK", "KTG JLN": "JRB", "PJG JLN": 1.351, "LBR JLN": 12.9, "JENIS SRT": "SRT1", "CON OF RD": "C1", "TARIKH": null, "NORTHING_2": 1.553103, "EASTING": 110.337785, "CATATAN_2": null, "NORTH AKK": 1.553661, "EAST AKHR": 110.325951, "Road_type": "Main road" }, "geometry": { "type": "MultiPolygon", "coordinates": [ [ [ [ 110.334088508614784, 1.553264964592936 ], [ 110.334073191878574, 1.553234710006986 ], [ 110.334049334742957, 1.553210699441864 ], [ 110.334019272510758, 1.553195283218954 ], [ 110.333985947882695, 1.553189970385453 ], [ 110.333952622905315, 1.55319528099836 ], [ 110.3339225596593, 1.553210695217731 ], [ 110.333898700944374, 1.553234704192309 ], [ 110.333883382217564, 1.553264957756407 ], [ 110.333878102982681, 1.553298494480504 ], [ 110.333883380008189, 1.553332031556515 ], [ 110.333896162488557, 1.553357280322993 ], [ 110.334022477207071, 1.553352058393326 ], [ 110.334023902116172, 1.553351989983532 ], [ 110.334079956092268, 1.55334892475734 ], [ 110.334088506409017, 1.553332038395177 ], [ 110.334093785642452, 1.553298501669965 ], [ 110.334088508614784, 1.553264964592936 ] ] ] ] } },
{ "type": "Feature", "properties": { "fid_1": 278.0, "Lokasi": "Jalan_Satok", "Pemilik": "Dbku", "Tarikh_Dit": null, "Jenis_Poko": "TB2_Bucida", "Tinggi_Pok": 2.0, "Silara_Pok": 0.0, "Catatan": null, "Ukur_Lilit": 16, "Northing": null, "Easthing": null, "Ln_TAGB_": 4.888, "TAGB": 132.688, "CO2_Stock": 66.344, "NAMA JALAN": "JALAN SATOK", "KTG JLN": "JRB", "PJG JLN": 1.351, "LBR JLN": 12.9, "JENIS SRT": "SRT1", "CON OF RD": "C1", "TARIKH": null, "NORTHING_2": 1.553103, "EASTING": 110.337785, "CATATAN_2": null, "NORTH AKK": 1.553661, "EAST AKHR": 110.325951, "Road_type": "Main road" }, "geometry": { "type": "MultiPolygon", "coordinates": [ [ [ [ 110.334042753692287, 1.553269697868544 ], [ 110.334027436956561, 1.553239443282635 ], [ 110.334003579821385, 1.553215432717409 ], [ 110.33397351758957, 1.553200016494241 ], [ 110.333940192961762, 1.553194703660335 ], [ 110.33390686798451, 1.553200014272783 ], [ 110.333876804738495, 1.55321542849162 ], [ 110.33385294602337, 1.553239437465707 ], [ 110.33383762729629, 1.553269691029346 ], [ 110.333832348060994, 1.553303227753112 ], [ 110.333837625086048, 1.553336764828924 ], [ 110.333848998396874, 1.553359230114978 ], [ 110.334022477207071, 1.553352058393326 ], [ 110.334023902116172, 1.553351989983532 ], [ 110.334035363115973, 1.553351363256301 ], [ 110.334042751485669, 1.553336771670246 ], [ 110.334048030719501, 1.553303234945371 ], [ 110.334042753692287, 1.553269697868544 ] ] ] ] } },
{ "type": "Feature", "properties": { "fid_1": 279.0, "Lokasi": "Jalan_Satok", "Pemilik": "Dbku", "Tarikh_Dit": null, "Jenis_Poko": "TB2_Bucida", "Tinggi_Pok": 3.0, "Silara_Pok": 0.0, "Catatan": null, "Ukur_Lilit": 13, "Northing": null, "Easthing": null, "Ln_TAGB_": 4.432, "TAGB": 84.099, "CO2_Stock": 42.05, "NAMA JALAN": "JALAN SATOK", "KTG JLN": "JRB", "PJG JLN": 1.351, "LBR JLN": 12.9, "JENIS SRT": "SRT1", "CON OF RD": "C1", "TARIKH": null, "NORTHING_2": 1.553103, "EASTING": 110.337785, "CATATAN_2": null, "NORTH AKK": 1.553661, "EAST AKHR": 110.325951, "Road_type": "Main road" }, "geometry": { "type": "MultiPolygon", "coordinates": [ [ [ [ 110.333900229737196, 1.553277586672515 ], [ 110.333884913002933, 1.553247332086721 ], [ 110.333861055869178, 1.553223321521126 ], [ 110.333830993638557, 1.553207905297135 ], [ 110.333797669011602, 1.553202592462065 ], [ 110.333764344034833, 1.553207903073055 ], [ 110.333734280788789, 1.553223317290372 ], [ 110.333710422073239, 1.553247326262934 ], [ 110.333695103345292, 1.553277579825274 ], [ 110.333689824108802, 1.553311116548015 ], [ 110.333695101132435, 1.55334465362324 ], [ 110.333705484276805, 1.553365163071499 ], [ 110.333893787827378, 1.553357378492931 ], [ 110.333900227527977, 1.553344660472603 ], [ 110.333905506763003, 1.553311123748747 ], [ 110.333900229737196, 1.553277586672515 ] ] ] ] } },
{ "type": "Feature", "properties": { "fid_1": 280.0, "Lokasi": "Jalan_Satok", "Pemilik": "Dbku", "Tarikh_Dit": null, "Jenis_Poko": "TB2_Bucida", "Tinggi_Pok": 3.0, "Silara_Pok": 0.0, "Catatan": null, "Ukur_Lilit": 16, "Northing": null, "Easthing": null, "Ln_TAGB_": 4.888, "TAGB": 132.688, "CO2_Stock": 66.344, "NAMA JALAN": "JALAN SATOK", "KTG JLN": "JRB", "PJG JLN": 1.351, "LBR JLN": 12.9, "JENIS SRT": "SRT1", "CON OF RD": "C1", "TARIKH": null, "NORTHING_2": 1.553103, "EASTING": 110.337785, "CATATAN_2": null, "NORTH AKK": 1.553661, "EAST AKHR": 110.325951, "Road_type": "Main road" }, "geometry": { "type": "MultiPolygon", "coordinates": [ [ [ [ 110.333847111952849, 1.553278638518844 ], [ 110.33383179521914, 1.553248383933086 ], [ 110.333807938085926, 1.553224373367351 ], [ 110.333777875855731, 1.553208957143073 ], [ 110.333744551229145, 1.553203644307566 ], [ 110.333711226252547, 1.553208954918033 ], [ 110.333681163006545, 1.553224369134779 ], [ 110.333657304290824, 1.553248378106802 ], [ 110.333641985562579, 1.553278631668666 ], [ 110.333636706325649, 1.553312168391046 ], [ 110.33364198334877, 1.553345705466066 ], [ 110.333652933820531, 1.553367335536258 ], [ 110.333840078360012, 1.553359598874616 ], [ 110.333847109742692, 1.553345712318375 ], [ 110.33385238897813, 1.553312175594864 ], [ 110.333847111952849, 1.553278638518844 ] ] ] ] } },
{ "type": "Feature", "properties": { "fid_1": 281.0, "Lokasi": "Jalan_Satok", "Pemilik": "Dbku", "Tarikh_Dit": null, "Jenis_Poko": "TB2_Bucida", "Tinggi_Pok": 3.0, "Silara_Pok": 0.0, "Catatan": null, "Ukur_Lilit": 12, "Northing": null, "Easthing": null, "Ln_TAGB_": 4.256, "TAGB": 70.527, "CO2_Stock": 35.264, "NAMA JALAN": "JALAN SATOK", "KTG JLN": "JRB", "PJG JLN": 1.351, "LBR JLN": 12.9, "JENIS SRT": "SRT1", "CON OF RD": "C1", "TARIKH": null, "NORTHING_2": 1.553103, "EASTING": 110.337785, "CATATAN_2": null, "NORTH AKK": 1.553661, "EAST AKHR": 110.325951, "Road_type": "Main road" }, "geometry": { "type": "MultiPolygon", "coordinates": [ [ [ [ 110.333776288241708, 1.55328775445411 ], [ 110.333760971508752, 1.553257499868446 ], [ 110.33373711437622, 1.55323348930252 ], [ 110.333707052146622, 1.553218073077828 ], [ 110.333673727520406, 1.553212760241705 ], [ 110.333640402543992, 1.553218070851439 ], [ 110.333610339297934, 1.553233485067382 ], [ 110.333586480581928, 1.553257494038598 ], [ 110.3335711618532, 1.553287747599768 ], [ 110.333565882615659, 1.553321284321603 ], [ 110.333571159638069, 1.553354821396299 ], [ 110.333579041564818, 1.553370390281453 ], [ 110.333772454918218, 1.553362394467241 ], [ 110.333776286030215, 1.553354828252767 ], [ 110.333781565266293, 1.553321291529811 ], [ 110.333776288241708, 1.55328775445411 ] ] ] ] } },
{ "type": "Feature", "properties": { "fid_1": 282.0, "Lokasi": "Jalan_Satok", "Pemilik": "Dbku", "Tarikh_Dit": null, "Jenis_Poko": "TB2_Bucida", "Tinggi_Pok": 3.0, "Silara_Pok": 0.0, "Catatan": null, "Ukur_Lilit": 15, "Northing": null, "Easthing": null, "Ln_TAGB_": 4.746, "TAGB": 115.123, "CO2_Stock": 57.562, "NAMA JALAN": "JALAN SATOK", "KTG JLN": "JRB", "PJG JLN": 1.351, "LBR JLN": 12.9, "JENIS SRT": "SRT1", "CON OF RD": "C1", "TARIKH": null, "NORTHING_2": 1.553103, "EASTING": 110.337785, "CATATAN_2": null, "NORTH AKK": 1.553661, "EAST AKHR": 110.325951, "Road_type": "Main road" }, "geometry": { "type": "MultiPolygon", "coordinates": [ [ [ [ 110.333724748213086, 1.553287053238029 ], [ 110.333709431480642, 1.553256798652389 ], [ 110.333685574348621, 1.553232788086333 ], [ 110.333655512119492, 1.553217371861351 ], [ 110.333622187493603, 1.553212059024824 ], [ 110.333588862517388, 1.553217369634051 ], [ 110.333558799271387, 1.553232783849448 ], [ 110.333534940555253, 1.553256792820167 ], [ 110.333519621826227, 1.553287046380876 ], [ 110.333514342588288, 1.553320583102393 ], [ 110.333519619610215, 1.553354120176888 ], [ 110.33352890583329, 1.55337246291845 ], [ 110.333719450308308, 1.553364585707947 ], [ 110.333724746000669, 1.553354127036158 ], [ 110.333730025237159, 1.553320590313533 ], [ 110.333724748213086, 1.553287053238029 ] ] ] ] } },
{ "type": "Feature", "properties": { "fid_1": 283.0, "Lokasi": "Jalan_Satok", "Pemilik": "Dbku", "Tarikh_Dit": null, "Jenis_Poko": "TB2_Bucida", "Tinggi_Pok": 3.0, "Silara_Pok": 0.0, "Catatan": null, "Ukur_Lilit": 14, "Northing": null, "Easthing": null, "Ln_TAGB_": 4.594, "TAGB": 98.889, "CO2_Stock": 49.444, "NAMA JALAN": "JALAN SATOK", "KTG JLN": "JRB", "PJG JLN": 1.351, "LBR JLN": 12.9, "JENIS SRT": "SRT1", "CON OF RD": "C1", "TARIKH": null, "NORTHING_2": 1.553103, "EASTING": 110.337785, "CATATAN_2": null, "NORTH AKK": 1.553661, "EAST AKHR": 110.325951, "Road_type": "Main road" }, "geometry": { "type": "MultiPolygon", "coordinates": [ [ [ [ 110.333656028175838, 1.553291611211333 ], [ 110.333640711444104, 1.553261356625754 ], [ 110.333616854312751, 1.553237346059528 ], [ 110.333586792084176, 1.553221929834138 ], [ 110.333553467458742, 1.553216616997033 ], [ 110.33352014248274, 1.553221927605572 ], [ 110.333490079236711, 1.553237341820229 ], [ 110.333466220520364, 1.553261350790209 ], [ 110.333450901790926, 1.553291604350282 ], [ 110.333445622552389, 1.553325141071305 ], [ 110.33345089957362, 1.553358678145512 ], [ 110.333459334341285, 1.553375339038661 ], [ 110.333651618275979, 1.553367389921571 ], [ 110.333656025962156, 1.553358685008692 ], [ 110.333661305199215, 1.553325148286558 ], [ 110.333656028175838, 1.553291611211333 ] ] ] ] } },
{ "type": "Feature", "properties": { "fid_1": 284.0, "Lokasi": "Jalan_Satok", "Pemilik": "Dbku", "Tarikh_Dit": null, "Jenis_Poko": "TB2_Bucida", "Tinggi_Pok": 3.0, "Silara_Pok": 0.0, "Catatan": null, "Ukur_Lilit": 14, "Northing": null, "Easthing": null, "Ln_TAGB_": 4.594, "TAGB": 98.889, "CO2_Stock": 49.444, "NAMA JALAN": "JALAN SATOK", "KTG JLN": "JRB", "PJG JLN": 1.351, "LBR JLN": 12.9, "JENIS SRT": "SRT1", "CON OF RD": "C1", "TARIKH": null, "NORTHING_2": 1.553103, "EASTING": 110.337785, "CATATAN_2": null, "NORTH AKK": 1.553661, "EAST AKHR": 110.325951, "Road_type": "Main road" }, "geometry": { "type": "MultiPolygon", "coordinates": [ [ [ [ 110.333597826511522, 1.553295117345534 ], [ 110.333582509780385, 1.553264862760005 ], [ 110.333558652649629, 1.553240852193627 ], [ 110.333528590421537, 1.553225435967907 ], [ 110.333495265796429, 1.553220123130334 ], [ 110.333461940820627, 1.55322543373828 ], [ 110.333431877574583, 1.553240847952301 ], [ 110.333408018858066, 1.553264856921657 ], [ 110.333392700128258, 1.553295110481184 ], [ 110.333387420889238, 1.553328647201788 ], [ 110.3333926979099, 1.553362184275773 ], [ 110.33340143986932, 1.553379451954357 ], [ 110.333435202711925, 1.553376336651948 ], [ 110.333593985521418, 1.553369772490458 ], [ 110.333597824296774, 1.55336219114223 ], [ 110.33360310353433, 1.553328654420509 ], [ 110.333597826511522, 1.553295117345534 ] ] ] ] } },
{ "type": "Feature", "properties": { "fid_1": 285.0, "Lokasi": "Jalan_Satok", "Pemilik": "Dbku", "Tarikh_Dit": null, "Jenis_Poko": "TB2_Bucida", "Tinggi_Pok": 3.0, "Silara_Pok": 0.0, "Catatan": null, "Ukur_Lilit": 16, "Northing": null, "Easthing": null, "Ln_TAGB_": 4.888, "TAGB": 132.688, "CO2_Stock": 66.344, "NAMA JALAN": "JALAN SATOK", "KTG JLN": "JRB", "PJG JLN": 1.351, "LBR JLN": 12.9, "JENIS SRT": "SRT1", "CON OF RD": "C1", "TARIKH": null, "NORTHING_2": 1.553103, "EASTING": 110.337785, "CATATAN_2": null, "NORTH AKK": 1.553661, "EAST AKHR": 110.325951, "Road_type": "Main road" }, "geometry": { "type": "MultiPolygon", "coordinates": [ [ [ [ 110.333531560760861, 1.553296870418957 ], [ 110.333516244030434, 1.553266615833491 ], [ 110.333492386900318, 1.553242605266934 ], [ 110.333462324672794, 1.553227189040832 ], [ 110.333429000048113, 1.553221876202707 ], [ 110.333395675072538, 1.553227186810011 ], [ 110.333365611826537, 1.553242601023328 ], [ 110.333341753109806, 1.553266609992006 ], [ 110.333326434379629, 1.553296863550928 ], [ 110.333321155140055, 1.553330400271085 ], [ 110.333326432160064, 1.553363937344788 ], [ 110.333337283530511, 1.553385371668139 ], [ 110.333435202711925, 1.553376336651948 ], [ 110.333527209638845, 1.553372533039987 ], [ 110.333531558544934, 1.553363944214958 ], [ 110.333536837783015, 1.55333040749367 ], [ 110.333531560760861, 1.553296870418957 ] ] ] ] } },
{ "type": "Feature", "properties": { "fid_1": 286.0, "Lokasi": "Jalan_Satok", "Pemilik": "Dbku", "Tarikh_Dit": null, "Jenis_Poko": "TB2_Bucida", "Tinggi_Pok": 3.0, "Silara_Pok": 0.0, "Catatan": null, "Ukur_Lilit": 15, "Northing": null, "Easthing": null, "Ln_TAGB_": 4.746, "TAGB": 115.123, "CO2_Stock": 57.562, "NAMA JALAN": "JALAN SATOK", "KTG JLN": "JRB", "PJG JLN": 1.351, "LBR JLN": 12.9, "JENIS SRT": "SRT1", "CON OF RD": "C1", "TARIKH": null, "NORTHING_2": 1.553103, "EASTING": 110.337785, "CATATAN_2": null, "NORTH AKK": 1.553661, "EAST AKHR": 110.325951, "Road_type": "Main road" }, "geometry": { "type": "MultiPolygon", "coordinates": [ [ [ [ 110.333484578694495, 1.553299675326409 ], [ 110.333469261964566, 1.553269420740974 ], [ 110.333445404834904, 1.553245410174316 ], [ 110.333415342607793, 1.553229993947953 ], [ 110.333382017983396, 1.553224681109439 ], [ 110.333348693007963, 1.553229991716247 ], [ 110.333318629761962, 1.553245405929053 ], [ 110.333294771045075, 1.553269414897231 ], [ 110.333279452314613, 1.553299668455729 ], [ 110.333274173074656, 1.553333205175553 ], [ 110.33327945009421, 1.553366742249056 ], [ 110.333291041542168, 1.553389638421766 ], [ 110.333435202711925, 1.553376336651948 ], [ 110.333480673705807, 1.553374456858825 ], [ 110.333484576477716, 1.553366749121886 ], [ 110.333489855716209, 1.553333212400941 ], [ 110.333484578694495, 1.553299675326409 ] ] ] ] } },
{ "type": "Feature", "properties": { "fid_1": 287.0, "Lokasi": "Jalan_Satok", "Pemilik": "Dbku", "Tarikh_Dit": null, "Jenis_Poko": "TB2_Bucida", "Tinggi_Pok": 3.0, "Silara_Pok": 0.0, "Catatan": null, "Ukur_Lilit": 14, "Northing": null, "Easthing": null, "Ln_TAGB_": 4.594, "TAGB": 98.889, "CO2_Stock": 49.444, "NAMA JALAN": "JALAN SATOK", "KTG JLN": "JRB", "PJG JLN": 1.351, "LBR JLN": 12.9, "JENIS SRT": "SRT1", "CON OF RD": "C1", "TARIKH": null, "NORTHING_2": 1.553103, "EASTING": 110.337785, "CATATAN_2": null, "NORTH AKK": 1.553661, "EAST AKHR": 110.325951, "Road_type": "Main road" }, "geometry": { "type": "MultiPolygon", "coordinates": [ [ [ [ 110.333431636216687, 1.553302480234886 ], [ 110.333416319487284, 1.55327222564948 ], [ 110.333392462358162, 1.553248215082677 ], [ 110.333362400131477, 1.553232798856009 ], [ 110.333329075507407, 1.553227486017065 ], [ 110.333295750532145, 1.553232796623346 ], [ 110.333265687286158, 1.553248210835582 ], [ 110.333241828569115, 1.553272219803211 ], [ 110.333226509838312, 1.553302473361206 ], [ 110.333221230597914, 1.553336010080654 ], [ 110.333226507616942, 1.553369547153936 ], [ 110.333238817280034, 1.553393861992148 ], [ 110.333252324891305, 1.553393132797255 ], [ 110.333256394608441, 1.553392835297926 ], [ 110.333427856431939, 1.553377014494302 ], [ 110.333431633998927, 1.553369554029756 ], [ 110.333436913237847, 1.55333601730919 ], [ 110.333431636216687, 1.553302480234886 ] ] ] ] } },
{ "type": "Feature", "properties": { "fid_1": 288.0, "Lokasi": "Jalan_Satok", "Pemilik": "Dbku", "Tarikh_Dit": null, "Jenis_Poko": "TB2_Bucida", "Tinggi_Pok": 3.0, "Silara_Pok": 0.0, "Catatan": null, "Ukur_Lilit": 11, "Northing": null, "Easthing": null, "Ln_TAGB_": 4.065, "TAGB": 58.265, "CO2_Stock": 29.133, "NAMA JALAN": "JALAN SATOK", "KTG JLN": "JRB", "PJG JLN": 1.351, "LBR JLN": 12.9, "JENIS SRT": "SRT1", "CON OF RD": "C1", "TARIKH": null, "NORTHING_2": 1.553103, "EASTING": 110.337785, "CATATAN_2": null, "NORTH AKK": 1.553661, "EAST AKHR": 110.325951, "Road_type": "Main road" }, "geometry": { "type": "MultiPolygon", "coordinates": [ [ [ [ 110.33339096517399, 1.553303882691516 ], [ 110.333375648445013, 1.553273628106154 ], [ 110.333351791316289, 1.553249617539238 ], [ 110.333321729089974, 1.553234201312349 ], [ 110.33328840446616, 1.553228888473053 ], [ 110.333255079491039, 1.553234199078935 ], [ 110.333225016245038, 1.553249613290736 ], [ 110.333201157527881, 1.553273622257918 ], [ 110.333185838796837, 1.55330387581557 ], [ 110.333180559556098, 1.553337412534729 ], [ 110.333185836574742, 1.55337094960785 ], [ 110.333198537087327, 1.553396036477773 ], [ 110.333252324891305, 1.553393132797255 ], [ 110.333256394608441, 1.553392835297926 ], [ 110.333385937018704, 1.55338088240452 ], [ 110.333390962955505, 1.553370956485947 ], [ 110.33339624219478, 1.553337419765657 ], [ 110.33339096517399, 1.553303882691516 ] ] ] ] } },
{ "type": "Feature", "properties": { "fid_1": 289.0, "Lokasi": "Jalan_Satok", "Pemilik": "Dbku", "Tarikh_Dit": null, "Jenis_Poko": "TB2_Bucida", "Tinggi_Pok": 3.0, "Silara_Pok": 0.0, "Catatan": null, "Ukur_Lilit": 12, "Northing": null, "Easthing": null, "Ln_TAGB_": 4.256, "TAGB": 70.527, "CO2_Stock": 35.264, "NAMA JALAN": "JALAN SATOK", "KTG JLN": "JRB", "PJG JLN": 1.351, "LBR JLN": 12.9, "JENIS SRT": "SRT1", "CON OF RD": "C1", "TARIKH": null, "NORTHING_2": 1.553103, "EASTING": 110.337785, "CATATAN_2": null, "NORTH AKK": 1.553661, "EAST AKHR": 110.325951, "Road_type": "Main road" }, "geometry": { "type": "MultiPolygon", "coordinates": [ [ [ [ 110.333342230046327, 1.553311946785723 ], [ 110.333326913317876, 1.55328169220043 ], [ 110.333303056189621, 1.553257681633414 ], [ 110.333272993963661, 1.553242265406225 ], [ 110.333239669340102, 1.553236952566509 ], [ 110.333206344365109, 1.553242263171865 ], [ 110.333176281119052, 1.553257677383097 ], [ 110.333152422401682, 1.553281686349731 ], [ 110.333137103670282, 1.553311939906862 ], [ 110.333131824429117, 1.55334547662564 ], [ 110.33313710144725, 1.553379013698528 ], [ 110.333147124527471, 1.553398811932377 ], [ 110.333252324891305, 1.553393132797255 ], [ 110.333256394608441, 1.553392835297926 ], [ 110.333339096698481, 1.553385204366927 ], [ 110.333342227826918, 1.553379020579528 ], [ 110.333347507066605, 1.553345483859641 ], [ 110.333342230046327, 1.553311946785723 ] ] ] ] } },
{ "type": "Feature", "properties": { "fid_1": 290.0, "Lokasi": "Jalan_Satok", "Pemilik": "Dbku", "Tarikh_Dit": null, "Jenis_Poko": "TB2_Bucida", "Tinggi_Pok": 3.0, "Silara_Pok": 0.0, "Catatan": null, "Ukur_Lilit": 12, "Northing": null, "Easthing": null, "Ln_TAGB_": 4.256, "TAGB": 70.527, "CO2_Stock": 35.264, "NAMA JALAN": "JALAN SATOK", "KTG JLN": "JRB", "PJG JLN": 1.351, "LBR JLN": 12.9, "JENIS SRT": "SRT1", "CON OF RD": "C1", "TARIKH": null, "NORTHING_2": 1.553103, "EASTING": 110.337785, "CATATAN_2": null, "NORTH AKK": 1.553661, "EAST AKHR": 110.325951, "Road_type": "Main road" }, "geometry": { "type": "MultiPolygon", "coordinates": [ [ [ [ 110.333297001041402, 1.553310193731274 ], [ 110.33328168431342, 1.553279939145984 ], [ 110.333257827185619, 1.553255928578839 ], [ 110.333227764960071, 1.553240512351423 ], [ 110.333194440336825, 1.55323519951134 ], [ 110.333161115362017, 1.553240510116257 ], [ 110.333131052116002, 1.553255924327027 ], [ 110.333107193398533, 1.553279933293225 ], [ 110.33309187466692, 1.553310186849995 ], [ 110.333086595425385, 1.553343723568476 ], [ 110.333091872443077, 1.553377260641207 ], [ 110.333103962642213, 1.553401141982162 ], [ 110.333252324891305, 1.553393132797255 ], [ 110.333256394608441, 1.553392835297926 ], [ 110.333290719852386, 1.553389668104113 ], [ 110.333296998821197, 1.553377267524638 ], [ 110.333302278061268, 1.553343730805011 ], [ 110.333297001041402, 1.553310193731274 ] ] ] ] } },
{ "type": "Feature", "properties": { "fid_1": 291.0, "Lokasi": "Jalan_Satok", "Pemilik": "Dbku", "Tarikh_Dit": null, "Jenis_Poko": "TB2_Bucida", "Tinggi_Pok": 3.0, "Silara_Pok": 0.0, "Catatan": null, "Ukur_Lilit": 12, "Northing": null, "Easthing": null, "Ln_TAGB_": 4.256, "TAGB": 70.527, "CO2_Stock": 35.264, "NAMA JALAN": "JALAN SATOK", "KTG JLN": "JRB", "PJG JLN": 1.351, "LBR JLN": 12.9, "JENIS SRT": "SRT1", "CON OF RD": "C1", "TARIKH": null, "NORTHING_2": 1.553103, "EASTING": 110.337785, "CATATAN_2": null, "NORTH AKK": 1.553661, "EAST AKHR": 110.325951, "Road_type": "Main road" }, "geometry": { "type": "MultiPolygon", "coordinates": [ [ [ [ 110.333255278161602, 1.553312648025384 ], [ 110.333239961434032, 1.553282393440124 ], [ 110.333216104306629, 1.553258382872883 ], [ 110.333186042081451, 1.553242966645208 ], [ 110.333152717458475, 1.553237653804785 ], [ 110.333119392483752, 1.553242964409317 ], [ 110.333089329237765, 1.553258378619601 ], [ 110.333065470520154, 1.553282387585363 ], [ 110.333050151788271, 1.553312641141742 ], [ 110.333044872546409, 1.553346177859928 ], [ 110.333050149563675, 1.553379714932487 ], [ 110.333062140255095, 1.553403399720027 ], [ 110.333248377459952, 1.553393345895398 ], [ 110.333255275940616, 1.553379721818275 ], [ 110.333260555181042, 1.553346185098955 ], [ 110.333255278161602, 1.553312648025384 ] ] ] ] } },
{ "type": "Feature", "properties": { "fid_1": 292.0, "Lokasi": "Jalan_Satok", "Pemilik": "Dbku", "Tarikh_Dit": null, "Jenis_Poko": "TB2_Bucida", "Tinggi_Pok": 3.0, "Silara_Pok": 0.0, "Catatan": null, "Ukur_Lilit": 13, "Northing": null, "Easthing": null, "Ln_TAGB_": 4.432, "TAGB": 84.099, "CO2_Stock": 42.05, "NAMA JALAN": "JALAN SATOK", "KTG JLN": "JRB", "PJG JLN": 1.351, "LBR JLN": 12.9, "JENIS SRT": "SRT1", "CON OF RD": "C1", "TARIKH": null, "NORTHING_2": 1.553103, "EASTING": 110.337785, "CATATAN_2": null, "NORTH AKK": 1.553661, "EAST AKHR": 110.325951, "Road_type": "Main road" }, "geometry": { "type": "MultiPolygon", "coordinates": [ [ [ [ 110.333214957731101, 1.553312648032253 ], [ 110.333199641003944, 1.553282393447018 ], [ 110.333175783876968, 1.55325838287966 ], [ 110.33314572165213, 1.553242966651764 ], [ 110.33311239702941, 1.553237653811014 ], [ 110.333079072054858, 1.553242964415136 ], [ 110.333049008808885, 1.553258378625031 ], [ 110.33302515009116, 1.553282387590373 ], [ 110.333009831359064, 1.553312641146398 ], [ 110.333004552116847, 1.553346177864323 ], [ 110.333009829133758, 1.553379714936731 ], [ 110.333022892464115, 1.553405518470576 ], [ 110.333206923919334, 1.553395583723136 ], [ 110.333214955509405, 1.553379721824713 ], [ 110.333220234750144, 1.553346185105662 ], [ 110.333214957731101, 1.553312648032253 ] ] ] ] } },
{ "type": "Feature", "properties": { "fid_1": 293.0, "Lokasi": "Jalan_Satok", "Pemilik": "Dbku", "Tarikh_Dit": null, "Jenis_Poko": "TB2_Bucida", "Tinggi_Pok": 3.0, "Silara_Pok": 0.0, "Catatan": null, "Ukur_Lilit": 10, "Northing": null, "Easthing": null, "Ln_TAGB_": 3.855, "TAGB": 47.229, "CO2_Stock": 23.614, "NAMA JALAN": "JALAN SATOK", "KTG JLN": "JRB", "PJG JLN": 1.351, "LBR JLN": 12.9, "JENIS SRT": "SRT1", "CON OF RD": "C1", "TARIKH": null, "NORTHING_2": 1.553103, "EASTING": 110.337785, "CATATAN_2": null, "NORTH AKK": 1.553661, "EAST AKHR": 110.325951, "Road_type": "Main road" }, "geometry": { "type": "MultiPolygon", "coordinates": [ [ [ [ 110.333175689138713, 1.553317206000543 ], [ 110.333160372411967, 1.55328695141537 ], [ 110.333136515285375, 1.553262940847907 ], [ 110.333106453060836, 1.553247524619789 ], [ 110.333073128438343, 1.553242211778711 ], [ 110.333039803463919, 1.553247522382408 ], [ 110.333009740217904, 1.553262936591859 ], [ 110.332985881500036, 1.553286945556762 ], [ 110.332970562767684, 1.553317199112396 ], [ 110.332965283525127, 1.553350735830037 ], [ 110.332970560541639, 1.553384272902257 ], [ 110.332982422396114, 1.553407703203996 ], [ 110.333168924534817, 1.5533976350813 ], [ 110.333175686916277, 1.55338427979255 ], [ 110.333180966157371, 1.553350743073781 ], [ 110.333175689138713, 1.553317206000543 ] ] ] ] } },
{ "type": "Feature", "properties": { "fid_1": 294.0, "Lokasi": "Jalan_Satok", "Pemilik": "Dbku", "Tarikh_Dit": null, "Jenis_Poko": "TB2_Bucida", "Tinggi_Pok": 3.0, "Silara_Pok": 0.0, "Catatan": null, "Ukur_Lilit": 11, "Northing": null, "Easthing": null, "Ln_TAGB_": 4.065, "TAGB": 58.265, "CO2_Stock": 29.133, "NAMA JALAN": "JALAN SATOK", "KTG JLN": "JRB", "PJG JLN": 1.351, "LBR JLN": 12.9, "JENIS SRT": "SRT1", "CON OF RD": "C1", "TARIKH": null, "NORTHING_2": 1.553103, "EASTING": 110.337785, "CATATAN_2": null, "NORTH AKK": 1.553661, "EAST AKHR": 110.325951, "Road_type": "Main road" }, "geometry": { "type": "MultiPolygon", "coordinates": [ [ [ [ 110.333138874833068, 1.553320010906271 ], [ 110.333123558106706, 1.55328975632111 ], [ 110.333099700980469, 1.553265745753565 ], [ 110.333069638756243, 1.553250329525223 ], [ 110.333036314133963, 1.553245016683839 ], [ 110.333002989159638, 1.553250327287166 ], [ 110.332972925913623, 1.553265741496223 ], [ 110.332949067195642, 1.553289750460711 ], [ 110.332933748463049, 1.553320004016004 ], [ 110.332928469220192, 1.553353540733369 ], [ 110.332933746236321, 1.553387077805441 ], [ 110.332945205220909, 1.553409712333074 ], [ 110.33313253580981, 1.55339959948929 ], [ 110.33313887260995, 1.553387084697849 ], [ 110.333144151851343, 1.55335354797935 ], [ 110.333138874833068, 1.553320010906271 ] ] ] ] } },
{ "type": "Feature", "properties": { "fid_1": 295.0, "Lokasi": "Jalan_Satok", "Pemilik": "Dbku", "Tarikh_Dit": null, "Jenis_Poko": "TB2_Bucida", "Tinggi_Pok": 4.0, "Silara_Pok": 0.0, "Catatan": null, "Ukur_Lilit": 14, "Northing": null, "Easthing": null, "Ln_TAGB_": 4.594, "TAGB": 98.889, "CO2_Stock": 49.444, "NAMA JALAN": "JALAN SATOK", "KTG JLN": "JRB", "PJG JLN": 1.351, "LBR JLN": 12.9, "JENIS SRT": "SRT1", "CON OF RD": "C1", "TARIKH": null, "NORTHING_2": 1.553103, "EASTING": 110.337785, "CATATAN_2": null, "NORTH AKK": 1.553661, "EAST AKHR": 110.325951, "Road_type": "Main road" }, "geometry": { "type": "MultiPolygon", "coordinates": [ [ [ [ 110.333093645828896, 1.553322815813404 ], [ 110.333078329103017, 1.55329256122829 ], [ 110.333054471977206, 1.553268550660635 ], [ 110.333024409753378, 1.553253134432038 ], [ 110.332991085131368, 1.553247821590271 ], [ 110.332957760157186, 1.553253132193147 ], [ 110.332927696911185, 1.553268546401687 ], [ 110.332903838193033, 1.55329255536572 ], [ 110.332888519460184, 1.553322808920575 ], [ 110.33288324021693, 1.553356345637623 ], [ 110.332888517232618, 1.553389882709518 ], [ 110.332899797202074, 1.553412163635491 ], [ 110.333087495911471, 1.553402030921468 ], [ 110.333093643604968, 1.553389889604469 ], [ 110.33309892284673, 1.553356352886285 ], [ 110.333093645828896, 1.553322815813404 ] ] ] ] } },
{ "type": "Feature", "properties": { "fid_1": 296.0, "Lokasi": "Jalan_Satok", "Pemilik": "Dbku", "Tarikh_Dit": null, "Jenis_Poko": "TB2_Bucida", "Tinggi_Pok": 4.0, "Silara_Pok": 0.0, "Catatan": null, "Ukur_Lilit": 11, "Northing": null, "Easthing": null, "Ln_TAGB_": 4.065, "TAGB": 58.265, "CO2_Stock": 29.133, "NAMA JALAN": "JALAN SATOK", "KTG JLN": "JRB", "PJG JLN": 1.351, "LBR JLN": 12.9, "JENIS SRT": "SRT1", "CON OF RD": "C1", "TARIKH": null, "NORTHING_2": 1.553103, "EASTING": 110.337785, "CATATAN_2": null, "NORTH AKK": 1.553661, "EAST AKHR": 110.325951, "Road_type": "Main road" }, "geometry": { "type": "MultiPolygon", "coordinates": [ [ [ [ 110.333044382537892, 1.553326127847077 ], [ 110.333029065812511, 1.553295873262001 ], [ 110.333005208687197, 1.553271862694216 ], [ 110.332975146463767, 1.553256446465344 ], [ 110.33294182184207, 1.553251133623168 ], [ 110.332908496868029, 1.553256444225532 ], [ 110.332878433622028, 1.553271858433548 ], [ 110.33285457490372, 1.553295867397052 ], [ 110.332839256170544, 1.553326120951444 ], [ 110.332833976926892, 1.553359657668149 ], [ 110.332839253942083, 1.553393194739825 ], [ 110.332850212311442, 1.553414840421139 ], [ 110.333038572349423, 1.553404672008579 ], [ 110.333044380313041, 1.553393201637574 ], [ 110.333049659555243, 1.553359664919761 ], [ 110.333044382537892, 1.553326127847077 ] ] ] ] } },
{ "type": "Feature", "properties": { "fid_1": 297.0, "Lokasi": "Jalan_Satok", "Pemilik": "Dbku", "Tarikh_Dit": null, "Jenis_Poko": "TB2_Bucida", "Tinggi_Pok": 4.0, "Silara_Pok": 0.0, "Catatan": null, "Ukur_Lilit": 10, "Northing": null, "Easthing": null, "Ln_TAGB_": 3.855, "TAGB": 47.229, "CO2_Stock": 23.614, "NAMA JALAN": "JALAN SATOK", "KTG JLN": "JRB", "PJG JLN": 1.351, "LBR JLN": 12.9, "JENIS SRT": "SRT1", "CON OF RD": "C1", "TARIKH": null, "NORTHING_2": 1.553103, "EASTING": 110.337785, "CATATAN_2": null, "NORTH AKK": 1.553661, "EAST AKHR": 110.325951, "Road_type": "Main road" }, "geometry": { "type": "MultiPolygon", "coordinates": [ [ [ [ 110.332991440060354, 1.553330685817702 ], [ 110.332976123335527, 1.553300431232675 ], [ 110.332952266210739, 1.553276420664759 ], [ 110.332922203987749, 1.553261004435591 ], [ 110.332888879366351, 1.553255691592965 ], [ 110.332855554392481, 1.553261002194788 ], [ 110.332825491146437, 1.553276416402223 ], [ 110.332801632427973, 1.553300425365147 ], [ 110.332786313694456, 1.553330678919038 ], [ 110.332781034450349, 1.553364215635351 ], [ 110.332786311465014, 1.553397752706785 ], [ 110.332796432121782, 1.553417743684596 ], [ 110.332986514809235, 1.553407482279456 ], [ 110.332991437834536, 1.553397759607594 ], [ 110.332996717077179, 1.553364222890151 ], [ 110.332991440060354, 1.553330685817702 ] ] ] ] } },
{ "type": "Feature", "properties": { "fid_1": 298.0, "Lokasi": "Jalan_Satok", "Pemilik": "Dbku", "Tarikh_Dit": null, "Jenis_Poko": "TB2_Bucida", "Tinggi_Pok": 4.0, "Silara_Pok": 0.0, "Catatan": null, "Ukur_Lilit": 13, "Northing": null, "Easthing": null, "Ln_TAGB_": 4.432, "TAGB": 84.099, "CO2_Stock": 42.05, "NAMA JALAN": "JALAN SATOK", "KTG JLN": "JRB", "PJG JLN": 1.351, "LBR JLN": 12.9, "JENIS SRT": "SRT1", "CON OF RD": "C1", "TARIKH": null, "NORTHING_2": 1.553103, "EASTING": 110.337785, "CATATAN_2": null, "NORTH AKK": 1.553661, "EAST AKHR": 110.325951, "Road_type": "Main road" }, "geometry": { "type": "MultiPolygon", "coordinates": [ [ [ [ 110.332936043294936, 1.553330335214677 ], [ 110.332920726570677, 1.553300080629696 ], [ 110.332896869446444, 1.553276070061606 ], [ 110.332866807223937, 1.553260653832132 ], [ 110.332833482602922, 1.553255340989059 ], [ 110.332800157629237, 1.553260651590353 ], [ 110.332770094383264, 1.5532760657972 ], [ 110.332746235664644, 1.55330007475958 ], [ 110.332730916930814, 1.55333032831298 ], [ 110.332725637686266, 1.553363865028939 ], [ 110.332730914700392, 1.553397402100172 ], [ 110.332742681846995, 1.553420645332351 ], [ 110.33292937873108, 1.553410566708952 ], [ 110.332936041068152, 1.553397409003991 ], [ 110.332941320311221, 1.553363872286918 ], [ 110.332936043294936, 1.553330335214677 ] ] ] ] } },
{ "type": "Feature", "properties": { "fid_1": 299.0, "Lokasi": "Jalan_Satok", "Pemilik": "Dbku", "Tarikh_Dit": null, "Jenis_Poko": "TB2_Bucida", "Tinggi_Pok": 4.0, "Silara_Pok": 0.0, "Catatan": null, "Ukur_Lilit": 9, "Northing": null, "Easthing": null, "Ln_TAGB_": 3.624, "TAGB": 37.487, "CO2_Stock": 18.744, "NAMA JALAN": "JALAN SATOK", "KTG JLN": "JRB", "PJG JLN": 1.351, "LBR JLN": 12.9, "JENIS SRT": "SRT1", "CON OF RD": "C1", "TARIKH": null, "NORTHING_2": 1.553103, "EASTING": 110.337785, "CATATAN_2": null, "NORTH AKK": 1.553661, "EAST AKHR": 110.325951, "Road_type": "Main road" }, "geometry": { "type": "MultiPolygon", "coordinates": [ [ [ [ 110.332882048979741, 1.553332789510897 ], [ 110.332866732256051, 1.553302534925942 ], [ 110.332842875132357, 1.553278524357732 ], [ 110.332812812910305, 1.553263108127934 ], [ 110.332779488289617, 1.553257795284419 ], [ 110.332746163316116, 1.55326310588518 ], [ 110.332716100070144, 1.553278520091436 ], [ 110.332692241351339, 1.553302529053259 ], [ 110.33267692261721, 1.553332782606164 ], [ 110.332671643372194, 1.553366319321742 ], [ 110.332676920385808, 1.553399856392765 ], [ 110.332688914477345, 1.553423547902143 ], [ 110.332875144675285, 1.553413494475067 ], [ 110.332882046751962, 1.553399863299609 ], [ 110.3328873259955, 1.553366326582909 ], [ 110.332882048979741, 1.553332789510897 ] ] ] ] } },
{ "type": "Feature", "properties": { "fid_1": 300.0, "Lokasi": "Jalan_Satok", "Pemilik": "Dbku", "Tarikh_Dit": null, "Jenis_Poko": "TB2_Bucida", "Tinggi_Pok": 4.0, "Silara_Pok": 0.0, "Catatan": null, "Ukur_Lilit": 15, "Northing": null, "Easthing": null, "Ln_TAGB_": 4.746, "TAGB": 115.123, "CO2_Stock": 57.562, "NAMA JALAN": "JALAN SATOK", "KTG JLN": "JRB", "PJG JLN": 1.351, "LBR JLN": 12.9, "JENIS SRT": "SRT1", "CON OF RD": "C1", "TARIKH": null, "NORTHING_2": 1.553103, "EASTING": 110.337785, "CATATAN_2": null, "NORTH AKK": 1.553661, "EAST AKHR": 110.325951, "Road_type": "Main road" }, "geometry": { "type": "MultiPolygon", "coordinates": [ [ [ [ 110.332825249765222, 1.553336295644862 ], [ 110.332809933042128, 1.553306041059968 ], [ 110.332786075918989, 1.553282030491622 ], [ 110.33275601369742, 1.5532666142615 ], [ 110.332722689077059, 1.553261301417509 ], [ 110.332689364103757, 1.553266612017694 ], [ 110.33265930085777, 1.553282026223339 ], [ 110.33263544213878, 1.553306035184544 ], [ 110.332620123404311, 1.553336288736929 ], [ 110.332614844158826, 1.553369825452084 ], [ 110.332620121171871, 1.553403362522873 ], [ 110.332631898487904, 1.553426625844068 ], [ 110.332818574455388, 1.553416548355558 ], [ 110.332825247536405, 1.553403369432943 ], [ 110.332830526780427, 1.55336983271665 ], [ 110.332825249765222, 1.553336295644862 ] ] ] ] } },
{ "type": "Feature", "properties": { "fid_1": 301.0, "Lokasi": "Jalan_Satok", "Pemilik": "Dbku", "Tarikh_Dit": null, "Jenis_Poko": "TB2_Bucida", "Tinggi_Pok": 4.0, "Silara_Pok": 0.0, "Catatan": null, "Ukur_Lilit": 9, "Northing": null, "Easthing": null, "Ln_TAGB_": 3.624, "TAGB": 37.487, "CO2_Stock": 18.744, "NAMA JALAN": "JALAN SATOK", "KTG JLN": "JRB", "PJG JLN": 1.351, "LBR JLN": 12.9, "JENIS SRT": "SRT1", "CON OF RD": "C1", "TARIKH": null, "NORTHING_2": 1.553103, "EASTING": 110.337785, "CATATAN_2": null, "NORTH AKK": 1.553661, "EAST AKHR": 110.325951, "Road_type": "Main road" }, "geometry": { "type": "MultiPolygon", "coordinates": [ [ [ [ 110.332765645650767, 1.553337347492302 ], [ 110.332750328928284, 1.553307092907469 ], [ 110.332726471805742, 1.553283082338952 ], [ 110.332696409584671, 1.553267666108487 ], [ 110.332663084964707, 1.553262353264018 ], [ 110.332629759991633, 1.553267663863603 ], [ 110.33259969674566, 1.553283078068639 ], [ 110.332575838026514, 1.553307087029224 ], [ 110.33256051929169, 1.553337340581078 ], [ 110.332555240045721, 1.553370877295854 ], [ 110.332560517058212, 1.553404414366381 ], [ 110.332573361672246, 1.553429785885091 ], [ 110.332757842871729, 1.553419826881676 ], [ 110.332765643420899, 1.553404421279753 ], [ 110.332770922665389, 1.553370884563861 ], [ 110.332765645650767, 1.553337347492302 ] ] ] ] } },
{ "type": "Feature", "properties": { "fid_1": 302.0, "Lokasi": "Jalan_Satok", "Pemilik": "Dbku", "Tarikh_Dit": null, "Jenis_Poko": "TB2_Bucida", "Tinggi_Pok": 4.0, "Silara_Pok": 0.0, "Catatan": null, "Ukur_Lilit": 14, "Northing": null, "Easthing": null, "Ln_TAGB_": 4.594, "TAGB": 98.889, "CO2_Stock": 49.444, "NAMA JALAN": "JALAN SATOK", "KTG JLN": "JRB", "PJG JLN": 1.351, "LBR JLN": 12.9, "JENIS SRT": "SRT1", "CON OF RD": "C1", "TARIKH": null, "NORTHING_2": 1.553103, "EASTING": 110.337785, "CATATAN_2": null, "NORTH AKK": 1.553661, "EAST AKHR": 110.325951, "Road_type": "Main road" }, "geometry": { "type": "MultiPolygon", "coordinates": [ [ [ [ 110.332714105622813, 1.553340853625394 ], [ 110.332698788900856, 1.553310599040595 ], [ 110.332674931778826, 1.553286588471942 ], [ 110.332644869558195, 1.5532711722412 ], [ 110.332611544938544, 1.553265859396283 ], [ 110.332578219965612, 1.553271169995364 ], [ 110.332548156719639, 1.553286584199826 ], [ 110.332524298000322, 1.553310593159868 ], [ 110.332508979265185, 1.55334084671123 ], [ 110.332503700018776, 1.553374383425645 ], [ 110.332508977030741, 1.553407920495948 ], [ 110.332521464959356, 1.553432587467202 ], [ 110.332706679635947, 1.553422588870523 ], [ 110.332714103391979, 1.553407927412267 ], [ 110.332719382636924, 1.553374390696747 ], [ 110.332714105622813, 1.553340853625394 ] ] ] ] } },
{ "type": "Feature", "properties": { "fid_1": 303.0, "Lokasi": "Jalan_Satok", "Pemilik": "Dbku", "Tarikh_Dit": null, "Jenis_Poko": "TB2_Bucida", "Tinggi_Pok": 4.0, "Silara_Pok": 0.0, "Catatan": null, "Ukur_Lilit": 12, "Northing": null, "Easthing": null, "Ln_TAGB_": 4.256, "TAGB": 70.527, "CO2_Stock": 35.264, "NAMA JALAN": "JALAN SATOK", "KTG JLN": "JRB", "PJG JLN": 1.351, "LBR JLN": 12.9, "JENIS SRT": "SRT1", "CON OF RD": "C1", "TARIKH": null, "NORTHING_2": 1.553103, "EASTING": 110.337785, "CATATAN_2": null, "NORTH AKK": 1.553661, "EAST AKHR": 110.325951, "Road_type": "Main road" }, "geometry": { "type": "MultiPolygon", "coordinates": [ [ [ [ 110.332653800283552, 1.553342256085384 ], [ 110.332638483562221, 1.553312001500594 ], [ 110.332614626440787, 1.553287990931802 ], [ 110.332584564220682, 1.553272574700706 ], [ 110.332551239601401, 1.553267261855309 ], [ 110.332517914628681, 1.553272572453804 ], [ 110.332487851382737, 1.553287986657623 ], [ 110.33246399266325, 1.55331199561704 ], [ 110.332448673927772, 1.553342249167869 ], [ 110.332443394680865, 1.553375785881854 ], [ 110.332448671692234, 1.553409322951939 ], [ 110.332462072793078, 1.553435793681496 ], [ 110.332645409642026, 1.553425896460196 ], [ 110.332653798051652, 1.553409329871587 ], [ 110.332659077297066, 1.553375793156468 ], [ 110.332653800283552, 1.553342256085384 ] ] ] ] } },
{ "type": "Feature", "properties": { "fid_1": 304.0, "Lokasi": "Jalan_Satok", "Pemilik": "Dbku", "Tarikh_Dit": null, "Jenis_Poko": "TB2_Bucida", "Tinggi_Pok": 4.0, "Silara_Pok": 0.0, "Catatan": null, "Ukur_Lilit": 10, "Northing": null, "Easthing": null, "Ln_TAGB_": 3.855, "TAGB": 47.229, "CO2_Stock": 23.614, "NAMA JALAN": "JALAN SATOK", "KTG JLN": "JRB", "PJG JLN": 1.351, "LBR JLN": 12.9, "JENIS SRT": "SRT1", "CON OF RD": "C1", "TARIKH": null, "NORTHING_2": 1.553103, "EASTING": 110.337785, "CATATAN_2": null, "NORTH AKK": 1.553661, "EAST AKHR": 110.325951, "Road_type": "Main road" }, "geometry": { "type": "MultiPolygon", "coordinates": [ [ [ [ 110.332586132083719, 1.553347515283363 ], [ 110.332570815363098, 1.55331726069866 ], [ 110.332546958242318, 1.553293250129689 ], [ 110.332516896022767, 1.553277833898224 ], [ 110.332483571403898, 1.553272521052255 ], [ 110.332450246431407, 1.553277831650046 ], [ 110.332420183185434, 1.553293245853119 ], [ 110.332396324465719, 1.553317254811808 ], [ 110.332381005729815, 1.553347508361985 ], [ 110.33237572648234, 1.553381045075493 ], [ 110.332381003493026, 1.553414582145292 ], [ 110.332393613064752, 1.553439489395948 ], [ 110.332578577592216, 1.553429504309828 ], [ 110.332586129850569, 1.553414589068786 ], [ 110.332591409096565, 1.55338105235418 ], [ 110.332586132083719, 1.553347515283363 ] ] ] ] } },
{ "type": "Feature", "properties": { "fid_1": 305.0, "Lokasi": "Jalan_Satok", "Pemilik": "Dbku", "Tarikh_Dit": null, "Jenis_Poko": "TB2_Bucida", "Tinggi_Pok": 4.0, "Silara_Pok": 0.0, "Catatan": null, "Ukur_Lilit": 10, "Northing": null, "Easthing": null, "Ln_TAGB_": 3.855, "TAGB": 47.229, "CO2_Stock": 23.614, "NAMA JALAN": "JALAN SATOK", "KTG JLN": "JRB", "PJG JLN": 1.351, "LBR JLN": 12.9, "JENIS SRT": "SRT1", "CON OF RD": "C1", "TARIKH": null, "NORTHING_2": 1.553103, "EASTING": 110.337785, "CATATAN_2": null, "NORTH AKK": 1.553661, "EAST AKHR": 110.325951, "Road_type": "Main road" }, "geometry": { "type": "MultiPolygon", "coordinates": [ [ [ [ 110.332028023422495, 1.553380256925248 ], [ 110.332012706707673, 1.553350002341013 ], [ 110.331988849592406, 1.553325991770616 ], [ 110.33195878737753, 1.553310575535964 ], [ 110.331925462762072, 1.55330526268536 ], [ 110.331892137791343, 1.553310573277535 ], [ 110.33186207454537, 1.553325987474543 ], [ 110.331838215823879, 1.55334999642731 ], [ 110.33182289708455, 1.553380249972304 ], [ 110.331817617832414, 1.553413786681852 ], [ 110.3318228948376, 1.553447323749321 ], [ 110.331834216814997, 1.553469687667621 ], [ 110.332021829098267, 1.553459559674643 ], [ 110.332028021179141, 1.553447330704404 ], [ 110.332033300429828, 1.553413793993736 ], [ 110.332028023422495, 1.553380256925248 ] ] ] ] } },
{ "type": "Feature", "properties": { "fid_1": 306.0, "Lokasi": "Jalan_Satok", "Pemilik": "Dbku", "Tarikh_Dit": null, "Jenis_Poko": "TB2_Bucida", "Tinggi_Pok": 3.0, "Silara_Pok": 0.0, "Catatan": null, "Ukur_Lilit": 14, "Northing": null, "Easthing": null, "Ln_TAGB_": 4.594, "TAGB": 98.889, "CO2_Stock": 49.444, "NAMA JALAN": "JALAN SATOK", "KTG JLN": "JRB", "PJG JLN": 1.351, "LBR JLN": 12.9, "JENIS SRT": "SRT1", "CON OF RD": "C1", "TARIKH": null, "NORTHING_2": 1.553103, "EASTING": 110.337785, "CATATAN_2": null, "NORTH AKK": 1.553661, "EAST AKHR": 110.325951, "Road_type": "Main road" }, "geometry": { "type": "MultiPolygon", "coordinates": [ [ [ [ 110.331965965021155, 1.553382535916594 ], [ 110.331950648306986, 1.553352281332429 ], [ 110.331926791192345, 1.553328270761868 ], [ 110.331896728977995, 1.553312854526848 ], [ 110.331863404362906, 1.553307541675734 ], [ 110.331830079392404, 1.553312852267297 ], [ 110.33180001614646, 1.553328266463629 ], [ 110.33177615742477, 1.553352275415765 ], [ 110.331760838685085, 1.553382528960188 ], [ 110.331755559432409, 1.5534160656693 ], [ 110.331760836436999, 1.553449602736527 ], [ 110.331772686268479, 1.553473009308046 ], [ 110.331959213082555, 1.553462939915843 ], [ 110.331965962776692, 1.553449609695079 ], [ 110.331971242027905, 1.553416072984833 ], [ 110.331965965021155, 1.553382535916594 ] ] ] ] } },
{ "type": "Feature", "properties": { "fid_1": 307.0, "Lokasi": "Jalan_Satok", "Pemilik": "Dbku", "Tarikh_Dit": null, "Jenis_Poko": "TB2_Bucida", "Tinggi_Pok": 3.0, "Silara_Pok": 0.0, "Catatan": null, "Ukur_Lilit": 14, "Northing": null, "Easthing": null, "Ln_TAGB_": 4.594, "TAGB": 98.889, "CO2_Stock": 49.444, "NAMA JALAN": "JALAN SATOK", "KTG JLN": "JRB", "PJG JLN": 1.351, "LBR JLN": 12.9, "JENIS SRT": "SRT1", "CON OF RD": "C1", "TARIKH": null, "NORTHING_2": 1.553103, "EASTING": 110.337785, "CATATAN_2": null, "NORTH AKK": 1.553661, "EAST AKHR": 110.325951, "Road_type": "Main road" }, "geometry": { "type": "MultiPolygon", "coordinates": [ [ [ [ 110.331893388246641, 1.553384639603551 ], [ 110.331878071533211, 1.553354385019421 ], [ 110.33185421441928, 1.553330374448675 ], [ 110.331824152205556, 1.553314958213241 ], [ 110.331790827590936, 1.553309645361551 ], [ 110.33175750262069, 1.553314955952378 ], [ 110.33172743937476, 1.553330370147947 ], [ 110.331703580652857, 1.553354379099329 ], [ 110.33168826191276, 1.553384632643099 ], [ 110.331682982659501, 1.553418169351716 ], [ 110.331688259663366, 1.553451706418652 ], [ 110.33170100355477, 1.553476878997666 ], [ 110.331885691842018, 1.553466908859528 ], [ 110.331893386000871, 1.553451713381246 ], [ 110.331898665252666, 1.553418176671486 ], [ 110.331893388246641, 1.553384639603551 ] ] ] ] } },
{ "type": "Feature", "properties": { "fid_1": 308.0, "Lokasi": "Jalan_Satok", "Pemilik": "Dbku", "Tarikh_Dit": null, "Jenis_Poko": "TB2_Bucida", "Tinggi_Pok": 3.0, "Silara_Pok": 0.0, "Catatan": null, "Ukur_Lilit": 16, "Northing": null, "Easthing": null, "Ln_TAGB_": 4.888, "TAGB": 132.688, "CO2_Stock": 66.344, "NAMA JALAN": "JALAN SATOK", "KTG JLN": "JRB", "PJG JLN": 1.351, "LBR JLN": 12.9, "JENIS SRT": "SRT1", "CON OF RD": "C1", "TARIKH": null, "NORTHING_2": 1.553103, "EASTING": 110.337785, "CATATAN_2": null, "NORTH AKK": 1.553661, "EAST AKHR": 110.325951, "Road_type": "Main road" }, "geometry": { "type": "MultiPolygon", "coordinates": [ [ [ [ 110.331826771883883, 1.55338849635162 ], [ 110.331811455171149, 1.55335824176755 ], [ 110.331787598057872, 1.553334231196644 ], [ 110.331757535844716, 1.553318814960835 ], [ 110.331724211230494, 1.553313502108586 ], [ 110.331690886260461, 1.553318812698742 ], [ 110.331660823014545, 1.553334226893584 ], [ 110.331636964292443, 1.553358235844257 ], [ 110.33162164555192, 1.55338848938742 ], [ 110.331616366298093, 1.55342202609554 ], [ 110.331621643301304, 1.553455563162202 ], [ 110.331634258792505, 1.553480482117728 ], [ 110.331819211116226, 1.553470497729355 ], [ 110.331826769636905, 1.55345557012855 ], [ 110.331832048889254, 1.553422033419294 ], [ 110.331826771883883, 1.55338849635162 ] ] ] ] } },
{ "type": "Feature", "properties": { "fid_1": 309.0, "Lokasi": "Jalan_Satok", "Pemilik": "Dbku", "Tarikh_Dit": null, "Jenis_Poko": "TB2_Bucida", "Tinggi_Pok": 3.0, "Silara_Pok": 0.0, "Catatan": null, "Ukur_Lilit": 16, "Northing": null, "Easthing": null, "Ln_TAGB_": 4.888, "TAGB": 132.688, "CO2_Stock": 66.344, "NAMA JALAN": "JALAN SATOK", "KTG JLN": "JRB", "PJG JLN": 1.351, "LBR JLN": 12.9, "JENIS SRT": "SRT1", "CON OF RD": "C1", "TARIKH": null, "NORTHING_2": 1.553103, "EASTING": 110.337785, "CATATAN_2": null, "NORTH AKK": 1.553661, "EAST AKHR": 110.325951, "Road_type": "Main road" }, "geometry": { "type": "MultiPolygon", "coordinates": [ [ [ [ 110.331773128181126, 1.553390950647784 ], [ 110.331757811468947, 1.55336069606376 ], [ 110.33173395435621, 1.553336685492706 ], [ 110.331703892143508, 1.553321269256585 ], [ 110.331670567529628, 1.5533159564039 ], [ 110.331637242559765, 1.553321266993519 ], [ 110.331607179313863, 1.553336681187792 ], [ 110.331583320591577, 1.5533606901379 ], [ 110.331568001850727, 1.553390943680562 ], [ 110.331562722596459, 1.553424480388327 ], [ 110.331567999599159, 1.553458017454761 ], [ 110.331580832699728, 1.553483366247661 ], [ 110.331765337534378, 1.553473406019094 ], [ 110.331773125933168, 1.553458024424135 ], [ 110.331778405185972, 1.553424487715226 ], [ 110.331773128181126, 1.553390950647784 ] ] ] ] } },
{ "type": "Feature", "properties": { "fid_1": 310.0, "Lokasi": "Jalan_Satok", "Pemilik": "Dbku", "Tarikh_Dit": null, "Jenis_Poko": "TB2_Bucida", "Tinggi_Pok": 3.0, "Silara_Pok": 0.0, "Catatan": null, "Ukur_Lilit": 12, "Northing": null, "Easthing": null, "Ln_TAGB_": 4.256, "TAGB": 70.527, "CO2_Stock": 35.264, "NAMA JALAN": "JALAN SATOK", "KTG JLN": "JRB", "PJG JLN": 1.351, "LBR JLN": 12.9, "JENIS SRT": "SRT1", "CON OF RD": "C1", "TARIKH": null, "NORTHING_2": 1.553103, "EASTING": 110.337785, "CATATAN_2": null, "NORTH AKK": 1.553661, "EAST AKHR": 110.325951, "Road_type": "Main road" }, "geometry": { "type": "MultiPolygon", "coordinates": [ [ [ [ 110.331596396495428, 1.553398309835689 ], [ 110.331581079785067, 1.553368055251806 ], [ 110.331557222674093, 1.553344044680298 ], [ 110.331527160462883, 1.553328628443178 ], [ 110.331493835850111, 1.553323315589032 ], [ 110.331460510880845, 1.553328626176888 ], [ 110.331430447634958, 1.553344040369244 ], [ 110.331406588912131, 1.553368049317529 ], [ 110.331391270170258, 1.553398302858557 ], [ 110.331385990914526, 1.553431839565108 ], [ 110.331391267915478, 1.553465376630828 ], [ 110.331405176003472, 1.553492848813419 ], [ 110.331587470251506, 1.55348300792912 ], [ 110.331596394244272, 1.553465383610086 ], [ 110.33160167349854, 1.553431846902418 ], [ 110.331596396495428, 1.553398309835689 ] ] ] ] } },
{ "type": "Feature", "properties": { "fid_1": 311.0, "Lokasi": "Jalan_Satok", "Pemilik": "Dbku", "Tarikh_Dit": null, "Jenis_Poko": "TB2_Bucida", "Tinggi_Pok": 3.0, "Silara_Pok": 0.0, "Catatan": null, "Ukur_Lilit": 10, "Northing": null, "Easthing": null, "Ln_TAGB_": 3.855, "TAGB": 47.229, "CO2_Stock": 23.614, "NAMA JALAN": "JALAN SATOK", "KTG JLN": "JRB", "PJG JLN": 1.351, "LBR JLN": 12.9, "JENIS SRT": "SRT1", "CON OF RD": "C1", "TARIKH": null, "NORTHING_2": 1.553103, "EASTING": 110.337785, "CATATAN_2": null, "NORTH AKK": 1.553661, "EAST AKHR": 110.325951, "Road_type": "Main road" }, "geometry": { "type": "MultiPolygon", "coordinates": [ [ [ [ 110.331511548285874, 1.553402517199292 ], [ 110.331496231576409, 1.553372262615469 ], [ 110.331472374466259, 1.553348252043754 ], [ 110.331442312255774, 1.553332835806143 ], [ 110.331408987643513, 1.553327522951309 ], [ 110.331375662674532, 1.553332833538309 ], [ 110.331345599428658, 1.553348247729771 ], [ 110.331321740705576, 1.553372256677128 ], [ 110.331306421963191, 1.553402510217389 ], [ 110.331301142706735, 1.553436046923343 ], [ 110.331306419706863, 1.553469583988696 ], [ 110.331320511627311, 1.553497419290897 ], [ 110.331502427842935, 1.553487598818416 ], [ 110.331511546033184, 1.553469590972751 ], [ 110.331516825288148, 1.553436054265683 ], [ 110.331511548285874, 1.553402517199292 ] ] ] ] } },
{ "type": "Feature", "properties": { "fid_1": 312.0, "Lokasi": "Jalan_Satok", "Pemilik": "Dbku", "Tarikh_Dit": null, "Jenis_Poko": "TB2_Bucida", "Tinggi_Pok": 4.0, "Silara_Pok": 0.0, "Catatan": null, "Ukur_Lilit": 13, "Northing": null, "Easthing": null, "Ln_TAGB_": 4.432, "TAGB": 84.099, "CO2_Stock": 42.05, "NAMA JALAN": "JALAN SATOK", "KTG JLN": "JRB", "PJG JLN": 1.351, "LBR JLN": 12.9, "JENIS SRT": "SRT1", "CON OF RD": "C1", "TARIKH": null, "NORTHING_2": 1.553103, "EASTING": 110.337785, "CATATAN_2": null, "NORTH AKK": 1.553661, "EAST AKHR": 110.325951, "Road_type": "Main road" }, "geometry": { "type": "MultiPolygon", "coordinates": [ [ [ [ 110.331444931923428, 1.553408127009546 ], [ 110.331429615214631, 1.553377872425793 ], [ 110.331405758105149, 1.553353861853886 ], [ 110.331375695895204, 1.553338445615909 ], [ 110.331342371283355, 1.55333313276051 ], [ 110.331309046314558, 1.553338443346832 ], [ 110.331278983068671, 1.553353857537537 ], [ 110.331255124345361, 1.553377866484203 ], [ 110.331239805602536, 1.553408120023823 ], [ 110.33123452634554, 1.553441656729292 ], [ 110.331239803344999, 1.55347519379438 ], [ 110.331252902965289, 1.553501069040208 ], [ 110.331436859721379, 1.553491138415604 ], [ 110.331444929669502, 1.553475200782223 ], [ 110.331450208925034, 1.553441664075628 ], [ 110.331444931923428, 1.553408127009546 ] ] ] ] } },
{ "type": "Feature", "properties": { "fid_1": 313.0, "Lokasi": "Jalan_Satok", "Pemilik": "Dbku", "Tarikh_Dit": null, "Jenis_Poko": "TB2_Bucida", "Tinggi_Pok": 4.0, "Silara_Pok": 0.0, "Catatan": null, "Ukur_Lilit": 14, "Northing": null, "Easthing": null, "Ln_TAGB_": 4.594, "TAGB": 98.889, "CO2_Stock": 49.444, "NAMA JALAN": "JALAN SATOK", "KTG JLN": "JRB", "PJG JLN": 1.351, "LBR JLN": 12.9, "JENIS SRT": "SRT1", "CON OF RD": "C1", "TARIKH": null, "NORTHING_2": 1.553103, "EASTING": 110.337785, "CATATAN_2": null, "NORTH AKK": 1.553661, "EAST AKHR": 110.325951, "Road_type": "Main road" }, "geometry": { "type": "MultiPolygon", "coordinates": [ [ [ [ 110.331370602087304, 1.553413736821115 ], [ 110.331355285379288, 1.55338348223742 ], [ 110.331331428270502, 1.553359471665345 ], [ 110.331301366061197, 1.55334405542694 ], [ 110.331268041449775, 1.553338742570913 ], [ 110.331234716481219, 1.553344053156481 ], [ 110.331204653235318, 1.55335946734638 ], [ 110.331180794511752, 1.55338347629222 ], [ 110.331165475768472, 1.553413729831149 ], [ 110.331160196510837, 1.553447266536074 ], [ 110.331165473509543, 1.553480803600839 ], [ 110.33117778602751, 1.553505124110711 ], [ 110.33136336135982, 1.553495106113545 ], [ 110.331370599831999, 1.553480810592925 ], [ 110.331375879088156, 1.553447273886889 ], [ 110.331370602087304, 1.553413736821115 ] ] ] ] } },
{ "type": "Feature", "properties": { "fid_1": 314.0, "Lokasi": "Jalan_Satok", "Pemilik": "Dbku", "Tarikh_Dit": null, "Jenis_Poko": "TB2_Bucida", "Tinggi_Pok": 4.0, "Silara_Pok": 0.0, "Catatan": null, "Ukur_Lilit": 11, "Northing": null, "Easthing": null, "Ln_TAGB_": 4.065, "TAGB": 58.265, "CO2_Stock": 29.133, "NAMA JALAN": "JALAN SATOK", "KTG JLN": "JRB", "PJG JLN": 1.351, "LBR JLN": 12.9, "JENIS SRT": "SRT1", "CON OF RD": "C1", "TARIKH": null, "NORTHING_2": 1.553103, "EASTING": 110.337785, "CATATAN_2": null, "NORTH AKK": 1.553661, "EAST AKHR": 110.325951, "Road_type": "Main road" }, "geometry": { "type": "MultiPolygon", "coordinates": [ [ [ [ 110.331320113896894, 1.55341864540372 ], [ 110.331304797189418, 1.553388390820087 ], [ 110.331280940081157, 1.55336438024788 ], [ 110.331250877872236, 1.553348964009194 ], [ 110.331217553261098, 1.553343651152734 ], [ 110.331184228292699, 1.553348961737786 ], [ 110.331154165046769, 1.553364375927125 ], [ 110.331130306323033, 1.553388384872401 ], [ 110.331114987579426, 1.553418638410835 ], [ 110.33110970832135, 1.553452175115408 ], [ 110.331114985319559, 1.553485712179946 ], [ 110.331126222043849, 1.553507907710874 ], [ 110.331314009611731, 1.553497770292251 ], [ 110.331320111640679, 1.553485719174957 ], [ 110.331325390897277, 1.553452182469267 ], [ 110.331320113896894, 1.55341864540372 ] ] ] ] } },
{ "type": "Feature", "properties": { "fid_1": 315.0, "Lokasi": "Jalan_Satok", "Pemilik": "Dbku", "Tarikh_Dit": null, "Jenis_Poko": "TB2_Bucida", "Tinggi_Pok": 4.0, "Silara_Pok": 0.0, "Catatan": null, "Ukur_Lilit": 11, "Northing": null, "Easthing": null, "Ln_TAGB_": 4.065, "TAGB": 58.265, "CO2_Stock": 29.133, "NAMA JALAN": "JALAN SATOK", "KTG JLN": "JRB", "PJG JLN": 1.351, "LBR JLN": 12.9, "JENIS SRT": "SRT1", "CON OF RD": "C1", "TARIKH": null, "NORTHING_2": 1.553103, "EASTING": 110.337785, "CATATAN_2": null, "NORTH AKK": 1.553661, "EAST AKHR": 110.325951, "Road_type": "Main road" }, "geometry": { "type": "MultiPolygon", "coordinates": [ [ [ [ 110.331261211007927, 1.553423203375365 ], [ 110.331245894301048, 1.553392948791797 ], [ 110.331222037193342, 1.553368938219454 ], [ 110.331191974984932, 1.553353521980412 ], [ 110.331158650374164, 1.553348209123464 ], [ 110.331125325405921, 1.553353519707907 ], [ 110.331095262159991, 1.553368933896586 ], [ 110.331071403436056, 1.553392942841245 ], [ 110.331056084692079, 1.55342319637912 ], [ 110.331050805433506, 1.553456733083262 ], [ 110.331056082431132, 1.553490270147546 ], [ 110.331066639993352, 1.553511124152793 ], [ 110.331255824172416, 1.553500911343376 ], [ 110.33126120875059, 1.553490277145917 ], [ 110.331266488007699, 1.553456740440664 ], [ 110.331261211007927, 1.553423203375365 ] ] ] ] } },
{ "type": "Feature", "properties": { "fid_1": 316.0, "Lokasi": "Jalan_Satok", "Pemilik": "Dbku", "Tarikh_Dit": null, "Jenis_Poko": "TB2_Bucida", "Tinggi_Pok": 4.0, "Silara_Pok": 0.0, "Catatan": null, "Ukur_Lilit": 11, "Northing": null, "Easthing": null, "Ln_TAGB_": 4.065, "TAGB": 58.265, "CO2_Stock": 29.133, "NAMA JALAN": "JALAN SATOK", "KTG JLN": "JRB", "PJG JLN": 1.351, "LBR JLN": 12.9, "JENIS SRT": "SRT1", "CON OF RD": "C1", "TARIKH": null, "NORTHING_2": 1.553103, "EASTING": 110.337785, "CATATAN_2": null, "NORTH AKK": 1.553661, "EAST AKHR": 110.325951, "Road_type": "Main road" }, "geometry": { "type": "MultiPolygon", "coordinates": [ [ [ [ 110.331053990795724, 1.553429492100987 ], [ 110.331038674091005, 1.55339923751756 ], [ 110.331014816985359, 1.55337522694468 ], [ 110.330984754778726, 1.553359810704459 ], [ 110.330951430169264, 1.553354497845837 ], [ 110.330918105201746, 1.553359808428229 ], [ 110.330888041955859, 1.553375222614697 ], [ 110.330864183231313, 1.553399231557219 ], [ 110.330848864486143, 1.553429485093207 ], [ 110.33084358522585, 1.553463021795927 ], [ 110.330848862221472, 1.553496558859376 ], [ 110.330861833349459, 1.553522180305155 ], [ 110.331046054318023, 1.553512235437404 ], [ 110.331053988534677, 1.553496565869285 ], [ 110.331059267793478, 1.553463029165477 ], [ 110.331053990795724, 1.553429492100987 ] ] ] ] } },
{ "type": "Feature", "properties": { "fid_1": 318.0, "Lokasi": "Jalan_Satok", "Pemilik": "Dbku", "Tarikh_Dit": null, "Jenis_Poko": "TS1_Adenanthera", "Tinggi_Pok": 14.0, "Silara_Pok": 0.0, "Catatan": null, "Ukur_Lilit": 92, "Northing": null, "Easthing": null, "Ln_TAGB_": 8.729, "TAGB": 6179.545, "CO2_Stock": 3089.773, "NAMA JALAN": "JALAN KULAS", "KTG JLN": "JRB", "PJG JLN": 1.39, "LBR JLN": 12.9, "JENIS SRT": "SRT1", "CON OF RD": "C1", "TARIKH": null, "NORTHING_2": 1.554508, "EASTING": 110.327786, "CATATAN_2": null, "NORTH AKK": 1.553821, "EAST AKHR": 110.33792, "Road_type": "Main road" }, "geometry": { "type": "MultiPolygon", "coordinates": [ [ [ [ 110.327589824776666, 1.554167421743711 ], [ 110.327584545485493, 1.554200958418887 ], [ 110.327589822446924, 1.554234495465165 ], [ 110.327605139115491, 1.554264750042934 ], [ 110.327628996189262, 1.554288760623429 ], [ 110.327659058371751, 1.5543041768837 ], [ 110.327692382967101, 1.554309489772665 ], [ 110.327725707931521, 1.55430417922758 ], [ 110.327755771184968, 1.554288765081441 ], [ 110.327779629926468, 1.554264756178216 ], [ 110.327794948695995, 1.55423450267663 ], [ 110.327798591947385, 1.554211358930375 ], [ 110.327708305081231, 1.554182634567559 ], [ 110.327702531539657, 1.55418097418272 ], [ 110.32761546585013, 1.554158554124356 ], [ 110.327608052612973, 1.55415692250495 ], [ 110.327596237378543, 1.554154757302829 ], [ 110.327589824776666, 1.554167421743711 ] ] ] ] } },
{ "type": "Feature", "properties": { "fid_1": 319.0, "Lokasi": "Jalan_Satok", "Pemilik": "Dbku", "Tarikh_Dit": null, "Jenis_Poko": "TS1_Adenanthera", "Tinggi_Pok": 15.0, "Silara_Pok": 0.0, "Catatan": null, "Ukur_Lilit": 91, "Northing": null, "Easthing": null, "Ln_TAGB_": 8.705, "TAGB": 6033.002, "CO2_Stock": 3016.501, "NAMA JALAN": "JALAN KULAS", "KTG JLN": "JRB", "PJG JLN": 1.39, "LBR JLN": 12.9, "JENIS SRT": "SRT1", "CON OF RD": "C1", "TARIKH": null, "NORTHING_2": 1.554508, "EASTING": 110.327786, "CATATAN_2": null, "NORTH AKK": 1.553821, "EAST AKHR": 110.33792, "Road_type": "Main road" }, "geometry": { "type": "MultiPolygon", "coordinates": [ [ [ [ 110.327513040651738, 1.554139548065149 ], [ 110.327507761360138, 1.554173084740033 ], [ 110.327513038320916, 1.554206621786205 ], [ 110.327528354988715, 1.554236876364053 ], [ 110.327552212061605, 1.554260886944791 ], [ 110.327582274243298, 1.554276303205446 ], [ 110.327615598837937, 1.554281616094915 ], [ 110.327648923801789, 1.554276305550394 ], [ 110.327678987054895, 1.554260891404836 ], [ 110.32770284579631, 1.554236882502124 ], [ 110.327718164566036, 1.554206629000969 ], [ 110.327721291353555, 1.554186766092167 ], [ 110.327708305081231, 1.554182634567559 ], [ 110.327702531539657, 1.55418097418272 ], [ 110.32761546585013, 1.554158554124356 ], [ 110.327608052612973, 1.55415692250495 ], [ 110.327513057790611, 1.554139514217077 ], [ 110.327513040651738, 1.554139548065149 ] ] ] ] } },
{ "type": "Feature", "properties": { "fid_1": 320.0, "Lokasi": "Jalan_Satok", "Pemilik": "Dbku", "Tarikh_Dit": null, "Jenis_Poko": "TS1_Adenanthera", "Tinggi_Pok": 15.0, "Silara_Pok": 0.0, "Catatan": null, "Ukur_Lilit": 92, "Northing": null, "Easthing": null, "Ln_TAGB_": 8.729, "TAGB": 6179.545, "CO2_Stock": 3089.773, "NAMA JALAN": "JALAN KULAS", "KTG JLN": "JRB", "PJG JLN": 1.39, "LBR JLN": 12.9, "JENIS SRT": "SRT1", "CON OF RD": "C1", "TARIKH": null, "NORTHING_2": 1.554508, "EASTING": 110.327786, "CATATAN_2": null, "NORTH AKK": 1.553821, "EAST AKHR": 110.33792, "Road_type": "Main road" }, "geometry": { "type": "MultiPolygon", "coordinates": [ [ [ [ 110.327373126184312, 1.554150996172405 ], [ 110.327378403143882, 1.554184533218193 ], [ 110.327393719810274, 1.554214787796067 ], [ 110.3274175768818, 1.554238798377183 ], [ 110.327447639062186, 1.554254214638557 ], [ 110.327480963655745, 1.55425952752902 ], [ 110.327514288618872, 1.554254216985671 ], [ 110.327544351871708, 1.554238802841317 ], [ 110.327568210613236, 1.554214793939783 ], [ 110.327583529383517, 1.554184540439614 ], [ 110.32758844265841, 1.554153328880508 ], [ 110.327474233204342, 1.554132399412063 ], [ 110.32746307608916, 1.554130954958498 ], [ 110.327377312400074, 1.554124403262006 ], [ 110.327373126184312, 1.554150996172405 ] ] ] ] } },
{ "type": "Feature", "properties": { "fid_1": 321.0, "Lokasi": "Jalan_Satok", "Pemilik": "Dbku", "Tarikh_Dit": null, "Jenis_Poko": "TS1_Adenanthera", "Tinggi_Pok": 16.0, "Silara_Pok": 0.0, "Catatan": null, "Ukur_Lilit": 110, "Northing": null, "Easthing": null, "Ln_TAGB_": 9.121, "TAGB": 9145.342, "CO2_Stock": 4572.671, "NAMA JALAN": "JALAN KULAS", "KTG JLN": "JRB", "PJG JLN": 1.39, "LBR JLN": 12.9, "JENIS SRT": "SRT1", "CON OF RD": "C1", "TARIKH": null, "NORTHING_2": 1.554508, "EASTING": 110.327786, "CATATAN_2": null, "NORTH AKK": 1.553821, "EAST AKHR": 110.33792, "Road_type": "Main road" }, "geometry": { "type": "MultiPolygon", "coordinates": [ [ [ [ 110.327284771849776, 1.554133114948722 ], [ 110.327290048808564, 1.554166651994302 ], [ 110.327305365474075, 1.554196906572194 ], [ 110.327329222544648, 1.554220917153552 ], [ 110.327359284724167, 1.554236333415426 ], [ 110.327392609317002, 1.554241646306525 ], [ 110.327425934279631, 1.554236335763888 ], [ 110.327455997532212, 1.554220921620341 ], [ 110.327479856273811, 1.554196912719523 ], [ 110.327495175044405, 1.554166659219969 ], [ 110.327499829767518, 1.554137090113877 ], [ 110.327474233204342, 1.554132399412063 ], [ 110.32746307608916, 1.554130954958498 ], [ 110.32728722656546, 1.554117521384282 ], [ 110.327284771849776, 1.554133114948722 ] ] ] ] } },
{ "type": "Feature", "properties": { "fid_1": 322.0, "Lokasi": "Jalan_Satok", "Pemilik": "Dbku", "Tarikh_Dit": null, "Jenis_Poko": "TS1_Adenanthera", "Tinggi_Pok": 16.0, "Silara_Pok": 0.0, "Catatan": null, "Ukur_Lilit": 120, "Northing": null, "Easthing": null, "Ln_TAGB_": 9.312, "TAGB": 11070.066, "CO2_Stock": 5535.033, "NAMA JALAN": "JALAN KULAS", "KTG JLN": "JRB", "PJG JLN": 1.39, "LBR JLN": 12.9, "JENIS SRT": "SRT1", "CON OF RD": "C1", "TARIKH": null, "NORTHING_2": 1.554508, "EASTING": 110.327786, "CATATAN_2": null, "NORTH AKK": 1.553821, "EAST AKHR": 110.33792, "Road_type": "Main road" }, "geometry": { "type": "MultiPolygon", "coordinates": [ [ [ [ 110.327179605888915, 1.554139304237504 ], [ 110.327194922553304, 1.554169558815432 ], [ 110.327218779622697, 1.554193569397134 ], [ 110.327248841801108, 1.554208985659587 ], [ 110.327282166393019, 1.554214298551445 ], [ 110.327315491354952, 1.554208988009737 ], [ 110.327345554607163, 1.554193573867097 ], [ 110.327369413348777, 1.554169564967149 ], [ 110.327384732119782, 1.554139311468317 ], [ 110.327386962894209, 1.554125140486788 ], [ 110.327261522841425, 1.554115557813409 ], [ 110.327250381539741, 1.554115287882925 ], [ 110.327176151763936, 1.554117351978215 ], [ 110.327179605888915, 1.554139304237504 ] ] ] ] } },
{ "type": "Feature", "properties": { "fid_1": 323.0, "Lokasi": "Jalan_Satok", "Pemilik": "Dbku", "Tarikh_Dit": null, "Jenis_Poko": "TS1_Adenanthera", "Tinggi_Pok": 12.0, "Silara_Pok": 0.0, "Catatan": null, "Ukur_Lilit": 93, "Northing": null, "Easthing": null, "Ln_TAGB_": 8.753, "TAGB": 6329.649, "CO2_Stock": 3164.825, "NAMA JALAN": "JALAN KULAS", "KTG JLN": "JRB", "PJG JLN": 1.39, "LBR JLN": 12.9, "JENIS SRT": "SRT1", "CON OF RD": "C1", "TARIKH": null, "NORTHING_2": 1.554508, "EASTING": 110.327786, "CATATAN_2": null, "NORTH AKK": 1.553821, "EAST AKHR": 110.33792, "Road_type": "Main road" }, "geometry": { "type": "MultiPolygon", "coordinates": [ [ [ [ 110.327057592762159, 1.554142459762111 ], [ 110.327072909425283, 1.55417271433994 ], [ 110.327096766493469, 1.554196724921964 ], [ 110.327126828670814, 1.554212141185083 ], [ 110.327160153261929, 1.554217454077962 ], [ 110.32719347822345, 1.554212143537433 ], [ 110.327223541475618, 1.554196729396107 ], [ 110.327247400217573, 1.554172720497407 ], [ 110.32726271898926, 1.554142466999681 ], [ 110.327266890444861, 1.554115967857891 ], [ 110.327261522841425, 1.554115557813409 ], [ 110.327250381539741, 1.554115287882925 ], [ 110.327075775971608, 1.554120143109153 ], [ 110.3270650189571, 1.554120985617877 ], [ 110.327054429203201, 1.554122354154678 ], [ 110.327057592762159, 1.554142459762111 ] ] ] ] } },
{ "type": "Feature", "properties": { "fid_1": 324.0, "Lokasi": "Jalan_Satok", "Pemilik": "Dbku", "Tarikh_Dit": null, "Jenis_Poko": "TS1_Adenanthera", "Tinggi_Pok": 12.0, "Silara_Pok": 0.0, "Catatan": null, "Ukur_Lilit": 98, "Northing": null, "Easthing": null, "Ln_TAGB_": 8.868, "TAGB": 7101.065, "CO2_Stock": 3550.532, "NAMA JALAN": "JALAN KULAS", "KTG JLN": "JRB", "PJG JLN": 1.39, "LBR JLN": 12.9, "JENIS SRT": "SRT1", "CON OF RD": "C1", "TARIKH": null, "NORTHING_2": 1.554508, "EASTING": 110.327786, "CATATAN_2": null, "NORTH AKK": 1.553821, "EAST AKHR": 110.33792, "Road_type": "Main road" }, "geometry": { "type": "MultiPolygon", "coordinates": [ [ [ [ 110.326936631472194, 1.554141407937583 ], [ 110.326951948134081, 1.554171662515345 ], [ 110.326975805201045, 1.554195673097684 ], [ 110.327005867377338, 1.554211089361472 ], [ 110.327039191967643, 1.554216402255314 ], [ 110.327072516928681, 1.554211091715966 ], [ 110.327102580180764, 1.554195677575876 ], [ 110.327126438923045, 1.554171668678402 ], [ 110.327141757695387, 1.55414141518173 ], [ 110.327145411128697, 1.554118206777621 ], [ 110.327075775971608, 1.554120143109153 ], [ 110.3270650189571, 1.554120985617877 ], [ 110.326936040761325, 1.554137653746986 ], [ 110.326936631472194, 1.554141407937583 ] ] ] ] } },
{ "type": "Feature", "properties": { "fid_1": 324.0, "Lokasi": "Jalan_Satok", "Pemilik": "Dbku", "Tarikh_Dit": null, "Jenis_Poko": "TS1_Adenanthera", "Tinggi_Pok": 12.0, "Silara_Pok": 0.0, "Catatan": null, "Ukur_Lilit": 98, "Northing": null, "Easthing": null, "Ln_TAGB_": 8.868, "TAGB": 7101.065, "CO2_Stock": 3550.532, "NAMA JALAN": "JALAN SATOK", "KTG JLN": "JRB", "PJG JLN": 1.351, "LBR JLN": 12.9, "JENIS SRT": "SRT1", "CON OF RD": "C1", "TARIKH": null, "NORTHING_2": 1.553103, "EASTING": 110.337785, "CATATAN_2": null, "NORTH AKK": 1.553661, "EAST AKHR": 110.325951, "Road_type": "Main road" }, "geometry": { "type": "MultiPolygon", "coordinates": [ [ [ [ 110.32703919953515, 1.55399934714742 ], [ 110.327005874576258, 1.554004657687797 ], [ 110.326975811326193, 1.554020071828412 ], [ 110.326951952585063, 1.554044080725723 ], [ 110.326946576694539, 1.554054697730618 ], [ 110.327047414045396, 1.554000656775364 ], [ 110.32703919953515, 1.55399934714742 ] ] ] ] } },
{ "type": "Feature", "properties": { "fid_1": 325.0, "Lokasi": "Jalan_Satok", "Pemilik": "Dbku", "Tarikh_Dit": null, "Jenis_Poko": "TA1_Angsana", "Tinggi_Pok": 28.0, "Silara_Pok": 0.0, "Catatan": null, "Ukur_Lilit": 215, "Northing": null, "Easthing": null, "Ln_TAGB_": 10.593, "TAGB": 39854.875, "CO2_Stock": 19927.438, "NAMA JALAN": "JALAN KULAS", "KTG JLN": "JRB", "PJG JLN": 1.39, "LBR JLN": 12.9, "JENIS SRT": "SRT1", "CON OF RD": "C1", "TARIKH": null, "NORTHING_2": 1.554508, "EASTING": 110.327786, "CATATAN_2": null, "NORTH AKK": 1.553821, "EAST AKHR": 110.33792, "Road_type": "Main road" }, "geometry": { "type": "MultiPolygon", "coordinates": [ [ [ [ 110.327466231552975, 1.554131415428028 ], [ 110.327481548220334, 1.554161670006166 ], [ 110.327505405292584, 1.554185680587134 ], [ 110.327535467473439, 1.554201096847962 ], [ 110.327568792067154, 1.554206409737503 ], [ 110.327602117030111, 1.554201099192953 ], [ 110.327632180282436, 1.55418568504727 ], [ 110.327650242326627, 1.554167509324264 ], [ 110.32761546585013, 1.554158554124356 ], [ 110.327608052612973, 1.55415692250495 ], [ 110.327474233204342, 1.554132399412063 ], [ 110.327466223209115, 1.554131362399729 ], [ 110.327466231552975, 1.554131415428028 ] ] ] ] } },
{ "type": "Feature", "properties": { "fid_1": 328.0, "Lokasi": "Jalan_Satok", "Pemilik": "Dbku", "Tarikh_Dit": null, "Jenis_Poko": "TA1_Angsana", "Tinggi_Pok": 27.0, "Silara_Pok": 0.0, "Catatan": null, "Ukur_Lilit": 238, "Northing": null, "Easthing": null, "Ln_TAGB_": 10.816, "TAGB": 49811.442, "CO2_Stock": 24905.721, "NAMA JALAN": "JALAN SATOK", "KTG JLN": "JRB", "PJG JLN": 1.351, "LBR JLN": 12.9, "JENIS SRT": "SRT1", "CON OF RD": "C1", "TARIKH": null, "NORTHING_2": 1.553103, "EASTING": 110.337785, "CATATAN_2": null, "NORTH AKK": 1.553661, "EAST AKHR": 110.325951, "Road_type": "Main road" }, "geometry": { "type": "MultiPolygon", "coordinates": [ [ [ [ 110.327627978981042, 1.553730295038296 ], [ 110.327597916801963, 1.553714878778615 ], [ 110.327564592211957, 1.553709565891288 ], [ 110.32753126725386, 1.553714876438586 ], [ 110.327501204006438, 1.55373029058698 ], [ 110.327477345269529, 1.55375429949218 ], [ 110.327462026502403, 1.553784552995279 ], [ 110.327456747212722, 1.553818089672711 ], [ 110.327457242669155, 1.553821238482043 ], [ 110.327651097502311, 1.55375356231597 ], [ 110.327627978981042, 1.553730295038296 ] ] ] ] } },
{ "type": "Feature", "properties": { "fid_1": 329.0, "Lokasi": "Jalan_Satok", "Pemilik": "Dbku", "Tarikh_Dit": null, "Jenis_Poko": "TA1_Angsana", "Tinggi_Pok": 8.0, "Silara_Pok": 0.0, "Catatan": null, "Ukur_Lilit": 35, "Northing": null, "Easthing": null, "Ln_TAGB_": 6.607, "TAGB": 740.259, "CO2_Stock": 370.13, "NAMA JALAN": "JALAN SATOK", "KTG JLN": "JRB", "PJG JLN": 1.351, "LBR JLN": 12.9, "JENIS SRT": "SRT1", "CON OF RD": "C1", "TARIKH": null, "NORTHING_2": 1.553103, "EASTING": 110.337785, "CATATAN_2": null, "NORTH AKK": 1.553661, "EAST AKHR": 110.325951, "Road_type": "Main road" }, "geometry": { "type": "MultiPolygon", "coordinates": [ [ [ [ 110.327711329876607, 1.553702516882815 ], [ 110.327696013206605, 1.553672262302625 ], [ 110.327672156133744, 1.553648251721369 ], [ 110.327642093954751, 1.553632835462044 ], [ 110.327608769365114, 1.553627522575427 ], [ 110.327575444407614, 1.553632833123669 ], [ 110.327545381161016, 1.553648247273183 ], [ 110.327521522425045, 1.55367225617957 ], [ 110.327506203658857, 1.553702509683782 ], [ 110.327500924370071, 1.55373604636216 ], [ 110.32750620133244, 1.553769583411126 ], [ 110.327521071212786, 1.553798955463801 ], [ 110.32767127181917, 1.553746519310795 ], [ 110.327715949264075, 1.55374023119189 ], [ 110.327716606841122, 1.553736053932812 ], [ 110.327711329876607, 1.553702516882815 ] ] ] ] } },
{ "type": "Feature", "properties": { "fid_1": 338.0, "Lokasi": "Jalan_Satok", "Pemilik": "Dbku", "Tarikh_Dit": null, "Jenis_Poko": "TI1_Ironwood", "Tinggi_Pok": 6.0, "Silara_Pok": 0.0, "Catatan": null, "Ukur_Lilit": 22, "Northing": null, "Easthing": null, "Ln_TAGB_": 5.587, "TAGB": 266.934, "CO2_Stock": 133.467, "NAMA JALAN": "JALAN SATOK", "KTG JLN": "JRB", "PJG JLN": 1.351, "LBR JLN": 12.9, "JENIS SRT": "SRT1", "CON OF RD": "C1", "TARIKH": null, "NORTHING_2": 1.553103, "EASTING": 110.337785, "CATATAN_2": null, "NORTH AKK": 1.553661, "EAST AKHR": 110.325951, "Road_type": "Main road" }, "geometry": { "type": "MultiPolygon", "coordinates": [ [ [ [ 110.327637901641538, 1.553603456384216 ], [ 110.327622584972204, 1.55357320180364 ], [ 110.327598727900352, 1.553549191222054 ], [ 110.327590501305153, 1.553544972521502 ], [ 110.327434874906672, 1.553599302865833 ], [ 110.327432775431475, 1.55360344918433 ], [ 110.327427496142732, 1.553636985863013 ], [ 110.327432773104761, 1.553670522912336 ], [ 110.327448089772062, 1.553700777492397 ], [ 110.327471946842806, 1.553724788074137 ], [ 110.327502009020819, 1.553740204334542 ], [ 110.327535333610669, 1.553745517222491 ], [ 110.327568658569078, 1.55374020667533 ], [ 110.327598721816628, 1.553724792526301 ], [ 110.327622580552926, 1.553700783619629 ], [ 110.327637899318432, 1.553670530114389 ], [ 110.327643178605712, 1.553636993434559 ], [ 110.327637901641538, 1.553603456384216 ] ] ] ] } },
{ "type": "Feature", "properties": { "fid_1": 339.0, "Lokasi": "Jalan_Satok", "Pemilik": "Dbku", "Tarikh_Dit": null, "Jenis_Poko": "TI1_Ironwood", "Tinggi_Pok": 6.0, "Silara_Pok": 0.0, "Catatan": null, "Ukur_Lilit": 21, "Northing": null, "Easthing": null, "Ln_TAGB_": 5.485, "TAGB": 241.049, "CO2_Stock": 120.525, "NAMA JALAN": "JALAN SATOK", "KTG JLN": "JRB", "PJG JLN": 1.351, "LBR JLN": 12.9, "JENIS SRT": "SRT1", "CON OF RD": "C1", "TARIKH": null, "NORTHING_2": 1.553103, "EASTING": 110.337785, "CATATAN_2": null, "NORTH AKK": 1.553661, "EAST AKHR": 110.325951, "Road_type": "Main road" }, "geometry": { "type": "MultiPolygon", "coordinates": [ [ [ [ 110.327578998753154, 1.553611871092611 ], [ 110.327563682084445, 1.553581616512099 ], [ 110.327543556410532, 1.5535613613378 ], [ 110.327372417474223, 1.553621107221663 ], [ 110.327368593255258, 1.553645400567469 ], [ 110.327373870216704, 1.55367893761651 ], [ 110.32738918688338, 1.553709192196485 ], [ 110.327413043953541, 1.553733202778387 ], [ 110.327443106131099, 1.553748619039112 ], [ 110.327476430720608, 1.553753931927562 ], [ 110.327509755678875, 1.553748621381044 ], [ 110.327539818926496, 1.553733207232704 ], [ 110.327563677663022, 1.553709198326684 ], [ 110.327578996428954, 1.553678944822025 ], [ 110.327584275716731, 1.553645408142675 ], [ 110.327578998753154, 1.553611871092611 ] ] ] ] } },
{ "type": "Feature", "properties": { "fid_1": 340.0, "Lokasi": "Jalan_Satok", "Pemilik": "Dbku", "Tarikh_Dit": null, "Jenis_Poko": "TI1_Ironwood", "Tinggi_Pok": 4.0, "Silara_Pok": 0.0, "Catatan": null, "Ukur_Lilit": 19, "Northing": null, "Easthing": null, "Ln_TAGB_": 5.265, "TAGB": 193.446, "CO2_Stock": 96.723, "NAMA JALAN": "JALAN SATOK", "KTG JLN": "JRB", "PJG JLN": 1.351, "LBR JLN": 12.9, "JENIS SRT": "SRT1", "CON OF RD": "C1", "TARIKH": null, "NORTHING_2": 1.553103, "EASTING": 110.337785, "CATATAN_2": null, "NORTH AKK": 1.553661, "EAST AKHR": 110.325951, "Road_type": "Main road" }, "geometry": { "type": "MultiPolygon", "coordinates": [ [ [ [ 110.327499059121052, 1.553635712751566 ], [ 110.327483742453197, 1.553605458171218 ], [ 110.327466616219027, 1.553588221736165 ], [ 110.327291800581548, 1.553649251178169 ], [ 110.32728865362364, 1.553669242220583 ], [ 110.327293930584204, 1.553702779269171 ], [ 110.327309247250071, 1.553733033848983 ], [ 110.327333104319479, 1.553757044431061 ], [ 110.327363166496482, 1.553772460692267 ], [ 110.327396491085665, 1.553777773581463 ], [ 110.327429816043846, 1.553772463035866 ], [ 110.327459879291666, 1.55375704888854 ], [ 110.327483738028619, 1.553733039983555 ], [ 110.32749905679519, 1.553702786479794 ], [ 110.327504336083777, 1.553669249801172 ], [ 110.327499059121052, 1.553635712751566 ] ] ] ] } },
{ "type": "Feature", "properties": { "fid_1": 341.0, "Lokasi": "Jalan_Satok", "Pemilik": "Dbku", "Tarikh_Dit": null, "Jenis_Poko": "TI1_Ironwood", "Tinggi_Pok": 5.0, "Silara_Pok": 0.0, "Catatan": null, "Ukur_Lilit": 16, "Northing": null, "Easthing": null, "Ln_TAGB_": 4.888, "TAGB": 132.688, "CO2_Stock": 66.344, "NAMA JALAN": "JALAN SATOK", "KTG JLN": "JRB", "PJG JLN": 1.351, "LBR JLN": 12.9, "JENIS SRT": "SRT1", "CON OF RD": "C1", "TARIKH": null, "NORTHING_2": 1.553103, "EASTING": 110.337785, "CATATAN_2": null, "NORTH AKK": 1.553661, "EAST AKHR": 110.325951, "Road_type": "Main road" }, "geometry": { "type": "MultiPolygon", "coordinates": [ [ [ [ 110.327399932433309, 1.553674026605725 ], [ 110.327384615766505, 1.55364377202559 ], [ 110.327364754105076, 1.553623782560916 ], [ 110.327193291543551, 1.553683641411963 ], [ 110.327189526935953, 1.553707556067136 ], [ 110.327194803895424, 1.553741093115102 ], [ 110.327210120560224, 1.553771347694709 ], [ 110.327233977628751, 1.55379535827696 ], [ 110.327264039805087, 1.553810774538787 ], [ 110.327297364393914, 1.553816087428948 ], [ 110.32733068935211, 1.553810776884549 ], [ 110.327360752600242, 1.553795362738563 ], [ 110.327384611337862, 1.553771353834895 ], [ 110.327399930105301, 1.553741100332388 ], [ 110.327405209394939, 1.553707563654714 ], [ 110.327399932433309, 1.553674026605725 ] ] ] ] } },
{ "type": "Feature", "properties": { "fid_1": 342.0, "Lokasi": "Jalan_Satok", "Pemilik": "Dbku", "Tarikh_Dit": null, "Jenis_Poko": "TI1_Ironwood", "Tinggi_Pok": 4.0, "Silara_Pok": 0.0, "Catatan": null, "Ukur_Lilit": 18, "Northing": null, "Easthing": null, "Ln_TAGB_": 5.146, "TAGB": 171.743, "CO2_Stock": 85.871, "NAMA JALAN": "JALAN SATOK", "KTG JLN": "JRB", "PJG JLN": 1.351, "LBR JLN": 12.9, "JENIS SRT": "SRT1", "CON OF RD": "C1", "TARIKH": null, "NORTHING_2": 1.553103, "EASTING": 110.337785, "CATATAN_2": null, "NORTH AKK": 1.553661, "EAST AKHR": 110.325951, "Road_type": "Main road" }, "geometry": { "type": "MultiPolygon", "coordinates": [ [ [ [ 110.327335419749488, 1.553703478060953 ], [ 110.327320103083366, 1.553673223480985 ], [ 110.327296246014285, 1.553649212898767 ], [ 110.327294489871974, 1.553648312326941 ], [ 110.327163338937154, 1.553694098087583 ], [ 110.327147993290353, 1.553700840035579 ], [ 110.32712911503512, 1.553710957311677 ], [ 110.327125014251905, 1.553737007517232 ], [ 110.327130291210651, 1.553770544564775 ], [ 110.327145607874755, 1.553800799144204 ], [ 110.327169464942713, 1.55382480972659 ], [ 110.327199527118651, 1.553840225988822 ], [ 110.327232851707294, 1.553845538879608 ], [ 110.327266176665518, 1.553840228336014 ], [ 110.327296239913906, 1.553824814190929 ], [ 110.327320098651981, 1.553800805288194 ], [ 110.327335417420045, 1.553770551786505 ], [ 110.327340696710394, 1.55373701510949 ], [ 110.327335419749488, 1.553703478060953 ] ] ] ] } },
{ "type": "Feature", "properties": { "fid_1": 343.0, "Lokasi": "Jalan_Satok", "Pemilik": "Dbku", "Tarikh_Dit": null, "Jenis_Poko": "TI1_Ironwood", "Tinggi_Pok": 5.0, "Silara_Pok": 0.0, "Catatan": null, "Ukur_Lilit": 18, "Northing": null, "Easthing": null, "Ln_TAGB_": 5.146, "TAGB": 171.743, "CO2_Stock": 85.871, "NAMA JALAN": "JALAN SATOK", "KTG JLN": "JRB", "PJG JLN": 1.351, "LBR JLN": 12.9, "JENIS SRT": "SRT1", "CON OF RD": "C1", "TARIKH": null, "NORTHING_2": 1.553103, "EASTING": 110.337785, "CATATAN_2": null, "NORTH AKK": 1.553661, "EAST AKHR": 110.325951, "Road_type": "Main road" }, "geometry": { "type": "MultiPolygon", "coordinates": [ [ [ [ 110.327170989649773, 1.553779881916223 ], [ 110.327155672985398, 1.553749627336661 ], [ 110.327131815917767, 1.553725616754131 ], [ 110.327116457501759, 1.553717740764688 ], [ 110.326962670366228, 1.553800158695871 ], [ 110.326960584151522, 1.55381341135939 ], [ 110.326965861108391, 1.553846948405791 ], [ 110.326981177770762, 1.553877202984792 ], [ 110.327005034837242, 1.553901213567489 ], [ 110.327035097012185, 1.553916629830742 ], [ 110.327068421600345, 1.55392194272316 ], [ 110.327101746558682, 1.553916632181651 ], [ 110.327131809807753, 1.553901218038894 ], [ 110.327155668547007, 1.553877209138491 ], [ 110.327170987316649, 1.553846955638937 ], [ 110.327176266608816, 1.553813418963623 ], [ 110.327170989649773, 1.553779881916223 ] ] ] ] } },
{ "type": "Feature", "properties": { "fid_1": 344.0, "Lokasi": "Jalan_Satok", "Pemilik": "Dbku", "Tarikh_Dit": null, "Jenis_Poko": "TI1_Ironwood", "Tinggi_Pok": 4.0, "Silara_Pok": 0.0, "Catatan": null, "Ukur_Lilit": 16, "Northing": null, "Easthing": null, "Ln_TAGB_": 4.888, "TAGB": 132.688, "CO2_Stock": 66.344, "NAMA JALAN": "JALAN SATOK", "KTG JLN": "JRB", "PJG JLN": 1.351, "LBR JLN": 12.9, "JENIS SRT": "SRT1", "CON OF RD": "C1", "TARIKH": null, "NORTHING_2": 1.553103, "EASTING": 110.337785, "CATATAN_2": null, "NORTH AKK": 1.553661, "EAST AKHR": 110.325951, "Road_type": "Main road" }, "geometry": { "type": "MultiPolygon", "coordinates": [ [ [ [ 110.327116294114248, 1.553809333369774 ], [ 110.327100977450442, 1.553779078790387 ], [ 110.327077120383294, 1.553755068207765 ], [ 110.327061629518411, 1.553747124296597 ], [ 110.326907998711206, 1.553829458443018 ], [ 110.326905888615528, 1.553842862808418 ], [ 110.326911165571758, 1.553876399854426 ], [ 110.326926482233532, 1.553906654433281 ], [ 110.326950339299572, 1.55393066501608 ], [ 110.32698040147416, 1.553946081279671 ], [ 110.327013726062219, 1.553951394172637 ], [ 110.327047051020642, 1.553946083631866 ], [ 110.327077114269969, 1.553930669489889 ], [ 110.327100973009649, 1.55390666059031 ], [ 110.327116291779859, 1.553876407091485 ], [ 110.327121571072638, 1.553842870416801 ], [ 110.327116294114248, 1.553809333369774 ] ] ] ] } },
{ "type": "Feature", "properties": { "fid_1": 345.0, "Lokasi": "Jalan_Satok", "Pemilik": "Dbku", "Tarikh_Dit": null, "Jenis_Poko": "TI1_Ironwood", "Tinggi_Pok": 4.0, "Silara_Pok": 0.0, "Catatan": null, "Ukur_Lilit": 18, "Northing": null, "Easthing": null, "Ln_TAGB_": 5.146, "TAGB": 171.743, "CO2_Stock": 85.871, "NAMA JALAN": "JALAN SATOK", "KTG JLN": "JRB", "PJG JLN": 1.351, "LBR JLN": 12.9, "JENIS SRT": "SRT1", "CON OF RD": "C1", "TARIKH": null, "NORTHING_2": 1.553103, "EASTING": 110.337785, "CATATAN_2": null, "NORTH AKK": 1.553661, "EAST AKHR": 110.325951, "Road_type": "Main road" }, "geometry": { "type": "MultiPolygon", "coordinates": [ [ [ [ 110.32700550059225, 1.553861224028543 ], [ 110.326990183929638, 1.553830969449453 ], [ 110.326966326863456, 1.553806958866607 ], [ 110.326957974161971, 1.553802675495503 ], [ 110.326795918169253, 1.553889524874871 ], [ 110.326795095093033, 1.553894753458327 ], [ 110.326800372047998, 1.55392829050357 ], [ 110.326815688708606, 1.553958545082145 ], [ 110.326839545773652, 1.553982555665144 ], [ 110.326869607947586, 1.553997971929436 ], [ 110.326902932535319, 1.554003284823495 ], [ 110.326936257493799, 1.553997974284119 ], [ 110.326966320743608, 1.553982560143733 ], [ 110.326990179484099, 1.553958551245724 ], [ 110.32700549825536, 1.553928297748348 ], [ 110.327010777549376, 1.553894761074808 ], [ 110.32700550059225, 1.553861224028543 ] ] ] ] } },
{ "type": "Feature", "properties": { "fid_1": 346.0, "Lokasi": "Jalan_Satok", "Pemilik": "Dbku", "Tarikh_Dit": null, "Jenis_Poko": "TT2_Tecoma", "Tinggi_Pok": 17.0, "Silara_Pok": 0.0, "Catatan": null, "Ukur_Lilit": 121, "Northing": null, "Easthing": null, "Ln_TAGB_": 9.331, "TAGB": 11282.408, "CO2_Stock": 5641.204, "NAMA JALAN": "JALAN SATOK", "KTG JLN": "JRB", "PJG JLN": 1.351, "LBR JLN": 12.9, "JENIS SRT": "SRT1", "CON OF RD": "C1", "TARIKH": null, "NORTHING_2": 1.553103, "EASTING": 110.337785, "CATATAN_2": null, "NORTH AKK": 1.553661, "EAST AKHR": 110.325951, "Road_type": "Main road" }, "geometry": { "type": "MultiPolygon", "coordinates": [ [ [ [ 110.327206491596939, 1.553679033175925 ], [ 110.327163338937154, 1.553694098087583 ], [ 110.327147993290353, 1.553700840035579 ], [ 110.327025482289429, 1.553766496397094 ], [ 110.327037037581462, 1.553778126045458 ], [ 110.327067099755979, 1.553793542308372 ], [ 110.327100424343385, 1.553798855200022 ], [ 110.327133749300657, 1.553793544657429 ], [ 110.327163812548491, 1.553778130513347 ], [ 110.327187671286453, 1.55375412161152 ], [ 110.327202990054857, 1.553723868110578 ], [ 110.327208269345931, 1.553690331434065 ], [ 110.327206491596939, 1.553679033175925 ] ] ] ] } },
{ "type": "Feature", "properties": { "fid_1": 347.0, "Lokasi": "Jalan_Satok", "Pemilik": "Dbku", "Tarikh_Dit": null, "Jenis_Poko": "TT2_Tecoma", "Tinggi_Pok": 14.0, "Silara_Pok": 0.0, "Catatan": null, "Ukur_Lilit": 95, "Northing": null, "Easthing": null, "Ln_TAGB_": 8.799, "TAGB": 6627.613, "CO2_Stock": 3313.807, "NAMA JALAN": "JALAN SATOK", "KTG JLN": "JRB", "PJG JLN": 1.351, "LBR JLN": 12.9, "JENIS SRT": "SRT1", "CON OF RD": "C1", "TARIKH": null, "NORTHING_2": 1.553103, "EASTING": 110.337785, "CATATAN_2": null, "NORTH AKK": 1.553661, "EAST AKHR": 110.325951, "Road_type": "Main road" }, "geometry": { "type": "MultiPolygon", "coordinates": [ [ [ [ 110.326943349970833, 1.553828306661868 ], [ 110.326976674927806, 1.553822996120988 ], [ 110.327006738175839, 1.553807581978765 ], [ 110.327030596914483, 1.553783573078807 ], [ 110.327044368709267, 1.553756374746535 ], [ 110.326917760381008, 1.553824226948749 ], [ 110.326943349970833, 1.553828306661868 ] ] ] ] } },
{ "type": "Feature", "properties": { "fid_1": 356.0, "Lokasi": "Jalan_Satok", "Pemilik": "Dbku", "Tarikh_Dit": null, "Jenis_Poko": "TT2_Tecoma", "Tinggi_Pok": 16.0, "Silara_Pok": 0.0, "Catatan": null, "Ukur_Lilit": 122, "Northing": null, "Easthing": null, "Ln_TAGB_": 9.349, "TAGB": 11487.33, "CO2_Stock": 5743.665, "NAMA JALAN": "JALAN SATOK", "KTG JLN": "JRB", "PJG JLN": 1.351, "LBR JLN": 12.9, "JENIS SRT": "SRT1", "CON OF RD": "C1", "TARIKH": null, "NORTHING_2": 1.553103, "EASTING": 110.337785, "CATATAN_2": null, "NORTH AKK": 1.553661, "EAST AKHR": 110.325951, "Road_type": "Main road" }, "geometry": { "type": "MultiPolygon", "coordinates": [ [ [ [ 110.326414336641548, 1.554136697453896 ], [ 110.326444399892452, 1.554121283320048 ], [ 110.326468258635686, 1.554097274428532 ], [ 110.326477624904172, 1.55407877671475 ], [ 110.326385989328031, 1.554141214769648 ], [ 110.326414336641548, 1.554136697453896 ] ] ] ] } },
{ "type": "Feature", "properties": { "fid_1": 357.0, "Lokasi": "Jalan_Satok", "Pemilik": "Dbku", "Tarikh_Dit": null, "Jenis_Poko": "TT2_Tecoma", "Tinggi_Pok": 16.0, "Silara_Pok": 0.0, "Catatan": null, "Ukur_Lilit": 96, "Northing": null, "Easthing": null, "Ln_TAGB_": 8.822, "TAGB": 6781.815, "CO2_Stock": 3390.907, "NAMA JALAN": "JALAN SATOK", "KTG JLN": "JRB", "PJG JLN": 1.351, "LBR JLN": 12.9, "JENIS SRT": "SRT1", "CON OF RD": "C1", "TARIKH": null, "NORTHING_2": 1.553103, "EASTING": 110.337785, "CATATAN_2": null, "NORTH AKK": 1.553661, "EAST AKHR": 110.325951, "Road_type": "Main road" }, "geometry": { "type": "MultiPolygon", "coordinates": [ [ [ [ 110.327127691200616, 1.55371172037619 ], [ 110.326951956779126, 1.553805900343907 ], [ 110.32695850039832, 1.553812486070386 ], [ 110.326988562572353, 1.553827902333784 ], [ 110.327021887159503, 1.553833215226211 ], [ 110.327055212116804, 1.553827904684598 ], [ 110.327085275364951, 1.553812490541607 ], [ 110.327109134103438, 1.553788481640899 ], [ 110.327124452872582, 1.553758228140948 ], [ 110.327129732164508, 1.553724691465227 ], [ 110.327127691200616, 1.55371172037619 ] ] ] ] } },
{ "type": "Feature", "properties": { "fid_1": 360.0, "Lokasi": "Jalan_Satok", "Pemilik": "Dbku", "Tarikh_Dit": null, "Jenis_Poko": "TJ1_Jambu Laut", "Tinggi_Pok": 12.0, "Silara_Pok": 0.0, "Catatan": null, "Ukur_Lilit": 51, "Northing": null, "Easthing": null, "Ln_TAGB_": 7.433, "TAGB": 1690.873, "CO2_Stock": 845.437, "NAMA JALAN": "JALAN SATOK TIMUR", "KTG JLN": "JRB", "PJG JLN": null, "LBR JLN": null, "JENIS SRT": "SRT1", "CON OF RD": "C1", "TARIKH": "2025-08-01", "NORTHING_2": null, "EASTING": null, "CATATAN_2": null, "NORTH AKK": null, "EAST AKHR": null, "Road_type": "Main road" }, "geometry": { "type": "MultiPolygon", "coordinates": [ [ [ [ 110.337552508718034, 1.553734372164552 ], [ 110.337467194853829, 1.553774351472788 ], [ 110.337365355102932, 1.553811521299087 ], [ 110.337382282385249, 1.553828557412068 ], [ 110.337412344650289, 1.553843973616824 ], [ 110.337445669306064, 1.553849286425253 ], [ 110.337478994302828, 1.553843975782502 ], [ 110.337509057557426, 1.553828561531127 ], [ 110.337532916268742, 1.553804552525386 ], [ 110.337548234979735, 1.553774298934079 ], [ 110.33755351418823, 1.553740762189598 ], [ 110.337552508718034, 1.553734372164552 ] ] ] ] } },
{ "type": "Feature", "properties": { "fid_1": 361.0, "Lokasi": "Jalan_Satok", "Pemilik": "Dbku", "Tarikh_Dit": null, "Jenis_Poko": "TJ1_Jambu Laut", "Tinggi_Pok": 10.0, "Silara_Pok": 0.0, "Catatan": null, "Ukur_Lilit": 39, "Northing": null, "Easthing": null, "Ln_TAGB_": 6.844, "TAGB": 938.235, "CO2_Stock": 469.118, "NAMA JALAN": "JALAN SATOK TIMUR", "KTG JLN": "JRB", "PJG JLN": null, "LBR JLN": null, "JENIS SRT": "SRT1", "CON OF RD": "C1", "TARIKH": "2025-08-01", "NORTHING_2": null, "EASTING": null, "CATATAN_2": null, "NORTH AKK": null, "EAST AKHR": null, "Road_type": "Main road" }, "geometry": { "type": "MultiPolygon", "coordinates": [ [ [ [ 110.337427908747244, 1.553794150642372 ], [ 110.337457971012498, 1.553809566846812 ], [ 110.337491295668286, 1.553814879654731 ], [ 110.337524620664894, 1.553809569011326 ], [ 110.337554683919151, 1.553794154759207 ], [ 110.337578542630013, 1.553770145752702 ], [ 110.337593861340437, 1.553739892160664 ], [ 110.337598092893046, 1.553713010760616 ], [ 110.337467194853829, 1.553774351472788 ], [ 110.337423927167478, 1.553790143463898 ], [ 110.337427908747244, 1.553794150642372 ] ] ] ] } },
{ "type": "Feature", "properties": { "fid_1": 364.0, "Lokasi": "Jalan_Satok", "Pemilik": "Dbku", "Tarikh_Dit": null, "Jenis_Poko": "TJ1_Jambu Laut", "Tinggi_Pok": 12.0, "Silara_Pok": 0.0, "Catatan": null, "Ukur_Lilit": 57, "Northing": null, "Easthing": null, "Ln_TAGB_": 7.678, "TAGB": 2160.295, "CO2_Stock": 1080.148, "NAMA JALAN": "JALAN SATOK TIMUR", "KTG JLN": "JRB", "PJG JLN": null, "LBR JLN": null, "JENIS SRT": "SRT1", "CON OF RD": "C1", "TARIKH": "2025-08-01", "NORTHING_2": null, "EASTING": null, "CATATAN_2": null, "NORTH AKK": null, "EAST AKHR": null, "Road_type": "Main road" }, "geometry": { "type": "MultiPolygon", "coordinates": [ [ [ [ 110.337386913558063, 1.553817794559452 ], [ 110.33742023821344, 1.553823107367996 ], [ 110.337453563209863, 1.553817796725321 ], [ 110.337483626464191, 1.553802382474003 ], [ 110.337507485175294, 1.5537783734683 ], [ 110.337522689435133, 1.553748345911389 ], [ 110.337467194853829, 1.553774351472788 ], [ 110.337370802987607, 1.553809532911316 ], [ 110.337386913558063, 1.553817794559452 ] ] ] ] } },
{ "type": "Feature", "properties": { "fid_1": 365.0, "Lokasi": "Jalan_Satok", "Pemilik": "Dbku", "Tarikh_Dit": null, "Jenis_Poko": "TJ1_Jambu Laut", "Tinggi_Pok": 9.0, "Silara_Pok": 0.0, "Catatan": null, "Ukur_Lilit": 56, "Northing": null, "Easthing": null, "Ln_TAGB_": 7.639, "TAGB": 2077.665, "CO2_Stock": 1038.832, "NAMA JALAN": "JALAN SATOK TIMUR", "KTG JLN": "JRB", "PJG JLN": null, "LBR JLN": null, "JENIS SRT": "SRT1", "CON OF RD": "C1", "TARIKH": "2025-08-01", "NORTHING_2": null, "EASTING": null, "CATATAN_2": null, "NORTH AKK": null, "EAST AKHR": null, "Road_type": "Main road" }, "geometry": { "type": "MultiPolygon", "coordinates": [ [ [ [ 110.337585580471895, 1.553728413915842 ], [ 110.337615643725357, 1.553712999662435 ], [ 110.337630919353359, 1.553697627805696 ], [ 110.337554733290219, 1.553733329697881 ], [ 110.337585580471895, 1.553728413915842 ] ] ] ] } },
{ "type": "Feature", "properties": { "fid_1": 366.0, "Lokasi": "Jalan_Satok", "Pemilik": "Dbku", "Tarikh_Dit": null, "Jenis_Poko": "TJ1_Jambu Laut", "Tinggi_Pok": 9.0, "Silara_Pok": 0.0, "Catatan": null, "Ukur_Lilit": 53, "Northing": null, "Easthing": null, "Ln_TAGB_": 7.518, "TAGB": 1840.882, "CO2_Stock": 920.441, "NAMA JALAN": "JALAN SATOK TIMUR", "KTG JLN": "JRB", "PJG JLN": null, "LBR JLN": null, "JENIS SRT": "SRT1", "CON OF RD": "C1", "TARIKH": "2025-08-01", "NORTHING_2": null, "EASTING": null, "CATATAN_2": null, "NORTH AKK": null, "EAST AKHR": null, "Road_type": "Main road" }, "geometry": { "type": "MultiPolygon", "coordinates": [ [ [ [ 110.337570580818806, 1.553726244826639 ], [ 110.337603905814873, 1.553720934181894 ], [ 110.337633969068264, 1.553705519928236 ], [ 110.337651304986153, 1.553688074802523 ], [ 110.337570037048096, 1.553726158135604 ], [ 110.337570580818806, 1.553726244826639 ] ] ] ] } },
{ "type": "Feature", "properties": { "fid_1": 375.0, "Lokasi": "Jalan_Satok", "Pemilik": "Dbku", "Tarikh_Dit": null, "Jenis_Poko": "TJ1_Jambu Laut", "Tinggi_Pok": 8.0, "Silara_Pok": 0.0, "Catatan": null, "Ukur_Lilit": 37, "Northing": null, "Easthing": null, "Ln_TAGB_": 6.729, "TAGB": 836.311, "CO2_Stock": 418.156, "NAMA JALAN": "JALAN SATOK TIMUR (DOWN)", "KTG JLN": "JRB", "PJG JLN": null, "LBR JLN": null, "JENIS SRT": "SRT1", "CON OF RD": "C1", "TARIKH": null, "NORTHING_2": null, "EASTING": null, "CATATAN_2": null, "NORTH AKK": null, "EAST AKHR": null, "Road_type": "Main road" }, "geometry": { "type": "MultiPolygon", "coordinates": [ [ [ [ 110.337673522566604, 1.553272652659427 ], [ 110.337658205793289, 1.553242398071412 ], [ 110.337634348621705, 1.553218387515847 ], [ 110.337604286358243, 1.553202971313181 ], [ 110.337570961706604, 1.553197658508606 ], [ 110.337537636715695, 1.553202969156324 ], [ 110.337507573467519, 1.553218383412976 ], [ 110.337483714761973, 1.553242392423653 ], [ 110.337470587135726, 1.553268318756874 ], [ 110.337673800137054, 1.553274416691135 ], [ 110.337673522566604, 1.553272652659427 ] ] ] ] } },
{ "type": "Feature", "properties": { "fid_1": 376.0, "Lokasi": "Jalan_Satok", "Pemilik": "Dbku", "Tarikh_Dit": null, "Jenis_Poko": "TJ1_Jambu Laut", "Tinggi_Pok": 11.0, "Silara_Pok": 0.0, "Catatan": null, "Ukur_Lilit": 67, "Northing": null, "Easthing": null, "Ln_TAGB_": 8.033, "TAGB": 3080.971, "CO2_Stock": 1540.486, "NAMA JALAN": "JALAN SATOK TIMUR (DOWN)", "KTG JLN": "JRB", "PJG JLN": null, "LBR JLN": null, "JENIS SRT": "SRT1", "CON OF RD": "C1", "TARIKH": null, "NORTHING_2": null, "EASTING": null, "CATATAN_2": null, "NORTH AKK": null, "EAST AKHR": null, "Road_type": "Main road" }, "geometry": { "type": "MultiPolygon", "coordinates": [ [ [ [ 110.337702693521024, 1.553269660761698 ], [ 110.337687376747397, 1.553239406173649 ], [ 110.337663519575543, 1.553215395618155 ], [ 110.33763345731181, 1.553199979415654 ], [ 110.337600132660015, 1.553194666611357 ], [ 110.337566807669035, 1.553199977259375 ], [ 110.337536744420873, 1.55321539151636 ], [ 110.337512885715455, 1.553239400527346 ], [ 110.337497829241784, 1.553269136227702 ], [ 110.337703582489809, 1.553275310387115 ], [ 110.337702693521024, 1.553269660761698 ] ] ] ] } },
{ "type": "Feature", "properties": { "fid_1": 377.0, "Lokasi": "Jalan_Satok", "Pemilik": "Dbku", "Tarikh_Dit": null, "Jenis_Poko": "TJ1_Jambu Laut", "Tinggi_Pok": 9.0, "Silara_Pok": 0.0, "Catatan": null, "Ukur_Lilit": 44, "Northing": null, "Easthing": null, "Ln_TAGB_": 7.109, "TAGB": 1222.924, "CO2_Stock": 611.462, "NAMA JALAN": "JALAN SATOK TIMUR (DOWN)", "KTG JLN": "JRB", "PJG JLN": null, "LBR JLN": null, "JENIS SRT": "SRT1", "CON OF RD": "C1", "TARIKH": null, "NORTHING_2": null, "EASTING": null, "CATATAN_2": null, "NORTH AKK": null, "EAST AKHR": null, "Road_type": "Main road" }, "geometry": { "type": "MultiPolygon", "coordinates": [ [ [ [ 110.337731116499185, 1.553248717507628 ], [ 110.337715799725245, 1.553218462919476 ], [ 110.337691942553164, 1.553194452364027 ], [ 110.337661880289303, 1.553179036161725 ], [ 110.337628555637494, 1.553173723357716 ], [ 110.337595230646599, 1.553179034006154 ], [ 110.337565167398651, 1.553194448263598 ], [ 110.337541308693488, 1.553218457275074 ], [ 110.337525989987284, 1.553248710871268 ], [ 110.337522657438612, 1.553269881262689 ], [ 110.337735451365077, 1.553276266694299 ], [ 110.337731116499185, 1.553248717507628 ] ] ] ] } },
{ "type": "Feature", "properties": { "fid_1": 378.0, "Lokasi": "Jalan_Satok", "Pemilik": "Dbku", "Tarikh_Dit": null, "Jenis_Poko": "TJ1_Jambu Laut", "Tinggi_Pok": 8.0, "Silara_Pok": 0.0, "Catatan": null, "Ukur_Lilit": 49, "Northing": null, "Easthing": null, "Ln_TAGB_": 7.345, "TAGB": 1548.435, "CO2_Stock": 774.217, "NAMA JALAN": "JALAN SATOK TIMUR (DOWN)", "KTG JLN": "JRB", "PJG JLN": null, "LBR JLN": null, "JENIS SRT": "SRT1", "CON OF RD": "C1", "TARIKH": null, "NORTHING_2": null, "EASTING": null, "CATATAN_2": null, "NORTH AKK": null, "EAST AKHR": null, "Road_type": "Main road" }, "geometry": { "type": "MultiPolygon", "coordinates": [ [ [ [ 110.337714661084888, 1.55322627831484 ], [ 110.337699344311133, 1.55319602372661 ], [ 110.337675487139293, 1.553172013171085 ], [ 110.337645424875674, 1.553156596968723 ], [ 110.337612100224149, 1.55315128416468 ], [ 110.337578775233553, 1.553156594813087 ], [ 110.337548711985818, 1.553172009070528 ], [ 110.337524853280854, 1.553196018082037 ], [ 110.33750953457475, 1.553226271678292 ], [ 110.33750425536924, 1.553259808426613 ], [ 110.337505760547856, 1.553269374227307 ], [ 110.337717433569892, 1.553275726024265 ], [ 110.337719938147757, 1.55325981540582 ], [ 110.337714661084888, 1.55322627831484 ] ] ] ] } },
{ "type": "Feature", "properties": { "fid_1": 379.0, "Lokasi": "Jalan_Satok", "Pemilik": "Dbku", "Tarikh_Dit": null, "Jenis_Poko": "TJ1_Jambu Laut", "Tinggi_Pok": 8.0, "Silara_Pok": 0.0, "Catatan": null, "Ukur_Lilit": 40, "Northing": null, "Easthing": null, "Ln_TAGB_": 6.9, "TAGB": 992.275, "CO2_Stock": 496.137, "NAMA JALAN": "JALAN SATOK TIMUR (DOWN)", "KTG JLN": "JRB", "PJG JLN": null, "LBR JLN": null, "JENIS SRT": "SRT1", "CON OF RD": "C1", "TARIKH": null, "NORTHING_2": null, "EASTING": null, "CATATAN_2": null, "NORTH AKK": null, "EAST AKHR": null, "Road_type": "Main road" }, "geometry": { "type": "MultiPolygon", "coordinates": [ [ [ [ 110.337671278641039, 1.553237497920027 ], [ 110.337655961867725, 1.553207243331891 ], [ 110.337632104696254, 1.553183232776258 ], [ 110.337602042432991, 1.553167816573624 ], [ 110.337568717781664, 1.553162503769191 ], [ 110.337535392791111, 1.553167814417109 ], [ 110.337505329543305, 1.553183228674011 ], [ 110.337481470838085, 1.553207237684966 ], [ 110.337466152131654, 1.553237491280745 ], [ 110.33746134307313, 1.553268041364488 ], [ 110.33767601292206, 1.553274483091425 ], [ 110.337676555703425, 1.553271035010784 ], [ 110.337671278641039, 1.553237497920027 ] ] ] ] } },
{ "type": "Feature", "properties": { "fid_1": 381.0, "Lokasi": "Jalan Muda Hashim", "Pemilik": null, "Tarikh_Dit": null, "Jenis_Poko": "Kopsia singapurensis", "Tinggi_Pok": 7.0, "Silara_Pok": 4.0, "Catatan": null, "Ukur_Lilit": 8, "Northing": null, "Easthing": null, "Ln_TAGB_": 3.365, "TAGB": 28.933, "CO2_Stock": 14.466, "NAMA JALAN": "Jalan Muda Hashim", "KTG JLN": null, "PJG JLN": null, "LBR JLN": null, "JENIS SRT": null, "CON OF RD": null, "TARIKH": null, "NORTHING_2": null, "EASTING": null, "CATATAN_2": null, "NORTH AKK": null, "EAST AKHR": null, "Road_type": "Tertiary road" }, "geometry": { "type": "MultiPolygon", "coordinates": [ [ [ [ 110.334249613392416, 1.554426434464502 ], [ 110.334234296655225, 1.55439617988329 ], [ 110.334210439514962, 1.554372169320336 ], [ 110.33418037727489, 1.554356753096795 ], [ 110.334147052636482, 1.554351440259939 ], [ 110.334113727647363, 1.554356750867078 ], [ 110.334097799209204, 1.55436491779032 ], [ 110.334107004621387, 1.554559738615902 ], [ 110.334113720823424, 1.554563182752996 ], [ 110.334147045463297, 1.554568495590984 ], [ 110.334180370454575, 1.554563184984842 ], [ 110.334210433714645, 1.554547770773591 ], [ 110.334234292441849, 1.554523761807541 ], [ 110.334249611177597, 1.554493508251573 ], [ 110.334254890417284, 1.554459971534674 ], [ 110.334249613392416, 1.554426434464502 ] ] ] ] } },
{ "type": "Feature", "properties": { "fid_1": 381.0, "Lokasi": "Jalan Muda Hashim", "Pemilik": null, "Tarikh_Dit": null, "Jenis_Poko": "Kopsia singapurensis", "Tinggi_Pok": 7.0, "Silara_Pok": 4.0, "Catatan": null, "Ukur_Lilit": 8, "Northing": null, "Easthing": null, "Ln_TAGB_": 3.365, "TAGB": 28.933, "CO2_Stock": 14.466, "NAMA JALAN": "Jalan Muda Hashim", "KTG JLN": null, "PJG JLN": null, "LBR JLN": null, "JENIS SRT": null, "CON OF RD": null, "TARIKH": null, "NORTHING_2": null, "EASTING": null, "CATATAN_2": null, "NORTH AKK": null, "EAST AKHR": null, "Road_type": "Tertiary road" }, "geometry": { "type": "MultiPolygon", "coordinates": [ [ [ [ 110.33418037727489, 1.554356753096795 ], [ 110.334147052636482, 1.554351440259939 ], [ 110.334113727647363, 1.554356750867078 ], [ 110.334090762759658, 1.554368525560401 ], [ 110.334107638984065, 1.554370333949699 ], [ 110.33419782610089, 1.554365701032904 ], [ 110.33418037727489, 1.554356753096795 ] ] ] ] } },
{ "type": "Feature", "properties": { "fid_1": 382.0, "Lokasi": "Jalan Muda Hashim", "Pemilik": null, "Tarikh_Dit": null, "Jenis_Poko": "Kopsia singapurensis", "Tinggi_Pok": 6.0, "Silara_Pok": 2.0, "Catatan": null, "Ukur_Lilit": 115, "Northing": null, "Easthing": null, "Ln_TAGB_": 9.219, "TAGB": 10086.972, "CO2_Stock": 5043.486, "NAMA JALAN": "Jalan Muda Hashim", "KTG JLN": null, "PJG JLN": null, "LBR JLN": null, "JENIS SRT": null, "CON OF RD": null, "TARIKH": null, "NORTHING_2": null, "EASTING": null, "CATATAN_2": null, "NORTH AKK": null, "EAST AKHR": null, "Road_type": "Tertiary road" }, "geometry": { "type": "MultiPolygon", "coordinates": [ [ [ [ 110.334262472536224, 1.554538510154763 ], [ 110.334247155798963, 1.554508255574021 ], [ 110.334223298658273, 1.554484245011267 ], [ 110.334193236417462, 1.554468828787658 ], [ 110.334159911778087, 1.554463515950441 ], [ 110.334126586787846, 1.554468826557 ], [ 110.334103273763475, 1.554480779747955 ], [ 110.334112112450299, 1.554667839350989 ], [ 110.334126579961065, 1.554675258438327 ], [ 110.334159904601918, 1.554680571276668 ], [ 110.33419322959432, 1.554675260671101 ], [ 110.334223292855555, 1.554659846460619 ], [ 110.334247151583838, 1.554635837495431 ], [ 110.334262470320468, 1.554605583940352 ], [ 110.334267749560794, 1.554572047224275 ], [ 110.334262472536224, 1.554538510154763 ] ] ] ] } },
{ "type": "Feature", "properties": { "fid_1": 383.0, "Lokasi": "Jalan Muda Hashim", "Pemilik": null, "Tarikh_Dit": null, "Jenis_Poko": "Callistemon citrinus", "Tinggi_Pok": 7.0, "Silara_Pok": 3.0, "Catatan": null, "Ukur_Lilit": 60, "Northing": null, "Easthing": null, "Ln_TAGB_": 7.79, "TAGB": 2416.318, "CO2_Stock": 1208.159, "NAMA JALAN": "Jalan Muda Hashim", "KTG JLN": null, "PJG JLN": null, "LBR JLN": null, "JENIS SRT": null, "CON OF RD": null, "TARIKH": null, "NORTHING_2": null, "EASTING": null, "CATATAN_2": null, "NORTH AKK": null, "EAST AKHR": null, "Road_type": "Tertiary road" }, "geometry": { "type": "MultiPolygon", "coordinates": [ [ [ [ 110.334368841448281, 1.555477325884547 ], [ 110.334335516799712, 1.555472013044702 ], [ 110.334302191799125, 1.555477323646598 ], [ 110.33427212852942, 1.555492737851371 ], [ 110.334248269792667, 1.555516746809192 ], [ 110.334232951048051, 1.555547000356025 ], [ 110.334227671801074, 1.555580537063992 ], [ 110.334232948821423, 1.555614074126649 ], [ 110.334248265557875, 1.555644328702784 ], [ 110.334272122701861, 1.555668339263741 ], [ 110.334302184950019, 1.555683755488497 ], [ 110.334335509600066, 1.555689068329468 ], [ 110.334368834602813, 1.555683757728595 ], [ 110.334380813146353, 1.555677616024633 ], [ 110.334370979925325, 1.555478422517162 ], [ 110.334368841448281, 1.555477325884547 ] ] ] ] } },
{ "type": "Feature", "properties": { "fid_1": 384.0, "Lokasi": "Jalan Muda Hshim", "Pemilik": null, "Tarikh_Dit": null, "Jenis_Poko": "Callistemon citrinus", "Tinggi_Pok": 5.0, "Silara_Pok": 2.0, "Catatan": null, "Ukur_Lilit": 59, "Northing": null, "Easthing": null, "Ln_TAGB_": 7.753, "TAGB": 2328.548, "CO2_Stock": 1164.274, "NAMA JALAN": "Jalan Muda Hashim", "KTG JLN": null, "PJG JLN": null, "LBR JLN": null, "JENIS SRT": null, "CON OF RD": null, "TARIKH": null, "NORTHING_2": null, "EASTING": null, "CATATAN_2": null, "NORTH AKK": null, "EAST AKHR": null, "Road_type": "Tertiary road" }, "geometry": { "type": "MultiPolygon", "coordinates": [ [ [ [ 110.334356509917271, 1.55562057849075 ], [ 110.334323185267635, 1.555615265650221 ], [ 110.334289860265699, 1.555620576251094 ], [ 110.334259796994559, 1.555635990454589 ], [ 110.334235938256327, 1.555659999411012 ], [ 110.33422061951039, 1.55569025295644 ], [ 110.334215340262389, 1.555723789663187 ], [ 110.334220617282071, 1.555757326724882 ], [ 110.334235934018324, 1.555787581300395 ], [ 110.334259791162552, 1.555811591861177 ], [ 110.334289853411406, 1.555827008086201 ], [ 110.334323178062519, 1.555832320927837 ], [ 110.334356503066616, 1.555827010327983 ], [ 110.334386566339788, 1.555811596124991 ], [ 110.334387386358742, 1.555810770943124 ], [ 110.334378555563873, 1.555631883720654 ], [ 110.334356509917271, 1.55562057849075 ] ] ] ] } },
{ "type": "Feature", "properties": { "fid_1": 385.0, "Lokasi": "Jalan Muda Hshim", "Pemilik": null, "Tarikh_Dit": null, "Jenis_Poko": "Callistemon citrnus", "Tinggi_Pok": 7.0, "Silara_Pok": 3.0, "Catatan": null, "Ukur_Lilit": 60, "Northing": null, "Easthing": null, "Ln_TAGB_": 7.79, "TAGB": 2416.318, "CO2_Stock": 1208.159, "NAMA JALAN": "Jalan Muda Hashim", "KTG JLN": null, "PJG JLN": null, "LBR JLN": null, "JENIS SRT": null, "CON OF RD": null, "TARIKH": null, "NORTHING_2": null, "EASTING": null, "CATATAN_2": null, "NORTH AKK": null, "EAST AKHR": null, "Road_type": "Tertiary road" }, "geometry": { "type": "MultiPolygon", "coordinates": [ [ [ [ 110.334357167259085, 1.555660182951079 ], [ 110.334323842609138, 1.555654870110377 ], [ 110.334290517606831, 1.555660180711021 ], [ 110.334260454335265, 1.555675594914194 ], [ 110.334236595596636, 1.555699603870279 ], [ 110.334221276850386, 1.555729857415372 ], [ 110.334215997602115, 1.555763394121803 ], [ 110.334221274621655, 1.555796931183227 ], [ 110.334236591357893, 1.555827185758588 ], [ 110.334260448502221, 1.555851196319308 ], [ 110.334290510751316, 1.555866612544375 ], [ 110.334323835402742, 1.555871925386164 ], [ 110.334357160407208, 1.555866614786563 ], [ 110.334387223680793, 1.555851200583887 ], [ 110.334389280022847, 1.555849131294982 ], [ 110.334380544349827, 1.555672170958885 ], [ 110.334357167259085, 1.555660182951079 ] ] ] ] } },
{ "type": "Feature", "properties": { "fid_1": 386.0, "Lokasi": "Jalan Muda Hshim", "Pemilik": null, "Tarikh_Dit": null, "Jenis_Poko": "Callistemon citrnus", "Tinggi_Pok": 5.0, "Silara_Pok": 3.0, "Catatan": null, "Ukur_Lilit": 60, "Northing": null, "Easthing": null, "Ln_TAGB_": 7.79, "TAGB": 2416.318, "CO2_Stock": 1208.159, "NAMA JALAN": "Jalan Muda Hashim", "KTG JLN": null, "PJG JLN": null, "LBR JLN": null, "JENIS SRT": null, "CON OF RD": null, "TARIKH": null, "NORTHING_2": null, "EASTING": null, "CATATAN_2": null, "NORTH AKK": null, "EAST AKHR": null, "Road_type": "Tertiary road" }, "geometry": { "type": "MultiPolygon", "coordinates": [ [ [ [ 110.334358481937912, 1.555709154441309 ], [ 110.334325157287566, 1.555703841600449 ], [ 110.334291832284777, 1.55570915220079 ], [ 110.334261769012713, 1.555724566403598 ], [ 110.334237910273615, 1.555748575359251 ], [ 110.33422259152691, 1.555778828903909 ], [ 110.334217312278355, 1.555812365609963 ], [ 110.334222589297724, 1.55584590267108 ], [ 110.334237906033934, 1.555876157246229 ], [ 110.334261763178418, 1.555900167806864 ], [ 110.334291825427798, 1.555915584032001 ], [ 110.334325150079607, 1.555920896873983 ], [ 110.334358475084557, 1.555915586274671 ], [ 110.334388538358652, 1.555900172072367 ], [ 110.334391645316614, 1.555897045552925 ], [ 110.334382990477565, 1.555721722667471 ], [ 110.334358481937912, 1.555709154441309 ] ] ] ] } },
{ "type": "Feature", "properties": { "fid_1": 387.0, "Lokasi": "Jalan Muda Hashim", "Pemilik": null, "Tarikh_Dit": null, "Jenis_Poko": "Callistemon citrnus", "Tinggi_Pok": 5.0, "Silara_Pok": 3.0, "Catatan": null, "Ukur_Lilit": 60, "Northing": null, "Easthing": null, "Ln_TAGB_": 7.79, "TAGB": 2416.318, "CO2_Stock": 1208.159, "NAMA JALAN": "Jalan Muda Hashim", "KTG JLN": null, "PJG JLN": null, "LBR JLN": null, "JENIS SRT": null, "CON OF RD": null, "TARIKH": null, "NORTHING_2": null, "EASTING": null, "CATATAN_2": null, "NORTH AKK": null, "EAST AKHR": null, "Road_type": "Tertiary road" }, "geometry": { "type": "MultiPolygon", "coordinates": [ [ [ [ 110.334363904964846, 1.555768150296403 ], [ 110.334330580314003, 1.55576283745535 ], [ 110.334297255310616, 1.555768148055358 ], [ 110.334267192037942, 1.555783562257766 ], [ 110.334243333298261, 1.555807571212947 ], [ 110.334228014551101, 1.555837824757129 ], [ 110.334222735302177, 1.555871361462718 ], [ 110.33422801232139, 1.555904898523503 ], [ 110.334243329057614, 1.555935153098406 ], [ 110.334267186202297, 1.555959163658948 ], [ 110.334297248452074, 1.555974579884118 ], [ 110.334330573104381, 1.55597989272629 ], [ 110.334363898109928, 1.555974582127295 ], [ 110.33439396138462, 1.555959167925417 ], [ 110.334394676472769, 1.555958448335083 ], [ 110.334385837608025, 1.555779397576792 ], [ 110.334363904964846, 1.555768150296403 ] ] ] ] } },
{ "type": "Feature", "properties": { "fid_1": 388.0, "Lokasi": "Jalan Muda Hashim", "Pemilik": null, "Tarikh_Dit": null, "Jenis_Poko": "Callistemon citrnus", "Tinggi_Pok": 7.0, "Silara_Pok": 3.0, "Catatan": null, "Ukur_Lilit": 105, "Northing": null, "Easthing": null, "Ln_TAGB_": 9.019, "TAGB": 8258.514, "CO2_Stock": 4129.257, "NAMA JALAN": "Jalan Muda Hashim", "KTG JLN": null, "PJG JLN": null, "LBR JLN": null, "JENIS SRT": null, "CON OF RD": null, "TARIKH": null, "NORTHING_2": null, "EASTING": null, "CATATAN_2": null, "NORTH AKK": null, "EAST AKHR": null, "Road_type": "Tertiary road" }, "geometry": { "type": "MultiPolygon", "coordinates": [ [ [ [ 110.334371464334808, 1.555845058541958 ], [ 110.334338139683283, 1.555839745700654 ], [ 110.334304814679143, 1.555845056300248 ], [ 110.334274751405673, 1.555860470502116 ], [ 110.334250892665239, 1.555884479456687 ], [ 110.334235573917454, 1.555914733000253 ], [ 110.334230294668089, 1.55594826970527 ], [ 110.334235571687088, 1.555981806765573 ], [ 110.334250888423355, 1.556012061340167 ], [ 110.334274745568308, 1.556036071900568 ], [ 110.334304807818569, 1.5560514881258 ], [ 110.334338132471544, 1.556056800968224 ], [ 110.334371457477843, 1.556051490369647 ], [ 110.33439858293832, 1.556037582460376 ], [ 110.334389536465736, 1.555854326112651 ], [ 110.334371464334808, 1.555845058541958 ] ] ] ] } },
{ "type": "Feature", "properties": { "fid_1": 389.0, "Lokasi": "Jalan Muda Hashim", "Pemilik": null, "Tarikh_Dit": null, "Jenis_Poko": "Callistemon citrnus", "Tinggi_Pok": 7.0, "Silara_Pok": 3.0, "Catatan": null, "Ukur_Lilit": 62, "Northing": null, "Easthing": null, "Ln_TAGB_": 7.862, "TAGB": 2596.709, "CO2_Stock": 1298.354, "NAMA JALAN": "Jalan Muda Hashim", "KTG JLN": null, "PJG JLN": null, "LBR JLN": null, "JENIS SRT": null, "CON OF RD": null, "TARIKH": null, "NORTHING_2": null, "EASTING": null, "CATATAN_2": null, "NORTH AKK": null, "EAST AKHR": null, "Road_type": "Tertiary road" }, "geometry": { "type": "MultiPolygon", "coordinates": [ [ [ [ 110.334372450344546, 1.55588581333924 ], [ 110.334339125692708, 1.555880500497774 ], [ 110.334305800688171, 1.555885811097128 ], [ 110.334275737414259, 1.555901225298664 ], [ 110.334251878673442, 1.55592523425288 ], [ 110.334236559925287, 1.555955487796097 ], [ 110.334231280675695, 1.5559890245008 ], [ 110.334236557694538, 1.556022561560848 ], [ 110.334251874430791, 1.556052816135277 ], [ 110.334275731575872, 1.556076826695596 ], [ 110.33430579382636, 1.556092242920884 ], [ 110.334339118479676, 1.556097555763472 ], [ 110.334372443486373, 1.556092245165132 ], [ 110.334400569479186, 1.556077824258116 ], [ 110.334391574975712, 1.555895620642611 ], [ 110.334372450344546, 1.55588581333924 ] ] ] ] } },
{ "type": "Feature", "properties": { "fid_1": 390.0, "Lokasi": "Jalan Muda Hashim", "Pemilik": null, "Tarikh_Dit": null, "Jenis_Poko": "Callistemon citrnus", "Tinggi_Pok": 7.0, "Silara_Pok": 3.0, "Catatan": null, "Ukur_Lilit": 62, "Northing": null, "Easthing": null, "Ln_TAGB_": 7.862, "TAGB": 2596.709, "CO2_Stock": 1298.354, "NAMA JALAN": "Jalan Muda Hashim", "KTG JLN": null, "PJG JLN": null, "LBR JLN": null, "JENIS SRT": null, "CON OF RD": null, "TARIKH": null, "NORTHING_2": null, "EASTING": null, "CATATAN_2": null, "NORTH AKK": null, "EAST AKHR": null, "Road_type": "Tertiary road" }, "geometry": { "type": "MultiPolygon", "coordinates": [ [ [ [ 110.334375408379884, 1.556045545851282 ], [ 110.334342083726725, 1.556040233009187 ], [ 110.334308758720653, 1.556045543607557 ], [ 110.334278695445121, 1.556060957807861 ], [ 110.334254836702684, 1.55608496676069 ], [ 110.334239517953179, 1.556115220302501 ], [ 110.334234238702535, 1.556148757005937 ], [ 110.334239515720824, 1.556182294064953 ], [ 110.33425483245702, 1.556212548638717 ], [ 110.334278689602556, 1.556236559198793 ], [ 110.334308751853939, 1.556251975424289 ], [ 110.334342076508548, 1.556257288267492 ], [ 110.334375401516795, 1.556251977670135 ], [ 110.334405464794358, 1.556236563470344 ], [ 110.334408266480168, 1.556233744145775 ], [ 110.334399588161418, 1.556057945486413 ], [ 110.334375408379884, 1.556045545851282 ] ] ] ] } },
{ "type": "Feature", "properties": { "fid_1": 391.0, "Lokasi": "Jalan Muda Hashim", "Pemilik": null, "Tarikh_Dit": null, "Jenis_Poko": "Callistemon citrnus", "Tinggi_Pok": 7.0, "Silara_Pok": 3.0, "Catatan": null, "Ukur_Lilit": 66, "Northing": null, "Easthing": null, "Ln_TAGB_": 7.999, "TAGB": 2977.979, "CO2_Stock": 1488.989, "NAMA JALAN": "Jalan Muda Hashim", "KTG JLN": null, "PJG JLN": null, "LBR JLN": null, "JENIS SRT": null, "CON OF RD": null, "TARIKH": null, "NORTHING_2": null, "EASTING": null, "CATATAN_2": null, "NORTH AKK": null, "EAST AKHR": null, "Road_type": "Tertiary road" }, "geometry": { "type": "MultiPolygon", "coordinates": [ [ [ [ 110.334373765050501, 1.556102405367344 ], [ 110.334340440396915, 1.556097092525014 ], [ 110.334307115390303, 1.556102403123002 ], [ 110.334277052114174, 1.556117817322829 ], [ 110.334253193371183, 1.556141826275133 ], [ 110.334237874621166, 1.55617207981643 ], [ 110.334232595370139, 1.556205616519404 ], [ 110.334237872388186, 1.556239153578044 ], [ 110.33425318912434, 1.55626940815156 ], [ 110.334277046269989, 1.556293418711572 ], [ 110.334307108521699, 1.556308834937129 ], [ 110.334340433176763, 1.556314147780578 ], [ 110.334373758185535, 1.556308837183603 ], [ 110.334403821463695, 1.556293422984283 ], [ 110.334410862749294, 1.556286337368689 ], [ 110.334402510620194, 1.556117146384441 ], [ 110.334373765050501, 1.556102405367344 ] ] ] ] } },
{ "type": "Feature", "properties": { "fid_1": 392.0, "Lokasi": "Jalan Muda Hashim", "Pemilik": null, "Tarikh_Dit": null, "Jenis_Poko": "Callistemon citrnus", "Tinggi_Pok": 7.0, "Silara_Pok": 3.0, "Catatan": null, "Ukur_Lilit": 71, "Northing": null, "Easthing": null, "Ln_TAGB_": 8.16, "TAGB": 3498.187, "CO2_Stock": 1749.093, "NAMA JALAN": "Jalan Muda Hashim", "KTG JLN": null, "PJG JLN": null, "LBR JLN": null, "JENIS SRT": null, "CON OF RD": null, "TARIKH": null, "NORTHING_2": null, "EASTING": null, "CATATAN_2": null, "NORTH AKK": null, "EAST AKHR": null, "Road_type": "Tertiary road" }, "geometry": { "type": "MultiPolygon", "coordinates": [ [ [ [ 110.334465670618556, 1.557439956462654 ], [ 110.334432345953672, 1.557434643615692 ], [ 110.334399020933859, 1.557439954206115 ], [ 110.334368957643903, 1.557455368396189 ], [ 110.334345098887795, 1.557479377337506 ], [ 110.33432978012668, 1.557509630867651 ], [ 110.334324500867652, 1.557543167560407 ], [ 110.334329777881592, 1.557576704610785 ], [ 110.334345094617873, 1.557606959178781 ], [ 110.334368951767956, 1.557630969736534 ], [ 110.334399014027909, 1.557646385963355 ], [ 110.334432338694256, 1.557651698811439 ], [ 110.33446566371623, 1.557646388222026 ], [ 110.334480652819707, 1.557638702939907 ], [ 110.334470185650915, 1.557442271816223 ], [ 110.334465670618556, 1.557439956462654 ] ] ] ] } },
{ "type": "Feature", "properties": { "fid_1": 392.0, "Lokasi": "Jalan Muda Hashim", "Pemilik": null, "Tarikh_Dit": null, "Jenis_Poko": "Callistemon citrnus", "Tinggi_Pok": 7.0, "Silara_Pok": 3.0, "Catatan": null, "Ukur_Lilit": 71, "Northing": null, "Easthing": null, "Ln_TAGB_": 8.16, "TAGB": 3498.187, "CO2_Stock": 1749.093, "NAMA JALAN": "Jalan Parit Lama", "KTG JLN": null, "PJG JLN": null, "LBR JLN": null, "JENIS SRT": null, "CON OF RD": null, "TARIKH": null, "NORTHING_2": null, "EASTING": null, "CATATAN_2": null, "NORTH AKK": null, "EAST AKHR": null, "Road_type": "Tertiary road" }, "geometry": { "type": "MultiPolygon", "coordinates": [ [ [ [ 110.33432978012668, 1.557509630867651 ], [ 110.334324500867652, 1.557543167560407 ], [ 110.334329777881592, 1.557576704610785 ], [ 110.334345094617873, 1.557606959178781 ], [ 110.334368951767956, 1.557630969736534 ], [ 110.334371019471803, 1.557632030075712 ], [ 110.334371423222322, 1.557631583066055 ], [ 110.334385291694957, 1.557600629127136 ], [ 110.334388976576705, 1.557566877320929 ], [ 110.334382117165944, 1.557533631509485 ], [ 110.334365384909859, 1.557504146024655 ], [ 110.334342949197548, 1.557483622832224 ], [ 110.33432978012668, 1.557509630867651 ] ] ] ] } },
{ "type": "Feature", "properties": { "fid_1": 393.0, "Lokasi": "Jalan Muda Hashim", "Pemilik": null, "Tarikh_Dit": null, "Jenis_Poko": "Callistemon citrnus", "Tinggi_Pok": 6.0, "Silara_Pok": 4.0, "Catatan": null, "Ukur_Lilit": 50, "Northing": null, "Easthing": null, "Ln_TAGB_": 7.39, "TAGB": 1619.706, "CO2_Stock": 809.853, "NAMA JALAN": "Jalan Muda Hashim", "KTG JLN": null, "PJG JLN": null, "LBR JLN": null, "JENIS SRT": null, "CON OF RD": null, "TARIKH": null, "NORTHING_2": null, "EASTING": null, "CATATAN_2": null, "NORTH AKK": null, "EAST AKHR": null, "Road_type": "Tertiary road" }, "geometry": { "type": "MultiPolygon", "coordinates": [ [ [ [ 110.334508349826919, 1.558551764203793 ], [ 110.334475025152898, 1.558546451352696 ], [ 110.334441700122198, 1.558551761936507 ], [ 110.334411636820747, 1.558567176118115 ], [ 110.334387778053667, 1.558591185049944 ], [ 110.334372459283145, 1.55862143857051 ], [ 110.334367180017168, 1.55865497525454 ], [ 110.334372457027342, 1.55868851229791 ], [ 110.334387773763396, 1.558718766861277 ], [ 110.334411630916819, 1.55874277741725 ], [ 110.334441693183351, 1.558758193645308 ], [ 110.33447501785885, 1.558763506497542 ], [ 110.334508342891709, 1.558758195914752 ], [ 110.334535665621317, 1.558744186892036 ], [ 110.334538234286867, 1.558719301523666 ], [ 110.334529895551015, 1.558562813064072 ], [ 110.334508349826919, 1.558551764203793 ] ] ] ] } },
{ "type": "Feature", "properties": { "fid_1": 393.0, "Lokasi": "Jalan Muda Hashim", "Pemilik": null, "Tarikh_Dit": null, "Jenis_Poko": "Callistemon citrnus", "Tinggi_Pok": 6.0, "Silara_Pok": 4.0, "Catatan": null, "Ukur_Lilit": 50, "Northing": null, "Easthing": null, "Ln_TAGB_": 7.39, "TAGB": 1619.706, "CO2_Stock": 809.853, "NAMA JALAN": "Jalan Mataaim", "KTG JLN": null, "PJG JLN": null, "LBR JLN": null, "JENIS SRT": null, "CON OF RD": null, "TARIKH": null, "NORTHING_2": null, "EASTING": null, "CATATAN_2": null, "NORTH AKK": null, "EAST AKHR": null, "Road_type": "Tertiary road" }, "geometry": { "type": "MultiPolygon", "coordinates": [ [ [ [ 110.334387773763396, 1.558718766861277 ], [ 110.334411630916819, 1.55874277741725 ], [ 110.334441693183351, 1.558758193645308 ], [ 110.33447501785885, 1.558763506497542 ], [ 110.334508342891709, 1.558758195914752 ], [ 110.334538406195179, 1.558742781733672 ], [ 110.334562264963381, 1.558718772801667 ], [ 110.334577583733704, 1.558688519280296 ], [ 110.334578203058257, 1.558684585002629 ], [ 110.334396033736937, 1.558688153442742 ], [ 110.334389103877285, 1.558688513901712 ], [ 110.334373141117922, 1.558689863555899 ], [ 110.334387773763396, 1.558718766861277 ] ] ] ] } },
{ "type": "Feature", "properties": { "fid_1": 394.0, "Lokasi": "Jalan Muda Hashim", "Pemilik": null, "Tarikh_Dit": null, "Jenis_Poko": "Callistemon citrnus", "Tinggi_Pok": 7.0, "Silara_Pok": 3.0, "Catatan": null, "Ukur_Lilit": 71, "Northing": null, "Easthing": null, "Ln_TAGB_": 8.16, "TAGB": 3498.187, "CO2_Stock": 1749.093, "NAMA JALAN": "Jalan Muda Hashim", "KTG JLN": null, "PJG JLN": null, "LBR JLN": null, "JENIS SRT": null, "CON OF RD": null, "TARIKH": null, "NORTHING_2": null, "EASTING": null, "CATATAN_2": null, "NORTH AKK": null, "EAST AKHR": null, "Road_type": "Tertiary road" }, "geometry": { "type": "MultiPolygon", "coordinates": [ [ [ [ 110.334505063145699, 1.558526785457504 ], [ 110.334471738471905, 1.558521472606472 ], [ 110.334438413441461, 1.558526783190408 ], [ 110.334408350140279, 1.558542197372185 ], [ 110.334384491373427, 1.5585662063042 ], [ 110.33436917260309, 1.558596459824979 ], [ 110.334363893337269, 1.558629996509177 ], [ 110.334369170347486, 1.558663533552691 ], [ 110.33438448708354, 1.558693788116162 ], [ 110.334408344236877, 1.558717798672178 ], [ 110.334438406503224, 1.558733214900222 ], [ 110.33447173117851, 1.558738527752371 ], [ 110.3345050562111, 1.55873321716947 ], [ 110.334535119514314, 1.558717802988234 ], [ 110.334537999978892, 1.558714904394378 ], [ 110.334528619459789, 1.558538865368241 ], [ 110.334505063145699, 1.558526785457504 ] ] ] ] } },
{ "type": "Feature", "properties": { "fid_1": 394.0, "Lokasi": "Jalan Muda Hashim", "Pemilik": null, "Tarikh_Dit": null, "Jenis_Poko": "Callistemon citrnus", "Tinggi_Pok": 7.0, "Silara_Pok": 3.0, "Catatan": null, "Ukur_Lilit": 71, "Northing": null, "Easthing": null, "Ln_TAGB_": 8.16, "TAGB": 3498.187, "CO2_Stock": 1749.093, "NAMA JALAN": "Jalan Mataaim", "KTG JLN": null, "PJG JLN": null, "LBR JLN": null, "JENIS SRT": null, "CON OF RD": null, "TARIKH": null, "NORTHING_2": null, "EASTING": null, "CATATAN_2": null, "NORTH AKK": null, "EAST AKHR": null, "Road_type": "Tertiary road" }, "geometry": { "type": "MultiPolygon", "coordinates": [ [ [ [ 110.33438448708354, 1.558693788116162 ], [ 110.334408344236877, 1.558717798672178 ], [ 110.334438406503224, 1.558733214900222 ], [ 110.33447173117851, 1.558738527752371 ], [ 110.3345050562111, 1.55873321716947 ], [ 110.334535119514314, 1.558717802988234 ], [ 110.33455897828226, 1.558693794056027 ], [ 110.334563495375875, 1.558684873105715 ], [ 110.334396033736937, 1.558688153442742 ], [ 110.334389103877285, 1.558688513901712 ], [ 110.334382116059501, 1.558689104722966 ], [ 110.33438448708354, 1.558693788116162 ] ] ] ] } },
{ "type": "Feature", "properties": { "fid_1": 395.0, "Lokasi": "Jalan Muda Hashim", "Pemilik": null, "Tarikh_Dit": null, "Jenis_Poko": "Callistemon citrnus", "Tinggi_Pok": 7.0, "Silara_Pok": 3.0, "Catatan": null, "Ukur_Lilit": 66, "Northing": null, "Easthing": null, "Ln_TAGB_": 7.999, "TAGB": 2977.979, "CO2_Stock": 1488.989, "NAMA JALAN": "Jalan Muda Hashim", "KTG JLN": null, "PJG JLN": null, "LBR JLN": null, "JENIS SRT": null, "CON OF RD": null, "TARIKH": null, "NORTHING_2": null, "EASTING": null, "CATATAN_2": null, "NORTH AKK": null, "EAST AKHR": null, "Road_type": "Tertiary road" }, "geometry": { "type": "MultiPolygon", "coordinates": [ [ [ [ 110.334501776462588, 1.558490303340968 ], [ 110.334468451789078, 1.558484990490069 ], [ 110.334435126759018, 1.558490301074201 ], [ 110.33440506345822, 1.558505715256214 ], [ 110.334381204691709, 1.558529724188539 ], [ 110.334365885921684, 1.558559977709594 ], [ 110.334360606656062, 1.558593514394098 ], [ 110.334365883666393, 1.558627051437828 ], [ 110.334381200402433, 1.558657306001439 ], [ 110.334405057555628, 1.558681316557543 ], [ 110.334435119821748, 1.558696732785548 ], [ 110.334468444496736, 1.558702045637579 ], [ 110.334501769528956, 1.558696735054479 ], [ 110.334531832831786, 1.558681320872972 ], [ 110.334535987638972, 1.558677139915862 ], [ 110.334526713172366, 1.558503091132353 ], [ 110.334501776462588, 1.558490303340968 ] ] ] ] } },
{ "type": "Feature", "properties": { "fid_1": 395.0, "Lokasi": "Jalan Muda Hashim", "Pemilik": null, "Tarikh_Dit": null, "Jenis_Poko": "Callistemon citrnus", "Tinggi_Pok": 7.0, "Silara_Pok": 3.0, "Catatan": null, "Ukur_Lilit": 66, "Northing": null, "Easthing": null, "Ln_TAGB_": 7.999, "TAGB": 2977.979, "CO2_Stock": 1488.989, "NAMA JALAN": "Jalan Mataaim", "KTG JLN": null, "PJG JLN": null, "LBR JLN": null, "JENIS SRT": null, "CON OF RD": null, "TARIKH": null, "NORTHING_2": null, "EASTING": null, "CATATAN_2": null, "NORTH AKK": null, "EAST AKHR": null, "Road_type": "Tertiary road" }, "geometry": { "type": "MultiPolygon", "coordinates": [ [ [ [ 110.334435119821748, 1.558696732785548 ], [ 110.334468444496736, 1.558702045637579 ], [ 110.334501769528956, 1.558696735054479 ], [ 110.334523371754955, 1.558685659071466 ], [ 110.334417567210991, 1.558687731632818 ], [ 110.334435119821748, 1.558696732785548 ] ] ] ] } },
{ "type": "Feature", "properties": { "fid_1": 396.0, "Lokasi": "Jalan Muda Hashim", "Pemilik": null, "Tarikh_Dit": null, "Jenis_Poko": "Callistemon citrnus", "Tinggi_Pok": 7.0, "Silara_Pok": 3.0, "Catatan": null, "Ukur_Lilit": 62, "Northing": null, "Easthing": null, "Ln_TAGB_": 7.862, "TAGB": 2596.709, "CO2_Stock": 1298.354, "NAMA JALAN": "Jalan Muda Hashim", "KTG JLN": null, "PJG JLN": null, "LBR JLN": null, "JENIS SRT": null, "CON OF RD": null, "TARIKH": null, "NORTHING_2": null, "EASTING": null, "CATATAN_2": null, "NORTH AKK": null, "EAST AKHR": null, "Road_type": "Tertiary road" }, "geometry": { "type": "MultiPolygon", "coordinates": [ [ [ [ 110.334491523472849, 1.558248138986497 ], [ 110.334458198801343, 1.558242826136497 ], [ 110.334424873773642, 1.558248136722065 ], [ 110.334394810475345, 1.55826355090592 ], [ 110.334370951711236, 1.558287559840294 ], [ 110.334355632943257, 1.558317813363427 ], [ 110.334350353679142, 1.558351350049816 ], [ 110.334355630690297, 1.558384887095067 ], [ 110.334370947426365, 1.558415141659697 ], [ 110.334394804578807, 1.558439152216169 ], [ 110.334424866843506, 1.558454568443935 ], [ 110.334458191516461, 1.558459881295065 ], [ 110.334491516546336, 1.558454570710519 ], [ 110.334521579846665, 1.558439156527182 ], [ 110.334523218449107, 1.558437507611225 ], [ 110.334513734573591, 1.558259529058988 ], [ 110.334491523472849, 1.558248138986497 ] ] ] ] } },
{ "type": "Feature", "properties": { "fid_1": 397.0, "Lokasi": "Jalan Muda Hashim", "Pemilik": null, "Tarikh_Dit": null, "Jenis_Poko": "Callistemon citrnus", "Tinggi_Pok": 7.0, "Silara_Pok": 3.0, "Catatan": null, "Ukur_Lilit": 62, "Northing": null, "Easthing": null, "Ln_TAGB_": 7.862, "TAGB": 2596.709, "CO2_Stock": 1298.354, "NAMA JALAN": "Jalan Muda Hashim", "KTG JLN": null, "PJG JLN": null, "LBR JLN": null, "JENIS SRT": null, "CON OF RD": null, "TARIKH": null, "NORTHING_2": null, "EASTING": null, "CATATAN_2": null, "NORTH AKK": null, "EAST AKHR": null, "Road_type": "Tertiary road" }, "geometry": { "type": "MultiPolygon", "coordinates": [ [ [ [ 110.334490208794961, 1.558204754847505 ], [ 110.33445688412381, 1.558199441997672 ], [ 110.33442355909655, 1.558204752583495 ], [ 110.334393495798693, 1.558220166767676 ], [ 110.33436963703501, 1.55824417570243 ], [ 110.334354318267387, 1.558274429225949 ], [ 110.33434903900357, 1.558307965912672 ], [ 110.334354316014853, 1.558341502958204 ], [ 110.334369632750935, 1.558371757523026 ], [ 110.334393489903249, 1.558395768079571 ], [ 110.334423552167706, 1.558411184307264 ], [ 110.334456876840306, 1.558416497158231 ], [ 110.334490201869741, 1.558411186573426 ], [ 110.33452026516963, 1.558395772389749 ], [ 110.334520957401665, 1.558395075800711 ], [ 110.334511394766352, 1.558215619223534 ], [ 110.334490208794961, 1.558204754847505 ] ] ] ] } },
{ "type": "Feature", "properties": { "fid_1": 398.0, "Lokasi": "Jalan Muda Hashim", "Pemilik": null, "Tarikh_Dit": null, "Jenis_Poko": "Callistemon citrnus", "Tinggi_Pok": 7.0, "Silara_Pok": 3.0, "Catatan": null, "Ukur_Lilit": 105, "Northing": null, "Easthing": null, "Ln_TAGB_": 9.019, "TAGB": 8258.514, "CO2_Stock": 4129.257, "NAMA JALAN": "Jalan Muda Hashim", "KTG JLN": null, "PJG JLN": null, "LBR JLN": null, "JENIS SRT": null, "CON OF RD": null, "TARIKH": null, "NORTHING_2": null, "EASTING": null, "CATATAN_2": null, "NORTH AKK": null, "EAST AKHR": null, "Road_type": "Tertiary road" }, "geometry": { "type": "MultiPolygon", "coordinates": [ [ [ [ 110.334488236781823, 1.558162685379487 ], [ 110.334454912111028, 1.558157372529792 ], [ 110.334421587084151, 1.558162683115874 ], [ 110.334391523786735, 1.558178097300375 ], [ 110.334367665023478, 1.55820210623548 ], [ 110.334352346256196, 1.558232359759356 ], [ 110.334347066992635, 1.55826589644643 ], [ 110.33435234400406, 1.558299433492209 ], [ 110.33436766074017, 1.558329688057195 ], [ 110.334391517892357, 1.558353698613808 ], [ 110.334421580156544, 1.55836911484146 ], [ 110.334454904828817, 1.558374427692267 ], [ 110.334488229857826, 1.558369117107235 ], [ 110.334518293157288, 1.558353702923242 ], [ 110.33451872938933, 1.558353263945468 ], [ 110.334509145448209, 1.558173407550832 ], [ 110.334488236781823, 1.558162685379487 ] ] ] ] } },
{ "type": "Feature", "properties": { "fid_1": 399.0, "Lokasi": "Jalan Patingan", "Pemilik": null, "Tarikh_Dit": null, "Jenis_Poko": "Arfeuillea arboresce", "Tinggi_Pok": 8.0, "Silara_Pok": 5.0, "Catatan": null, "Ukur_Lilit": 48, "Northing": null, "Easthing": null, "Ln_TAGB_": 7.3, "TAGB": 1480.3, "CO2_Stock": 740.15, "NAMA JALAN": "Jalan Patingan", "KTG JLN": null, "PJG JLN": null, "LBR JLN": null, "JENIS SRT": null, "CON OF RD": null, "TARIKH": null, "NORTHING_2": null, "EASTING": null, "CATATAN_2": null, "NORTH AKK": null, "EAST AKHR": null, "Road_type": "Secondary road" }, "geometry": { "type": "MultiPolygon", "coordinates": [ [ [ [ 110.33025033481745, 1.567300293676635 ], [ 110.330217010101691, 1.567294980755631 ], [ 110.330183685003007, 1.567300291242149 ], [ 110.33015362161386, 1.567315705308646 ], [ 110.330129762747987, 1.567339714118789 ], [ 110.330114443877292, 1.56736996752301 ], [ 110.33010916451957, 1.567403504107431 ], [ 110.330114441455322, 1.567437041077652 ], [ 110.33012975814168, 1.567467295601517 ], [ 110.330153615274895, 1.567491306155522 ], [ 110.330183677552725, 1.567506722419304 ], [ 110.330217002269947, 1.567512035341461 ], [ 110.33025032737082, 1.567506724855965 ], [ 110.330258887871764, 1.567502335726235 ], [ 110.330251519572599, 1.567300901231973 ], [ 110.33025033481745, 1.567300293676635 ] ] ] ] } },
{ "type": "Feature", "properties": { "fid_1": 399.0, "Lokasi": "Jalan Patingan", "Pemilik": null, "Tarikh_Dit": null, "Jenis_Poko": "Arfeuillea arboresce", "Tinggi_Pok": 8.0, "Silara_Pok": 5.0, "Catatan": null, "Ukur_Lilit": 48, "Northing": null, "Easthing": null, "Ln_TAGB_": 7.3, "TAGB": 1480.3, "CO2_Stock": 740.15, "NAMA JALAN": "Jalan Tanjung", "KTG JLN": null, "PJG JLN": null, "LBR JLN": null, "JENIS SRT": null, "CON OF RD": null, "TARIKH": null, "NORTHING_2": null, "EASTING": null, "CATATAN_2": null, "NORTH AKK": null, "EAST AKHR": null, "Road_type": "Secondary road" }, "geometry": { "type": "MultiPolygon", "coordinates": [ [ [ [ 110.330183677552725, 1.567506722419304 ], [ 110.330217002269947, 1.567512035341461 ], [ 110.33025032737082, 1.567506724855965 ], [ 110.330256838430572, 1.567503386513246 ], [ 110.330177359241375, 1.567503482320378 ], [ 110.330183677552725, 1.567506722419304 ] ] ] ] } },
{ "type": "Feature", "properties": { "fid_1": 400.0, "Lokasi": "Jalan Patingan", "Pemilik": null, "Tarikh_Dit": null, "Jenis_Poko": "Arfeuillea arboresce", "Tinggi_Pok": 9.0, "Silara_Pok": 5.0, "Catatan": null, "Ukur_Lilit": 52, "Northing": null, "Easthing": null, "Ln_TAGB_": 7.476, "TAGB": 1765.166, "CO2_Stock": 882.583, "NAMA JALAN": "Jalan Patingan", "KTG JLN": null, "PJG JLN": null, "LBR JLN": null, "JENIS SRT": null, "CON OF RD": null, "TARIKH": null, "NORTHING_2": null, "EASTING": null, "CATATAN_2": null, "NORTH AKK": null, "EAST AKHR": null, "Road_type": "Secondary road" }, "geometry": { "type": "MultiPolygon", "coordinates": [ [ [ [ 110.330249020155406, 1.567354195183202 ], [ 110.330215695439236, 1.567348882261977 ], [ 110.330182370339998, 1.567354192748118 ], [ 110.330152306950311, 1.567369606814157 ], [ 110.330128448083912, 1.567393615623823 ], [ 110.330113129212734, 1.567423869027547 ], [ 110.330107849854627, 1.5674574056115 ], [ 110.330113126790181, 1.567490942581379 ], [ 110.330128443476468, 1.567521197105027 ], [ 110.330152300609825, 1.567545207658943 ], [ 110.330182362887939, 1.567560623922806 ], [ 110.330215687605588, 1.56756593684519 ], [ 110.330249012706986, 1.567560626360058 ], [ 110.330260799041298, 1.567554583285168 ], [ 110.330253554067582, 1.567356520222718 ], [ 110.330249020155406, 1.567354195183202 ] ] ] ] } },
{ "type": "Feature", "properties": { "fid_1": 400.0, "Lokasi": "Jalan Patingan", "Pemilik": null, "Tarikh_Dit": null, "Jenis_Poko": "Arfeuillea arboresce", "Tinggi_Pok": 9.0, "Silara_Pok": 5.0, "Catatan": null, "Ukur_Lilit": 52, "Northing": null, "Easthing": null, "Ln_TAGB_": 7.476, "TAGB": 1765.166, "CO2_Stock": 882.583, "NAMA JALAN": "Jalan Tanjung", "KTG JLN": null, "PJG JLN": null, "LBR JLN": null, "JENIS SRT": null, "CON OF RD": null, "TARIKH": null, "NORTHING_2": null, "EASTING": null, "CATATAN_2": null, "NORTH AKK": null, "EAST AKHR": null, "Road_type": "Secondary road" }, "geometry": { "type": "MultiPolygon", "coordinates": [ [ [ [ 110.330128443476468, 1.567521197105027 ], [ 110.330152300609825, 1.567545207658943 ], [ 110.330182362887939, 1.567560623922806 ], [ 110.330215687605588, 1.56756593684519 ], [ 110.330249012706986, 1.567560626360058 ], [ 110.330279076098719, 1.56754521229455 ], [ 110.330302934966241, 1.567521203484743 ], [ 110.330311990288749, 1.567503320030161 ], [ 110.330119510473921, 1.567503552052337 ], [ 110.330128443476468, 1.567521197105027 ] ] ] ] } },
{ "type": "Feature", "properties": { "fid_1": 401.0, "Lokasi": "Jalan Tanjung", "Pemilik": null, "Tarikh_Dit": null, "Jenis_Poko": "Arfeuillea arboresce", "Tinggi_Pok": 7.0, "Silara_Pok": 4.0, "Catatan": null, "Ukur_Lilit": 51, "Northing": null, "Easthing": null, "Ln_TAGB_": 7.433, "TAGB": 1690.873, "CO2_Stock": 845.437, "NAMA JALAN": "Jalan Patingan", "KTG JLN": null, "PJG JLN": null, "LBR JLN": null, "JENIS SRT": null, "CON OF RD": null, "TARIKH": null, "NORTHING_2": null, "EASTING": null, "CATATAN_2": null, "NORTH AKK": null, "EAST AKHR": null, "Road_type": "Secondary road" }, "geometry": { "type": "MultiPolygon", "coordinates": [ [ [ [ 110.33023201837851, 1.567601044674625 ], [ 110.330208161244201, 1.567577034120996 ], [ 110.330178098965774, 1.567561617857252 ], [ 110.33014477424841, 1.56755630493458 ], [ 110.330111449147438, 1.567561615418736 ], [ 110.330081385755662, 1.567577029482346 ], [ 110.330057526887003, 1.567601038289402 ], [ 110.330054319675924, 1.567607372243735 ], [ 110.330068444310982, 1.567632901944261 ], [ 110.330093163820521, 1.567656012136698 ], [ 110.33012376979822, 1.567670303923201 ], [ 110.330157266317698, 1.567674378323945 ], [ 110.330190374506003, 1.567667836508131 ], [ 110.330219853502683, 1.567651318834018 ], [ 110.330242817697865, 1.567626442166642 ], [ 110.330243798846865, 1.567624314226572 ], [ 110.33023201837851, 1.567601044674625 ] ] ] ] } },
{ "type": "Feature", "properties": { "fid_1": 401.0, "Lokasi": "Jalan Tanjung", "Pemilik": null, "Tarikh_Dit": null, "Jenis_Poko": "Arfeuillea arboresce", "Tinggi_Pok": 7.0, "Silara_Pok": 4.0, "Catatan": null, "Ukur_Lilit": 51, "Northing": null, "Easthing": null, "Ln_TAGB_": 7.433, "TAGB": 1690.873, "CO2_Stock": 845.437, "NAMA JALAN": "Jalan Tanjung", "KTG JLN": null, "PJG JLN": null, "LBR JLN": null, "JENIS SRT": null, "CON OF RD": null, "TARIKH": null, "NORTHING_2": null, "EASTING": null, "CATATAN_2": null, "NORTH AKK": null, "EAST AKHR": null, "Road_type": "Secondary road" }, "geometry": { "type": "MultiPolygon", "coordinates": [ [ [ [ 110.330247335065962, 1.567631299197877 ], [ 110.33023201837851, 1.567601044674625 ], [ 110.330208161244201, 1.567577034120996 ], [ 110.330178098965774, 1.567561617857252 ], [ 110.33014477424841, 1.56755630493458 ], [ 110.330111449147438, 1.567561615418736 ], [ 110.330081385755662, 1.567577029482346 ], [ 110.330057526887003, 1.567601038289402 ], [ 110.330042208013595, 1.567631291690616 ], [ 110.330036928653556, 1.567664828272419 ], [ 110.330042205587645, 1.567698365240648 ], [ 110.330052533276188, 1.567718765169253 ], [ 110.330071587065376, 1.567720664546189 ], [ 110.33023614558445, 1.567720466189732 ], [ 110.330247332643637, 1.567698372750086 ], [ 110.330252612002198, 1.56766483616716 ], [ 110.330247335065962, 1.567631299197877 ] ] ] ] } },
{ "type": "Feature", "properties": { "fid_1": 402.0, "Lokasi": "Jalan Tanjung", "Pemilik": null, "Tarikh_Dit": null, "Jenis_Poko": "Arfeuillea arboresce", "Tinggi_Pok": 7.0, "Silara_Pok": 3.0, "Catatan": null, "Ukur_Lilit": 48, "Northing": null, "Easthing": null, "Ln_TAGB_": 7.3, "TAGB": 1480.3, "CO2_Stock": 740.15, "NAMA JALAN": "Jalan Patingan", "KTG JLN": null, "PJG JLN": null, "LBR JLN": null, "JENIS SRT": null, "CON OF RD": null, "TARIKH": null, "NORTHING_2": null, "EASTING": null, "CATATAN_2": null, "NORTH AKK": null, "EAST AKHR": null, "Road_type": "Secondary road" }, "geometry": { "type": "MultiPolygon", "coordinates": [ [ [ [ 110.330242517837718, 1.567557673834043 ], [ 110.33020919311997, 1.567552360911908 ], [ 110.330175868018785, 1.567557671396717 ], [ 110.330145804627008, 1.567573085461029 ], [ 110.330121945758563, 1.567597094268782 ], [ 110.330106626885552, 1.567627347670596 ], [ 110.330101501594541, 1.567659905548893 ], [ 110.33012376979822, 1.567670303923201 ], [ 110.330157266317698, 1.567674378323945 ], [ 110.330190374506003, 1.567667836508131 ], [ 110.330219853502683, 1.567651318834018 ], [ 110.330242817697865, 1.567626442166642 ], [ 110.330257019196011, 1.567595641607542 ], [ 110.330260473397203, 1.567566881640127 ], [ 110.330242517837718, 1.567557673834043 ] ] ] ] } },
{ "type": "Feature", "properties": { "fid_1": 402.0, "Lokasi": "Jalan Tanjung", "Pemilik": null, "Tarikh_Dit": null, "Jenis_Poko": "Arfeuillea arboresce", "Tinggi_Pok": 7.0, "Silara_Pok": 3.0, "Catatan": null, "Ukur_Lilit": 48, "Northing": null, "Easthing": null, "Ln_TAGB_": 7.3, "TAGB": 1480.3, "CO2_Stock": 740.15, "NAMA JALAN": "Jalan Tanjung", "KTG JLN": null, "PJG JLN": null, "LBR JLN": null, "JENIS SRT": null, "CON OF RD": null, "TARIKH": null, "NORTHING_2": null, "EASTING": null, "CATATAN_2": null, "NORTH AKK": null, "EAST AKHR": null, "Road_type": "Secondary road" }, "geometry": { "type": "MultiPolygon", "coordinates": [ [ [ [ 110.330311753939796, 1.567627355174187 ], [ 110.330296437251661, 1.567597100650874 ], [ 110.330272580116727, 1.567573090097416 ], [ 110.330242517837718, 1.567557673834043 ], [ 110.33020919311997, 1.567552360911908 ], [ 110.330175868018785, 1.567557671396717 ], [ 110.330145804627008, 1.567573085461029 ], [ 110.330121945758563, 1.567597094268782 ], [ 110.330106626885552, 1.567627347670596 ], [ 110.330101347526053, 1.567660884252872 ], [ 110.330106624460768, 1.567694421221388 ], [ 110.330119880963125, 1.56772060633417 ], [ 110.330298605519161, 1.567720390899519 ], [ 110.330311751518636, 1.567694428727134 ], [ 110.330317030876671, 1.567660892143732 ], [ 110.330311753939796, 1.567627355174187 ] ] ] ] } },
{ "type": "Feature", "properties": { "fid_1": 403.0, "Lokasi": "Jalan Tanjung", "Pemilik": null, "Tarikh_Dit": null, "Jenis_Poko": "Arfeuillea arboresce", "Tinggi_Pok": 7.0, "Silara_Pok": 4.0, "Catatan": null, "Ukur_Lilit": 47, "Northing": null, "Easthing": null, "Ln_TAGB_": 7.254, "TAGB": 1413.749, "CO2_Stock": 706.875, "NAMA JALAN": "Jalan Patingan", "KTG JLN": null, "PJG JLN": null, "LBR JLN": null, "JENIS SRT": null, "CON OF RD": null, "TARIKH": null, "NORTHING_2": null, "EASTING": null, "CATATAN_2": null, "NORTH AKK": null, "EAST AKHR": null, "Road_type": "Secondary road" }, "geometry": { "type": "MultiPolygon", "coordinates": [ [ [ [ 110.330251262588121, 1.567556304917977 ], [ 110.330217937486751, 1.567561615403169 ], [ 110.330187874094904, 1.567577029467883 ], [ 110.330164015226515, 1.56760103827602 ], [ 110.330148696353703, 1.567631291678188 ], [ 110.330143416994531, 1.567664828260709 ], [ 110.330144678751566, 1.567672847216009 ], [ 110.330157266317698, 1.567674378323945 ], [ 110.330190374506003, 1.567667836508131 ], [ 110.330219853502683, 1.567651318834018 ], [ 110.330242817697865, 1.567626442166642 ], [ 110.330257019196011, 1.567595641607542 ], [ 110.33026106785556, 1.567561932130164 ], [ 110.330260918327127, 1.567557844321467 ], [ 110.330251262588121, 1.567556304917977 ] ] ] ] } },
{ "type": "Feature", "properties": { "fid_1": 403.0, "Lokasi": "Jalan Tanjung", "Pemilik": null, "Tarikh_Dit": null, "Jenis_Poko": "Arfeuillea arboresce", "Tinggi_Pok": 7.0, "Silara_Pok": 4.0, "Catatan": null, "Ukur_Lilit": 47, "Northing": null, "Easthing": null, "Ln_TAGB_": 7.254, "TAGB": 1413.749, "CO2_Stock": 706.875, "NAMA JALAN": "Jalan Tanjung", "KTG JLN": null, "PJG JLN": null, "LBR JLN": null, "JENIS SRT": null, "CON OF RD": null, "TARIKH": null, "NORTHING_2": null, "EASTING": null, "CATATAN_2": null, "NORTH AKK": null, "EAST AKHR": null, "Road_type": "Secondary road" }, "geometry": { "type": "MultiPolygon", "coordinates": [ [ [ [ 110.33035382340951, 1.567631299179596 ], [ 110.330338506720935, 1.56760104465627 ], [ 110.330314649585574, 1.567577034102932 ], [ 110.330284587306181, 1.567561617839788 ], [ 110.330251262588121, 1.567556304917977 ], [ 110.330217937486751, 1.567561615403169 ], [ 110.330187874094904, 1.567577029467883 ], [ 110.330164015226515, 1.56760103827602 ], [ 110.330148696353703, 1.567631291678188 ], [ 110.330143416994531, 1.567664828260709 ], [ 110.330148693929615, 1.567698365229347 ], [ 110.330159929295718, 1.567720558060646 ], [ 110.330342698958745, 1.567720337747961 ], [ 110.330353820989075, 1.567698372732916 ], [ 110.330359100346783, 1.567664836149284 ], [ 110.33035382340951, 1.567631299179596 ] ] ] ] } },
{ "type": "Feature", "properties": { "fid_1": 404.0, "Lokasi": "JaLAN tANJUNG", "Pemilik": null, "Tarikh_Dit": null, "Jenis_Poko": "Arfeuillea arboresce", "Tinggi_Pok": 7.0, "Silara_Pok": 4.0, "Catatan": null, "Ukur_Lilit": 52, "Northing": null, "Easthing": null, "Ln_TAGB_": 7.476, "TAGB": 1765.166, "CO2_Stock": 882.583, "NAMA JALAN": "Jalan Patingan", "KTG JLN": null, "PJG JLN": null, "LBR JLN": null, "JENIS SRT": null, "CON OF RD": null, "TARIKH": null, "NORTHING_2": null, "EASTING": null, "CATATAN_2": null, "NORTH AKK": null, "EAST AKHR": null, "Road_type": "Secondary road" }, "geometry": { "type": "MultiPolygon", "coordinates": [ [ [ [ 110.330252098173347, 1.567595779581578 ], [ 110.330236779301089, 1.567626032984581 ], [ 110.330235460207149, 1.567634412393771 ], [ 110.330242817697865, 1.567626442166642 ], [ 110.330257019196011, 1.567595641607542 ], [ 110.330257676860896, 1.567590165834861 ], [ 110.330252098173347, 1.567595779581578 ] ] ] ] } },
{ "type": "Feature", "properties": { "fid_1": 404.0, "Lokasi": "JaLAN tANJUNG", "Pemilik": null, "Tarikh_Dit": null, "Jenis_Poko": "Arfeuillea arboresce", "Tinggi_Pok": 7.0, "Silara_Pok": 4.0, "Catatan": null, "Ukur_Lilit": 52, "Northing": null, "Easthing": null, "Ln_TAGB_": 7.476, "TAGB": 1765.166, "CO2_Stock": 882.583, "NAMA JALAN": "Jalan Tanjung", "KTG JLN": null, "PJG JLN": null, "LBR JLN": null, "JENIS SRT": null, "CON OF RD": null, "TARIKH": null, "NORTHING_2": null, "EASTING": null, "CATATAN_2": null, "NORTH AKK": null, "EAST AKHR": null, "Road_type": "Secondary road" }, "geometry": { "type": "MultiPolygon", "coordinates": [ [ [ [ 110.330441906359468, 1.567626040480963 ], [ 110.330426589669969, 1.567595785957559 ], [ 110.330402732533713, 1.567571775404435 ], [ 110.330372670253581, 1.56755635914181 ], [ 110.330339345534981, 1.567551046220724 ], [ 110.330306020433326, 1.567556356706812 ], [ 110.330275957041465, 1.567571770772494 ], [ 110.330252098173347, 1.567595779581578 ], [ 110.330236779301089, 1.567626032984581 ], [ 110.330231499942656, 1.567659569567715 ], [ 110.330236776878635, 1.567693106536739 ], [ 110.330250619173583, 1.567720448743132 ], [ 110.33042817132953, 1.56772023471549 ], [ 110.330441903940638, 1.567693114035295 ], [ 110.330447183297608, 1.567659577451021 ], [ 110.330441906359468, 1.567626040480963 ] ] ] ] } },
{ "type": "Feature", "properties": { "fid_1": 405.0, "Lokasi": "Jalan Tanjung", "Pemilik": null, "Tarikh_Dit": null, "Jenis_Poko": "Arfeuillea arboresce", "Tinggi_Pok": 6.0, "Silara_Pok": 4.0, "Catatan": null, "Ukur_Lilit": 47, "Northing": null, "Easthing": null, "Ln_TAGB_": 7.254, "TAGB": 1413.749, "CO2_Stock": 706.875, "NAMA JALAN": "Jalan Tanjung", "KTG JLN": null, "PJG JLN": null, "LBR JLN": null, "JENIS SRT": null, "CON OF RD": null, "TARIKH": null, "NORTHING_2": null, "EASTING": null, "CATATAN_2": null, "NORTH AKK": null, "EAST AKHR": null, "Road_type": "Secondary road" }, "geometry": { "type": "MultiPolygon", "coordinates": [ [ [ [ 110.330526045298242, 1.567629984479166 ], [ 110.330510728607877, 1.567599729955723 ], [ 110.330486871470768, 1.567575719402824 ], [ 110.330456809189869, 1.567560303140661 ], [ 110.330423484470671, 1.567554990220251 ], [ 110.330390159368648, 1.567560300707112 ], [ 110.330360095976687, 1.567575714773665 ], [ 110.330336237108767, 1.567599723583567 ], [ 110.330320918236936, 1.567629976987276 ], [ 110.330315638879142, 1.567663513570948 ], [ 110.330320915815932, 1.567697050540262 ], [ 110.330332711318604, 1.567720349787406 ], [ 110.330514359931144, 1.567720130817654 ], [ 110.330526042880862, 1.56769705803433 ], [ 110.330531322237178, 1.56766352144953 ], [ 110.330526045298242, 1.567629984479166 ] ] ] ] } },
{ "type": "Feature", "properties": { "fid_1": 406.0, "Lokasi": "Jalan Tanjung", "Pemilik": null, "Tarikh_Dit": null, "Jenis_Poko": "Arfeuillea arboresce", "Tinggi_Pok": 6.0, "Silara_Pok": 5.0, "Catatan": null, "Ukur_Lilit": 47, "Northing": null, "Easthing": null, "Ln_TAGB_": 7.254, "TAGB": 1413.749, "CO2_Stock": 706.875, "NAMA JALAN": "Jalan Tanjung", "KTG JLN": null, "PJG JLN": null, "LBR JLN": null, "JENIS SRT": null, "CON OF RD": null, "TARIKH": null, "NORTHING_2": null, "EASTING": null, "CATATAN_2": null, "NORTH AKK": null, "EAST AKHR": null, "Road_type": "Secondary road" }, "geometry": { "type": "MultiPolygon", "coordinates": [ [ [ [ 110.330611498906151, 1.567623411110081 ], [ 110.33059618221489, 1.567593156586559 ], [ 110.330572325076943, 1.567569146033886 ], [ 110.330542262795333, 1.567553729772196 ], [ 110.33050893807561, 1.567548416852505 ], [ 110.330475612973331, 1.567553727340262 ], [ 110.33044554958137, 1.56756914140774 ], [ 110.330421690713749, 1.567593150218583 ], [ 110.330406371842457, 1.567623403623115 ], [ 110.330401092485388, 1.567656940207404 ], [ 110.330406369423031, 1.567690477177094 ], [ 110.330421438617066, 1.567720242831499 ], [ 110.330514630891827, 1.567720130491023 ], [ 110.330535315532813, 1.567723134356512 ], [ 110.330576626292, 1.56772106851242 ], [ 110.330598807700753, 1.567715543895134 ], [ 110.330611496490363, 1.567690484666247 ], [ 110.330616775845954, 1.567656948080825 ], [ 110.330611498906151, 1.567623411110081 ] ] ] ] } },
{ "type": "Feature", "properties": { "fid_1": 407.0, "Lokasi": "Jalan Tanjung", "Pemilik": null, "Tarikh_Dit": null, "Jenis_Poko": "Arfeuillea arboresce", "Tinggi_Pok": 6.0, "Silara_Pok": 4.0, "Catatan": null, "Ukur_Lilit": 45, "Northing": null, "Easthing": null, "Ln_TAGB_": 7.158, "TAGB": 1284.34, "CO2_Stock": 642.17, "NAMA JALAN": "Jalan Tanjung", "KTG JLN": null, "PJG JLN": null, "LBR JLN": null, "JENIS SRT": null, "CON OF RD": null, "TARIKH": null, "NORTHING_2": null, "EASTING": null, "CATATAN_2": null, "NORTH AKK": null, "EAST AKHR": null, "Road_type": "Secondary road" }, "geometry": { "type": "MultiPolygon", "coordinates": [ [ [ [ 110.330662771070678, 1.567618152417756 ], [ 110.330647454378891, 1.567587897894194 ], [ 110.330623597240418, 1.567563887341627 ], [ 110.330593534958382, 1.567548471080239 ], [ 110.33056021023836, 1.567543158160998 ], [ 110.330526885135939, 1.567548468649274 ], [ 110.330496821744035, 1.567563882717345 ], [ 110.33047296287657, 1.56758789152876 ], [ 110.330457644005619, 1.567618144933774 ], [ 110.330452364648991, 1.567651681518446 ], [ 110.330457641587145, 1.567685218488386 ], [ 110.3304729582769, 1.567715473011435 ], [ 110.330477630315855, 1.567720175094373 ], [ 110.330514630891827, 1.567720130491023 ], [ 110.330535315532813, 1.567723134356512 ], [ 110.330576626292, 1.56772106851242 ], [ 110.330654432180395, 1.567701689771492 ], [ 110.330662768655856, 1.567685225974544 ], [ 110.330668048010992, 1.567651689388741 ], [ 110.330662771070678, 1.567618152417756 ] ] ] ] } },
{ "type": "Feature", "properties": { "fid_1": 408.0, "Lokasi": "Jalan Tanjung", "Pemilik": null, "Tarikh_Dit": null, "Jenis_Poko": "Arfeuillea arboresce", "Tinggi_Pok": 6.0, "Silara_Pok": 4.0, "Catatan": null, "Ukur_Lilit": 50, "Northing": null, "Easthing": null, "Ln_TAGB_": 7.39, "TAGB": 1619.706, "CO2_Stock": 809.853, "NAMA JALAN": "Jalan Tanjung", "KTG JLN": null, "PJG JLN": null, "LBR JLN": null, "JENIS SRT": null, "CON OF RD": null, "TARIKH": null, "NORTHING_2": null, "EASTING": null, "CATATAN_2": null, "NORTH AKK": null, "EAST AKHR": null, "Road_type": "Secondary road" }, "geometry": { "type": "MultiPolygon", "coordinates": [ [ [ [ 110.330708784550851, 1.567608949713706 ], [ 110.330693467858595, 1.567578695190049 ], [ 110.330669610719681, 1.567554684637605 ], [ 110.33063954843729, 1.567539268376491 ], [ 110.330606223717041, 1.567533955457648 ], [ 110.330572898614548, 1.567539265946449 ], [ 110.330542835222673, 1.567554680015074 ], [ 110.330518976355449, 1.567578688827014 ], [ 110.330503657484826, 1.567608942232539 ], [ 110.330498378128638, 1.567642478817608 ], [ 110.33050365506729, 1.56767601578777 ], [ 110.330518971757499, 1.567706270310885 ], [ 110.330535708523797, 1.567723114704067 ], [ 110.330576626292, 1.56772106851242 ], [ 110.330701753806267, 1.567689903599141 ], [ 110.330708782136966, 1.567676023271112 ], [ 110.330714061491662, 1.567642486684907 ], [ 110.330708784550851, 1.567608949713706 ] ] ] ] } },
{ "type": "Feature", "properties": { "fid_1": 409.0, "Lokasi": "Jalan Tanjung", "Pemilik": null, "Tarikh_Dit": null, "Jenis_Poko": "Arfeuillea arboresce", "Tinggi_Pok": 7.0, "Silara_Pok": 4.0, "Catatan": null, "Ukur_Lilit": 47, "Northing": null, "Easthing": null, "Ln_TAGB_": 7.254, "TAGB": 1413.749, "CO2_Stock": 706.875, "NAMA JALAN": "Jalan Tanjung", "KTG JLN": null, "PJG JLN": null, "LBR JLN": null, "JENIS SRT": null, "CON OF RD": null, "TARIKH": null, "NORTHING_2": null, "EASTING": null, "CATATAN_2": null, "NORTH AKK": null, "EAST AKHR": null, "Road_type": "Secondary road" }, "geometry": { "type": "MultiPolygon", "coordinates": [ [ [ [ 110.330762686055422, 1.567593173653913 ], [ 110.330747369362555, 1.567562919130149 ], [ 110.330723512223173, 1.567538908577815 ], [ 110.330693449940384, 1.567523492317022 ], [ 110.330660125219893, 1.567518179398691 ], [ 110.330626800117344, 1.567523489888109 ], [ 110.33059673672561, 1.567538903957425 ], [ 110.330572877858671, 1.56756291277007 ], [ 110.330557558988488, 1.567593166176205 ], [ 110.33055227963284, 1.567626702761761 ], [ 110.33055755657206, 1.567660239732235 ], [ 110.330572873262867, 1.567690494255459 ], [ 110.33059673040114, 1.567714504807965 ], [ 110.330598773345585, 1.567715552451817 ], [ 110.330754293043327, 1.567676817900248 ], [ 110.330762683642632, 1.567660247212099 ], [ 110.330767962996788, 1.567626710625406 ], [ 110.330762686055422, 1.567593173653913 ] ] ] ] } },
{ "type": "Feature", "properties": { "fid_1": 410.0, "Lokasi": "Jalan Tanjung", "Pemilik": null, "Tarikh_Dit": null, "Jenis_Poko": "Arfeuillea arboresce", "Tinggi_Pok": 8.0, "Silara_Pok": 5.0, "Catatan": null, "Ukur_Lilit": 50, "Northing": null, "Easthing": null, "Ln_TAGB_": 7.39, "TAGB": 1619.706, "CO2_Stock": 809.853, "NAMA JALAN": "Jalan Patingan", "KTG JLN": null, "PJG JLN": null, "LBR JLN": null, "JENIS SRT": null, "CON OF RD": null, "TARIKH": null, "NORTHING_2": null, "EASTING": null, "CATATAN_2": null, "NORTH AKK": null, "EAST AKHR": null, "Road_type": "Secondary road" }, "geometry": { "type": "MultiPolygon", "coordinates": [ [ [ [ 110.330244901849454, 1.56754361339454 ], [ 110.330239622491618, 1.567577149978395 ], [ 110.330244899427996, 1.567610686948001 ], [ 110.330247611799351, 1.567616044601348 ], [ 110.330257019196011, 1.567595641607542 ], [ 110.33026106785556, 1.567561932130164 ], [ 110.330259353759388, 1.567515072162474 ], [ 110.330244901849454, 1.56754361339454 ] ] ] ] } },
{ "type": "Feature", "properties": { "fid_1": 410.0, "Lokasi": "Jalan Tanjung", "Pemilik": null, "Tarikh_Dit": null, "Jenis_Poko": "Arfeuillea arboresce", "Tinggi_Pok": 8.0, "Silara_Pok": 5.0, "Catatan": null, "Ukur_Lilit": 50, "Northing": null, "Easthing": null, "Ln_TAGB_": 7.39, "TAGB": 1619.706, "CO2_Stock": 809.853, "NAMA JALAN": "Jalan Tanjung", "KTG JLN": null, "PJG JLN": null, "LBR JLN": null, "JENIS SRT": null, "CON OF RD": null, "TARIKH": null, "NORTHING_2": null, "EASTING": null, "CATATAN_2": null, "NORTH AKK": null, "EAST AKHR": null, "Road_type": "Secondary road" }, "geometry": { "type": "MultiPolygon", "coordinates": [ [ [ [ 110.330450028903599, 1.56754362088781 ], [ 110.330434712213986, 1.56751336636407 ], [ 110.330424595196476, 1.567503184287495 ], [ 110.33027014785462, 1.56750337046941 ], [ 110.330260220720959, 1.567513359990726 ], [ 110.330244901849454, 1.56754361339454 ], [ 110.330239622491618, 1.567577149978395 ], [ 110.330244899427996, 1.567610686948001 ], [ 110.330260216115576, 1.567640941471222 ], [ 110.330284073250567, 1.56766495202461 ], [ 110.330314135530514, 1.567680368287901 ], [ 110.330347460249982, 1.567685681209692 ], [ 110.330380785353071, 1.567680370724047 ], [ 110.330410848746112, 1.567664956658132 ], [ 110.330434707614501, 1.56764094784806 ], [ 110.330450026485778, 1.567610694443438 ], [ 110.33045530584215, 1.567577157858444 ], [ 110.330450028903599, 1.56754362088781 ] ] ] ] } },
{ "type": "Feature", "properties": { "fid_1": 411.0, "Lokasi": "Jalan Tanjung", "Pemilik": null, "Tarikh_Dit": null, "Jenis_Poko": "Arfeuillea arboresce", "Tinggi_Pok": 9.0, "Silara_Pok": 6.0, "Catatan": null, "Ukur_Lilit": 50, "Northing": null, "Easthing": null, "Ln_TAGB_": 7.39, "TAGB": 1619.706, "CO2_Stock": 809.853, "NAMA JALAN": "Jalan Tanjung", "KTG JLN": null, "PJG JLN": null, "LBR JLN": null, "JENIS SRT": null, "CON OF RD": null, "TARIKH": null, "NORTHING_2": null, "EASTING": null, "CATATAN_2": null, "NORTH AKK": null, "EAST AKHR": null, "Road_type": "Secondary road" }, "geometry": { "type": "MultiPolygon", "coordinates": [ [ [ [ 110.33050655975245, 1.567542306207233 ], [ 110.330491243062227, 1.567512051683443 ], [ 110.330482363130557, 1.567503114648254 ], [ 110.330325438468023, 1.567503303818863 ], [ 110.330316751567722, 1.567512045312767 ], [ 110.330301432696544, 1.56754229871709 ], [ 110.330296153339177, 1.56757583530134 ], [ 110.330301430276094, 1.56760937227118 ], [ 110.330316746964272, 1.567639626794448 ], [ 110.330340604099845, 1.567663637347685 ], [ 110.330370666380276, 1.567679053610643 ], [ 110.330403991100113, 1.567684366531982 ], [ 110.330437316203387, 1.567679056045774 ], [ 110.330467379596456, 1.567663641979266 ], [ 110.330491238464688, 1.5676396331686 ], [ 110.330506557335639, 1.567609379763478 ], [ 110.330511836691542, 1.567575843178088 ], [ 110.33050655975245, 1.567542306207233 ] ] ] ] } },
{ "type": "Feature", "properties": { "fid_1": 412.0, "Lokasi": "Jalan Tanjung", "Pemilik": null, "Tarikh_Dit": null, "Jenis_Poko": "Arfeuillea arboresce", "Tinggi_Pok": 10.0, "Silara_Pok": 6.0, "Catatan": null, "Ukur_Lilit": 54, "Northing": null, "Easthing": null, "Ln_TAGB_": 7.559, "TAGB": 1917.927, "CO2_Stock": 958.963, "NAMA JALAN": "Jalan Tanjung", "KTG JLN": null, "PJG JLN": null, "LBR JLN": null, "JENIS SRT": null, "CON OF RD": null, "TARIKH": null, "NORTHING_2": null, "EASTING": null, "CATATAN_2": null, "NORTH AKK": null, "EAST AKHR": null, "Road_type": "Secondary road" }, "geometry": { "type": "MultiPolygon", "coordinates": [ [ [ [ 110.330585440005791, 1.567535732839309 ], [ 110.330570123314757, 1.567505478315423 ], [ 110.330565030929392, 1.56750035318305 ], [ 110.330545264609569, 1.567505276286759 ], [ 110.33053771006972, 1.567504179201349 ], [ 110.330522178382296, 1.567503066650437 ], [ 110.330397873180289, 1.567503216500591 ], [ 110.330395631818377, 1.567505471948637 ], [ 110.330380312947696, 1.567535725353726 ], [ 110.330375033591025, 1.567569261938561 ], [ 110.330380310528739, 1.567602798908743 ], [ 110.330395627217726, 1.567633053432067 ], [ 110.330419484354067, 1.567657063985126 ], [ 110.33044954663518, 1.567672480247633 ], [ 110.330482871355471, 1.567677793168314 ], [ 110.330516196458987, 1.567672482681288 ], [ 110.330546259852042, 1.567657068613895 ], [ 110.330570118720019, 1.56763305980236 ], [ 110.330585437590457, 1.567602806396485 ], [ 110.330590716945693, 1.567569269810511 ], [ 110.330585440005791, 1.567535732839309 ] ] ] ] } },
{ "type": "Feature", "properties": { "fid_1": 413.0, "Lokasi": "Jalan Tanjung", "Pemilik": null, "Tarikh_Dit": null, "Jenis_Poko": "Arfeuillea arboresce", "Tinggi_Pok": 8.0, "Silara_Pok": 5.0, "Catatan": null, "Ukur_Lilit": 50, "Northing": null, "Easthing": null, "Ln_TAGB_": 7.39, "TAGB": 1619.706, "CO2_Stock": 809.853, "NAMA JALAN": "Jalan Tanjung", "KTG JLN": null, "PJG JLN": null, "LBR JLN": null, "JENIS SRT": null, "CON OF RD": null, "TARIKH": null, "NORTHING_2": null, "EASTING": null, "CATATAN_2": null, "NORTH AKK": null, "EAST AKHR": null, "Road_type": "Secondary road" }, "geometry": { "type": "MultiPolygon", "coordinates": [ [ [ [ 110.330760622824485, 1.567491606264303 ], [ 110.33074530613159, 1.567461351740112 ], [ 110.330740607705295, 1.567456623100599 ], [ 110.330553672289881, 1.567503182225647 ], [ 110.33055021640817, 1.567525135376125 ], [ 110.330555493347731, 1.567558672347268 ], [ 110.330570810038594, 1.567588926870909 ], [ 110.330594667176584, 1.567612937423569 ], [ 110.330624729458989, 1.567628353685036 ], [ 110.33065805418012, 1.567633666604116 ], [ 110.330691379283877, 1.567628356115092 ], [ 110.330721442676577, 1.56761294204551 ], [ 110.330745301543629, 1.567588933231805 ], [ 110.330760620412732, 1.56755867982397 ], [ 110.330765899766249, 1.567525143236454 ], [ 110.330760622824485, 1.567491606264303 ] ] ] ] } },
{ "type": "Feature", "properties": { "fid_1": 414.0, "Lokasi": "Jalan Tanjung", "Pemilik": null, "Tarikh_Dit": null, "Jenis_Poko": "Arfeuillea arboresce", "Tinggi_Pok": 7.0, "Silara_Pok": 4.0, "Catatan": null, "Ukur_Lilit": 51, "Northing": null, "Easthing": null, "Ln_TAGB_": 7.433, "TAGB": 1690.873, "CO2_Stock": 845.437, "NAMA JALAN": "Jalan Tanjung", "KTG JLN": null, "PJG JLN": null, "LBR JLN": null, "JENIS SRT": null, "CON OF RD": null, "TARIKH": null, "NORTHING_2": null, "EASTING": null, "CATATAN_2": null, "NORTH AKK": null, "EAST AKHR": null, "Road_type": "Secondary road" }, "geometry": { "type": "MultiPolygon", "coordinates": [ [ [ [ 110.33083161505084, 1.567475830201523 ], [ 110.330816298357206, 1.567445575677221 ], [ 110.330810082091972, 1.56743931943857 ], [ 110.330624976744176, 1.56748542276193 ], [ 110.330621208633744, 1.567509359318379 ], [ 110.330626485574072, 1.5675428962899 ], [ 110.330641802265674, 1.567573150813658 ], [ 110.330665659404332, 1.567597161366152 ], [ 110.330695721687277, 1.567612577627191 ], [ 110.330729046408749, 1.567617890545622 ], [ 110.33076237151262, 1.56761258005581 ], [ 110.33079243490522, 1.567597165985353 ], [ 110.330816293771932, 1.56757315717078 ], [ 110.330831612640495, 1.567542903762182 ], [ 110.330836891993343, 1.567509367174072 ], [ 110.33083161505084, 1.567475830201523 ] ] ] ] } },
{ "type": "Feature", "properties": { "fid_1": 415.0, "Lokasi": "Jalan Tanjung", "Pemilik": null, "Tarikh_Dit": null, "Jenis_Poko": "Arfeuillea arboresce", "Tinggi_Pok": 6.0, "Silara_Pok": 3.0, "Catatan": null, "Ukur_Lilit": 45, "Northing": null, "Easthing": null, "Ln_TAGB_": 7.158, "TAGB": 1284.34, "CO2_Stock": 642.17, "NAMA JALAN": "Jalan Tanjung", "KTG JLN": null, "PJG JLN": null, "LBR JLN": null, "JENIS SRT": null, "CON OF RD": null, "TARIKH": null, "NORTHING_2": null, "EASTING": null, "CATATAN_2": null, "NORTH AKK": null, "EAST AKHR": null, "Road_type": "Secondary road" }, "geometry": { "type": "MultiPolygon", "coordinates": [ [ [ [ 110.331083534198285, 1.567520141667322 ], [ 110.33106821750205, 1.567489887143049 ], [ 110.331044360359584, 1.567465876591439 ], [ 110.331014298074393, 1.567450460332563 ], [ 110.330980973352368, 1.567445147417113 ], [ 110.330947648249264, 1.567450457910134 ], [ 110.330917584858085, 1.567465871983421 ], [ 110.330893725992695, 1.567489880799991 ], [ 110.330878407124956, 1.567520134209614 ], [ 110.330873127772378, 1.567553670797913 ], [ 110.330878404715008, 1.56758720777012 ], [ 110.330893721409197, 1.567617462293849 ], [ 110.330913338233771, 1.56763720526206 ], [ 110.331079127742598, 1.567595912838618 ], [ 110.331083531791947, 1.567587215229983 ], [ 110.331088811143061, 1.567553678640538 ], [ 110.331083534198285, 1.567520141667322 ] ] ] ] } },
{ "type": "Feature", "properties": { "fid_1": 416.0, "Lokasi": "Jalan Tanjung", "Pemilik": null, "Tarikh_Dit": null, "Jenis_Poko": "Arfeuillea arboresce", "Tinggi_Pok": 8.0, "Silara_Pok": 3.0, "Catatan": null, "Ukur_Lilit": 45, "Northing": null, "Easthing": null, "Ln_TAGB_": 7.158, "TAGB": 1284.34, "CO2_Stock": 642.17, "NAMA JALAN": "Jalan Tanjung", "KTG JLN": null, "PJG JLN": null, "LBR JLN": null, "JENIS SRT": null, "CON OF RD": null, "TARIKH": null, "NORTHING_2": null, "EASTING": null, "CATATAN_2": null, "NORTH AKK": null, "EAST AKHR": null, "Road_type": "Secondary road" }, "geometry": { "type": "MultiPolygon", "coordinates": [ [ [ [ 110.331520084610645, 1.567409362819866 ], [ 110.331504767909792, 1.567379108294843 ], [ 110.33148091076319, 1.567355097744225 ], [ 110.331450848474788, 1.567339681487945 ], [ 110.33141752375073, 1.567334368576488 ], [ 110.331384198647029, 1.567339679074477 ], [ 110.331354135256717, 1.567355093153234 ], [ 110.331330276393587, 1.567379101975235 ], [ 110.331314957529258, 1.567409355389743 ], [ 110.331309678180929, 1.567442891981886 ], [ 110.331314955128192, 1.567476428956472 ], [ 110.331330271826999, 1.567506683480965 ], [ 110.331351520843427, 1.567528069132067 ], [ 110.331441740766934, 1.567505598461608 ], [ 110.3314832848246, 1.567484927390115 ], [ 110.331523904081649, 1.567452158301024 ], [ 110.331525361560082, 1.567442899795506 ], [ 110.331520084610645, 1.567409362819866 ] ] ] ] } },
{ "type": "Feature", "properties": { "fid_1": 417.0, "Lokasi": "Jln. Ajibah Abol", "Pemilik": null, "Tarikh_Dit": null, "Jenis_Poko": "Arfeuillea arboresce", "Tinggi_Pok": 6.0, "Silara_Pok": 4.0, "Catatan": null, "Ukur_Lilit": 31, "Northing": null, "Easthing": null, "Ln_TAGB_": 6.34, "TAGB": 566.796, "CO2_Stock": 283.398, "NAMA JALAN": "Jalan Tanjung", "KTG JLN": null, "PJG JLN": null, "LBR JLN": null, "JENIS SRT": null, "CON OF RD": null, "TARIKH": null, "NORTHING_2": null, "EASTING": null, "CATATAN_2": null, "NORTH AKK": null, "EAST AKHR": null, "Road_type": "Secondary road" }, "geometry": { "type": "MultiPolygon", "coordinates": [ [ [ [ 110.332720598190036, 1.566784898570274 ], [ 110.332705281476265, 1.56675464404183 ], [ 110.332681424319176, 1.566730633493412 ], [ 110.332651362023668, 1.566715217244747 ], [ 110.332618037296641, 1.566709904345552 ], [ 110.332584712194361, 1.566715214859288 ], [ 110.332554648809719, 1.566730628955671 ], [ 110.332530789956024, 1.566754637795506 ], [ 110.332515471103875, 1.566784891226288 ], [ 110.33251019176933, 1.566818427831564 ], [ 110.33251546873062, 1.566851964814847 ], [ 110.332530785442344, 1.566882219342752 ], [ 110.33253288837868, 1.566884335800188 ], [ 110.332648166412639, 1.566875258257709 ], [ 110.332656503617173, 1.566874271937094 ], [ 110.332698076920224, 1.56686769395184 ], [ 110.332702682100944, 1.566867714873337 ], [ 110.332705328202948, 1.566867623817317 ], [ 110.332711966654387, 1.566867657215503 ], [ 110.332712666326131, 1.566867632238913 ], [ 110.332720595820433, 1.566851972160976 ], [ 110.3327258751535, 1.566818435554591 ], [ 110.332720598190036, 1.566784898570274 ] ] ] ] } },
{ "type": "Feature", "properties": { "fid_1": 417.0, "Lokasi": "Jln. Ajibah Abol", "Pemilik": null, "Tarikh_Dit": null, "Jenis_Poko": "Arfeuillea arboresce", "Tinggi_Pok": 6.0, "Silara_Pok": 4.0, "Catatan": null, "Ukur_Lilit": 31, "Northing": null, "Easthing": null, "Ln_TAGB_": 6.34, "TAGB": 566.796, "CO2_Stock": 283.398, "NAMA JALAN": "Jalan Datuk Ajibah Abol", "KTG JLN": null, "PJG JLN": null, "LBR JLN": null, "JENIS SRT": null, "CON OF RD": null, "TARIKH": null, "NORTHING_2": null, "EASTING": null, "CATATAN_2": null, "NORTH AKK": null, "EAST AKHR": null, "Road_type": "Secondary road" }, "geometry": { "type": "MultiPolygon", "coordinates": [ [ [ [ 110.332720598190036, 1.566784898570274 ], [ 110.332705281476265, 1.56675464404183 ], [ 110.332681424319176, 1.566730633493412 ], [ 110.332662517946872, 1.56672093811483 ], [ 110.332667624014732, 1.566750423260493 ], [ 110.332683404802182, 1.566780435272279 ], [ 110.332707628851821, 1.566804070855005 ], [ 110.33272496019697, 1.566812620679568 ], [ 110.332720598190036, 1.566784898570274 ] ] ] ] } },
{ "type": "Feature", "properties": { "fid_1": 418.0, "Lokasi": "Jln. Ajibah Abol", "Pemilik": null, "Tarikh_Dit": null, "Jenis_Poko": "Arfeuillea arboresce", "Tinggi_Pok": 7.0, "Silara_Pok": 4.0, "Catatan": null, "Ukur_Lilit": 30, "Northing": null, "Easthing": null, "Ln_TAGB_": 6.268, "TAGB": 527.421, "CO2_Stock": 263.711, "NAMA JALAN": "Jalan Tanjung", "KTG JLN": null, "PJG JLN": null, "LBR JLN": null, "JENIS SRT": null, "CON OF RD": null, "TARIKH": null, "NORTHING_2": null, "EASTING": null, "CATATAN_2": null, "NORTH AKK": null, "EAST AKHR": null, "Road_type": "Secondary road" }, "geometry": { "type": "MultiPolygon", "coordinates": [ [ [ [ 110.332637814272985, 1.566705813445118 ], [ 110.332622497560038, 1.566675558916407 ], [ 110.332607755664213, 1.566660722235694 ], [ 110.332450432870999, 1.566673110587091 ], [ 110.332448006045695, 1.566675552668386 ], [ 110.332432687193787, 1.566705806099158 ], [ 110.332427407859086, 1.566739342704492 ], [ 110.332432684819892, 1.566772879687995 ], [ 110.332448001530807, 1.566803134216184 ], [ 110.332471858685722, 1.566827144765096 ], [ 110.332501920980306, 1.566842561014928 ], [ 110.332535245707604, 1.566847873915591 ], [ 110.332568570810949, 1.566842563403204 ], [ 110.332598634196771, 1.566827149307569 ], [ 110.332622493051048, 1.566803140467695 ], [ 110.332637811902742, 1.566772887036123 ], [ 110.332643091235951, 1.566739350429655 ], [ 110.332637814272985, 1.566705813445118 ] ] ] ] } },
{ "type": "Feature", "properties": { "fid_1": 419.0, "Lokasi": "Jln. Ajibah Abol", "Pemilik": null, "Tarikh_Dit": null, "Jenis_Poko": "Arfeuillea arboresce", "Tinggi_Pok": 6.0, "Silara_Pok": 3.0, "Catatan": null, "Ukur_Lilit": 31, "Northing": null, "Easthing": null, "Ln_TAGB_": 6.34, "TAGB": 566.796, "CO2_Stock": 283.398, "NAMA JALAN": "Jalan Tanjung", "KTG JLN": null, "PJG JLN": null, "LBR JLN": null, "JENIS SRT": null, "CON OF RD": null, "TARIKH": null, "NORTHING_2": null, "EASTING": null, "CATATAN_2": null, "NORTH AKK": null, "EAST AKHR": null, "Road_type": "Secondary road" }, "geometry": { "type": "MultiPolygon", "coordinates": [ [ [ [ 110.332694345120899, 1.566699240081019 ], [ 110.332679028407355, 1.56666898555226 ], [ 110.332663574257126, 1.566653432038042 ], [ 110.332627153507289, 1.566659194755992 ], [ 110.332504676108471, 1.566668839215169 ], [ 110.332504536891776, 1.566668979307035 ], [ 110.332489218040251, 1.566699232738368 ], [ 110.332483938706034, 1.566732769344156 ], [ 110.332489215667422, 1.566766306327913 ], [ 110.33250453237892, 1.566796560856155 ], [ 110.332528389534403, 1.566820571404939 ], [ 110.332558451829428, 1.566835987654448 ], [ 110.332591776557067, 1.566841300554626 ], [ 110.332625101660568, 1.566835990041643 ], [ 110.332655165046333, 1.566820575945369 ], [ 110.332679023900397, 1.566796567104863 ], [ 110.332694342751708, 1.566766313672716 ], [ 110.332699622084434, 1.566732777065816 ], [ 110.332694345120899, 1.566699240081019 ] ] ] ] } },
{ "type": "Feature", "properties": { "fid_1": 419.0, "Lokasi": "Jln. Ajibah Abol", "Pemilik": null, "Tarikh_Dit": null, "Jenis_Poko": "Arfeuillea arboresce", "Tinggi_Pok": 6.0, "Silara_Pok": 3.0, "Catatan": null, "Ukur_Lilit": 31, "Northing": null, "Easthing": null, "Ln_TAGB_": 6.34, "TAGB": 566.796, "CO2_Stock": 283.398, "NAMA JALAN": "Jalan Datuk Ajibah Abol", "KTG JLN": null, "PJG JLN": null, "LBR JLN": null, "JENIS SRT": null, "CON OF RD": null, "TARIKH": null, "NORTHING_2": null, "EASTING": null, "CATATAN_2": null, "NORTH AKK": null, "EAST AKHR": null, "Road_type": "Secondary road" }, "geometry": { "type": "MultiPolygon", "coordinates": [ [ [ [ 110.332694345120899, 1.566699240081019 ], [ 110.332679028407355, 1.56666898555226 ], [ 110.332675381833624, 1.566665315532552 ], [ 110.332666593464324, 1.566683357687202 ], [ 110.332661831222595, 1.566716972604426 ], [ 110.332667624014732, 1.566750423260493 ], [ 110.332683404802182, 1.566780435272279 ], [ 110.33268593983442, 1.566782908721841 ], [ 110.332694342751708, 1.566766313672716 ], [ 110.332699622084434, 1.566732777065816 ], [ 110.332694345120899, 1.566699240081019 ] ] ] ] } },
{ "type": "Feature", "properties": { "fid_1": 420.0, "Lokasi": "Jln. Ajibah Abol", "Pemilik": null, "Tarikh_Dit": null, "Jenis_Poko": "Arfeuillea arboresce", "Tinggi_Pok": 6.0, "Silara_Pok": 3.0, "Catatan": null, "Ukur_Lilit": 30, "Northing": null, "Easthing": null, "Ln_TAGB_": 6.268, "TAGB": 527.421, "CO2_Stock": 263.711, "NAMA JALAN": "Jalan Tanjung", "KTG JLN": null, "PJG JLN": null, "LBR JLN": null, "JENIS SRT": null, "CON OF RD": null, "TARIKH": null, "NORTHING_2": null, "EASTING": null, "CATATAN_2": null, "NORTH AKK": null, "EAST AKHR": null, "Road_type": "Secondary road" }, "geometry": { "type": "MultiPolygon", "coordinates": [ [ [ [ 110.332752190639496, 1.566691352045841 ], [ 110.332736873925327, 1.56666109751699 ], [ 110.332723494436451, 1.566647632003789 ], [ 110.332708200904861, 1.566650580856007 ], [ 110.332705037743025, 1.566650564942182 ], [ 110.332702358348484, 1.566650656489465 ], [ 110.332695648639529, 1.566650626007211 ], [ 110.332692970214367, 1.566650714419138 ], [ 110.332689704840021, 1.566650701047061 ], [ 110.332672516194435, 1.566652017188944 ], [ 110.332627153507289, 1.566659194755992 ], [ 110.332560692755806, 1.566664428195606 ], [ 110.332547063557385, 1.566691344706629 ], [ 110.332541784223707, 1.566724881312866 ], [ 110.332547061185664, 1.566758418296892 ], [ 110.332562377897787, 1.566788672825198 ], [ 110.332586235053839, 1.566812683373854 ], [ 110.332616297349318, 1.566828099623014 ], [ 110.332649622077255, 1.566833412522698 ], [ 110.332682947180928, 1.566828102009093 ], [ 110.332713010566636, 1.566812687912161 ], [ 110.332736869420472, 1.566788679070996 ], [ 110.3327521882714, 1.566758425638259 ], [ 110.332757467603599, 1.566724889030898 ], [ 110.332752190639496, 1.566691352045841 ] ] ] ] } },
{ "type": "Feature", "properties": { "fid_1": 420.0, "Lokasi": "Jln. Ajibah Abol", "Pemilik": null, "Tarikh_Dit": null, "Jenis_Poko": "Arfeuillea arboresce", "Tinggi_Pok": 6.0, "Silara_Pok": 3.0, "Catatan": null, "Ukur_Lilit": 30, "Northing": null, "Easthing": null, "Ln_TAGB_": 6.268, "TAGB": 527.421, "CO2_Stock": 263.711, "NAMA JALAN": "Jalan Datuk Ajibah Abol", "KTG JLN": null, "PJG JLN": null, "LBR JLN": null, "JENIS SRT": null, "CON OF RD": null, "TARIKH": null, "NORTHING_2": null, "EASTING": null, "CATATAN_2": null, "NORTH AKK": null, "EAST AKHR": null, "Road_type": "Secondary road" }, "geometry": { "type": "MultiPolygon", "coordinates": [ [ [ [ 110.332752190639496, 1.566691352045841 ], [ 110.332736873925327, 1.56666109751699 ], [ 110.332713016768167, 1.566637086968531 ], [ 110.332697885603238, 1.566629327554496 ], [ 110.332681880965211, 1.566652244116484 ], [ 110.33268171180913, 1.566652591592932 ], [ 110.332681444578398, 1.566652868970852 ], [ 110.332666593464324, 1.566683357687202 ], [ 110.332661831222595, 1.566716972604426 ], [ 110.332667624014732, 1.566750423260493 ], [ 110.332683404802182, 1.566780435272279 ], [ 110.332707628851821, 1.566804070855005 ], [ 110.332716986403071, 1.566808687081919 ], [ 110.332736869420472, 1.566788679070996 ], [ 110.3327521882714, 1.566758425638259 ], [ 110.332757467603599, 1.566724889030898 ], [ 110.332752190639496, 1.566691352045841 ] ] ] ] } },
{ "type": "Feature", "properties": { "fid_1": 421.0, "Lokasi": "Jln. Ajibah Abol", "Pemilik": null, "Tarikh_Dit": null, "Jenis_Poko": "Tabebuia chrysantha", "Tinggi_Pok": 6.0, "Silara_Pok": 4.0, "Catatan": null, "Ukur_Lilit": 29, "Northing": null, "Easthing": null, "Ln_TAGB_": 6.194, "TAGB": 489.801, "CO2_Stock": 244.9, "NAMA JALAN": "Jalan Datuk Ajibah Abol", "KTG JLN": null, "PJG JLN": null, "LBR JLN": null, "JENIS SRT": null, "CON OF RD": null, "TARIKH": null, "NORTHING_2": null, "EASTING": null, "CATATAN_2": null, "NORTH AKK": null, "EAST AKHR": null, "Road_type": "Secondary road" }, "geometry": { "type": "MultiPolygon", "coordinates": [ [ [ [ 110.333332755218322, 1.565876989253784 ], [ 110.333317438497616, 1.565846734721127 ], [ 110.33329358133669, 1.565822724172953 ], [ 110.333263519040841, 1.565807307928964 ], [ 110.333254619528049, 1.565805889098409 ], [ 110.333143530701804, 1.56597490206908 ], [ 110.333166799687319, 1.565998320661491 ], [ 110.333196861983353, 1.566013736906298 ], [ 110.333230186708647, 1.566019049797968 ], [ 110.333263511806678, 1.56601373927349 ], [ 110.333293575184328, 1.565998325163864 ], [ 110.333317434028473, 1.56597431630946 ], [ 110.333332752869026, 1.565944062864269 ], [ 110.333338032191193, 1.565910526246367 ], [ 110.333332755218322, 1.565876989253784 ] ] ] ] } },
{ "type": "Feature", "properties": { "fid_1": 422.0, "Lokasi": null, "Pemilik": null, "Tarikh_Dit": null, "Jenis_Poko": "Tabebuia crysantha", "Tinggi_Pok": 7.0, "Silara_Pok": 4.0, "Catatan": null, "Ukur_Lilit": 32, "Northing": null, "Easthing": null, "Ln_TAGB_": 6.41, "TAGB": 607.894, "CO2_Stock": 303.947, "NAMA JALAN": "Jalan Datuk Ajibah Abol", "KTG JLN": null, "PJG JLN": null, "LBR JLN": null, "JENIS SRT": null, "CON OF RD": null, "TARIKH": null, "NORTHING_2": null, "EASTING": null, "CATATAN_2": null, "NORTH AKK": null, "EAST AKHR": null, "Road_type": "Secondary road" }, "geometry": { "type": "MultiPolygon", "coordinates": [ [ [ [ 110.333352857630118, 1.565846971521268 ], [ 110.33333754090917, 1.565816716988477 ], [ 110.333313683748131, 1.565792706440301 ], [ 110.333283621452281, 1.565777290196479 ], [ 110.333273635555813, 1.565775698166154 ], [ 110.333264879846425, 1.565790278823803 ], [ 110.333163409004257, 1.565944658787332 ], [ 110.333186902101104, 1.565968302931854 ], [ 110.333216964397167, 1.565983719176481 ], [ 110.333250289122347, 1.565989032067862 ], [ 110.33328361422015, 1.565983721542996 ], [ 110.333313677597516, 1.56596830743292 ], [ 110.333337536441306, 1.565944298578058 ], [ 110.33335285528149, 1.565914045132404 ], [ 110.333358134603273, 1.565880508514135 ], [ 110.333352857630118, 1.565846971521268 ] ] ] ] } },
{ "type": "Feature", "properties": { "fid_1": 423.0, "Lokasi": "Jln. Ajibah Abol", "Pemilik": null, "Tarikh_Dit": null, "Jenis_Poko": "Tabebuia crysantha", "Tinggi_Pok": 7.0, "Silara_Pok": 3.0, "Catatan": null, "Ukur_Lilit": 33, "Northing": null, "Easthing": null, "Ln_TAGB_": 6.477, "TAGB": 650.018, "CO2_Stock": 325.009, "NAMA JALAN": "Jalan Datuk Ajibah Abol", "KTG JLN": null, "PJG JLN": null, "LBR JLN": null, "JENIS SRT": null, "CON OF RD": null, "TARIKH": null, "NORTHING_2": null, "EASTING": null, "CATATAN_2": null, "NORTH AKK": null, "EAST AKHR": null, "Road_type": "Secondary road" }, "geometry": { "type": "MultiPolygon", "coordinates": [ [ [ [ 110.333422846863868, 1.56590653919021 ], [ 110.333398989701735, 1.565882528642392 ], [ 110.333368927404635, 1.565867112398908 ], [ 110.333335602679625, 1.565861799508993 ], [ 110.333302277582817, 1.565867110035143 ], [ 110.333272214206502, 1.565882524145915 ], [ 110.333248355363168, 1.565906533000671 ], [ 110.333233036522486, 1.565936786445475 ], [ 110.333227757199296, 1.565970323062453 ], [ 110.333233034170789, 1.566003860054017 ], [ 110.333248350890528, 1.566034114585971 ], [ 110.333272208051525, 1.566058125133956 ], [ 110.333302270348838, 1.566073541378215 ], [ 110.333333972805335, 1.566078595634207 ], [ 110.333433382991856, 1.565927350799324 ], [ 110.333422846863868, 1.56590653919021 ] ] ] ] } },
{ "type": "Feature", "properties": { "fid_1": 424.0, "Lokasi": "Jln. Ajibah Abol", "Pemilik": null, "Tarikh_Dit": null, "Jenis_Poko": "Tabebuia crysantha", "Tinggi_Pok": 7.0, "Silara_Pok": 2.0, "Catatan": null, "Ukur_Lilit": 30, "Northing": null, "Easthing": null, "Ln_TAGB_": 6.268, "TAGB": 527.421, "CO2_Stock": 263.711, "NAMA JALAN": "Jalan Datuk Ajibah Abol", "KTG JLN": null, "PJG JLN": null, "LBR JLN": null, "JENIS SRT": null, "CON OF RD": null, "TARIKH": null, "NORTHING_2": null, "EASTING": null, "CATATAN_2": null, "NORTH AKK": null, "EAST AKHR": null, "Road_type": "Secondary road" }, "geometry": { "type": "MultiPolygon", "coordinates": [ [ [ [ 110.333449140275235, 1.56586841372998 ], [ 110.333425283112931, 1.565844403182197 ], [ 110.333395220815788, 1.565828986938922 ], [ 110.333361896090935, 1.565823674049359 ], [ 110.333328570994368, 1.565828984576024 ], [ 110.333298507618451, 1.56584439868737 ], [ 110.333274648775557, 1.565868407542742 ], [ 110.333259329935345, 1.565898660988118 ], [ 110.333254050612638, 1.565932197605566 ], [ 110.333259327584514, 1.565965734597519 ], [ 110.333274644304552, 1.565995989129624 ], [ 110.333298501465734, 1.566019999677587 ], [ 110.333328563763075, 1.566035415921663 ], [ 110.333359148977095, 1.566040292057713 ], [ 110.333445984272927, 1.565908178932369 ], [ 110.33344833608183, 1.565904437138176 ], [ 110.33345866750048, 1.565887232492079 ], [ 110.333449140275235, 1.56586841372998 ] ] ] ] } },
{ "type": "Feature", "properties": { "fid_1": 425.0, "Lokasi": "Jln. Ajibah Abol", "Pemilik": null, "Tarikh_Dit": null, "Jenis_Poko": "Tabebuia crysantha", "Tinggi_Pok": 6.0, "Silara_Pok": 2.0, "Catatan": null, "Ukur_Lilit": 33, "Northing": null, "Easthing": null, "Ln_TAGB_": 6.477, "TAGB": 650.018, "CO2_Stock": 325.009, "NAMA JALAN": "Jalan Datuk Ajibah Abol", "KTG JLN": null, "PJG JLN": null, "LBR JLN": null, "JENIS SRT": null, "CON OF RD": null, "TARIKH": null, "NORTHING_2": null, "EASTING": null, "CATATAN_2": null, "NORTH AKK": null, "EAST AKHR": null, "Road_type": "Secondary road" }, "geometry": { "type": "MultiPolygon", "coordinates": [ [ [ [ 110.333494272356759, 1.565801536166696 ], [ 110.333470415194171, 1.565777525618914 ], [ 110.333440352897028, 1.565762109375991 ], [ 110.333407028172388, 1.565756796487069 ], [ 110.333373703076305, 1.565762107014594 ], [ 110.333343639701056, 1.565777521126959 ], [ 110.333319780858943, 1.56580152998339 ], [ 110.333304462019584, 1.56583178342976 ], [ 110.333299182697658, 1.565865320048056 ], [ 110.333304459670245, 1.565898857040604 ], [ 110.33331977639078, 1.565929111573036 ], [ 110.333343633552246, 1.565953122120984 ], [ 110.333373695849602, 1.565968538364708 ], [ 110.333403217680655, 1.56597324496733 ], [ 110.333445984272927, 1.565908178932369 ], [ 110.33344833608183, 1.565904437138176 ], [ 110.333501525264097, 1.565815862555607 ], [ 110.333494272356759, 1.565801536166696 ] ] ] ] } },
{ "type": "Feature", "properties": { "fid_1": 426.0, "Lokasi": "Jln. Ajibah Abol", "Pemilik": null, "Tarikh_Dit": null, "Jenis_Poko": "Tabebuia crysantha", "Tinggi_Pok": 6.0, "Silara_Pok": 2.0, "Catatan": null, "Ukur_Lilit": 33, "Northing": null, "Easthing": null, "Ln_TAGB_": 6.477, "TAGB": 650.018, "CO2_Stock": 325.009, "NAMA JALAN": "Jalan Datuk Ajibah Abol", "KTG JLN": null, "PJG JLN": null, "LBR JLN": null, "JENIS SRT": null, "CON OF RD": null, "TARIKH": null, "NORTHING_2": null, "EASTING": null, "CATATAN_2": null, "NORTH AKK": null, "EAST AKHR": null, "Road_type": "Secondary road" }, "geometry": { "type": "MultiPolygon", "coordinates": [ [ [ [ 110.333695520147216, 1.5654762677737 ], [ 110.333671662983434, 1.565452257225957 ], [ 110.333641600686349, 1.565436840984596 ], [ 110.333608275962987, 1.565431528098621 ], [ 110.333574950869263, 1.565436838630184 ], [ 110.33354488749724, 1.565452252747292 ], [ 110.33352102865895, 1.565476261608689 ], [ 110.333505709823541, 1.565506515059772 ], [ 110.333500430505381, 1.565540051682081 ], [ 110.333505707481152, 1.565573588677515 ], [ 110.333521024203989, 1.565603843211435 ], [ 110.333544881366635, 1.565627853759343 ], [ 110.333574943663962, 1.565643270001507 ], [ 110.333602526657373, 1.56564766749711 ], [ 110.333669158991995, 1.565536706341763 ], [ 110.333673797689173, 1.565528132751229 ], [ 110.333697258971341, 1.565479702405775 ], [ 110.333695520147216, 1.5654762677737 ] ] ] ] } },
{ "type": "Feature", "properties": { "fid_1": 427.0, "Lokasi": null, "Pemilik": null, "Tarikh_Dit": null, "Jenis_Poko": "Mimusops elengi", "Tinggi_Pok": 5.0, "Silara_Pok": 3.0, "Catatan": null, "Ukur_Lilit": 30, "Northing": null, "Easthing": null, "Ln_TAGB_": 6.268, "TAGB": 527.421, "CO2_Stock": 263.711, "NAMA JALAN": "Jalan Datuk Ajibah Abol", "KTG JLN": null, "PJG JLN": null, "LBR JLN": null, "JENIS SRT": null, "CON OF RD": null, "TARIKH": null, "NORTHING_2": null, "EASTING": null, "CATATAN_2": null, "NORTH AKK": null, "EAST AKHR": null, "Road_type": "Secondary road" }, "geometry": { "type": "MultiPolygon", "coordinates": [ [ [ [ 110.333631956604407, 1.565428956739746 ], [ 110.333616639880304, 1.565398702205027 ], [ 110.333592782717517, 1.565374691656954 ], [ 110.33356272042154, 1.565359275415257 ], [ 110.333529395699344, 1.56535396252897 ], [ 110.333517287868531, 1.565355891976429 ], [ 110.33348205365597, 1.565428624788971 ], [ 110.33343357591707, 1.565509353551138 ], [ 110.333442143941681, 1.565526277641774 ], [ 110.333466001103332, 1.565550288190017 ], [ 110.333496063399508, 1.565565704432513 ], [ 110.33352938812321, 1.565571017319949 ], [ 110.333562713218043, 1.565565706789675 ], [ 110.333592776591246, 1.5655502926733 ], [ 110.333616635430104, 1.565526283811844 ], [ 110.333631954265073, 1.56549603035995 ], [ 110.333637233581868, 1.565462493736418 ], [ 110.333631956604407, 1.565428956739746 ] ] ] ] } },
{ "type": "Feature", "properties": { "fid_1": 428.0, "Lokasi": "Jln. Ajibah Abol", "Pemilik": null, "Tarikh_Dit": null, "Jenis_Poko": "Tabebuia crysantha", "Tinggi_Pok": 7.0, "Silara_Pok": 4.0, "Catatan": null, "Ukur_Lilit": 36, "Northing": null, "Easthing": null, "Ln_TAGB_": 6.668, "TAGB": 786.82, "CO2_Stock": 393.41, "NAMA JALAN": "Jalan Datuk Ajibah Abol", "KTG JLN": null, "PJG JLN": null, "LBR JLN": null, "JENIS SRT": null, "CON OF RD": null, "TARIKH": null, "NORTHING_2": null, "EASTING": null, "CATATAN_2": null, "NORTH AKK": null, "EAST AKHR": null, "Road_type": "Secondary road" }, "geometry": { "type": "MultiPolygon", "coordinates": [ [ [ [ 110.333788861747394, 1.565281696466601 ], [ 110.333765004583171, 1.565257685918801 ], [ 110.333734942286355, 1.565242269678236 ], [ 110.333701617563918, 1.565236956793827 ], [ 110.333668292471714, 1.565242267327524 ], [ 110.333638229101666, 1.565257681447176 ], [ 110.333614370265551, 1.565281690311278 ], [ 110.333599051432373, 1.565311943764948 ], [ 110.333593772116259, 1.565345480389457 ], [ 110.333599049093664, 1.565379017386513 ], [ 110.333614365817596, 1.565409271921311 ], [ 110.333638222980667, 1.565433282469281 ], [ 110.333668285277739, 1.565448698710647 ], [ 110.333701610001626, 1.56545401159619 ], [ 110.333710381601676, 1.565452613794672 ], [ 110.333748005742635, 1.565374947521811 ], [ 110.333748495862224, 1.565373922173136 ], [ 110.333790481271066, 1.565284895448963 ], [ 110.333788861747394, 1.565281696466601 ] ] ] ] } },
{ "type": "Feature", "properties": { "fid_1": 429.0, "Lokasi": "Jln. Ajibah Abol", "Pemilik": null, "Tarikh_Dit": null, "Jenis_Poko": "Tabebuia crysantha", "Tinggi_Pok": 7.0, "Silara_Pok": 4.0, "Catatan": null, "Ukur_Lilit": 37, "Northing": null, "Easthing": null, "Ln_TAGB_": 6.729, "TAGB": 836.311, "CO2_Stock": 418.156, "NAMA JALAN": "Jalan Datuk Ajibah Abol", "KTG JLN": null, "PJG JLN": null, "LBR JLN": null, "JENIS SRT": null, "CON OF RD": null, "TARIKH": null, "NORTHING_2": null, "EASTING": null, "CATATAN_2": null, "NORTH AKK": null, "EAST AKHR": null, "Road_type": "Secondary road" }, "geometry": { "type": "MultiPolygon", "coordinates": [ [ [ [ 110.333977509569976, 1.564779363877213 ], [ 110.333947447273957, 1.564763947638496 ], [ 110.333914122553949, 1.564758634757735 ], [ 110.333880797465554, 1.56476394529657 ], [ 110.333850734100295, 1.564779359422316 ], [ 110.333826875269551, 1.56480336829286 ], [ 110.333811556441717, 1.564833621752734 ], [ 110.333806277130492, 1.564867158382566 ], [ 110.333811554111762, 1.564900695383535 ], [ 110.333826870838195, 1.564930949920491 ], [ 110.333850728002204, 1.564954960468602 ], [ 110.333880790298437, 1.564970376708136 ], [ 110.333914115019908, 1.564975689590022 ], [ 110.333931605999197, 1.564972902305606 ], [ 110.333961431224822, 1.564885232077016 ], [ 110.333997969473529, 1.564799955321933 ], [ 110.333977509569976, 1.564779363877213 ] ] ] ] } },
{ "type": "Feature", "properties": { "fid_1": 430.0, "Lokasi": "Jln. Ajibah Abol", "Pemilik": null, "Tarikh_Dit": null, "Jenis_Poko": "Tabebuia crysantha", "Tinggi_Pok": 9.0, "Silara_Pok": 4.0, "Catatan": null, "Ukur_Lilit": 33, "Northing": null, "Easthing": null, "Ln_TAGB_": 6.477, "TAGB": 650.018, "CO2_Stock": 325.009, "NAMA JALAN": "Jalan Datuk Ajibah Abol", "KTG JLN": null, "PJG JLN": null, "LBR JLN": null, "JENIS SRT": null, "CON OF RD": null, "TARIKH": null, "NORTHING_2": null, "EASTING": null, "CATATAN_2": null, "NORTH AKK": null, "EAST AKHR": null, "Road_type": "Secondary road" }, "geometry": { "type": "MultiPolygon", "coordinates": [ [ [ [ 110.334021086788354, 1.564744214231931 ], [ 110.333997229623208, 1.56472020368395 ], [ 110.333967167327316, 1.564704787445407 ], [ 110.333933842607678, 1.564699474565058 ], [ 110.33390051751978, 1.564704785104456 ], [ 110.333870454155104, 1.564720199230891 ], [ 110.333846595325014, 1.564744208102159 ], [ 110.333831276497818, 1.564774461562735 ], [ 110.33382599718712, 1.564807998193174 ], [ 110.333831274168816, 1.56484153519461 ], [ 110.33384659089549, 1.564871789731821 ], [ 110.333870448059528, 1.564895800279967 ], [ 110.333900510355619, 1.564911216519316 ], [ 110.333933835076749, 1.564916529400805 ], [ 110.333951755448879, 1.564913673689923 ], [ 110.333961431224822, 1.564885232077016 ], [ 110.334021501601441, 1.564745033596057 ], [ 110.334021086788354, 1.564744214231931 ] ] ] ] } },
{ "type": "Feature", "properties": { "fid_1": 431.0, "Lokasi": "Jln. Ajibah Abol", "Pemilik": null, "Tarikh_Dit": null, "Jenis_Poko": "Mimusops elengi", "Tinggi_Pok": 8.0, "Silara_Pok": 4.0, "Catatan": null, "Ukur_Lilit": 32, "Northing": null, "Easthing": null, "Ln_TAGB_": 6.41, "TAGB": 607.894, "CO2_Stock": 303.947, "NAMA JALAN": "Jalan Datuk Ajibah Abol", "KTG JLN": null, "PJG JLN": null, "LBR JLN": null, "JENIS SRT": null, "CON OF RD": null, "TARIKH": null, "NORTHING_2": null, "EASTING": null, "CATATAN_2": null, "NORTH AKK": null, "EAST AKHR": null, "Road_type": "Secondary road" }, "geometry": { "type": "MultiPolygon", "coordinates": [ [ [ [ 110.333685858092792, 1.565318524376579 ], [ 110.333670541368065, 1.565288269841367 ], [ 110.333646684205036, 1.565264259293263 ], [ 110.333616621909201, 1.565248843052021 ], [ 110.333583297187502, 1.565243530166609 ], [ 110.333570268266755, 1.565245606395226 ], [ 110.333553886407572, 1.565280342823349 ], [ 110.33349205901466, 1.565407971060604 ], [ 110.333496045437073, 1.565415845287823 ], [ 110.333519902598965, 1.565439855836076 ], [ 110.333549964895028, 1.565455272078114 ], [ 110.333583289618176, 1.565460584964667 ], [ 110.333616614712156, 1.56545527443317 ], [ 110.333646678084264, 1.565439860315327 ], [ 110.333670536921872, 1.565415851452337 ], [ 110.333685855755562, 1.56538559799897 ], [ 110.333691135071206, 1.56535206137417 ], [ 110.333685858092792, 1.565318524376579 ] ] ] ] } },
{ "type": "Feature", "properties": { "fid_1": 432.0, "Lokasi": "Jln. Ajibah Abol", "Pemilik": null, "Tarikh_Dit": null, "Jenis_Poko": "Tabebuia crysantha", "Tinggi_Pok": 6.0, "Silara_Pok": 3.0, "Catatan": null, "Ukur_Lilit": 33, "Northing": null, "Easthing": null, "Ln_TAGB_": 6.477, "TAGB": 650.018, "CO2_Stock": 325.009, "NAMA JALAN": "Jalan Datuk Ajibah Abol", "KTG JLN": null, "PJG JLN": null, "LBR JLN": null, "JENIS SRT": null, "CON OF RD": null, "TARIKH": null, "NORTHING_2": null, "EASTING": null, "CATATAN_2": null, "NORTH AKK": null, "EAST AKHR": null, "Road_type": "Secondary road" }, "geometry": { "type": "MultiPolygon", "coordinates": [ [ [ [ 110.333714780843124, 1.565261993523798 ], [ 110.333699464118055, 1.565231738988321 ], [ 110.333675606954884, 1.565207728440218 ], [ 110.333645544659106, 1.565192312199222 ], [ 110.333612219937692, 1.56518699931427 ], [ 110.333596744621687, 1.565189465389437 ], [ 110.333553886407572, 1.565280342823349 ], [ 110.333520196173993, 1.565349888457943 ], [ 110.333524968190986, 1.565359314439837 ], [ 110.333548825353034, 1.565383324988095 ], [ 110.333578887649011, 1.565398741229905 ], [ 110.333612212371904, 1.565404054115973 ], [ 110.333645537465458, 1.56539874358386 ], [ 110.333675600836997, 1.565383329465257 ], [ 110.333699459673952, 1.565359320601439 ], [ 110.333714778506987, 1.565329067147325 ], [ 110.333720057822021, 1.56529553052187 ], [ 110.333714780843124, 1.565261993523798 ] ] ] ] } },
{ "type": "Feature", "properties": { "fid_1": 433.0, "Lokasi": "Jln. Ajibah Abol", "Pemilik": null, "Tarikh_Dit": null, "Jenis_Poko": "Tabebuia crysantha", "Tinggi_Pok": 8.0, "Silara_Pok": 4.0, "Catatan": null, "Ukur_Lilit": 34, "Northing": null, "Easthing": null, "Ln_TAGB_": 6.543, "TAGB": 694.367, "CO2_Stock": 347.183, "NAMA JALAN": "Jalan Datuk Ajibah Abol", "KTG JLN": null, "PJG JLN": null, "LBR JLN": null, "JENIS SRT": null, "CON OF RD": null, "TARIKH": null, "NORTHING_2": null, "EASTING": null, "CATATAN_2": null, "NORTH AKK": null, "EAST AKHR": null, "Road_type": "Secondary road" }, "geometry": { "type": "MultiPolygon", "coordinates": [ [ [ [ 110.333810930616849, 1.565086973176776 ], [ 110.333795613890672, 1.565056718640493 ], [ 110.333771756726975, 1.565032708092386 ], [ 110.333741694431339, 1.56501729185216 ], [ 110.333708369710678, 1.565011978968701 ], [ 110.333678179110649, 1.565016790005827 ], [ 110.333609761996598, 1.56516186307949 ], [ 110.333621117975753, 1.565184294108094 ], [ 110.333644975138327, 1.565208304656363 ], [ 110.333675037434176, 1.565223720897392 ], [ 110.333708362156315, 1.56522903378198 ], [ 110.333741687248548, 1.565223723247788 ], [ 110.333771750618325, 1.565208309126777 ], [ 110.33379560945329, 1.565184300260432 ], [ 110.333810928284251, 1.565154046803854 ], [ 110.333816207597351, 1.565120510176338 ], [ 110.333810930616849, 1.565086973176776 ] ] ] ] } },
{ "type": "Feature", "properties": { "fid_1": 434.0, "Lokasi": "Jln. Ajibah Abol", "Pemilik": null, "Tarikh_Dit": null, "Jenis_Poko": "Tabebuia crysantha", "Tinggi_Pok": 8.0, "Silara_Pok": 4.0, "Catatan": null, "Ukur_Lilit": 34, "Northing": null, "Easthing": null, "Ln_TAGB_": 6.543, "TAGB": 694.367, "CO2_Stock": 347.183, "NAMA JALAN": "Jalan Datuk Ajibah Abol", "KTG JLN": null, "PJG JLN": null, "LBR JLN": null, "JENIS SRT": null, "CON OF RD": null, "TARIKH": null, "NORTHING_2": null, "EASTING": null, "CATATAN_2": null, "NORTH AKK": null, "EAST AKHR": null, "Road_type": "Secondary road" }, "geometry": { "type": "MultiPolygon", "coordinates": [ [ [ [ 110.333837224025359, 1.56503044232443 ], [ 110.333821907298869, 1.565000187787894 ], [ 110.333798050135059, 1.564976177239771 ], [ 110.333767987839508, 1.564960760999761 ], [ 110.333734663119131, 1.564955448116739 ], [ 110.333704869116545, 1.564960195954503 ], [ 110.33363624530422, 1.565105707325393 ], [ 110.333647411387858, 1.56512776326037 ], [ 110.333671268550532, 1.565151773808661 ], [ 110.333701330846296, 1.565167190049461 ], [ 110.333734655568165, 1.565172502933613 ], [ 110.333767980659957, 1.565167192398797 ], [ 110.333798044029166, 1.565151778277052 ], [ 110.333821902863491, 1.565127769409927 ], [ 110.333837221693813, 1.565097515952621 ], [ 110.333842501006345, 1.565063979324466 ], [ 110.333837224025359, 1.56503044232443 ] ] ] ] } },
{ "type": "Feature", "properties": { "fid_1": 435.0, "Lokasi": "Jln. Ajibah Abol", "Pemilik": null, "Tarikh_Dit": null, "Jenis_Poko": "Tabebuia crysantha", "Tinggi_Pok": 9.0, "Silara_Pok": 4.0, "Catatan": null, "Ukur_Lilit": 36, "Northing": null, "Easthing": null, "Ln_TAGB_": 6.668, "TAGB": 786.82, "CO2_Stock": 393.41, "NAMA JALAN": "Jalan Datuk Ajibah Abol", "KTG JLN": null, "PJG JLN": null, "LBR JLN": null, "JENIS SRT": null, "CON OF RD": null, "TARIKH": null, "NORTHING_2": null, "EASTING": null, "CATATAN_2": null, "NORTH AKK": null, "EAST AKHR": null, "Road_type": "Secondary road" }, "geometry": { "type": "MultiPolygon", "coordinates": [ [ [ [ 110.333876664136454, 1.564935786014352 ], [ 110.333861347409496, 1.564905531477387 ], [ 110.333837490245529, 1.564881520929224 ], [ 110.333807427950163, 1.564866104689574 ], [ 110.333774103230269, 1.564860791807267 ], [ 110.333740778141433, 1.564866102344093 ], [ 110.33373979406521, 1.564866606900766 ], [ 110.333715944978835, 1.564936710461438 ], [ 110.333678377684222, 1.565016368946231 ], [ 110.333686851504964, 1.565033106957721 ], [ 110.333710708667809, 1.56505711750606 ], [ 110.333740770963388, 1.565072533746509 ], [ 110.333774095684774, 1.565077846629948 ], [ 110.33380742077577, 1.565072536094152 ], [ 110.333837484144027, 1.56505712197124 ], [ 110.333861342977315, 1.565033113102841 ], [ 110.333876661806585, 1.565002859644346 ], [ 110.333881941118165, 1.564969323015151 ], [ 110.333876664136454, 1.564935786014352 ] ] ] ] } },
{ "type": "Feature", "properties": { "fid_1": 436.0, "Lokasi": "Jln. Ajibah Abol", "Pemilik": null, "Tarikh_Dit": null, "Jenis_Poko": "Tabebuia crysantha", "Tinggi_Pok": 8.0, "Silara_Pok": 4.0, "Catatan": null, "Ukur_Lilit": 40, "Northing": null, "Easthing": null, "Ln_TAGB_": 6.9, "TAGB": 992.275, "CO2_Stock": 496.137, "NAMA JALAN": "Jalan Datuk Ajibah Abol", "KTG JLN": null, "PJG JLN": null, "LBR JLN": null, "JENIS SRT": null, "CON OF RD": null, "TARIKH": null, "NORTHING_2": null, "EASTING": null, "CATATAN_2": null, "NORTH AKK": null, "EAST AKHR": null, "Road_type": "Secondary road" }, "geometry": { "type": "MultiPolygon", "coordinates": [ [ [ [ 110.333888496167219, 1.564892401873276 ], [ 110.333873179440118, 1.564862147336105 ], [ 110.333849322276137, 1.564838136787926 ], [ 110.333819259980899, 1.5648227205484 ], [ 110.33378593526129, 1.564817407666346 ], [ 110.333754846124492, 1.564822361892315 ], [ 110.333715944978835, 1.564936710461438 ], [ 110.333694676676558, 1.564981808219659 ], [ 110.333698683538515, 1.56498972281963 ], [ 110.333722540701359, 1.565013733368009 ], [ 110.33375260299681, 1.565029149608342 ], [ 110.333785927717912, 1.565034462491497 ], [ 110.333819252808539, 1.565029151955319 ], [ 110.333849316176369, 1.565013737831905 ], [ 110.333873175009174, 1.564989728963027 ], [ 110.333888493838003, 1.564959475504036 ], [ 110.333893773149214, 1.564925938874407 ], [ 110.333888496167219, 1.564892401873276 ] ] ] ] } },
{ "type": "Feature", "properties": { "fid_1": 437.0, "Lokasi": "Jln. Ajibah Abol", "Pemilik": null, "Tarikh_Dit": null, "Jenis_Poko": "Tabebuia crysantha", "Tinggi_Pok": 8.0, "Silara_Pok": 5.0, "Catatan": null, "Ukur_Lilit": 39, "Northing": null, "Easthing": null, "Ln_TAGB_": 6.844, "TAGB": 938.235, "CO2_Stock": 469.118, "NAMA JALAN": "Jalan Datuk Ajibah Abol", "KTG JLN": null, "PJG JLN": null, "LBR JLN": null, "JENIS SRT": null, "CON OF RD": null, "TARIKH": null, "NORTHING_2": null, "EASTING": null, "CATATAN_2": null, "NORTH AKK": null, "EAST AKHR": null, "Road_type": "Secondary road" }, "geometry": { "type": "MultiPolygon", "coordinates": [ [ [ [ 110.333917418914652, 1.564818780299049 ], [ 110.333902102187196, 1.56478852576156 ], [ 110.333878245023115, 1.564764515213338 ], [ 110.333848182728033, 1.564749098974067 ], [ 110.333814858008807, 1.564743786092572 ], [ 110.333785126477324, 1.564748523977361 ], [ 110.333761725237622, 1.564803140213193 ], [ 110.333758725289385, 1.564810959220689 ], [ 110.333724825096354, 1.564910607665301 ], [ 110.333727606290637, 1.564916101251073 ], [ 110.333751463453581, 1.564940111799485 ], [ 110.333781525748861, 1.56495552803954 ], [ 110.333814850469565, 1.564960840922181 ], [ 110.333848175559609, 1.564955530385231 ], [ 110.333878238926673, 1.564940116260955 ], [ 110.333902097758681, 1.564916107391104 ], [ 110.333917416586701, 1.564885853931187 ], [ 110.333922695897186, 1.564852317300772 ], [ 110.333917418914652, 1.564818780299049 ] ] ] ] } },
{ "type": "Feature", "properties": { "fid_1": 438.0, "Lokasi": "Jln. Ajibah Abol", "Pemilik": null, "Tarikh_Dit": null, "Jenis_Poko": "Tabebuia crysantha", "Tinggi_Pok": 7.0, "Silara_Pok": 3.0, "Catatan": null, "Ukur_Lilit": 40, "Northing": null, "Easthing": null, "Ln_TAGB_": 6.9, "TAGB": 992.275, "CO2_Stock": 496.137, "NAMA JALAN": "Jalan Datuk Ajibah Abol", "KTG JLN": null, "PJG JLN": null, "LBR JLN": null, "JENIS SRT": null, "CON OF RD": null, "TARIKH": null, "NORTHING_2": null, "EASTING": null, "CATATAN_2": null, "NORTH AKK": null, "EAST AKHR": null, "Road_type": "Secondary road" }, "geometry": { "type": "MultiPolygon", "coordinates": [ [ [ [ 110.333072877152844, 1.566437707596973 ], [ 110.333049019992842, 1.566413697049039 ], [ 110.333018957695856, 1.566398280802874 ], [ 110.332985632968942, 1.566392967907957 ], [ 110.332952307868311, 1.566398278427293 ], [ 110.332922244486738, 1.566413692530094 ], [ 110.332898385637151, 1.56643770137654 ], [ 110.332883066789847, 1.566467954813436 ], [ 110.332877787460347, 1.566501491423741 ], [ 110.332883064426426, 1.566535028410508 ], [ 110.332898381142186, 1.566565282939995 ], [ 110.332922238301038, 1.566589293488096 ], [ 110.332952300598237, 1.566604709735055 ], [ 110.332976058458726, 1.566608497404169 ], [ 110.333082315582359, 1.566456350967847 ], [ 110.333072877152844, 1.566437707596973 ] ] ] ] } },
{ "type": "Feature", "properties": { "fid_1": 439.0, "Lokasi": "Jln. Ajibah Abol", "Pemilik": null, "Tarikh_Dit": null, "Jenis_Poko": "Tabebuia crysantha", "Tinggi_Pok": 7.0, "Silara_Pok": 4.0, "Catatan": null, "Ukur_Lilit": 40, "Northing": null, "Easthing": null, "Ln_TAGB_": 6.9, "TAGB": 992.275, "CO2_Stock": 496.137, "NAMA JALAN": "Jalan Datuk Ajibah Abol", "KTG JLN": null, "PJG JLN": null, "LBR JLN": null, "JENIS SRT": null, "CON OF RD": null, "TARIKH": null, "NORTHING_2": null, "EASTING": null, "CATATAN_2": null, "NORTH AKK": null, "EAST AKHR": null, "Road_type": "Secondary road" }, "geometry": { "type": "MultiPolygon", "coordinates": [ [ [ [ 110.333094569215646, 1.566397117129652 ], [ 110.33307071205553, 1.566373106581708 ], [ 110.333040649758587, 1.566357690335736 ], [ 110.333007325031858, 1.566352377441155 ], [ 110.332973999931539, 1.56635768796095 ], [ 110.332943936550365, 1.566373102064335 ], [ 110.332920077701246, 1.566397110911341 ], [ 110.332904758854411, 1.566427364348813 ], [ 110.332899479525338, 1.566460900959588 ], [ 110.332904756491772, 1.566494437946717 ], [ 110.332920073207802, 1.566524692476372 ], [ 110.332943930366767, 1.566548703024483 ], [ 110.332973992663938, 1.566564119271257 ], [ 110.333003739494288, 1.566568861749783 ], [ 110.333106804789068, 1.566421285592215 ], [ 110.333094569215646, 1.566397117129652 ] ] ] ] } },
{ "type": "Feature", "properties": { "fid_1": 440.0, "Lokasi": "Jln. Ajibah Abol", "Pemilik": null, "Tarikh_Dit": null, "Jenis_Poko": "Tabebuia crysantha", "Tinggi_Pok": 7.0, "Silara_Pok": 4.0, "Catatan": null, "Ukur_Lilit": 42, "Northing": null, "Easthing": null, "Ln_TAGB_": 7.007, "TAGB": 1104.337, "CO2_Stock": 552.168, "NAMA JALAN": "Jalan Datuk Ajibah Abol", "KTG JLN": null, "PJG JLN": null, "LBR JLN": null, "JENIS SRT": null, "CON OF RD": null, "TARIKH": null, "NORTHING_2": null, "EASTING": null, "CATATAN_2": null, "NORTH AKK": null, "EAST AKHR": null, "Road_type": "Secondary road" }, "geometry": { "type": "MultiPolygon", "coordinates": [ [ [ [ 110.333138151349445, 1.566376099490656 ], [ 110.33312283463107, 1.566345844960242 ], [ 110.333098977470812, 1.566321834412287 ], [ 110.333068915173897, 1.56630641816655 ], [ 110.333035590447381, 1.566301105272395 ], [ 110.33300226534746, 1.566306415792822 ], [ 110.332972201966797, 1.566321829896885 ], [ 110.332948343118275, 1.566345838744652 ], [ 110.332933024272037, 1.566376092182835 ], [ 110.332927744943561, 1.566409628794221 ], [ 110.332933021910463, 1.566443165781782 ], [ 110.332948338626778, 1.566473420311683 ], [ 110.332972195785914, 1.566497430859781 ], [ 110.333002258083042, 1.566512847106344 ], [ 110.333035582811036, 1.566518160001615 ], [ 110.333039595527708, 1.566517520555441 ], [ 110.333138190115577, 1.566376345863088 ], [ 110.333138151349445, 1.566376099490656 ] ] ] ] } },
{ "type": "Feature", "properties": { "fid_1": 441.0, "Lokasi": "Jln. Ajibah Abol", "Pemilik": null, "Tarikh_Dit": null, "Jenis_Poko": "Tabebuia crysantha", "Tinggi_Pok": 6.0, "Silara_Pok": 4.0, "Catatan": null, "Ukur_Lilit": 31, "Northing": null, "Easthing": null, "Ln_TAGB_": 6.34, "TAGB": 566.796, "CO2_Stock": 283.398, "NAMA JALAN": "Jalan Datuk Ajibah Abol", "KTG JLN": null, "PJG JLN": null, "LBR JLN": null, "JENIS SRT": null, "CON OF RD": null, "TARIKH": null, "NORTHING_2": null, "EASTING": null, "CATATAN_2": null, "NORTH AKK": null, "EAST AKHR": null, "Road_type": "Secondary road" }, "geometry": { "type": "MultiPolygon", "coordinates": [ [ [ [ 110.333216504908947, 1.566209776507461 ], [ 110.333192647748106, 1.566185765959565 ], [ 110.333162585451134, 1.566170349714512 ], [ 110.333129260725073, 1.566165036821699 ], [ 110.333095935626105, 1.566170347343885 ], [ 110.333065872246777, 1.566185761450046 ], [ 110.333042013399876, 1.566209770299994 ], [ 110.333026694555372, 1.566240023740224 ], [ 110.333021415228529, 1.566273560353336 ], [ 110.333026692196881, 1.566307097342149 ], [ 110.333042008914262, 1.566337351872682 ], [ 110.333065866073966, 1.566361362420758 ], [ 110.333095928371165, 1.566376778666606 ], [ 110.333129253098676, 1.566382091560566 ], [ 110.333134794056008, 1.566381208581389 ], [ 110.333138629748674, 1.566375716365324 ], [ 110.333140345054389, 1.566373185055991 ], [ 110.333230099883878, 1.566236630142356 ], [ 110.333216504908947, 1.566209776507461 ] ] ] ] } },
{ "type": "Feature", "properties": { "fid_1": 442.0, "Lokasi": "Jln. Ajibah Abol", "Pemilik": null, "Tarikh_Dit": null, "Jenis_Poko": "Tabebuia crysantha", "Tinggi_Pok": 6.0, "Silara_Pok": 3.0, "Catatan": null, "Ukur_Lilit": 30, "Northing": null, "Easthing": null, "Ln_TAGB_": 6.268, "TAGB": 527.421, "CO2_Stock": 263.711, "NAMA JALAN": "Jalan Datuk Ajibah Abol", "KTG JLN": null, "PJG JLN": null, "LBR JLN": null, "JENIS SRT": null, "CON OF RD": null, "TARIKH": null, "NORTHING_2": null, "EASTING": null, "CATATAN_2": null, "NORTH AKK": null, "EAST AKHR": null, "Road_type": "Secondary road" }, "geometry": { "type": "MultiPolygon", "coordinates": [ [ [ [ 110.333317436654255, 1.566056327374946 ], [ 110.333293579492789, 1.566032316827094 ], [ 110.333263517195775, 1.566016900582822 ], [ 110.333230192470282, 1.566011587691432 ], [ 110.333196867372408, 1.566016898215602 ], [ 110.333166803994644, 1.566032312324042 ], [ 110.333142945149504, 1.566056321176399 ], [ 110.333127626306904, 1.566086574618906 ], [ 110.333122346981881, 1.566120111233957 ], [ 110.333127623951782, 1.566153648224173 ], [ 110.333142940670328, 1.566183902755405 ], [ 110.333166797830671, 1.566207913303425 ], [ 110.333196860127885, 1.566223329548506 ], [ 110.333230184854855, 1.566228642441014 ], [ 110.33323595434193, 1.56622772304411 ], [ 110.333330999997827, 1.566083118528248 ], [ 110.333317436654255, 1.566056327374946 ] ] ] ] } },
{ "type": "Feature", "properties": { "fid_1": 443.0, "Lokasi": "Jln. Ajibah Abol", "Pemilik": null, "Tarikh_Dit": null, "Jenis_Poko": "Tabebuia crysantha", "Tinggi_Pok": 6.0, "Silara_Pok": 3.0, "Catatan": null, "Ukur_Lilit": 30, "Northing": null, "Easthing": null, "Ln_TAGB_": 6.268, "TAGB": 527.421, "CO2_Stock": 263.711, "NAMA JALAN": "Jalan Datuk Ajibah Abol", "KTG JLN": null, "PJG JLN": null, "LBR JLN": null, "JENIS SRT": null, "CON OF RD": null, "TARIKH": null, "NORTHING_2": null, "EASTING": null, "CATATAN_2": null, "NORTH AKK": null, "EAST AKHR": null, "Road_type": "Secondary road" }, "geometry": { "type": "MultiPolygon", "coordinates": [ [ [ [ 110.333290083011917, 1.565969238473537 ], [ 110.333274766291709, 1.565938983941314 ], [ 110.333250909130982, 1.565914973393143 ], [ 110.33322084683499, 1.565899557148798 ], [ 110.333195689600672, 1.565895546383456 ], [ 110.33309288046533, 1.566051962435561 ], [ 110.333100270315242, 1.566066559325382 ], [ 110.333124127474846, 1.566090569873716 ], [ 110.333154189771037, 1.566105986118862 ], [ 110.333187514496785, 1.566111299011244 ], [ 110.33322083959554, 1.566105988487783 ], [ 110.333250902974129, 1.566090574379357 ], [ 110.333274761819297, 1.566066565526216 ], [ 110.333290080660902, 1.56603631208222 ], [ 110.333295359984007, 1.566002775465375 ], [ 110.333290083011917, 1.565969238473537 ] ] ] ] } },
{ "type": "Feature", "properties": { "fid_1": 444.0, "Lokasi": "Jln. Ajibah Abol", "Pemilik": null, "Tarikh_Dit": null, "Jenis_Poko": "Tabebuia crysantha", "Tinggi_Pok": 7.0, "Silara_Pok": 4.0, "Catatan": null, "Ukur_Lilit": 30, "Northing": null, "Easthing": null, "Ln_TAGB_": 6.268, "TAGB": 527.421, "CO2_Stock": 263.711, "NAMA JALAN": "Jalan Datuk Ajibah Abol", "KTG JLN": null, "PJG JLN": null, "LBR JLN": null, "JENIS SRT": null, "CON OF RD": null, "TARIKH": null, "NORTHING_2": null, "EASTING": null, "CATATAN_2": null, "NORTH AKK": null, "EAST AKHR": null, "Road_type": "Secondary road" }, "geometry": { "type": "MultiPolygon", "coordinates": [ [ [ [ 110.333169457267061, 1.566157972699227 ], [ 110.333154140548245, 1.566127718167871 ], [ 110.333130283388243, 1.566103707619671 ], [ 110.33310022109228, 1.566088291374379 ], [ 110.333071963281895, 1.566083786289282 ], [ 110.332970764268367, 1.566237752632467 ], [ 110.332979644558563, 1.566255293533448 ], [ 110.333003501717442, 1.566279304081801 ], [ 110.333033564013633, 1.566294720327882 ], [ 110.333066888740092, 1.566300033222022 ], [ 110.333100213840183, 1.566294722700949 ], [ 110.333130277220633, 1.566279308595309 ], [ 110.333154136068018, 1.566255299745082 ], [ 110.333169454911939, 1.566225046303874 ], [ 110.333174734237289, 1.566191509689359 ], [ 110.333169457267061, 1.566157972699227 ] ] ] ] } }
]
}
