{
"type": "FeatureCollection",
"name": "Tree_Buff_WGS2",
"crs": { "type": "name", "properties": { "name": "urn:ogc:def:crs:OGC:1.3:CRS84" } },
"features": [
{ "type": "Feature", "properties": { "fid_1": 163.0, "Lokasi": "Jalan_Satok", "Pemilik": "Dbku", "Tarikh_Dit": null, "Jenis_Poko": "TB2_Bucida", "Tinggi_Pok": 4.0, "Silara_Pok": 0.0, "Catatan": null, "Ukur_Lilit": 11, "Northing": null, "Easthing": null, "Ln_TAGB_": 4.065, "TAGB": 58.265, "CO2_Stock": 29.133 }, "geometry": { "type": "MultiPolygon", "coordinates": [ [ [ [ 110.335198452188266, 1.55312996026118 ], [ 110.335193175110547, 1.553096422918403 ], [ 110.335177858246468, 1.553066168095502 ], [ 110.335154000917754, 1.553042157345411 ], [ 110.335123938446031, 1.553026741007635 ], [ 110.335090613555536, 1.553021428140606 ], [ 110.335057288318481, 1.553026738804578 ], [ 110.335027224840999, 1.553042153154656 ], [ 110.335003365945397, 1.553066162326777 ], [ 110.334988047106478, 1.553096416135913 ], [ 110.334982767838966, 1.553129953128521 ], [ 110.334988044914539, 1.553163490470291 ], [ 110.335003361776572, 1.553193745292696 ], [ 110.335027219104219, 1.553217756042934 ], [ 110.335057281576141, 1.553233172381523 ], [ 110.335090606468114, 1.553238485249676 ], [ 110.335123931707301, 1.553233174586694 ], [ 110.335153995186815, 1.553217760237132 ], [ 110.33517785408354, 1.553193751064848 ], [ 110.335193172922217, 1.553163497254916 ], [ 110.335198452188266, 1.55312996026118 ] ] ] ] } },
{ "type": "Feature", "properties": { "fid_1": 164.0, "Lokasi": "Jalan_Satok", "Pemilik": "Dbku", "Tarikh_Dit": null, "Jenis_Poko": "TB2_Bucida", "Tinggi_Pok": 4.0, "Silara_Pok": 0.0, "Catatan": null, "Ukur_Lilit": 10, "Northing": null, "Easthing": null, "Ln_TAGB_": 3.855, "TAGB": 47.229, "CO2_Stock": 23.614 }, "geometry": { "type": "MultiPolygon", "coordinates": [ [ [ [ 110.335118862553657, 1.553131012108834 ], [ 110.335113585476691, 1.553097474766354 ], [ 110.33509826861345, 1.553067219943509 ], [ 110.335074411285504, 1.553043209193218 ], [ 110.335044348814478, 1.553027792854992 ], [ 110.335011023924494, 1.553022479987304 ], [ 110.334977698687752, 1.5530277906505 ], [ 110.334947635210284, 1.553043204999754 ], [ 110.334923776314483, 1.553067214171048 ], [ 110.334908457475109, 1.553097467979468 ], [ 110.334903178206929, 1.553131004971563 ], [ 110.334908455281735, 1.553164542313018 ], [ 110.334923772142957, 1.553194797135344 ], [ 110.334947629469781, 1.55321880788582 ], [ 110.334977691941035, 1.553234224224845 ], [ 110.335011016832482, 1.553239537093656 ], [ 110.335044342071399, 1.553234226431459 ], [ 110.335074405550884, 1.553218812082745 ], [ 110.335098264447808, 1.55319480291126 ], [ 110.33511358328694, 1.553164549102037 ], [ 110.335118862553657, 1.553131012108834 ] ] ] ] } },
{ "type": "Feature", "properties": { "fid_1": 165.0, "Lokasi": "Jalan_Satok", "Pemilik": "Dbku", "Tarikh_Dit": null, "Jenis_Poko": "TB2_Bucida", "Tinggi_Pok": 5.0, "Silara_Pok": 0.0, "Catatan": null, "Ukur_Lilit": 14, "Northing": null, "Easthing": null, "Ln_TAGB_": 4.594, "TAGB": 98.889, "CO2_Stock": 49.444 }, "geometry": { "type": "MultiPolygon", "coordinates": [ [ [ [ 110.335048388912568, 1.553137323183172 ], [ 110.335043111836299, 1.55310378584101 ], [ 110.335027794973811, 1.553073531018229 ], [ 110.335003937646547, 1.553049520267755 ], [ 110.334973875176118, 1.553034103929124 ], [ 110.334940550286532, 1.553028791060824 ], [ 110.334907225049989, 1.55303410172332 ], [ 110.334877161572507, 1.553049516071778 ], [ 110.334853302676422, 1.553073525242325 ], [ 110.334837983836621, 1.553103779050062 ], [ 110.334832704567845, 1.553137316041629 ], [ 110.33483798164194, 1.553170853382793 ], [ 110.334853298502438, 1.553201108205056 ], [ 110.334877155828579, 1.553225118955687 ], [ 110.33490721829925, 1.553240535295143 ], [ 110.334940543190285, 1.553245848164533 ], [ 110.334973868428989, 1.553240537503055 ], [ 110.335003931908489, 1.553225123155125 ], [ 110.335027790805654, 1.553201113984409 ], [ 110.33504310964527, 1.553170860175866 ], [ 110.335048388912568, 1.553137323183172 ] ] ] ] } },
{ "type": "Feature", "properties": { "fid_1": 166.0, "Lokasi": "Jalan_Satok", "Pemilik": "Dbku", "Tarikh_Dit": null, "Jenis_Poko": "TB2_Bucida", "Tinggi_Pok": 5.0, "Silara_Pok": 0.0, "Catatan": null, "Ukur_Lilit": 10, "Northing": null, "Easthing": null, "Ln_TAGB_": 3.855, "TAGB": 47.229, "CO2_Stock": 23.614 }, "geometry": { "type": "MultiPolygon", "coordinates": [ [ [ [ 110.334943905603694, 1.553139777492032 ], [ 110.334938628528462, 1.553106240150287 ], [ 110.33492331166704, 1.55307598532758 ], [ 110.334899454340814, 1.553051974576822 ], [ 110.33486939187128, 1.553036558237595 ], [ 110.334836066982376, 1.553031245368463 ], [ 110.334802741746188, 1.553036556029921 ], [ 110.334772678268735, 1.55305197037726 ], [ 110.334748819372393, 1.553075979546712 ], [ 110.334733500531954, 1.553106233353512 ], [ 110.334728221262338, 1.553139770344374 ], [ 110.33473349833541, 1.55317330768512 ], [ 110.334748815194814, 1.553203562507316 ], [ 110.334772672519918, 1.553227573258254 ], [ 110.33480273498968, 1.553242989598275 ], [ 110.334836059880061, 1.553248302468536 ], [ 110.334869385118395, 1.553242991808087 ], [ 110.334899448597852, 1.553227577461253 ], [ 110.33492330749533, 1.55320356829161 ], [ 110.334938626335543, 1.553173314484016 ], [ 110.334943905603694, 1.553139777492032 ] ] ] ] } },
{ "type": "Feature", "properties": { "fid_1": 167.0, "Lokasi": "Jalan_Satok", "Pemilik": "Dbku", "Tarikh_Dit": null, "Jenis_Poko": "TB2_Bucida", "Tinggi_Pok": 4.0, "Silara_Pok": 0.0, "Catatan": null, "Ukur_Lilit": 15, "Northing": null, "Easthing": null, "Ln_TAGB_": 4.746, "TAGB": 115.123, "CO2_Stock": 57.562 }, "geometry": { "type": "MultiPolygon", "coordinates": [ [ [ [ 110.334843454368993, 1.55314766633536 ], [ 110.33483817729477, 1.553114128994029 ], [ 110.334822860434386, 1.5530838741714 ], [ 110.334799003109154, 1.553059863420404 ], [ 110.334768940640444, 1.553044447080598 ], [ 110.334735615752138, 1.553039134210612 ], [ 110.334702290516248, 1.553044444871049 ], [ 110.334672227038794, 1.553059859217302 ], [ 110.334648368142084, 1.55308386838566 ], [ 110.334633049301033, 1.553114122191514 ], [ 110.334627770030522, 1.553147659181664 ], [ 110.334633047102614, 1.553181196521973 ], [ 110.33464836396098, 1.553211451344064 ], [ 110.334672221285103, 1.553235462095233 ], [ 110.334702283754012, 1.553250878435852 ], [ 110.334735608643825, 1.55325619130694 ], [ 110.334768933881847, 1.553250880647531 ], [ 110.334798997361318, 1.553235466301806 ], [ 110.334822856259166, 1.553211457133257 ], [ 110.334838175099989, 1.553181203326609 ], [ 110.334843454368993, 1.55314766633536 ] ] ] ] } },
{ "type": "Feature", "properties": { "fid_1": 168.0, "Lokasi": "Jalan_Satok", "Pemilik": "Dbku", "Tarikh_Dit": null, "Jenis_Poko": "TM1_Mahogany", "Tinggi_Pok": 2.0, "Silara_Pok": 0.0, "Catatan": null, "Ukur_Lilit": 13, "Northing": null, "Easthing": null, "Ln_TAGB_": 4.432, "TAGB": 84.099, "CO2_Stock": 42.05 }, "geometry": { "type": "MultiPolygon", "coordinates": [ [ [ [ 110.334538697976498, 1.553163604462386 ], [ 110.33453342090526, 1.553130067122308 ], [ 110.334518104048044, 1.55309981229995 ], [ 110.334494246725825, 1.553075801548141 ], [ 110.334464184259701, 1.553060385206595 ], [ 110.334430859373242, 1.553055072334101 ], [ 110.334397534138361, 1.553060382991467 ], [ 110.334367470660908, 1.553075797334406 ], [ 110.334343611763231, 1.553099806499566 ], [ 110.334328292920333, 1.553130060302605 ], [ 110.334323013647293, 1.553163597290605 ], [ 110.334328290716371, 1.553197134629649 ], [ 110.334343607571569, 1.553227389451511 ], [ 110.334367464892679, 1.553251400203479 ], [ 110.33439752735903, 1.553266816545829 ], [ 110.334430852246953, 1.553272129419443 ], [ 110.33446417748398, 1.553266818763078 ], [ 110.334494240963451, 1.55325140442067 ], [ 110.334518099862237, 1.553227395255337 ], [ 110.334533418704922, 1.553197141451505 ], [ 110.334538697976498, 1.553163604462386 ] ] ] ] } },
{ "type": "Feature", "properties": { "fid_1": 169.0, "Lokasi": "Jalan_Satok", "Pemilik": "Dbku", "Tarikh_Dit": null, "Jenis_Poko": "TM1_Mahogany", "Tinggi_Pok": 13.0, "Silara_Pok": 0.0, "Catatan": null, "Ukur_Lilit": 74, "Northing": null, "Easthing": null, "Ln_TAGB_": 8.251, "TAGB": 3831.455, "CO2_Stock": 1915.727 }, "geometry": { "type": "MultiPolygon", "coordinates": [ [ [ [ 110.334481197095116, 1.553163779771552 ], [ 110.334475920024445, 1.553130242431714 ], [ 110.334460603167827, 1.553099987609376 ], [ 110.334436745846176, 1.553075976857441 ], [ 110.334406683380536, 1.553060560515567 ], [ 110.334373358494474, 1.553055247642593 ], [ 110.334340033259807, 1.553060558299403 ], [ 110.334309969782396, 1.553075972641739 ], [ 110.334286110884563, 1.553099981806314 ], [ 110.334270792041337, 1.553130235608847 ], [ 110.334265512767843, 1.553163772596457 ], [ 110.334270789836353, 1.5531973099353 ], [ 110.334286106690968, 1.553227564757123 ], [ 110.334309964011496, 1.553251575509226 ], [ 110.334340026477349, 1.553266991851904 ], [ 110.334373351364874, 1.553272304726002 ], [ 110.334406676601716, 1.553266994070195 ], [ 110.334436740081159, 1.55325157972838 ], [ 110.334460598980101, 1.553227570563614 ], [ 110.334475917823085, 1.553197316760309 ], [ 110.334481197095116, 1.553163779771552 ] ] ] ] } },
{ "type": "Feature", "properties": { "fid_1": 170.0, "Lokasi": "Jalan_Satok", "Pemilik": "Dbku", "Tarikh_Dit": null, "Jenis_Poko": "TM1_Mahogany", "Tinggi_Pok": 14.0, "Silara_Pok": 0.0, "Catatan": null, "Ukur_Lilit": 90, "Northing": null, "Easthing": null, "Ln_TAGB_": 8.681, "TAGB": 5889.934, "CO2_Stock": 2944.967 }, "geometry": { "type": "MultiPolygon", "coordinates": [ [ [ [ 110.33442334559868, 1.553167461232085 ], [ 110.334418068528564, 1.553133923892467 ], [ 110.334402751672556, 1.553103669070187 ], [ 110.334378894351488, 1.553079658318085 ], [ 110.334348831886331, 1.553064241975896 ], [ 110.334315507000596, 1.553058929102449 ], [ 110.334282181766142, 1.553064239758664 ], [ 110.334252118288703, 1.553079654100372 ], [ 110.334228259390699, 1.553103663264334 ], [ 110.334212940547104, 1.553133917066323 ], [ 110.334207661273126, 1.553167454053527 ], [ 110.334212938341054, 1.553200991392123 ], [ 110.334228255195072, 1.553231246213894 ], [ 110.334252112515017, 1.553255256966158 ], [ 110.334282174980402, 1.553270673309147 ], [ 110.334315499867571, 1.553275986183729 ], [ 110.334348825104229, 1.553270675528514 ], [ 110.334378888583672, 1.553255261187333 ], [ 110.334402747482784, 1.553231252023189 ], [ 110.334418066326165, 1.553200998220401 ], [ 110.33442334559868, 1.553167461232085 ] ] ] ] } },
{ "type": "Feature", "properties": { "fid_1": 171.0, "Lokasi": "Jalan_Satok", "Pemilik": "Dbku", "Tarikh_Dit": null, "Jenis_Poko": "TM1_Mahogany", "Tinggi_Pok": 13.0, "Silara_Pok": 0.0, "Catatan": null, "Ukur_Lilit": 86, "Northing": null, "Easthing": null, "Ln_TAGB_": 8.581, "TAGB": 5329.432, "CO2_Stock": 2664.716 }, "geometry": { "type": "MultiPolygon", "coordinates": [ [ [ [ 110.334359708952562, 1.553170616770074 ], [ 110.334354431883085, 1.553137079430726 ], [ 110.334339115027731, 1.553106824608474 ], [ 110.334315257707289, 1.553082813856241 ], [ 110.334285195242671, 1.553067397513678 ], [ 110.334251870357349, 1.553062084639693 ], [ 110.334218545123079, 1.553067395295262 ], [ 110.33418848164564, 1.553082809636302 ], [ 110.334164622747437, 1.55310681879959 ], [ 110.334149303903459, 1.553137072600985 ], [ 110.334144024628955, 1.553170609587739 ], [ 110.334149301696272, 1.553204146926074 ], [ 110.334164618549607, 1.553234401747805 ], [ 110.334188475868928, 1.553258412500235 ], [ 110.334218538333786, 1.553273828843601 ], [ 110.334251863220558, 1.553279141718676 ], [ 110.334285188457002, 1.553273831064128 ], [ 110.334315251936445, 1.553258416723617 ], [ 110.334339110835771, 1.55323440756016 ], [ 110.334354429679507, 1.553204153757946 ], [ 110.334359708952562, 1.553170616770074 ] ] ] ] } },
{ "type": "Feature", "properties": { "fid_1": 172.0, "Lokasi": "Jalan_Satok", "Pemilik": "Dbku", "Tarikh_Dit": null, "Jenis_Poko": "TM1_Mahogany", "Tinggi_Pok": 15.0, "Silara_Pok": 0.0, "Catatan": null, "Ukur_Lilit": 90, "Northing": null, "Easthing": null, "Ln_TAGB_": 8.681, "TAGB": 5889.934, "CO2_Stock": 2944.967 }, "geometry": { "type": "MultiPolygon", "coordinates": [ [ [ [ 110.334312901832718, 1.553174298230277 ], [ 110.334307624763696, 1.553140760891118 ], [ 110.334292307908825, 1.553110506068925 ], [ 110.334268450588837, 1.553086495316564 ], [ 110.334238388124618, 1.553071078973728 ], [ 110.33420506323958, 1.553065766099342 ], [ 110.334171738005438, 1.553071076754449 ], [ 110.334141674527984, 1.553086491094959 ], [ 110.334117815629639, 1.553110500257752 ], [ 110.334102496785363, 1.553140754058723 ], [ 110.334097217510447, 1.553174291045114 ], [ 110.334102494577309, 1.553207828383253 ], [ 110.334117811430161, 1.553238083204938 ], [ 110.334141668749027, 1.553262093957483 ], [ 110.334171731213473, 1.553277510301119 ], [ 110.334205056099989, 1.553282823176604 ], [ 110.334238381336291, 1.553277512522494 ], [ 110.334268444815734, 1.553262098182528 ], [ 110.33429230371523, 1.553238089019575 ], [ 110.334307622559265, 1.553207835217802 ], [ 110.334312901832718, 1.553174298230277 ] ] ] ] } },
{ "type": "Feature", "properties": { "fid_1": 173.0, "Lokasi": "Jalan_Satok", "Pemilik": "Dbku", "Tarikh_Dit": null, "Jenis_Poko": "TM1_Mahogany", "Tinggi_Pok": 15.0, "Silara_Pok": 0.0, "Catatan": null, "Ukur_Lilit": 85, "Northing": null, "Easthing": null, "Ln_TAGB_": 8.555, "TAGB": 5192.653, "CO2_Stock": 2596.327 }, "geometry": { "type": "MultiPolygon", "coordinates": [ [ [ [ 110.334255050336282, 1.55317850561349 ], [ 110.334249773267857, 1.553144968274607 ], [ 110.334234456413583, 1.553114713452463 ], [ 110.334210599094163, 1.553090702699935 ], [ 110.334180536630413, 1.55307528635677 ], [ 110.334147211745716, 1.553069973481922 ], [ 110.334113886511759, 1.553075284136436 ], [ 110.334083823034305, 1.553090698476298 ], [ 110.334059964135747, 1.553114707638452 ], [ 110.334044645291115, 1.55314496143888 ], [ 110.33403936601573, 1.553178498424883 ], [ 110.334044643081981, 1.553212035762769 ], [ 110.334059959934237, 1.553242290584392 ], [ 110.334083817252548, 1.553266301337081 ], [ 110.334113879716512, 1.553281717681059 ], [ 110.334147204602701, 1.553287030557016 ], [ 110.334180529838804, 1.553281719903524 ], [ 110.334210593318247, 1.553266305564178 ], [ 110.334234452217956, 1.553242296401831 ], [ 110.33424977106236, 1.553212042600614 ], [ 110.334255050336282, 1.55317850561349 ] ] ] ] } },
{ "type": "Feature", "properties": { "fid_1": 174.0, "Lokasi": "Jalan_Satok", "Pemilik": "Dbku", "Tarikh_Dit": null, "Jenis_Poko": "TM1_Mahogany", "Tinggi_Pok": 14.0, "Silara_Pok": 0.0, "Catatan": null, "Ukur_Lilit": 73, "Northing": null, "Easthing": null, "Ln_TAGB_": 8.221, "TAGB": 3718.219, "CO2_Stock": 1859.11 }, "geometry": { "type": "MultiPolygon", "coordinates": [ [ [ [ 110.334184576695208, 1.553184816687852 ], [ 110.334179299627465, 1.553151279349266 ], [ 110.33416398277393, 1.553121024527184 ], [ 110.334140125455207, 1.553097013774502 ], [ 110.334110062992039, 1.553081597430913 ], [ 110.334076738107754, 1.55307628455546 ], [ 110.334043412873982, 1.553081595209261 ], [ 110.334013349396542, 1.553097009548351 ], [ 110.333989490497729, 1.553121018709739 ], [ 110.333974171652642, 1.553151272509478 ], [ 110.333968892376632, 1.553184809494953 ], [ 110.3339741694422, 1.553218346832547 ], [ 110.333989486293731, 1.553248601654097 ], [ 110.334013343611346, 1.55327261240696 ], [ 110.334043406074713, 1.553288028751349 ], [ 110.334076730960476, 1.553293341627904 ], [ 110.334110056196408, 1.553288030975115 ], [ 110.33414011967588, 1.553272616636554 ], [ 110.334163978575802, 1.553248607474995 ], [ 110.334179297420661, 1.553218353674452 ], [ 110.334184576695208, 1.553184816687852 ] ] ] ] } },
{ "type": "Feature", "properties": { "fid_1": 175.0, "Lokasi": "Jalan_Satok", "Pemilik": "Dbku", "Tarikh_Dit": null, "Jenis_Poko": "TM1_Mahogany", "Tinggi_Pok": 14.0, "Silara_Pok": 0.0, "Catatan": null, "Ukur_Lilit": 70, "Northing": null, "Easthing": null, "Ln_TAGB_": 8.129, "TAGB": 3391.406, "CO2_Stock": 1695.703 }, "geometry": { "type": "MultiPolygon", "coordinates": [ [ [ [ 110.334098851295764, 1.553184816690264 ], [ 110.334093574228859, 1.553151279351997 ], [ 110.334078257376191, 1.553121024529987 ], [ 110.334054400058335, 1.553097013777063 ], [ 110.33402433759592, 1.553081597433005 ], [ 110.33399101271219, 1.553076284556871 ], [ 110.333957687478758, 1.553081595209825 ], [ 110.333927624001348, 1.553097009548021 ], [ 110.333903765102292, 1.553121018708552 ], [ 110.333888446256751, 1.553151272507534 ], [ 110.333883166980073, 1.553184809492443 ], [ 110.333888444044788, 1.553218346829713 ], [ 110.333903760895424, 1.553248601651215 ], [ 110.333927618212172, 1.55327261240432 ], [ 110.333957680674814, 1.553288028749162 ], [ 110.333991005560023, 1.553293341626415 ], [ 110.3340243307956, 1.553288030974479 ], [ 110.334054394275043, 1.553272616636812 ], [ 110.334078253175193, 1.553248607476101 ], [ 110.334093572020535, 1.553218353676317 ], [ 110.334098851295764, 1.553184816690264 ] ] ] ] } },
{ "type": "Feature", "properties": { "fid_1": 176.0, "Lokasi": "Jalan_Satok", "Pemilik": "Dbku", "Tarikh_Dit": null, "Jenis_Poko": "TB2_Bucida", "Tinggi_Pok": 4.0, "Silara_Pok": 0.0, "Catatan": null, "Ukur_Lilit": 10, "Northing": null, "Easthing": null, "Ln_TAGB_": 3.855, "TAGB": 47.229, "CO2_Stock": 23.614 }, "geometry": { "type": "MultiPolygon", "coordinates": [ [ [ [ 110.333935154167023, 1.553193145712907 ], [ 110.333929877101752, 1.5531596083753 ], [ 110.333914560250776, 1.553129353553426 ], [ 110.333890702934539, 1.55310534280008 ], [ 110.333860640473503, 1.553089926455085 ], [ 110.333827315590781, 1.553084613577592 ], [ 110.33379399035789, 1.553089924228909 ], [ 110.333763926880493, 1.55310533856532 ], [ 110.333740067980926, 1.553129347724135 ], [ 110.33372474913439, 1.553159601521608 ], [ 110.33371946985632, 1.553193138505369 ], [ 110.333724746919458, 1.553226675841955 ], [ 110.333740063768388, 1.553256930663335 ], [ 110.333763921083516, 1.553280941416841 ], [ 110.33379398354478, 1.553296357762644 ], [ 110.333827308428965, 1.553301670641253 ], [ 110.333860633664031, 1.553296359990955 ], [ 110.333890697143431, 1.553280945655046 ], [ 110.333914556044107, 1.553256936496076 ], [ 110.333929874890444, 1.553226682697797 ], [ 110.333935154167023, 1.553193145712907 ] ] ] ] } },
{ "type": "Feature", "properties": { "fid_1": 177.0, "Lokasi": "Jalan_Satok", "Pemilik": "Dbku", "Tarikh_Dit": null, "Jenis_Poko": "TB2_Bucida", "Tinggi_Pok": 5.0, "Silara_Pok": 0.0, "Catatan": null, "Ukur_Lilit": 13, "Northing": null, "Easthing": null, "Ln_TAGB_": 4.432, "TAGB": 84.099, "CO2_Stock": 42.05 }, "geometry": { "type": "MultiPolygon", "coordinates": [ [ [ [ 110.333888872969752, 1.553192795099078 ], [ 110.333883595904908, 1.553159257761659 ], [ 110.333868279054442, 1.553129002939784 ], [ 110.333844421738661, 1.55310499218631 ], [ 110.333814359278023, 1.55308957584107 ], [ 110.333781034395628, 1.553084262963206 ], [ 110.333747709162878, 1.553089573614059 ], [ 110.333717645685525, 1.553104987950001 ], [ 110.333693786785858, 1.553128997108339 ], [ 110.333678467939066, 1.553159250905428 ], [ 110.333673188660626, 1.553192787888888 ], [ 110.33367846572331, 1.553226325225308 ], [ 110.333693782571785, 1.553256580046632 ], [ 110.333717639886416, 1.553280590800288 ], [ 110.333747702347281, 1.55329600714634 ], [ 110.333781027231169, 1.553301320025329 ], [ 110.333814352466035, 1.55329600937546 ], [ 110.333844415945435, 1.553280595040055 ], [ 110.333868274846211, 1.553256585881538 ], [ 110.333883593692789, 1.553226332083661 ], [ 110.333888872969752, 1.553192795099078 ] ] ] ] } },
{ "type": "Feature", "properties": { "fid_1": 178.0, "Lokasi": "Jalan_Satok", "Pemilik": "Dbku", "Tarikh_Dit": null, "Jenis_Poko": "TB2_Bucida", "Tinggi_Pok": 5.0, "Silara_Pok": 0.0, "Catatan": null, "Ukur_Lilit": 11, "Northing": null, "Easthing": null, "Ln_TAGB_": 4.065, "TAGB": 58.265, "CO2_Stock": 29.133 }, "geometry": { "type": "MultiPolygon", "coordinates": [ [ [ [ 110.333842591772694, 1.55319805432736 ], [ 110.333837314708305, 1.553164516990148 ], [ 110.333821997858308, 1.553134262168326 ], [ 110.333798140542967, 1.553110251414756 ], [ 110.333768078082713, 1.553094835069232 ], [ 110.333734753200559, 1.553089522190968 ], [ 110.333701427967966, 1.55309483284136 ], [ 110.333671364490584, 1.55311024717677 ], [ 110.333647505590733, 1.55313425633459 ], [ 110.333632186743628, 1.553164510131225 ], [ 110.33362690746479, 1.553198047114331 ], [ 110.333632184526991, 1.55323158445055 ], [ 110.333647501374983, 1.553261839271831 ], [ 110.333671358689202, 1.553285850025583 ], [ 110.333701421149669, 1.553301266371921 ], [ 110.333734746033286, 1.553306579251299 ], [ 110.33376807126804, 1.553301268601923 ], [ 110.333798134747468, 1.553285854267028 ], [ 110.333821993648428, 1.553261845109029 ], [ 110.333837312495319, 1.553231591311596 ], [ 110.333842591772694, 1.55319805432736 ] ] ] ] } },
{ "type": "Feature", "properties": { "fid_1": 179.0, "Lokasi": "Jalan_Satok", "Pemilik": "Dbku", "Tarikh_Dit": null, "Jenis_Poko": "TB2_Bucida", "Tinggi_Pok": 4.0, "Silara_Pok": 0.0, "Catatan": null, "Ukur_Lilit": 12, "Northing": null, "Easthing": null, "Ln_TAGB_": 4.256, "TAGB": 70.527, "CO2_Stock": 35.264 }, "geometry": { "type": "MultiPolygon", "coordinates": [ [ [ [ 110.333782987200507, 1.553199456789564 ], [ 110.333777710136715, 1.553165919452589 ], [ 110.333762393287344, 1.553135664630812 ], [ 110.3337385359726, 1.553111653877071 ], [ 110.333708473512857, 1.553096237531229 ], [ 110.333675148631073, 1.553090924652474 ], [ 110.333641823398708, 1.553096235302264 ], [ 110.333611759921311, 1.553111649637041 ], [ 110.333587901021303, 1.553135658794248 ], [ 110.333572582173858, 1.553165912590352 ], [ 110.333567302894537, 1.553199449573061 ], [ 110.333572579956169, 1.553232986909033 ], [ 110.333587896803522, 1.553263241730289 ], [ 110.333611754117143, 1.553287252484193 ], [ 110.333641816577128, 1.553302668830843 ], [ 110.333675141460361, 1.553307981710723 ], [ 110.333708466694887, 1.553302671061939 ], [ 110.333738530174287, 1.553287256727678 ], [ 110.333762389075432, 1.553263247570282 ], [ 110.333777707922636, 1.553232993773408 ], [ 110.333782987200507, 1.553199456789564 ] ] ] ] } },
{ "type": "Feature", "properties": { "fid_1": 180.0, "Lokasi": "Jalan_Satok", "Pemilik": "Dbku", "Tarikh_Dit": null, "Jenis_Poko": "TB2_Bucida", "Tinggi_Pok": 5.0, "Silara_Pok": 0.0, "Catatan": null, "Ukur_Lilit": 12, "Northing": null, "Easthing": null, "Ln_TAGB_": 4.256, "TAGB": 70.527, "CO2_Stock": 35.264 }, "geometry": { "type": "MultiPolygon", "coordinates": [ [ [ [ 110.333730745546262, 1.553206819708817 ], [ 110.333725468482996, 1.553173282372077 ], [ 110.333710151634165, 1.553143027550369 ], [ 110.333686294319932, 1.55311901679649 ], [ 110.333656231860587, 1.553103600450343 ], [ 110.333622906979116, 1.553098287571135 ], [ 110.33358958174685, 1.553103598220377 ], [ 110.333559518269453, 1.553119012554555 ], [ 110.333535659369218, 1.553143021711181 ], [ 110.333520340521403, 1.553173275506742 ], [ 110.333515061241613, 1.553206812489054 ], [ 110.333520338302719, 1.553240349824781 ], [ 110.333535655149532, 1.553270604645975 ], [ 110.333559512462642, 1.553294615400013 ], [ 110.3335895749222, 1.553310031746959 ], [ 110.33362289980515, 1.553315344627292 ], [ 110.333656225039576, 1.553310033979057 ], [ 110.333686288519004, 1.553294619645397 ], [ 110.333710147420362, 1.553270610488602 ], [ 110.33372546626795, 1.553240356692225 ], [ 110.333730745546262, 1.553206819708817 ] ] ] ] } },
{ "type": "Feature", "properties": { "fid_1": 181.0, "Lokasi": "Jalan_Satok", "Pemilik": "Dbku", "Tarikh_Dit": null, "Jenis_Poko": "TB2_Bucida", "Tinggi_Pok": 5.0, "Silara_Pok": 0.0, "Catatan": null, "Ukur_Lilit": 12, "Northing": null, "Easthing": null, "Ln_TAGB_": 4.256, "TAGB": 70.527, "CO2_Stock": 35.264 }, "geometry": { "type": "MultiPolygon", "coordinates": [ [ [ [ 110.333678328584284, 1.553207696248122 ], [ 110.333673051521529, 1.55317415891159 ], [ 110.333657734673224, 1.553143904089907 ], [ 110.333633877359532, 1.55311989333591 ], [ 110.333603814900641, 1.553104476989455 ], [ 110.333570490019497, 1.553099164109819 ], [ 110.33353716478743, 1.553104474758562 ], [ 110.333507101310019, 1.55311988909217 ], [ 110.333483242409656, 1.55314389824827 ], [ 110.333467923561543, 1.553174152043364 ], [ 110.333462644281326, 1.553207689025313 ], [ 110.333467921341935, 1.553241226360836 ], [ 110.333483238188194, 1.55327148118199 ], [ 110.333507095500778, 1.553295491936169 ], [ 110.333537157959881, 1.553310908283424 ], [ 110.333570482842504, 1.553316221164177 ], [ 110.333603808076745, 1.553310910516454 ], [ 110.333633871556145, 1.553295496183354 ], [ 110.333657730457645, 1.553271487027086 ], [ 110.333673049305531, 1.553241233231202 ], [ 110.333678328584284, 1.553207696248122 ] ] ] ] } },
{ "type": "Feature", "properties": { "fid_1": 182.0, "Lokasi": "Jalan_Satok", "Pemilik": "Dbku", "Tarikh_Dit": null, "Jenis_Poko": "TB2_Bucida", "Tinggi_Pok": 4.0, "Silara_Pok": 0.0, "Catatan": null, "Ukur_Lilit": 15, "Northing": null, "Easthing": null, "Ln_TAGB_": 4.746, "TAGB": 115.123, "CO2_Stock": 57.562 }, "geometry": { "type": "MultiPolygon", "coordinates": [ [ [ [ 110.333627664698028, 1.553211377708424 ], [ 110.333622387635771, 1.55317784037211 ], [ 110.333607070787991, 1.553147585550493 ], [ 110.333583213474782, 1.553123574796351 ], [ 110.333553151016318, 1.553108158449603 ], [ 110.333519826135472, 1.553102845569544 ], [ 110.333486500903575, 1.553108156217754 ], [ 110.333456437426179, 1.553123570550843 ], [ 110.333432578525617, 1.553147579706389 ], [ 110.333417259677205, 1.553177833501009 ], [ 110.333411980396548, 1.553211370482591 ], [ 110.333417257456631, 1.553244907817886 ], [ 110.333432574302364, 1.553275162639 ], [ 110.333456431614479, 1.553299173393308 ], [ 110.333486494073156, 1.553314589740849 ], [ 110.33351981895548, 1.553319902622032 ], [ 110.333553144189551, 1.553314591974826 ], [ 110.33358320766898, 1.553299177642268 ], [ 110.333607066570622, 1.553275168486562 ], [ 110.333622385418835, 1.55324491469114 ], [ 110.333627664698028, 1.553211377708424 ] ] ] ] } },
{ "type": "Feature", "properties": { "fid_1": 183.0, "Lokasi": "Jalan_Satok", "Pemilik": "Dbku", "Tarikh_Dit": null, "Jenis_Poko": "TB2_Bucida", "Tinggi_Pok": 4.0, "Silara_Pok": 0.0, "Catatan": null, "Ukur_Lilit": 10, "Northing": null, "Easthing": null, "Ln_TAGB_": 3.855, "TAGB": 47.229, "CO2_Stock": 23.614 }, "geometry": { "type": "MultiPolygon", "coordinates": [ [ [ [ 110.33348054740911, 1.553214481061029 ], [ 110.333475270348288, 1.553180943725295 ], [ 110.333459953502043, 1.553150688903759 ], [ 110.333436096190297, 1.553126678149248 ], [ 110.333406033733098, 1.55311126180168 ], [ 110.333372708853204, 1.553105948920418 ], [ 110.333339383621805, 1.553111259567183 ], [ 110.333309320144451, 1.553126673898701 ], [ 110.333285461243506, 1.553150683052725 ], [ 110.333270142394227, 1.553180936846013 ], [ 110.333264863112362, 1.553214473826616 ], [ 110.333270140171038, 1.553248011161341 ], [ 110.333285457015251, 1.553278265982358 ], [ 110.333309314325902, 1.553302276737038 ], [ 110.333339376783314, 1.553317693085422 ], [ 110.333372701664672, 1.553323005967792 ], [ 110.333406026898217, 1.55331769532205 ], [ 110.333436090377589, 1.553302280991053 ], [ 110.333459949279671, 1.553278271836835 ], [ 110.333475268128709, 1.553248018042744 ], [ 110.33348054740911, 1.553214481061029 ] ] ] ] } },
{ "type": "Feature", "properties": { "fid_1": 184.0, "Lokasi": "Jalan_Satok", "Pemilik": "Dbku", "Tarikh_Dit": null, "Jenis_Poko": "TB2_Bucida", "Tinggi_Pok": 4.0, "Silara_Pok": 0.0, "Catatan": null, "Ukur_Lilit": 13, "Northing": null, "Easthing": null, "Ln_TAGB_": 4.432, "TAGB": 84.099, "CO2_Stock": 42.05 }, "geometry": { "type": "MultiPolygon", "coordinates": [ [ [ [ 110.333426903294168, 1.553215883523071 ], [ 110.333421626233857, 1.553182346187539 ], [ 110.333406309388181, 1.553152091366045 ], [ 110.333382452076961, 1.553128080611399 ], [ 110.333352389620231, 1.553112664263518 ], [ 110.333319064740678, 1.553107351381818 ], [ 110.333285739509463, 1.553112662028051 ], [ 110.333255676032124, 1.553128076358993 ], [ 110.333231817131022, 1.553152085512469 ], [ 110.333216498281431, 1.553182339305286 ], [ 110.333211218999153, 1.553215876285517 ], [ 110.333216496057275, 1.55324941362004 ], [ 110.333231812900934, 1.553279668441013 ], [ 110.333255670211045, 1.553303679195831 ], [ 110.333285732667989, 1.553319095544518 ], [ 110.333319057549019, 1.55332440842733 ], [ 110.333352382782394, 1.553319097782106 ], [ 110.333382446261723, 1.553303683451679 ], [ 110.333406305163976, 1.553279674298031 ], [ 110.33342162401334, 1.553249420504411 ], [ 110.333426903294168, 1.553215883523071 ] ] ] ] } },
{ "type": "Feature", "properties": { "fid_1": 185.0, "Lokasi": "Jalan_Satok", "Pemilik": "Dbku", "Tarikh_Dit": null, "Jenis_Poko": "TB2_Bucida", "Tinggi_Pok": 4.0, "Silara_Pok": 0.0, "Catatan": null, "Ukur_Lilit": 16, "Northing": null, "Easthing": null, "Ln_TAGB_": 4.888, "TAGB": 132.688, "CO2_Stock": 66.344 }, "geometry": { "type": "MultiPolygon", "coordinates": [ [ [ [ 110.333376064100378, 1.553221493366626 ], [ 110.333370787040593, 1.553187956031318 ], [ 110.333355470195428, 1.553157701209884 ], [ 110.33333161288472, 1.553133690455095 ], [ 110.333301550428402, 1.553118274106921 ], [ 110.333268225549133, 1.553112961224795 ], [ 110.333234900318061, 1.553118271870496 ], [ 110.333204836840707, 1.553133686200873 ], [ 110.333180977939392, 1.553157695353792 ], [ 110.333165659089474, 1.553187949146095 ], [ 110.333160379806742, 1.553221486125962 ], [ 110.333165656864367, 1.553255023460238 ], [ 110.333180973707499, 1.553285278281151 ], [ 110.333204831017113, 1.553309289036111 ], [ 110.333234893473659, 1.553324705385074 ], [ 110.333268218354391, 1.553330018268329 ], [ 110.333301543587609, 1.553324707623647 ], [ 110.333331607066981, 1.553309293293787 ], [ 110.333355465969404, 1.553285284140707 ], [ 110.33337078481911, 1.553255030347584 ], [ 110.333376064100378, 1.553221493366626 ] ] ] ] } },
{ "type": "Feature", "properties": { "fid_1": 186.0, "Lokasi": "Jalan_Satok", "Pemilik": "Dbku", "Tarikh_Dit": null, "Jenis_Poko": "TB2_Bucida", "Tinggi_Pok": 4.0, "Silara_Pok": 0.0, "Catatan": null, "Ukur_Lilit": 14, "Northing": null, "Easthing": null, "Ln_TAGB_": 4.594, "TAGB": 98.889, "CO2_Stock": 49.444 }, "geometry": { "type": "MultiPolygon", "coordinates": [ [ [ [ 110.333058764244186, 1.553247304665677 ], [ 110.333053487187556, 1.553213767331766 ], [ 110.333038170345716, 1.553183512510627 ], [ 110.333014313038092, 1.553159501755048 ], [ 110.332984250584403, 1.553144085405052 ], [ 110.33295092570701, 1.55313877252026 ], [ 110.33291760047689, 1.553144083162711 ], [ 110.332887536999451, 1.553159497489578 ], [ 110.332863678097056, 1.553183506639065 ], [ 110.332848359245133, 1.553213760428373 ], [ 110.332843079959687, 1.553247297405911 ], [ 110.332848357014171, 1.553280834738813 ], [ 110.332863673853993, 1.553311089559451 ], [ 110.332887531160495, 1.553335100315195 ], [ 110.332917593614397, 1.553350516666 ], [ 110.332950918493268, 1.553355829551905 ], [ 110.332984243725534, 1.553350518910462 ], [ 110.333014307204991, 1.553335104584114 ], [ 110.333038166108508, 1.553311095434458 ], [ 110.333053484960203, 1.553280841644357 ], [ 110.333058764244186, 1.553247304665677 ] ] ] ] } },
{ "type": "Feature", "properties": { "fid_1": 187.0, "Lokasi": "Jalan_Satok", "Pemilik": "Dbku", "Tarikh_Dit": null, "Jenis_Poko": "TB2_Bucida", "Tinggi_Pok": 4.0, "Silara_Pok": 0.0, "Catatan": null, "Ukur_Lilit": 14, "Northing": null, "Easthing": null, "Ln_TAGB_": 4.594, "TAGB": 98.889, "CO2_Stock": 49.444 }, "geometry": { "type": "MultiPolygon", "coordinates": [ [ [ [ 110.332999860902291, 1.553249408358147 ], [ 110.332994583846244, 1.553215871024444 ], [ 110.332979267005001, 1.55318561620335 ], [ 110.332955409697988, 1.553161605447617 ], [ 110.332925347244782, 1.553146189097266 ], [ 110.332892022367758, 1.553140876211986 ], [ 110.332858697137851, 1.553146186853867 ], [ 110.332828633660426, 1.553161601180106 ], [ 110.332804774757861, 1.553185610328969 ], [ 110.332789455905598, 1.553215864117745 ], [ 110.33278417661964, 1.553249401094882 ], [ 110.332789453673541, 1.55328293842756 ], [ 110.332804770512766, 1.553313193248139 ], [ 110.332828627818671, 1.553337204004054 ], [ 110.33285869027209, 1.553352620355174 ], [ 110.332892015150591, 1.553357933241575 ], [ 110.332925340382658, 1.553352622600705 ], [ 110.332955403862101, 1.553337208275007 ], [ 110.332979262765789, 1.553313199125951 ], [ 110.332994581617839, 1.553282945336397 ], [ 110.332999860902291, 1.553249408358147 ] ] ] ] } },
{ "type": "Feature", "properties": { "fid_1": 188.0, "Lokasi": "Jalan_Satok", "Pemilik": "Dbku", "Tarikh_Dit": null, "Jenis_Poko": "TB2_Bucida", "Tinggi_Pok": 4.0, "Silara_Pok": 0.0, "Catatan": null, "Ukur_Lilit": 11, "Northing": null, "Easthing": null, "Ln_TAGB_": 4.065, "TAGB": 58.265, "CO2_Stock": 29.133 }, "geometry": { "type": "MultiPolygon", "coordinates": [ [ [ [ 110.332942360021022, 1.553255018201858 ], [ 110.332937082965543, 1.553221480868418 ], [ 110.332921766124898, 1.553191226047381 ], [ 110.332897908818452, 1.553167215291505 ], [ 110.332867846365716, 1.553151798940835 ], [ 110.332834521489033, 1.553146486055077 ], [ 110.332801196259268, 1.553151796696362 ], [ 110.332771132781829, 1.553167211021938 ], [ 110.33274727387905, 1.553191220170191 ], [ 110.332731955026404, 1.553221473958412 ], [ 110.332726675739977, 1.553255010935118 ], [ 110.332731952793296, 1.55328854826755 ], [ 110.332747269631923, 1.553318803088066 ], [ 110.332771126937274, 1.553342813844104 ], [ 110.332801189390196, 1.553358230195572 ], [ 110.33283451426837, 1.553363543082452 ], [ 110.332867839500295, 1.553358232442176 ], [ 110.332897902979752, 1.553342818117119 ], [ 110.33292176188364, 1.553318808968707 ], [ 110.332937080736059, 1.553288555179686 ], [ 110.332942360021022, 1.553255018201858 ] ] ] ] } },
{ "type": "Feature", "properties": { "fid_1": 189.0, "Lokasi": "Jalan_Satok", "Pemilik": "Dbku", "Tarikh_Dit": null, "Jenis_Poko": "TB2_Bucida", "Tinggi_Pok": 4.0, "Silara_Pok": 0.0, "Catatan": null, "Ukur_Lilit": 14, "Northing": null, "Easthing": null, "Ln_TAGB_": 4.594, "TAGB": 98.889, "CO2_Stock": 49.444 }, "geometry": { "type": "MultiPolygon", "coordinates": [ [ [ [ 110.332734445248875, 1.553265536661692 ], [ 110.332729168195456, 1.553231999329102 ], [ 110.332713851356957, 1.553201744508235 ], [ 110.332689994052558, 1.553177733751829 ], [ 110.332659931601583, 1.553162317399973 ], [ 110.332626606726166, 1.553157004512495 ], [ 110.332593281497111, 1.553162315151692 ], [ 110.332563218019686, 1.553177729475029 ], [ 110.332539359116254, 1.553201738621085 ], [ 110.332524040262356, 1.55323199240739 ], [ 110.332518760974196, 1.553265529382635 ], [ 110.332524038025468, 1.553299066714199 ], [ 110.332539354861922, 1.553329321534557 ], [ 110.332563212165212, 1.553353332291141 ], [ 110.3325932746164, 1.553368748643787 ], [ 110.332626599493281, 1.553374061532375 ], [ 110.332659924724524, 1.5533687508942 ], [ 110.332689988203953, 1.553353336571393 ], [ 110.332713847108508, 1.553329327425156 ], [ 110.332729165962178, 1.553299073638064 ], [ 110.332734445248875, 1.553265536661692 ] ] ] ] } },
{ "type": "Feature", "properties": { "fid_1": 190.0, "Lokasi": "Jalan_Satok", "Pemilik": "Dbku", "Tarikh_Dit": null, "Jenis_Poko": "TB2_Bucida", "Tinggi_Pok": 4.0, "Silara_Pok": 0.0, "Catatan": null, "Ukur_Lilit": 12, "Northing": null, "Easthing": null, "Ln_TAGB_": 4.256, "TAGB": 70.527, "CO2_Stock": 35.264 }, "geometry": { "type": "MultiPolygon", "coordinates": [ [ [ [ 110.332683255439804, 1.553266237893388 ], [ 110.332677978386897, 1.553232700560999 ], [ 110.332662661548909, 1.553202445740163 ], [ 110.332638804245036, 1.553178434983617 ], [ 110.332608741794502, 1.55316301863148 ], [ 110.332575416919425, 1.553157705743586 ], [ 110.332542091690527, 1.553163016382277 ], [ 110.332512028213145, 1.553178430705061 ], [ 110.332488169309556, 1.553202439850594 ], [ 110.332472850455403, 1.553232693636436 ], [ 110.332467571166802, 1.553266230611363 ], [ 110.332472848217577, 1.553299767942721 ], [ 110.332488165053505, 1.553330022763039 ], [ 110.332512022356283, 1.55335403351975 ], [ 110.332542084807031, 1.553369449872689 ], [ 110.332575409683585, 1.553374762761711 ], [ 110.332608734914629, 1.553369452124037 ], [ 110.332638798394044, 1.553354037801744 ], [ 110.332662657298741, 1.553330028656056 ], [ 110.332677976152709, 1.553299774869404 ], [ 110.332683255439804, 1.553266237893388 ] ] ] ] } },
{ "type": "Feature", "properties": { "fid_1": 191.0, "Lokasi": "Jalan_Satok", "Pemilik": "Dbku", "Tarikh_Dit": null, "Jenis_Poko": "TB2_Bucida", "Tinggi_Pok": 4.0, "Silara_Pok": 0.0, "Catatan": null, "Ukur_Lilit": 10, "Northing": null, "Easthing": null, "Ln_TAGB_": 3.855, "TAGB": 47.229, "CO2_Stock": 23.614 }, "geometry": { "type": "MultiPolygon", "coordinates": [ [ [ [ 110.332626806403951, 1.553272198352207 ], [ 110.332621529351584, 1.553238661020078 ], [ 110.332606212514193, 1.553208406199315 ], [ 110.33258235521086, 1.553184395442622 ], [ 110.332552292760823, 1.553168979090152 ], [ 110.332518967886045, 1.553163666201784 ], [ 110.332485642657318, 1.553168976839888 ], [ 110.332455579179893, 1.553184391162056 ], [ 110.332431720276105, 1.553208400306972 ], [ 110.332416401421554, 1.553238654092255 ], [ 110.332411122132484, 1.553272191066729 ], [ 110.332416399182691, 1.553305728397862 ], [ 110.33243171601805, 1.553335983218109 ], [ 110.332455573320274, 1.553359993974961 ], [ 110.332485635770553, 1.55337541032824 ], [ 110.33251896064678, 1.553380723217734 ], [ 110.332552285877668, 1.553375412580635 ], [ 110.332582349357125, 1.553359998258986 ], [ 110.332606208262021, 1.553335989113918 ], [ 110.332621527116345, 1.553305735327819 ], [ 110.332626806403951, 1.553272198352207 ] ] ] ] } },
{ "type": "Feature", "properties": { "fid_1": 192.0, "Lokasi": "Jalan_Satok", "Pemilik": "Dbku", "Tarikh_Dit": null, "Jenis_Poko": "TB2_Bucida", "Tinggi_Pok": 4.0, "Silara_Pok": 0.0, "Catatan": null, "Ukur_Lilit": 11, "Northing": null, "Easthing": null, "Ln_TAGB_": 4.065, "TAGB": 58.265, "CO2_Stock": 29.133 }, "geometry": { "type": "MultiPolygon", "coordinates": [ [ [ [ 110.332572461058746, 1.553274652659687 ], [ 110.332567184006933, 1.553241115327769 ], [ 110.332551867170139, 1.553210860507042 ], [ 110.332528009867318, 1.553186849750211 ], [ 110.332497947417721, 1.553171433397441 ], [ 110.332464622543299, 1.55316612050862 ], [ 110.332431297314741, 1.553171431146181 ], [ 110.332401233837317, 1.553186845467765 ], [ 110.332377374933387, 1.553210854612092 ], [ 110.332362056078509, 1.553241108396888 ], [ 110.332356776788984, 1.553274645370995 ], [ 110.332362053838651, 1.553308182701894 ], [ 110.332377370673456, 1.553338437522115 ], [ 110.332401227975126, 1.553362448279105 ], [ 110.33243129042495, 1.553377864632681 ], [ 110.332464615300836, 1.553383177522627 ], [ 110.332497940531539, 1.553377866886074 ], [ 110.332528004010982, 1.553362452565019 ], [ 110.332551862916048, 1.553338443420501 ], [ 110.332567181770713, 1.553308189634906 ], [ 110.332572461058746, 1.553274652659687 ] ] ] ] } },
{ "type": "Feature", "properties": { "fid_1": 193.0, "Lokasi": "Jalan_Satok", "Pemilik": "Dbku", "Tarikh_Dit": null, "Jenis_Poko": "TB2_Bucida", "Tinggi_Pok": 4.0, "Silara_Pok": 0.0, "Catatan": null, "Ukur_Lilit": 13, "Northing": null, "Easthing": null, "Ln_TAGB_": 4.432, "TAGB": 84.099, "CO2_Stock": 42.05 }, "geometry": { "type": "MultiPolygon", "coordinates": [ [ [ [ 110.332420345367709, 1.553283410635744 ], [ 110.332415068317374, 1.553249873304467 ], [ 110.332399751482157, 1.553219618483858 ], [ 110.332375894180842, 1.553195607726648 ], [ 110.332345831732525, 1.553180191373008 ], [ 110.33231250685904, 1.553174878482935 ], [ 110.332279181630966, 1.55318018911896 ], [ 110.332249118153541, 1.553195603438886 ], [ 110.332225259249114, 1.553219612581624 ], [ 110.332209940393312, 1.553249866364993 ], [ 110.332204661102509, 1.553283403338019 ], [ 110.332209938150683, 1.553316940668278 ], [ 110.332225254983882, 1.553347195488365 ], [ 110.332249112284074, 1.553371206245747 ], [ 110.332279174732619, 1.553386622600196 ], [ 110.332312499607568, 1.553391935491407 ], [ 110.332345824837802, 1.553386624856378 ], [ 110.332375888317245, 1.55337121053697 ], [ 110.332399747222809, 1.553347201394076 ], [ 110.332415066078383, 1.553316947609892 ], [ 110.332420345367709, 1.553283410635744 ] ] ] ] } },
{ "type": "Feature", "properties": { "fid_1": 194.0, "Lokasi": "Jalan_Satok", "Pemilik": "Dbku", "Tarikh_Dit": null, "Jenis_Poko": "TB2_Bucida", "Tinggi_Pok": 4.0, "Silara_Pok": 0.0, "Catatan": null, "Ukur_Lilit": 15, "Northing": null, "Easthing": null, "Ln_TAGB_": 4.746, "TAGB": 115.123, "CO2_Stock": 57.562 }, "geometry": { "type": "MultiPolygon", "coordinates": [ [ [ [ 110.33235302726267, 1.553285689636007 ], [ 110.332347750213003, 1.553252152304998 ], [ 110.332332433378468, 1.553221897484455 ], [ 110.33230857607785, 1.553197886727058 ], [ 110.332278513630101, 1.553182470373034 ], [ 110.332245188757014, 1.553177157482403 ], [ 110.332211863529182, 1.553182468117781 ], [ 110.332181800051799, 1.553197882436971 ], [ 110.332157941147159, 1.553221891578997 ], [ 110.332142622290959, 1.553252145361764 ], [ 110.332137342999616, 1.553285682334339 ], [ 110.332142620047122, 1.55331921966433 ], [ 110.332157936879625, 1.553349474484367 ], [ 110.332181794179149, 1.553373485241919 ], [ 110.332211856627112, 1.553388901596742 ], [ 110.332245181501648, 1.553394214488498 ], [ 110.33227850673164, 1.553388903854155 ], [ 110.332308570211069, 1.55337348953547 ], [ 110.332332429116818, 1.553349480393272 ], [ 110.33234774797279, 1.553319226609704 ], [ 110.33235302726267, 1.553285689636007 ] ] ] ] } },
{ "type": "Feature", "properties": { "fid_1": 195.0, "Lokasi": "Jalan_Satok", "Pemilik": "Dbku", "Tarikh_Dit": null, "Jenis_Poko": "TB2_Bucida", "Tinggi_Pok": 4.0, "Silara_Pok": 0.0, "Catatan": null, "Ukur_Lilit": 10, "Northing": null, "Easthing": null, "Ln_TAGB_": 3.855, "TAGB": 47.229, "CO2_Stock": 23.614 }, "geometry": { "type": "MultiPolygon", "coordinates": [ [ [ [ 110.332302363376471, 1.553290773556818 ], [ 110.332297086327301, 1.553257236226026 ], [ 110.332281769493292, 1.553226981405553 ], [ 110.332257912193157, 1.553202970648021 ], [ 110.33222784974582, 1.553187554293697 ], [ 110.332194524873046, 1.553182241402647 ], [ 110.332161199645356, 1.553187552037491 ], [ 110.332131136167931, 1.553202966356132 ], [ 110.33210727726312, 1.553226975497605 ], [ 110.332091958406579, 1.553257229279866 ], [ 110.332086679114809, 1.553290766252057 ], [ 110.332091956161804, 1.553324303581838 ], [ 110.332107272993781, 1.553354558401817 ], [ 110.332131130292808, 1.553378569159495 ], [ 110.332161192740372, 1.553393985514609 ], [ 110.33219451761461, 1.5533992984068 ], [ 110.33222784284446, 1.553393987772964 ], [ 110.332257906323903, 1.553378573454866 ], [ 110.332281765229823, 1.553354564313213 ], [ 110.332297084086122, 1.55332431053014 ], [ 110.332302363376471, 1.553290773556818 ] ] ] ] } },
{ "type": "Feature", "properties": { "fid_1": 196.0, "Lokasi": "Jalan_Satok", "Pemilik": "Dbku", "Tarikh_Dit": null, "Jenis_Poko": "TB2_Bucida", "Tinggi_Pok": 4.0, "Silara_Pok": 0.0, "Catatan": null, "Ukur_Lilit": 14, "Northing": null, "Easthing": null, "Ln_TAGB_": 4.594, "TAGB": 98.889, "CO2_Stock": 49.444 }, "geometry": { "type": "MultiPolygon", "coordinates": [ [ [ [ 110.332246651949106, 1.553291043926241 ], [ 110.332241374900462, 1.553257506595692 ], [ 110.33222605806705, 1.553227251775232 ], [ 110.332202200767469, 1.553203241017558 ], [ 110.332172138320615, 1.553187824662923 ], [ 110.332138813448196, 1.553182511771407 ], [ 110.332105488220719, 1.553187822405712 ], [ 110.332075424743323, 1.553203236723758 ], [ 110.332051565838356, 1.553227245864668 ], [ 110.332036246981531, 1.553257499646472 ], [ 110.332030967689292, 1.553291036618267 ], [ 110.332036244735733, 1.553324573947829 ], [ 110.33205156156717, 1.553354828767779 ], [ 110.332075418865614, 1.553378839525623 ], [ 110.332105481312695, 1.553394255881037 ], [ 110.332138806186578, 1.553399568773688 ], [ 110.332172131416201, 1.553394258140404 ], [ 110.332202194895629, 1.553378843822848 ], [ 110.332226053801705, 1.553354834681786 ], [ 110.332241372658331, 1.553324580899206 ], [ 110.332246651949106, 1.553291043926241 ] ] ] ] } },
{ "type": "Feature", "properties": { "fid_1": 197.0, "Lokasi": "Jalan_Satok", "Pemilik": "Dbku", "Tarikh_Dit": null, "Jenis_Poko": "TB2_Bucida", "Tinggi_Pok": 4.0, "Silara_Pok": 0.0, "Catatan": null, "Ukur_Lilit": 14, "Northing": null, "Easthing": null, "Ln_TAGB_": 4.594, "TAGB": 98.889, "CO2_Stock": 49.444 }, "geometry": { "type": "MultiPolygon", "coordinates": [ [ [ [ 110.332195549793823, 1.553292446388239 ], [ 110.332190272745692, 1.553258909057867 ], [ 110.332174955912805, 1.553228654237439 ], [ 110.332151098613721, 1.553204643479638 ], [ 110.332121036167308, 1.55318922712473 ], [ 110.33208771129523, 1.553183914232785 ], [ 110.332054386067909, 1.553189224866582 ], [ 110.332024322590541, 1.553204639184097 ], [ 110.332000463685432, 1.55322864832448 ], [ 110.331985144828309, 1.553258902105803 ], [ 110.331979865535644, 1.553292439077274 ], [ 110.331985142581601, 1.553325976406624 ], [ 110.332000459412484, 1.553356231226543 ], [ 110.332024316710431, 1.553380241984496 ], [ 110.332054379157071, 1.553395658340221 ], [ 110.332087704030641, 1.553400971233267 ], [ 110.332121029260094, 1.553395660600489 ], [ 110.33215109273948, 1.553380246283493 ], [ 110.332174951645698, 1.553356237142961 ], [ 110.332190270502622, 1.553325983360818 ], [ 110.332195549793823, 1.553292446388239 ] ] ] ] } },
{ "type": "Feature", "properties": { "fid_1": 198.0, "Lokasi": "Jalan_Satok", "Pemilik": "Dbku", "Tarikh_Dit": null, "Jenis_Poko": "TB2_Bucida", "Tinggi_Pok": 5.0, "Silara_Pok": 0.0, "Catatan": null, "Ukur_Lilit": 14, "Northing": null, "Easthing": null, "Ln_TAGB_": 4.594, "TAGB": 98.889, "CO2_Stock": 49.444 }, "geometry": { "type": "MultiPolygon", "coordinates": [ [ [ [ 110.332021128422312, 1.553300232738283 ], [ 110.332015851375886, 1.553266695408632 ], [ 110.332000534544804, 1.553236440588335 ], [ 110.331976677247468, 1.553212429830093 ], [ 110.331946614802504, 1.553197013474191 ], [ 110.331913289931521, 1.553191700580814 ], [ 110.331879964704783, 1.553197011212859 ], [ 110.331849901227443, 1.553212425528507 ], [ 110.331826042321794, 1.553236434667045 ], [ 110.331810723463619, 1.55326668844677 ], [ 110.331805444169518, 1.553300225417031 ], [ 110.33181072121377, 1.55333376274567 ], [ 110.331826038042848, 1.553364017565438 ], [ 110.331849895339062, 1.553388028323858 ], [ 110.33187995778421, 1.553403444680563 ], [ 110.331913282656686, 1.553408757575055 ], [ 110.33194660788557, 1.553403446944029 ], [ 110.331976671364941, 1.553388032628896 ], [ 110.332000530271685, 1.55336402349019 ], [ 110.332015849129647, 1.553333769709665 ], [ 110.332021128422312, 1.553300232738283 ] ] ] ] } },
{ "type": "Feature", "properties": { "fid_1": 199.0, "Lokasi": "Jalan_Satok", "Pemilik": "Dbku", "Tarikh_Dit": null, "Jenis_Poko": "TB2_Bucida", "Tinggi_Pok": 5.0, "Silara_Pok": 0.0, "Catatan": null, "Ukur_Lilit": 13, "Northing": null, "Easthing": null, "Ln_TAGB_": 4.432, "TAGB": 84.099, "CO2_Stock": 42.05 }, "geometry": { "type": "MultiPolygon", "coordinates": [ [ [ [ 110.331964504078812, 1.553303914198753 ], [ 110.331959227032939, 1.553270376869348 ], [ 110.33194391020244, 1.553240122049114 ], [ 110.331920052905659, 1.553216111290717 ], [ 110.331889990461192, 1.553200694934478 ], [ 110.331856665590522, 1.553195382040649 ], [ 110.331823340363982, 1.553200692672122 ], [ 110.331793276886629, 1.553216106987132 ], [ 110.331769417980809, 1.553240116125077 ], [ 110.331754099122278, 1.55327036990427 ], [ 110.331748819827681, 1.553303906874137 ], [ 110.331754096871379, 1.553337444202536 ], [ 110.33176941369986, 1.553367699022249 ], [ 110.331793270995533, 1.553391709780798 ], [ 110.331823333440227, 1.553407126137846 ], [ 110.331856658312347, 1.553412439032797 ], [ 110.331889983541046, 1.553407128402336 ], [ 110.331920047020418, 1.553391714087837 ], [ 110.331943905927375, 1.553367704949728 ], [ 110.331959224785678, 1.553337451169733 ], [ 110.331964504078812, 1.553303914198753 ] ] ] ] } },
{ "type": "Feature", "properties": { "fid_1": 200.0, "Lokasi": "Jalan_Satok", "Pemilik": "Dbku", "Tarikh_Dit": null, "Jenis_Poko": "TB2_Bucida", "Tinggi_Pok": 5.0, "Silara_Pok": 0.0, "Catatan": null, "Ukur_Lilit": 12, "Northing": null, "Easthing": null, "Ln_TAGB_": 4.256, "TAGB": 70.527, "CO2_Stock": 35.264 }, "geometry": { "type": "MultiPolygon", "coordinates": [ [ [ [ 110.331796286812761, 1.553310900412292 ], [ 110.331791009768551, 1.553277363083559 ], [ 110.3317756929398, 1.553247108263437 ], [ 110.331751835644681, 1.553223097504618 ], [ 110.33172177320165, 1.55320768114743 ], [ 110.331688448332031, 1.553202368252212 ], [ 110.33165512310606, 1.553207678882011 ], [ 110.331625059628735, 1.553223093195221 ], [ 110.331601200722389, 1.553247102331411 ], [ 110.331585881862864, 1.553277356109063 ], [ 110.331580602566888, 1.553310893077752 ], [ 110.331585879608937, 1.55334443040546 ], [ 110.33160119643567, 1.55337468522506 ], [ 110.331625053729667, 1.553398695984046 ], [ 110.331655116172925, 1.553414112342022 ], [ 110.331688441044008, 1.553419425238377 ], [ 110.331721766272139, 1.553414114609584 ], [ 110.331751829751468, 1.553398700296906 ], [ 110.331775688658951, 1.553374691160537 ], [ 110.331791007518248, 1.553344437382096 ], [ 110.331796286812761, 1.553310900412292 ] ] ] ] } },
{ "type": "Feature", "properties": { "fid_1": 201.0, "Lokasi": "Jalan_Satok", "Pemilik": "Dbku", "Tarikh_Dit": null, "Jenis_Poko": "TB2_Bucida", "Tinggi_Pok": 5.0, "Silara_Pok": 0.0, "Catatan": null, "Ukur_Lilit": 12, "Northing": null, "Easthing": null, "Ln_TAGB_": 4.256, "TAGB": 70.527, "CO2_Stock": 35.264 }, "geometry": { "type": "MultiPolygon", "coordinates": [ [ [ [ 110.331724410711089, 1.553314581873168 ], [ 110.33171913366759, 1.553281044544745 ], [ 110.331703816839564, 1.55325078972469 ], [ 110.331679959545156, 1.55322677896568 ], [ 110.331649897102736, 1.55321136260808 ], [ 110.331616572233571, 1.55320604971226 ], [ 110.331583247007828, 1.55321136034134 ], [ 110.331553183530502, 1.55322677465378 ], [ 110.331529324623943, 1.553250783789215 ], [ 110.331514005763978, 1.553281037566191 ], [ 110.331508726467405, 1.553314574534369 ], [ 110.331514003508758, 1.553348111861805 ], [ 110.331529320334752, 1.553378366681322 ], [ 110.331553177628024, 1.553402377440514 ], [ 110.331583240070685, 1.553417793798897 ], [ 110.331616564941314, 1.553423106695846 ], [ 110.331649890169203, 1.553417796067784 ], [ 110.331679953648546, 1.553402381755862 ], [ 110.331703812556228, 1.553378372620259 ], [ 110.331719131415966, 1.553348118842477 ], [ 110.331724410711089, 1.553314581873168 ] ] ] ] } },
{ "type": "Feature", "properties": { "fid_1": 202.0, "Lokasi": "Jalan_Satok", "Pemilik": "Dbku", "Tarikh_Dit": null, "Jenis_Poko": "TB2_Bucida", "Tinggi_Pok": 5.0, "Silara_Pok": 0.0, "Catatan": null, "Ukur_Lilit": 10, "Northing": null, "Easthing": null, "Ln_TAGB_": 3.855, "TAGB": 47.229, "CO2_Stock": 23.614 }, "geometry": { "type": "MultiPolygon", "coordinates": [ [ [ [ 110.331653060532133, 1.553318263334076 ], [ 110.331647783489345, 1.553284726005937 ], [ 110.331632466662057, 1.553254471185953 ], [ 110.331608609368359, 1.553230460426759 ], [ 110.331578546926522, 1.553215044068755 ], [ 110.331545222057798, 1.553209731172336 ], [ 110.331511896832296, 1.553215041800704 ], [ 110.331481833354985, 1.553230456112378 ], [ 110.331457974448199, 1.553254465247043 ], [ 110.331442655587807, 1.553284719023373 ], [ 110.331437376290637, 1.553318255991053 ], [ 110.331442653331266, 1.553351793318176 ], [ 110.331457970156521, 1.553382048137648 ], [ 110.33148182744911, 1.553406058897014 ], [ 110.331511889891146, 1.553421475255812 ], [ 110.331545214761348, 1.553426788153339 ], [ 110.331578539988982, 1.553421477525989 ], [ 110.331608603468339, 1.553406063214846 ], [ 110.331632462376248, 1.55338205408 ], [ 110.331647781236427, 1.553351800302881 ], [ 110.331653060532133, 1.553318263334076 ] ] ] ] } },
{ "type": "Feature", "properties": { "fid_1": 203.0, "Lokasi": "Jalan_Satok", "Pemilik": "Dbku", "Tarikh_Dit": null, "Jenis_Poko": "TB2_Bucida", "Tinggi_Pok": 5.0, "Silara_Pok": 0.0, "Catatan": null, "Ukur_Lilit": 13, "Northing": null, "Easthing": null, "Ln_TAGB_": 4.432, "TAGB": 84.099, "CO2_Stock": 42.05 }, "geometry": { "type": "MultiPolygon", "coordinates": [ [ [ [ 110.331581359737996, 1.553321594179827 ], [ 110.331576082695918, 1.55328805685198 ], [ 110.331560765869384, 1.553257802032058 ], [ 110.331536908576396, 1.553233791272681 ], [ 110.33150684613517, 1.553218374914267 ], [ 110.331473521266886, 1.553213062017254 ], [ 110.331440196041612, 1.553218372644912 ], [ 110.331410132564315, 1.553233786955788 ], [ 110.331386273657301, 1.55325779608971 ], [ 110.331370954796483, 1.553288049865403 ], [ 110.331365675498716, 1.553321586832583 ], [ 110.331370952538649, 1.553355124159408 ], [ 110.331386269363165, 1.553385378978822 ], [ 110.331410126655044, 1.55340938973836 ], [ 110.331440189096483, 1.553424806097561 ], [ 110.33147351396623, 1.553430118995696 ], [ 110.331506839193636, 1.55342480836907 ], [ 110.331536902672966, 1.553409394058693 ], [ 110.331560761581102, 1.553385384924608 ], [ 110.331576080441707, 1.553355131148126 ], [ 110.331581359737996, 1.553321594179827 ] ] ] ] } },
{ "type": "Feature", "properties": { "fid_1": 204.0, "Lokasi": "Jalan_Satok", "Pemilik": "Dbku", "Tarikh_Dit": null, "Jenis_Poko": "TB2_Bucida", "Tinggi_Pok": 5.0, "Silara_Pok": 0.0, "Catatan": null, "Ukur_Lilit": 10, "Northing": null, "Easthing": null, "Ln_TAGB_": 3.855, "TAGB": 47.229, "CO2_Stock": 23.614 }, "geometry": { "type": "MultiPolygon", "coordinates": [ [ [ [ 110.331513428056425, 1.55332536329442 ], [ 110.331508151015001, 1.553291825966856 ], [ 110.331492834189163, 1.553261571146986 ], [ 110.331468976896858, 1.553237560387434 ], [ 110.3314389144562, 1.553222144028639 ], [ 110.331405589588343, 1.553216831131068 ], [ 110.33137226436331, 1.553222141758026 ], [ 110.331342200885999, 1.55323755606819 ], [ 110.331318341978758, 1.553261565201387 ], [ 110.331303023117542, 1.553291818976423 ], [ 110.331297743819192, 1.553325355943118 ], [ 110.331303020858471, 1.553358893269685 ], [ 110.331318337682262, 1.553389148089028 ], [ 110.331342194973473, 1.553413158848745 ], [ 110.33137225741433, 1.553428575208345 ], [ 110.331405582283679, 1.553433888107025 ], [ 110.331438907510872, 1.553428577481089 ], [ 110.331468970990201, 1.553413163171457 ], [ 110.331492829898522, 1.553389154038076 ], [ 110.331508148759539, 1.553358900262243 ], [ 110.331513428056425, 1.55332536329442 ] ] ] ] } },
{ "type": "Feature", "properties": { "fid_1": 205.0, "Lokasi": "Jalan_Satok", "Pemilik": "Dbku", "Tarikh_Dit": null, "Jenis_Poko": "TB2_Bucida", "Tinggi_Pok": 5.0, "Silara_Pok": 0.0, "Catatan": null, "Ukur_Lilit": 16, "Northing": null, "Easthing": null, "Ln_TAGB_": 4.888, "TAGB": 132.688, "CO2_Stock": 66.344 }, "geometry": { "type": "MultiPolygon", "coordinates": [ [ [ [ 110.331444367832461, 1.553329669288452 ], [ 110.331439090791733, 1.55329613196117 ], [ 110.331423773966605, 1.553265877141362 ], [ 110.331399916674968, 1.553241866381635 ], [ 110.331369854234907, 1.553226450022438 ], [ 110.331336529367448, 1.553221137124293 ], [ 110.331303204142628, 1.553226447750563 ], [ 110.331273140665331, 1.553241862059961 ], [ 110.331249281757877, 1.55326587119244 ], [ 110.331233962896206, 1.553296124966832 ], [ 110.331228683597288, 1.553329661933031 ], [ 110.331233960635885, 1.553363199259295 ], [ 110.331249277458966, 1.553393454078596 ], [ 110.33127313474948, 1.553417464838482 ], [ 110.331303197189797, 1.553432881198466 ], [ 110.331336522058692, 1.553438194097722 ], [ 110.331369847285671, 1.553432883472491 ], [ 110.331399910765001, 1.553417469163605 ], [ 110.331423769673563, 1.55339346003096 ], [ 110.331439088535006, 1.55336320625577 ], [ 110.331444367832461, 1.553329669288452 ] ] ] ] } },
{ "type": "Feature", "properties": { "fid_1": 206.0, "Lokasi": "Jalan_Satok", "Pemilik": "Dbku", "Tarikh_Dit": null, "Jenis_Poko": "TB2_Bucida", "Tinggi_Pok": 5.0, "Silara_Pok": 0.0, "Catatan": null, "Ukur_Lilit": 13, "Northing": null, "Easthing": null, "Ln_TAGB_": 4.432, "TAGB": 84.099, "CO2_Stock": 42.05 }, "geometry": { "type": "MultiPolygon", "coordinates": [ [ [ [ 110.331308035872709, 1.553346185788255 ], [ 110.33130275883336, 1.553312648461608 ], [ 110.331287442009668, 1.55328239364193 ], [ 110.331263584719352, 1.553258382881878 ], [ 110.331233522280399, 1.553242966521894 ], [ 110.331200197413708, 1.553237653622588 ], [ 110.331166872189229, 1.553242964247435 ], [ 110.331136808711847, 1.553258378555283 ], [ 110.331112949803867, 1.553282387686234 ], [ 110.331097630941315, 1.553312641459281 ], [ 110.331092351641189, 1.553346178424465 ], [ 110.331097628678393, 1.553379715750097 ], [ 110.331112945500067, 1.553409970569221 ], [ 110.331136802789246, 1.553433981329463 ], [ 110.331166865228454, 1.553449397690245 ], [ 110.33120019009661, 1.553454710590665 ], [ 110.33123351532322, 1.553449399966853 ], [ 110.331263578802648, 1.553433985659516 ], [ 110.331287437711723, 1.553409976528391 ], [ 110.331302756574061, 1.553379722754552 ], [ 110.331308035872709, 1.553346185788255 ] ] ] ] } },
{ "type": "Feature", "properties": { "fid_1": 207.0, "Lokasi": "Jalan_Satok", "Pemilik": "Dbku", "Tarikh_Dit": null, "Jenis_Poko": "TB2_Bucida", "Tinggi_Pok": 5.0, "Silara_Pok": 0.0, "Catatan": null, "Ukur_Lilit": 13, "Northing": null, "Easthing": null, "Ln_TAGB_": 4.432, "TAGB": 84.099, "CO2_Stock": 42.05 }, "geometry": { "type": "MultiPolygon", "coordinates": [ [ [ [ 110.331226386374254, 1.553348404526933 ], [ 110.331221109335672, 1.553314867200605 ], [ 110.331205792512833, 1.553284612381001 ], [ 110.331181935223327, 1.553260601620736 ], [ 110.331151872785057, 1.553245185260305 ], [ 110.331118547918891, 1.553239872360333 ], [ 110.331085222694711, 1.55324518298435 ], [ 110.331055159217357, 1.553260597291339 ], [ 110.331031300309149, 1.553284606421432 ], [ 110.331015981446114, 1.553314860193756 ], [ 110.331010702145306, 1.553348397158381 ], [ 110.331015979181728, 1.553381934483673 ], [ 110.33103129600255, 1.553412189302767 ], [ 110.331055153290933, 1.553436200063205 ], [ 110.331085215729431, 1.553451616424438 ], [ 110.33111854059706, 1.553456929325532 ], [ 110.331151865823401, 1.553451618702508 ], [ 110.331181929302787, 1.553436204396062 ], [ 110.331205788212102, 1.553412195265789 ], [ 110.33122110707491, 1.553381941492675 ], [ 110.331226386374254, 1.553348404526933 ] ] ] ] } },
{ "type": "Feature", "properties": { "fid_1": 208.0, "Lokasi": "Jalan_Satok", "Pemilik": "Dbku", "Tarikh_Dit": null, "Jenis_Poko": "TB2_Bucida", "Tinggi_Pok": 4.0, "Silara_Pok": 0.0, "Catatan": null, "Ukur_Lilit": 12, "Northing": null, "Easthing": null, "Ln_TAGB_": 4.256, "TAGB": 70.527, "CO2_Stock": 35.264 }, "geometry": { "type": "MultiPolygon", "coordinates": [ [ [ [ 110.331175799185047, 1.553352176380199 ], [ 110.331170522146977, 1.553318639054096 ], [ 110.331155205324663, 1.553288384234531 ], [ 110.33113134803564, 1.553264373474145 ], [ 110.331101285597796, 1.553248957113414 ], [ 110.331067960731943, 1.553243644213016 ], [ 110.331034635507905, 1.553248954836516 ], [ 110.331004572030551, 1.553264369142959 ], [ 110.330980713122173, 1.553288378272506 ], [ 110.330965394258811, 1.553318632044369 ], [ 110.330960114957605, 1.553352169008609 ], [ 110.330965391993502, 1.553385706333695 ], [ 110.330980708813797, 1.553415961152725 ], [ 110.331004566101683, 1.553439971913305 ], [ 110.331034628539769, 1.553455388274822 ], [ 110.3310679534071, 1.553460701176332 ], [ 110.331101278633284, 1.553455390553855 ], [ 110.33113134211267, 1.553439976247943 ], [ 110.331155201022156, 1.553415967118214 ], [ 110.331170519885291, 1.553385713345562 ], [ 110.331175799185047, 1.553352176380199 ] ] ] ] } },
{ "type": "Feature", "properties": { "fid_1": 209.0, "Lokasi": "Jalan_Satok", "Pemilik": "Dbku", "Tarikh_Dit": null, "Jenis_Poko": "TB2_Bucida", "Tinggi_Pok": 5.0, "Silara_Pok": 0.0, "Catatan": null, "Ukur_Lilit": 14, "Northing": null, "Easthing": null, "Ln_TAGB_": 4.594, "TAGB": 98.889, "CO2_Stock": 49.444 }, "geometry": { "type": "MultiPolygon", "coordinates": [ [ [ [ 110.331133199446711, 1.553354395117772 ], [ 110.331127922409067, 1.553320857791846 ], [ 110.331112605587194, 1.553290602972328 ], [ 110.331088748298626, 1.553266592211813 ], [ 110.331058685861109, 1.553251175850835 ], [ 110.331025360995525, 1.553245862950108 ], [ 110.330992035771629, 1.553251173573194 ], [ 110.330961972294261, 1.553266587879145 ], [ 110.330938113385756, 1.553290597008253 ], [ 110.330922794522138, 1.553320850779705 ], [ 110.330917515220577, 1.553354387743656 ], [ 110.330922792256061, 1.55338792506857 ], [ 110.330938109075916, 1.55341817988757 ], [ 110.330961966363375, 1.553442190648235 ], [ 110.330992028801106, 1.553457607010018 ], [ 110.331025353668167, 1.553462919911875 ], [ 110.331058678894209, 1.553457609289818 ], [ 110.331088742373595, 1.553442194984376 ], [ 110.331112601283209, 1.5534181858551 ], [ 110.331127920146614, 1.553387932082832 ], [ 110.331133199446711, 1.553354395117772 ] ] ] ] } },
{ "type": "Feature", "properties": { "fid_1": 210.0, "Lokasi": "Jalan_Satok", "Pemilik": "Dbku", "Tarikh_Dit": null, "Jenis_Poko": "TB2_Bucida", "Tinggi_Pok": 5.0, "Silara_Pok": 0.0, "Catatan": null, "Ukur_Lilit": 10, "Northing": null, "Easthing": null, "Ln_TAGB_": 3.855, "TAGB": 47.229, "CO2_Stock": 23.614 }, "geometry": { "type": "MultiPolygon", "coordinates": [ [ [ [ 110.331041565634649, 1.553359941961319 ], [ 110.331036288597915, 1.553326404635774 ], [ 110.331020971776979, 1.553296149816335 ], [ 110.330997114489307, 1.553272139055598 ], [ 110.330967052052571, 1.553256722694095 ], [ 110.330933727187542, 1.553251409792588 ], [ 110.33090040196393, 1.553256720414751 ], [ 110.330870338486577, 1.553272134719723 ], [ 110.330846479577772, 1.553296143847848 ], [ 110.330831160713601, 1.553326397618456 ], [ 110.330825881411272, 1.553359934581749 ], [ 110.330831158445832, 1.553393471906291 ], [ 110.33084647526475, 1.553423726725205 ], [ 110.330870332551299, 1.553447737486101 ], [ 110.330900394988248, 1.553463153848402 ], [ 110.330933719854769, 1.553468466751036 ], [ 110.330967045080513, 1.553463156129888 ], [ 110.330997108559899, 1.553447741825447 ], [ 110.331020967469826, 1.553423732697142 ], [ 110.33103628633377, 1.553393478925746 ], [ 110.331041565634649, 1.553359941961319 ] ] ] ] } },
{ "type": "Feature", "properties": { "fid_1": 211.0, "Lokasi": "Jalan_Satok", "Pemilik": "Dbku", "Tarikh_Dit": null, "Jenis_Poko": "TB2_Bucida", "Tinggi_Pok": 5.0, "Silara_Pok": 0.0, "Catatan": null, "Ukur_Lilit": 16, "Northing": null, "Easthing": null, "Ln_TAGB_": 4.888, "TAGB": 132.688, "CO2_Stock": 66.344 }, "geometry": { "type": "MultiPolygon", "coordinates": [ [ [ [ 110.331003181495404, 1.553361273204237 ], [ 110.330997904459053, 1.553327735878841 ], [ 110.330982587638516, 1.55329748105943 ], [ 110.330958730351227, 1.553273470298597 ], [ 110.330928667914819, 1.553258053936889 ], [ 110.330895343050017, 1.553252741035059 ], [ 110.330862017826561, 1.553258051656835 ], [ 110.330831954349193, 1.553273465961405 ], [ 110.330808095440275, 1.553297475089135 ], [ 110.33079277657589, 1.553327728859387 ], [ 110.330787497273221, 1.553361265822409 ], [ 110.33079277430744, 1.553394803146795 ], [ 110.330808091125945, 1.553425057965688 ], [ 110.330831948412111, 1.553449068726689 ], [ 110.330862010848733, 1.553464485089202 ], [ 110.330895335714999, 1.553469797992151 ], [ 110.330928660940629, 1.553464487371371 ], [ 110.33095872442, 1.553449073067342 ], [ 110.330982583330041, 1.553425063939434 ], [ 110.330997902194198, 1.553394810168402 ], [ 110.331003181495404, 1.553361273204237 ] ] ] ] } },
{ "type": "Feature", "properties": { "fid_1": 212.0, "Lokasi": "Jalan_Satok", "Pemilik": "Dbku", "Tarikh_Dit": null, "Jenis_Poko": "TB2_Bucida", "Tinggi_Pok": 5.0, "Silara_Pok": 0.0, "Catatan": null, "Ukur_Lilit": 13, "Northing": null, "Easthing": null, "Ln_TAGB_": 4.432, "TAGB": 84.099, "CO2_Stock": 42.05 }, "geometry": { "type": "MultiPolygon", "coordinates": [ [ [ [ 110.330844402626795, 1.55336670054679 ], [ 110.330839125591993, 1.553333163222041 ], [ 110.330823808773104, 1.553302908402747 ], [ 110.330799951487393, 1.553278897641506 ], [ 110.330769889052334, 1.553263481278894 ], [ 110.330736564188541, 1.553258168375778 ], [ 110.330703238965626, 1.553263478995977 ], [ 110.330673175488315, 1.553278893298823 ], [ 110.330649316578913, 1.553302902424928 ], [ 110.330633997713591, 1.553333156193721 ], [ 110.330628718409628, 1.553366693155658 ], [ 110.330633995442284, 1.553400230479411 ], [ 110.330649312259141, 1.553430485298173 ], [ 110.330673169543758, 1.553454496059585 ], [ 110.330703231979015, 1.553469912422994 ], [ 110.330736556844272, 1.553475225327244 ], [ 110.330769882069333, 1.553469914708058 ], [ 110.330799945548691, 1.553454500405708 ], [ 110.330823804459186, 1.55343049127945 ], [ 110.330839123324296, 1.553400237509861 ], [ 110.330844402626795, 1.55336670054679 ] ] ] ] } },
{ "type": "Feature", "properties": { "fid_1": 213.0, "Lokasi": "Jalan_Satok", "Pemilik": "Dbku", "Tarikh_Dit": null, "Jenis_Poko": "TB2_Bucida", "Tinggi_Pok": 5.0, "Silara_Pok": 0.0, "Catatan": null, "Ukur_Lilit": 14, "Northing": null, "Easthing": null, "Ln_TAGB_": 4.594, "TAGB": 98.889, "CO2_Stock": 49.444 }, "geometry": { "type": "MultiPolygon", "coordinates": [ [ [ [ 110.330770296832071, 1.553372025516183 ], [ 110.330765019797994, 1.553338488191731 ], [ 110.330749702979872, 1.553308233372507 ], [ 110.330725845694886, 1.553284222611085 ], [ 110.330695783260452, 1.553268806248028 ], [ 110.3306624583971, 1.553263493344293 ], [ 110.330629133174412, 1.553268803963755 ], [ 110.330599069697087, 1.55328421826579 ], [ 110.330575210787458, 1.553308227391092 ], [ 110.330559891921666, 1.553338481159191 ], [ 110.330554612617064, 1.553372018120607 ], [ 110.330559889648995, 1.553405555444033 ], [ 110.330575206465099, 1.553435810262728 ], [ 110.330599063748963, 1.553459821024341 ], [ 110.330629126183595, 1.553475237388172 ], [ 110.330662451048426, 1.553480550293026 ], [ 110.330695776273274, 1.553475239674591 ], [ 110.330725839752617, 1.553459825373066 ], [ 110.330749698663368, 1.553435816247605 ], [ 110.330765017528947, 1.553405562478701 ], [ 110.330770296832071, 1.553372025516183 ] ] ] ] } },
{ "type": "Feature", "properties": { "fid_1": 214.0, "Lokasi": "Jalan_Satok", "Pemilik": "Dbku", "Tarikh_Dit": null, "Jenis_Poko": "TB2_Bucida", "Tinggi_Pok": 5.0, "Silara_Pok": 0.0, "Catatan": null, "Ukur_Lilit": 12, "Northing": null, "Easthing": null, "Ln_TAGB_": 4.256, "TAGB": 70.527, "CO2_Stock": 35.264 }, "geometry": { "type": "MultiPolygon", "coordinates": [ [ [ [ 110.329939292060303, 1.553420038910522 ], [ 110.329934015034411, 1.55338650158957 ], [ 110.329918698224901, 1.55335624677105 ], [ 110.329894840948128, 1.553332236007497 ], [ 110.329864778520701, 1.553316819639727 ], [ 110.329831453662408, 1.553311506729107 ], [ 110.329798128442405, 1.553316817340175 ], [ 110.329768064965094, 1.553332231633206 ], [ 110.329744206052823, 1.553356240749685 ], [ 110.329728887181972, 1.553386494510056 ], [ 110.329723607870434, 1.553420031465576 ], [ 110.329728884894138, 1.553453568785542 ], [ 110.329744201701629, 1.553483823603524 ], [ 110.32976805897728, 1.553507834367248 ], [ 110.329798121404949, 1.553523250735793 ], [ 110.329831446264691, 1.55352856364755 ], [ 110.329864771486854, 1.553523253037478 ], [ 110.329894834966197, 1.553507838744985 ], [ 110.329918693879563, 1.55348382962835 ], [ 110.329934012750201, 1.553453575867164 ], [ 110.329939292060303, 1.553420038910522 ] ] ] ] } },
{ "type": "Feature", "properties": { "fid_1": 215.0, "Lokasi": "Jalan_Satok", "Pemilik": "Dbku", "Tarikh_Dit": null, "Jenis_Poko": "TB2_Bucida", "Tinggi_Pok": 5.0, "Silara_Pok": 0.0, "Catatan": null, "Ukur_Lilit": 10, "Northing": null, "Easthing": null, "Ln_TAGB_": 3.855, "TAGB": 47.229, "CO2_Stock": 23.614 }, "geometry": { "type": "MultiPolygon", "coordinates": [ [ [ [ 110.329838783302563, 1.553421037344734 ], [ 110.329833506277652, 1.553387500024159 ], [ 110.329818189469194, 1.553357245205699 ], [ 110.32979433219343, 1.553333234441904 ], [ 110.329764269766855, 1.553317818073564 ], [ 110.32973094490923, 1.553312505162127 ], [ 110.329697619689597, 1.553317815772225 ], [ 110.329667556212343, 1.55333323006419 ], [ 110.329643697299787, 1.553357239179658 ], [ 110.329628378428382, 1.553387492939138 ], [ 110.329623099116006, 1.553421029893987 ], [ 110.329628376138771, 1.553454567213549 ], [ 110.329643692945211, 1.553484822031478 ], [ 110.329667550219867, 1.55350883279545 ], [ 110.329697612646655, 1.553524249164583 ], [ 110.329730937505744, 1.553529562077142 ], [ 110.329764262727522, 1.553524251468059 ], [ 110.329794326206823, 1.553508837176616 ], [ 110.329818185120487, 1.553484828060977 ], [ 110.329833503991665, 1.553454574300702 ], [ 110.329838783302563, 1.553421037344734 ] ] ] ] } },
{ "type": "Feature", "properties": { "fid_1": 216.0, "Lokasi": "Jalan_Satok", "Pemilik": "Dbku", "Tarikh_Dit": null, "Jenis_Poko": "TB2_Bucida", "Tinggi_Pok": 5.0, "Silara_Pok": 0.0, "Catatan": null, "Ukur_Lilit": 12, "Northing": null, "Easthing": null, "Ln_TAGB_": 4.256, "TAGB": 70.527, "CO2_Stock": 35.264 }, "geometry": { "type": "MultiPolygon", "coordinates": [ [ [ [ 110.329784202387998, 1.553427693555409 ], [ 110.329778925363641, 1.553394156235082 ], [ 110.329763608555751, 1.553363901416692 ], [ 110.329739751280513, 1.55333989065276 ], [ 110.329709688854365, 1.553324474284103 ], [ 110.329676363997052, 1.5533191613722 ], [ 110.329643038777576, 1.553324471981735 ], [ 110.329612975300265, 1.553339886273085 ], [ 110.329589116387496, 1.553363895387941 ], [ 110.329573797515735, 1.553394149146882 ], [ 110.329568518202876, 1.553427686101298 ], [ 110.329573795225087, 1.553461223420616 ], [ 110.329589112030959, 1.553491478238483 ], [ 110.329612969305089, 1.5535154890026 ], [ 110.329643031731436, 1.553530905372046 ], [ 110.329676356590227, 1.553536218285061 ], [ 110.329709681811863, 1.553530907676548 ], [ 110.329739745291178, 1.553515493385726 ], [ 110.329763604205056, 1.553491484270703 ], [ 110.329778923076617, 1.553461230510972 ], [ 110.329784202387998, 1.553427693555409 ] ] ] ] } },
{ "type": "Feature", "properties": { "fid_1": 217.0, "Lokasi": "Jalan_Satok", "Pemilik": "Dbku", "Tarikh_Dit": null, "Jenis_Poko": "TB2_Bucida", "Tinggi_Pok": 5.0, "Silara_Pok": 0.0, "Catatan": null, "Ukur_Lilit": 14, "Northing": null, "Easthing": null, "Ln_TAGB_": 4.594, "TAGB": 98.889, "CO2_Stock": 49.444 }, "geometry": { "type": "MultiPolygon", "coordinates": [ [ [ [ 110.329728955852289, 1.553427693556957 ], [ 110.329723678828472, 1.553394156236839 ], [ 110.329708362021151, 1.553363901418492 ], [ 110.329684504746467, 1.553339890654404 ], [ 110.329654442320802, 1.553324474285447 ], [ 110.329621117463859, 1.553319161373093 ], [ 110.329587792244567, 1.553324471982081 ], [ 110.329557728767313, 1.553339886272863 ], [ 110.329533869854416, 1.553363895387146 ], [ 110.329518550982328, 1.553394149145617 ], [ 110.329513271669043, 1.553427686099683 ], [ 110.329518548690714, 1.553461223418792 ], [ 110.329533865496003, 1.553491478236604 ], [ 110.329557722769579, 1.553515489000856 ], [ 110.329587785195457, 1.553530905370613 ], [ 110.329621110053864, 1.553536218284089 ], [ 110.329654435275302, 1.553530907676113 ], [ 110.329684498754574, 1.553515493385882 ], [ 110.329708357668608, 1.55349148427142 ], [ 110.329723676540468, 1.553461230512148 ], [ 110.329728955852289, 1.553427693556957 ] ] ] ] } },
{ "type": "Feature", "properties": { "fid_1": 218.0, "Lokasi": "Jalan_Satok", "Pemilik": "Dbku", "Tarikh_Dit": null, "Jenis_Poko": "TB2_Bucida", "Tinggi_Pok": 5.0, "Silara_Pok": 0.0, "Catatan": null, "Ukur_Lilit": 16, "Northing": null, "Easthing": null, "Ln_TAGB_": 4.888, "TAGB": 132.688, "CO2_Stock": 66.344 }, "geometry": { "type": "MultiPolygon", "coordinates": [ [ [ [ 110.329671046833155, 1.553435015388658 ], [ 110.329665769809907, 1.553401478068815 ], [ 110.329650453003197, 1.55337122325051 ], [ 110.329626595729067, 1.553347212486293 ], [ 110.329596533303885, 1.553331796116994 ], [ 110.32956320844724, 1.553326483204161 ], [ 110.329529883228119, 1.553331793812544 ], [ 110.329499819750808, 1.55334720810266 ], [ 110.329475960837684, 1.553371217216304 ], [ 110.329460641965213, 1.553401470974191 ], [ 110.329455362651416, 1.553435007927798 ], [ 110.32946063967249, 1.553468545246656 ], [ 110.329475956477182, 1.55349880006441 ], [ 110.329499813750203, 1.553522810828795 ], [ 110.329529876175599, 1.553538227198896 ], [ 110.329563201033693, 1.55354354011286 ], [ 110.329596526255003, 1.553538229505478 ], [ 110.329626589734318, 1.553522815215898 ], [ 110.32965044864855, 1.553498806102088 ], [ 110.329665767520794, 1.553468552343414 ], [ 110.329671046833155, 1.553435015388658 ] ] ] ] } },
{ "type": "Feature", "properties": { "fid_1": 219.0, "Lokasi": "Jalan_Satok", "Pemilik": "Dbku", "Tarikh_Dit": null, "Jenis_Poko": "TB2_Bucida", "Tinggi_Pok": 4.0, "Silara_Pok": 0.0, "Catatan": null, "Ukur_Lilit": 15, "Northing": null, "Easthing": null, "Ln_TAGB_": 4.746, "TAGB": 115.123, "CO2_Stock": 57.562 }, "geometry": { "type": "MultiPolygon", "coordinates": [ [ [ [ 110.329621125264765, 1.553436013821418 ], [ 110.329615848242, 1.553402476501771 ], [ 110.329600531435815, 1.553372221683507 ], [ 110.329576674162183, 1.553348210919167 ], [ 110.329546611737427, 1.553332794549581 ], [ 110.329513286881109, 1.553327481636331 ], [ 110.329479961662159, 1.553332792244232 ], [ 110.329449898184876, 1.553348206533814 ], [ 110.32942603927161, 1.553372215646949 ], [ 110.329410720398869, 1.553402469404388 ], [ 110.329405441084646, 1.553436006357682 ], [ 110.329410718105251, 1.553469543676306 ], [ 110.329426034909432, 1.553499798494034 ], [ 110.329449892181955, 1.553523809258554 ], [ 110.329479954606924, 1.553539225628943 ], [ 110.329513279464692, 1.553544538543288 ], [ 110.329546604685802, 1.553539227936421 ], [ 110.329576668165103, 1.553523813647369 ], [ 110.329600527079492, 1.553499804534068 ], [ 110.32961584595202, 1.553469550775824 ], [ 110.329621125264765, 1.553436013821418 ] ] ] ] } },
{ "type": "Feature", "properties": { "fid_1": 220.0, "Lokasi": "Jalan_Satok", "Pemilik": "Dbku", "Tarikh_Dit": null, "Jenis_Poko": "TB2_Bucida", "Tinggi_Pok": 4.0, "Silara_Pok": 0.0, "Catatan": null, "Ukur_Lilit": 11, "Northing": null, "Easthing": null, "Ln_TAGB_": 4.065, "TAGB": 58.265, "CO2_Stock": 29.133 }, "geometry": { "type": "MultiPolygon", "coordinates": [ [ [ [ 110.329571869317419, 1.55344100597967 ], [ 110.329566592295166, 1.553407468660232 ], [ 110.329551275489479, 1.553377213842038 ], [ 110.329527418216301, 1.553353203077565 ], [ 110.329497355791958, 1.553337786707693 ], [ 110.329464030935938, 1.553332473794043 ], [ 110.329430705717115, 1.553337784401423 ], [ 110.329400642239818, 1.553353198690451 ], [ 110.329376783326381, 1.553377207803038 ], [ 110.329361464453314, 1.553407461560003 ], [ 110.329356185138664, 1.553440998512926 ], [ 110.329361462158772, 1.553474535831346 ], [ 110.329376778962441, 1.553504790649021 ], [ 110.329400636234482, 1.553528801413659 ], [ 110.329430698659053, 1.553544217784302 ], [ 110.329464023516536, 1.553549530699105 ], [ 110.329497348737519, 1.553544220092734 ], [ 110.329527412216834, 1.553528805804242 ], [ 110.329551271131393, 1.553504796691473 ], [ 110.329566590004234, 1.553474542933702 ], [ 110.329571869317419, 1.55344100597967 ] ] ] ] } },
{ "type": "Feature", "properties": { "fid_1": 221.0, "Lokasi": "Jalan_Satok", "Pemilik": "Dbku", "Tarikh_Dit": null, "Jenis_Poko": "TB2_Bucida", "Tinggi_Pok": 5.0, "Silara_Pok": 0.0, "Catatan": null, "Ukur_Lilit": 13, "Northing": null, "Easthing": null, "Ln_TAGB_": 4.432, "TAGB": 84.099, "CO2_Stock": 42.05 }, "geometry": { "type": "MultiPolygon", "coordinates": [ [ [ [ 110.329338620315298, 1.553453683110034 ], [ 110.329333343295318, 1.553420145791568 ], [ 110.329318026492075, 1.553389890973574 ], [ 110.329294169221214, 1.553365880208506 ], [ 110.329264106798831, 1.553350463837312 ], [ 110.329230781944233, 1.553345150921726 ], [ 110.329197456726178, 1.553350461526773 ], [ 110.329167393248895, 1.553365875813266 ], [ 110.329143534334719, 1.5533898849234 ], [ 110.32912821546023, 1.553420138678203 ], [ 110.329122936143648, 1.553453675629459 ], [ 110.329128213161454, 1.553487212946925 ], [ 110.329143529962707, 1.553517467764401 ], [ 110.329167387232445, 1.55354147852964 ], [ 110.329197449655041, 1.55355689490161 ], [ 110.329230774511103, 1.55356220781833 ], [ 110.329264099731319, 1.553556897214296 ], [ 110.329294163210605, 1.553541482928332 ], [ 110.329318022125918, 1.553517473818036 ], [ 110.329333341000165, 1.553487220062437 ], [ 110.329338620315298, 1.553453683110034 ] ] ] ] } },
{ "type": "Feature", "properties": { "fid_1": 222.0, "Lokasi": "Jalan_Satok", "Pemilik": "Dbku", "Tarikh_Dit": null, "Jenis_Poko": "TB2_Bucida", "Tinggi_Pok": 4.0, "Silara_Pok": 0.0, "Catatan": null, "Ukur_Lilit": 14, "Northing": null, "Easthing": null, "Ln_TAGB_": 4.594, "TAGB": 98.889, "CO2_Stock": 49.444 }, "geometry": { "type": "MultiPolygon", "coordinates": [ [ [ [ 110.329278714433286, 1.553456611843744 ], [ 110.329273437413903, 1.553423074525516 ], [ 110.329258120611257, 1.553392819707581 ], [ 110.329234263341007, 1.553368808942355 ], [ 110.329204200919122, 1.553353392570832 ], [ 110.329170876064893, 1.553348079654742 ], [ 110.329137550847051, 1.553353390259174 ], [ 110.329107487369782, 1.553368804545036 ], [ 110.329083628455408, 1.553392813654533 ], [ 110.329068309580563, 1.553423067408777 ], [ 110.329063030263498, 1.553456604359623 ], [ 110.329068307280707, 1.553490141676835 ], [ 110.329083624081335, 1.553520396494267 ], [ 110.329107481350462, 1.553544407259648 ], [ 110.329137543772575, 1.553559823631961 ], [ 110.329170868628253, 1.553565136549179 ], [ 110.329204193848255, 1.553559825945749 ], [ 110.32923425732757, 1.553544411660428 ], [ 110.329258116243039, 1.553520402550754 ], [ 110.32927343511767, 1.553490148795711 ], [ 110.329278714433286, 1.553456611843744 ] ] ] ] } },
{ "type": "Feature", "properties": { "fid_1": 223.0, "Lokasi": "Jalan_Satok", "Pemilik": "Dbku", "Tarikh_Dit": null, "Jenis_Poko": "TB2_Bucida", "Tinggi_Pok": 5.0, "Silara_Pok": 0.0, "Catatan": null, "Ukur_Lilit": 12, "Northing": null, "Easthing": null, "Ln_TAGB_": 4.256, "TAGB": 70.527, "CO2_Stock": 35.264 }, "geometry": { "type": "MultiPolygon", "coordinates": [ [ [ [ 110.328946436474297, 1.553469125526269 ], [ 110.328941159458154, 1.553435588209396 ], [ 110.328925842658975, 1.553405333391717 ], [ 110.328901985392008, 1.553381322625631 ], [ 110.328871922972951, 1.553365906252238 ], [ 110.328838598120811, 1.553360593333428 ], [ 110.328805272904091, 1.553365903934559 ], [ 110.328775209426894, 1.553381318216855 ], [ 110.328751350511538, 1.553405327322899 ], [ 110.328736031634747, 1.55343558107411 ], [ 110.328730752314925, 1.553469118022658 ], [ 110.328736029328894, 1.553502655338521 ], [ 110.328751346126083, 1.553532910155695 ], [ 110.328775203391928, 1.553556920921913 ], [ 110.328805265811198, 1.55357233729613 ], [ 110.328838590664816, 1.553577650216054 ], [ 110.328871915883667, 1.553572339615941 ], [ 110.328901979362882, 1.553556925334152 ], [ 110.328925838279346, 1.553532916227965 ], [ 110.328941157155938, 1.553502662475938 ], [ 110.328946436474297, 1.553469125526269 ] ] ] ] } },
{ "type": "Feature", "properties": { "fid_1": 224.0, "Lokasi": "Jalan_Satok", "Pemilik": "Dbku", "Tarikh_Dit": null, "Jenis_Poko": "TB2_Bucida", "Tinggi_Pok": 5.0, "Silara_Pok": 0.0, "Catatan": null, "Ukur_Lilit": 16, "Northing": null, "Easthing": null, "Ln_TAGB_": 4.888, "TAGB": 132.688, "CO2_Stock": 66.344 }, "geometry": { "type": "MultiPolygon", "coordinates": [ [ [ [ 110.328888926827517, 1.553469924272975 ], [ 110.328883649811942, 1.553436386956336 ], [ 110.328868333013332, 1.553406132138675 ], [ 110.328844475746934, 1.553382121372458 ], [ 110.328814413328388, 1.553366704998734 ], [ 110.328781088476632, 1.553361392079437 ], [ 110.328747763260111, 1.553366702680025 ], [ 110.328717699782942, 1.553382116961737 ], [ 110.32869384086743, 1.553406126067167 ], [ 110.328678521990312, 1.553436379817877 ], [ 110.328673242670021, 1.553469916766046 ], [ 110.32867851968345, 1.553503454081673 ], [ 110.328693836480028, 1.553533708898799 ], [ 110.328717693745304, 1.553557719665186 ], [ 110.328747756164063, 1.553573136039703 ], [ 110.328781081017311, 1.553578448960109 ], [ 110.328814406235949, 1.553573138360557 ], [ 110.328844469715165, 1.553557724079383 ], [ 110.328868328631771, 1.55353371497377 ], [ 110.32888364750869, 1.553503461222253 ], [ 110.328888926827517, 1.553469924272975 ] ] ] ] } },
{ "type": "Feature", "properties": { "fid_1": 225.0, "Lokasi": "Jalan_Satok", "Pemilik": "Dbku", "Tarikh_Dit": null, "Jenis_Poko": "TB2_Bucida", "Tinggi_Pok": 5.0, "Silara_Pok": 0.0, "Catatan": null, "Ukur_Lilit": 11, "Northing": null, "Easthing": null, "Ln_TAGB_": 4.065, "TAGB": 58.265, "CO2_Stock": 29.133 }, "geometry": { "type": "MultiPolygon", "coordinates": [ [ [ [ 110.328837807141625, 1.55347578173847 ], [ 110.328832530126576, 1.553442244422032 ], [ 110.328817213328492, 1.553411989604449 ], [ 110.328793356062604, 1.553387978838097 ], [ 110.328763293644471, 1.553372562464084 ], [ 110.328729968792999, 1.553367249544359 ], [ 110.32869664357662, 1.553372560144419 ], [ 110.328666580099423, 1.553387974425524 ], [ 110.328642721183712, 1.553411983530405 ], [ 110.328627402306267, 1.553442237280609 ], [ 110.328622122985507, 1.553475774228405 ], [ 110.328627399998425, 1.553509311543786 ], [ 110.328642716794491, 1.553539566360863 ], [ 110.328666574059255, 1.55356357712737 ], [ 110.328696636477602, 1.553578993502183 ], [ 110.328729961330552, 1.553584306423023 ], [ 110.328763286549076, 1.553578995823995 ], [ 110.328793350028292, 1.553563581543408 ], [ 110.328817208945111, 1.553539572438356 ], [ 110.328832527822357, 1.553509318687353 ], [ 110.328837807141625, 1.55347578173847 ] ] ] ] } },
{ "type": "Feature", "properties": { "fid_1": 226.0, "Lokasi": "Jalan_Satok", "Pemilik": "Dbku", "Tarikh_Dit": null, "Jenis_Poko": "TB2_Bucida", "Tinggi_Pok": 5.0, "Silara_Pok": 0.0, "Catatan": null, "Ukur_Lilit": 14, "Northing": null, "Easthing": null, "Ln_TAGB_": 4.594, "TAGB": 98.889, "CO2_Stock": 49.444 }, "geometry": { "type": "MultiPolygon", "coordinates": [ [ [ [ 110.328760062619253, 1.553481905453059 ], [ 110.328754785604985, 1.553448368136975 ], [ 110.328739468807711, 1.553418113319454 ], [ 110.328715611542577, 1.553394102552906 ], [ 110.328685549125098, 1.553378686178447 ], [ 110.328652224274066, 1.553373373258091 ], [ 110.328618899057929, 1.553378683857343 ], [ 110.328588835580717, 1.5533940981376 ], [ 110.328564976664765, 1.553418107241636 ], [ 110.328549657786809, 1.553448360991105 ], [ 110.328544378465423, 1.553481897938335 ], [ 110.328549655477545, 1.553515435253374 ], [ 110.328564972272787, 1.553545690070367 ], [ 110.328588829536798, 1.553569700837086 ], [ 110.32861889195452, 1.553585117212344 ], [ 110.328652216807001, 1.553590430133822 ], [ 110.328685542025283, 1.553585119535592 ], [ 110.328715605504513, 1.553569705255864 ], [ 110.328739464421602, 1.55354569615166 ], [ 110.328754783299331, 1.553515442401388 ], [ 110.328760062619253, 1.553481905453059 ] ] ] ] } },
{ "type": "Feature", "properties": { "fid_1": 227.0, "Lokasi": "Jalan_Satok", "Pemilik": "Dbku", "Tarikh_Dit": null, "Jenis_Poko": "TB2_Bucida", "Tinggi_Pok": 5.0, "Silara_Pok": 0.0, "Catatan": null, "Ukur_Lilit": 10, "Northing": null, "Easthing": null, "Ln_TAGB_": 3.855, "TAGB": 47.229, "CO2_Stock": 23.614 }, "geometry": { "type": "MultiPolygon", "coordinates": [ [ [ [ 110.32867938936478, 1.553483769193901 ], [ 110.32867411235128, 1.553450231878136 ], [ 110.32865879555483, 1.553419977060671 ], [ 110.32863493829052, 1.553395966293918 ], [ 110.328604875873708, 1.553380549919018 ], [ 110.328571551023217, 1.553375236997983 ], [ 110.328538225807378, 1.553380547596449 ], [ 110.328508162330195, 1.553395961875839 ], [ 110.328484303413987, 1.553419970979061 ], [ 110.328468984535576, 1.553450224727807 ], [ 110.328463705213537, 1.553483761674463 ], [ 110.328468982224877, 1.553517298989219 ], [ 110.328484299019294, 1.553547553806145 ], [ 110.32850815628251, 1.553571564573064 ], [ 110.328538218699521, 1.553586980948772 ], [ 110.328571543551476, 1.553592293870913 ], [ 110.328604868769474, 1.553586983273479 ], [ 110.328634932248676, 1.553571568994598 ], [ 110.328658791165992, 1.553547559891227 ], [ 110.32867411004419, 1.553517306141682 ], [ 110.32867938936478, 1.553483769193901 ] ] ] ] } },
{ "type": "Feature", "properties": { "fid_1": 228.0, "Lokasi": "Jalan_Satok", "Pemilik": "Dbku", "Tarikh_Dit": null, "Jenis_Poko": "TB2_Bucida", "Tinggi_Pok": 5.0, "Silara_Pok": 0.0, "Catatan": null, "Ukur_Lilit": 12, "Northing": null, "Easthing": null, "Ln_TAGB_": 4.256, "TAGB": 70.527, "CO2_Stock": 35.264 }, "geometry": { "type": "MultiPolygon", "coordinates": [ [ [ [ 110.32847043629026, 1.553497174394872 ], [ 110.328465159278807, 1.553463637080001 ], [ 110.328449842484559, 1.55343338226272 ], [ 110.328425985222296, 1.553409371495447 ], [ 110.328395922807232, 1.553393955119335 ], [ 110.328362597958005, 1.553388642196575 ], [ 110.32832927274282, 1.553393952792929 ], [ 110.328299209265637, 1.553409367070055 ], [ 110.328275350348761, 1.553433376171027 ], [ 110.328260031469071, 1.553463629917819 ], [ 110.32825475214527, 1.553497166863001 ], [ 110.328260029154549, 1.55353070417686 ], [ 110.328275345946793, 1.5535609589936 ], [ 110.328299203207933, 1.553584969761044 ], [ 110.328329265623211, 1.553600386137946 ], [ 110.328362590473901, 1.553605699061816 ], [ 110.328395915691232, 1.553600388466517 ], [ 110.328425979170447, 1.553584974189904 ], [ 110.328449838088432, 1.553560965088764 ], [ 110.328465156967908, 1.553530711341163 ], [ 110.32847043629026, 1.553497174394872 ] ] ] ] } },
{ "type": "Feature", "properties": { "fid_1": 229.0, "Lokasi": "Jalan_Satok", "Pemilik": "Dbku", "Tarikh_Dit": null, "Jenis_Poko": "TB2_Bucida", "Tinggi_Pok": 5.0, "Silara_Pok": 0.0, "Catatan": null, "Ukur_Lilit": 12, "Northing": null, "Easthing": null, "Ln_TAGB_": 4.256, "TAGB": 70.527, "CO2_Stock": 35.264 }, "geometry": { "type": "MultiPolygon", "coordinates": [ [ [ [ 110.328429167793772, 1.553500103128032 ], [ 110.328423890782744, 1.553466565813339 ], [ 110.328408573988909, 1.553436310996105 ], [ 110.328384716727044, 1.553412300228725 ], [ 110.328354654312335, 1.553396883852371 ], [ 110.32832132946335, 1.553391570929278 ], [ 110.328288004248293, 1.553396881525217 ], [ 110.328257940771095, 1.553412295801891 ], [ 110.328234081854106, 1.55343630490243 ], [ 110.328218762974146, 1.553466558648817 ], [ 110.328213483649989, 1.553500095593703 ], [ 110.328218760658871, 1.553533632907383 ], [ 110.328234077450688, 1.553563887724092 ], [ 110.328257934711417, 1.55358789849163 ], [ 110.328287997126353, 1.553603314868787 ], [ 110.328321321976787, 1.553608627793002 ], [ 110.328354647194004, 1.553603317198095 ], [ 110.328384710673205, 1.553587902921949 ], [ 110.328408569591332, 1.553563893821239 ], [ 110.328423888471079, 1.553533640074043 ], [ 110.328429167793772, 1.553500103128032 ] ] ] ] } },
{ "type": "Feature", "properties": { "fid_1": 230.0, "Lokasi": "Jalan_Satok", "Pemilik": "Dbku", "Tarikh_Dit": null, "Jenis_Poko": "TB2_Bucida", "Tinggi_Pok": 5.0, "Silara_Pok": 0.0, "Catatan": null, "Ukur_Lilit": 12, "Northing": null, "Easthing": null, "Ln_TAGB_": 4.256, "TAGB": 70.527, "CO2_Stock": 35.264 }, "geometry": { "type": "MultiPolygon", "coordinates": [ [ [ [ 110.328269951271906, 1.553510220570434 ], [ 110.328264674262456, 1.553476683256402 ], [ 110.328249357470256, 1.553446428439318 ], [ 110.328225500209967, 1.553422417671519 ], [ 110.328195437796595, 1.55340700129428 ], [ 110.32816211294859, 1.553401688369861 ], [ 110.32812878773403, 1.553406998964184 ], [ 110.328098724256833, 1.553422413239114 ], [ 110.328074865339303, 1.553446422337965 ], [ 110.328059546458391, 1.553476676082862 ], [ 110.328054267132899, 1.553510213026608 ], [ 110.328059544140203, 1.553543750339611 ], [ 110.328074860930357, 1.553574005156192 ], [ 110.328098718189537, 1.553598015924134 ], [ 110.328128780603123, 1.553613432302169 ], [ 110.328162105452606, 1.553618745227718 ], [ 110.328195430669297, 1.553613434634415 ], [ 110.328225494148512, 1.553598020360013 ], [ 110.328249353067164, 1.553574011260987 ], [ 110.328264671947878, 1.553543757515298 ], [ 110.328269951271906, 1.553510220570434 ] ] ] ] } },
{ "type": "Feature", "properties": { "fid_1": 231.0, "Lokasi": "Jalan_Satok", "Pemilik": "Dbku", "Tarikh_Dit": null, "Jenis_Poko": "TB2_Bucida", "Tinggi_Pok": 6.0, "Silara_Pok": 0.0, "Catatan": null, "Ukur_Lilit": 12, "Northing": null, "Easthing": null, "Ln_TAGB_": 4.256, "TAGB": 70.527, "CO2_Stock": 35.264 }, "geometry": { "type": "MultiPolygon", "coordinates": [ [ [ [ 110.328222026566309, 1.553512883055417 ], [ 110.328216749557313, 1.553479345741583 ], [ 110.328201432765638, 1.553449090924529 ], [ 110.328177575505819, 1.553425080156639 ], [ 110.328147513092844, 1.553409663779108 ], [ 110.328114188245124, 1.553404350854297 ], [ 110.328080863030735, 1.553409661448133 ], [ 110.328050799553537, 1.553425075722536 ], [ 110.328026940635866, 1.55344908482089 ], [ 110.328011621754655, 1.553479338565353 ], [ 110.328006342428765, 1.553512875508751 ], [ 110.3280116194356, 1.553546412821553 ], [ 110.328026936225257, 1.553576667638091 ], [ 110.328050793483953, 1.553600678406159 ], [ 110.328080855897142, 1.553616094784479 ], [ 110.328114180746326, 1.553621407710403 ], [ 110.32814750596286, 1.553616097117608 ], [ 110.328177569442076, 1.553600682843717 ], [ 110.32820142836087, 1.553576673745192 ], [ 110.328216747241868, 1.553546419999942 ], [ 110.328222026566309, 1.553512883055417 ] ] ] ] } },
{ "type": "Feature", "properties": { "fid_1": 232.0, "Lokasi": "Jalan_Satok", "Pemilik": "Dbku", "Tarikh_Dit": null, "Jenis_Poko": "TB2_Bucida", "Tinggi_Pok": 6.0, "Silara_Pok": 0.0, "Catatan": null, "Ukur_Lilit": 16, "Northing": null, "Easthing": null, "Ln_TAGB_": 4.888, "TAGB": 132.688, "CO2_Stock": 66.344 }, "geometry": { "type": "MultiPolygon", "coordinates": [ [ [ [ 110.328161321939191, 1.553515545540806 ], [ 110.328156044930779, 1.553482008227218 ], [ 110.328140728139743, 1.553451753410213 ], [ 110.328116870880521, 1.553427742642145 ], [ 110.328086808468058, 1.553412326264294 ], [ 110.328053483620721, 1.553407013338988 ], [ 110.328020158406531, 1.553412323932209 ], [ 110.327990094929348, 1.553427738205989 ], [ 110.327966236011505, 1.553451747303674 ], [ 110.327950917129925, 1.553482001047584 ], [ 110.327945637803523, 1.553515537990566 ], [ 110.327950914809762, 1.553549075303113 ], [ 110.327966231598793, 1.553579330119602 ], [ 110.327990088856893, 1.553603340887836 ], [ 110.328020151269556, 1.553618757266498 ], [ 110.32805347611837, 1.553624070192926 ], [ 110.328086801334706, 1.553618759600704 ], [ 110.328116864813921, 1.553603345327485 ], [ 110.328140723732901, 1.553579336229613 ], [ 110.328156042614253, 1.553549082484898 ], [ 110.328161321939191, 1.553515545540806 ] ] ] ] } },
{ "type": "Feature", "properties": { "fid_1": 233.0, "Lokasi": "Jalan_Satok", "Pemilik": "Dbku", "Tarikh_Dit": null, "Jenis_Poko": "TB2_Bucida", "Tinggi_Pok": 4.0, "Silara_Pok": 0.0, "Catatan": null, "Ukur_Lilit": 15, "Northing": null, "Easthing": null, "Ln_TAGB_": 4.746, "TAGB": 115.123, "CO2_Stock": 57.562 }, "geometry": { "type": "MultiPolygon", "coordinates": [ [ [ [ 110.327957641940401, 1.55352805921971 ], [ 110.327952364934049, 1.553494521906976 ], [ 110.327937048145074, 1.553464267090156 ], [ 110.327913190887884, 1.553440256321584 ], [ 110.32788312847714, 1.55342483994256 ], [ 110.327849803631025, 1.553419527015573 ], [ 110.327816478417489, 1.55342483760675 ], [ 110.327786414940306, 1.553440251878282 ], [ 110.32776255602181, 1.553464260973829 ], [ 110.327747237138993, 1.553494514715823 ], [ 110.327741957810886, 1.553528051657363 ], [ 110.327747234815121, 1.553561588969075 ], [ 110.327762551602035, 1.553591843785363 ], [ 110.327786408858117, 1.553615854554094 ], [ 110.327816471269088, 1.55363127093391 ], [ 110.327849796116638, 1.553636583862032 ], [ 110.327883121332349, 1.553631273271883 ], [ 110.327913184811536, 1.553615859000867 ], [ 110.327937043731154, 1.553591849905155 ], [ 110.327952362613772, 1.55356159616235 ], [ 110.327957641940401, 1.55352805921971 ] ] ] ] } },
{ "type": "Feature", "properties": { "fid_1": 234.0, "Lokasi": "Jalan_Satok", "Pemilik": "Dbku", "Tarikh_Dit": null, "Jenis_Poko": "TB2_Bucida", "Tinggi_Pok": 4.0, "Silara_Pok": 0.0, "Catatan": null, "Ukur_Lilit": 12, "Northing": null, "Easthing": null, "Ln_TAGB_": 4.256, "TAGB": 70.527, "CO2_Stock": 35.264 }, "geometry": { "type": "MultiPolygon", "coordinates": [ [ [ [ 110.327811737836726, 1.553537111668223 ], [ 110.327806460831795, 1.553503574356115 ], [ 110.327791144044369, 1.553473319539415 ], [ 110.3277672867886, 1.553449308770485 ], [ 110.327737224379078, 1.553433892390635 ], [ 110.327703899533859, 1.553428579462423 ], [ 110.327670574320805, 1.553433890052136 ], [ 110.327640510843608, 1.55344930432207 ], [ 110.327616651924643, 1.553473313416071 ], [ 110.327601333040931, 1.553503567156717 ], [ 110.327596053711602, 1.553537104097199 ], [ 110.327601330714387, 1.553570641408293 ], [ 110.327616647499781, 1.553600896224463 ], [ 110.327640504754456, 1.553624906993551 ], [ 110.327670567164191, 1.5536403233742 ], [ 110.327703892010859, 1.553645636303547 ], [ 110.327737217226087, 1.553640325714856 ], [ 110.327767280705274, 1.553624911445438 ], [ 110.32779113962539, 1.553600902351277 ], [ 110.327806458508874, 1.553570648609836 ], [ 110.327811737836726, 1.553537111668223 ] ] ] ] } },
{ "type": "Feature", "properties": { "fid_1": 235.0, "Lokasi": "Jalan_Satok", "Pemilik": "Dbku", "Tarikh_Dit": null, "Jenis_Poko": "TB2_Bucida", "Tinggi_Pok": 4.0, "Silara_Pok": 0.0, "Catatan": null, "Ukur_Lilit": 11, "Northing": null, "Easthing": null, "Ln_TAGB_": 4.065, "TAGB": 58.265, "CO2_Stock": 29.133 }, "geometry": { "type": "MultiPolygon", "coordinates": [ [ [ [ 110.327541528619022, 1.553550512759231 ], [ 110.327536251616749, 1.553516975448238 ], [ 110.327520934832108, 1.553486720631777 ], [ 110.327497077579011, 1.553462709862159 ], [ 110.327467015171791, 1.553447293480779 ], [ 110.327433690328235, 1.553441980550325 ], [ 110.327400365116063, 1.55344729113734 ], [ 110.327370301638922, 1.553462705404378 ], [ 110.327346442719104, 1.553486714495523 ], [ 110.327331123833773, 1.553516968233664 ], [ 110.327325844502198, 1.553550505172252 ], [ 110.327331121502326, 1.553584042482223 ], [ 110.327346438284948, 1.553614297298175 ], [ 110.327370295536909, 1.55363830806796 ], [ 110.327400357944356, 1.553653724450145 ], [ 110.327433682789362, 1.553659037381689 ], [ 110.327467008003708, 1.553653726795707 ], [ 110.327497071482867, 1.553638312529193 ], [ 110.327520930403807, 1.553614303437893 ], [ 110.327536249288912, 1.553584049698943 ], [ 110.327541528619022, 1.553550512759231 ] ] ] ] } },
{ "type": "Feature", "properties": { "fid_1": 236.0, "Lokasi": "Jalan_Satok", "Pemilik": "Dbku", "Tarikh_Dit": null, "Jenis_Poko": "TB2_Bucida", "Tinggi_Pok": 4.0, "Silara_Pok": 0.0, "Catatan": null, "Ukur_Lilit": 14, "Northing": null, "Easthing": null, "Ln_TAGB_": 4.594, "TAGB": 98.889, "CO2_Stock": 49.444 }, "geometry": { "type": "MultiPolygon", "coordinates": [ [ [ [ 110.327210315653929, 1.553575273866562 ], [ 110.327205038654924, 1.553541736556989 ], [ 110.327189721873722, 1.553511481740849 ], [ 110.327165864623879, 1.553487470970405 ], [ 110.327135802219416, 1.553472054587119 ], [ 110.327102477377849, 1.553466741653922 ], [ 110.327069152166686, 1.553472052237559 ], [ 110.327039088689503, 1.553487466500956 ], [ 110.327015229768591, 1.553511475588532 ], [ 110.326999910881199, 1.553541729323558 ], [ 110.32699463154681, 1.553575266259749 ], [ 110.326999908543655, 1.553608803568297 ], [ 110.327015225322839, 1.553639058383921 ], [ 110.327039082571559, 1.553663069154542 ], [ 110.32706914497625, 1.553678485538599 ], [ 110.32710246981928, 1.553683798472931 ], [ 110.327135795032575, 1.553678487890312 ], [ 110.327165858511805, 1.553663073627443 ], [ 110.327189717433839, 1.553639064539696 ], [ 110.327205036321018, 1.553608810803882 ], [ 110.327210315653929, 1.553575273866562 ] ] ] ] } },
{ "type": "Feature", "properties": { "fid_1": 237.0, "Lokasi": "Jalan_Satok", "Pemilik": "Dbku", "Tarikh_Dit": null, "Jenis_Poko": "TB2_Bucida", "Tinggi_Pok": 4.0, "Silara_Pok": 0.0, "Catatan": null, "Ukur_Lilit": 14, "Northing": null, "Easthing": null, "Ln_TAGB_": 4.594, "TAGB": 98.889, "CO2_Stock": 49.444 }, "geometry": { "type": "MultiPolygon", "coordinates": [ [ [ [ 110.327079853955183, 1.553577403857163 ], [ 110.327074576957443, 1.553543866548107 ], [ 110.327059260177592, 1.553513611732053 ], [ 110.327035402929056, 1.553489600961261 ], [ 110.327005340525687, 1.553474184577258 ], [ 110.326972015684987, 1.553468871642993 ], [ 110.326938690474307, 1.553474182225351 ], [ 110.326908626997167, 1.553489596487369 ], [ 110.326884768075885, 1.553513605573612 ], [ 110.326869449187768, 1.55354385930747 ], [ 110.326864169852328, 1.553577396242784 ], [ 110.326869446847908, 1.553610933550817 ], [ 110.326884763625742, 1.553641188366355 ], [ 110.326908620873155, 1.553665199137302 ], [ 110.326938683276722, 1.553680615522095 ], [ 110.326972008118886, 1.553685928457481 ], [ 110.327005333331726, 1.553680617876136 ], [ 110.327035396810885, 1.553665203614649 ], [ 110.327059255733289, 1.553641194528236 ], [ 110.327074574621193, 1.553610940793592 ], [ 110.327079853955183, 1.553577403857163 ] ] ] ] } },
{ "type": "Feature", "properties": { "fid_1": 238.0, "Lokasi": "Jalan_Satok", "Pemilik": "Dbku", "Tarikh_Dit": null, "Jenis_Poko": "TB2_Bucida", "Tinggi_Pok": 4.0, "Silara_Pok": 0.0, "Catatan": null, "Ukur_Lilit": 12, "Northing": null, "Easthing": null, "Ln_TAGB_": 4.256, "TAGB": 70.527, "CO2_Stock": 35.264 }, "geometry": { "type": "MultiPolygon", "coordinates": [ [ [ [ 110.32676887586554, 1.553595508754748 ], [ 110.326763598870855, 1.553561971447002 ], [ 110.326748282094229, 1.553531716631217 ], [ 110.326724424848763, 1.553507705859654 ], [ 110.326694362448023, 1.55349228947388 ], [ 110.326661037609213, 1.553486976537053 ], [ 110.326627712399542, 1.553492287116281 ], [ 110.32659764892243, 1.553507701374927 ], [ 110.326573790000154, 1.553531710457877 ], [ 110.326558471110147, 1.553561964188829 ], [ 110.326553191772106, 1.553595501121941 ], [ 110.326558468764631, 1.553629038428668 ], [ 110.326573785539225, 1.553659293243922 ], [ 110.326597642783582, 1.553683304015655 ], [ 110.326627705184535, 1.553698720402219 ], [ 110.326661030024809, 1.553704033340167 ], [ 110.32669435523664, 1.553698722761951 ], [ 110.326724418715784, 1.553683308503844 ], [ 110.326748277639155, 1.553659299420736 ], [ 110.326763596528963, 1.553629045688976 ], [ 110.32676887586554, 1.553595508754748 ] ] ] ] } },
{ "type": "Feature", "properties": { "fid_1": 239.0, "Lokasi": "Jalan_Satok", "Pemilik": "Dbku", "Tarikh_Dit": null, "Jenis_Poko": "TB2_Bucida", "Tinggi_Pok": 6.0, "Silara_Pok": 0.0, "Catatan": null, "Ukur_Lilit": 13, "Northing": null, "Easthing": null, "Ln_TAGB_": 4.432, "TAGB": 84.099, "CO2_Stock": 42.05 }, "geometry": { "type": "MultiPolygon", "coordinates": [ [ [ [ 110.326709768728634, 1.553598171240064 ], [ 110.32670449173456, 1.553564633932556 ], [ 110.326689174958531, 1.553534379116813 ], [ 110.326665317713648, 1.553510368345106 ], [ 110.326635255313406, 1.553494951958992 ], [ 110.326601930474965, 1.553489639021679 ], [ 110.326568605265493, 1.553494949600328 ], [ 110.326538541788381, 1.553510363858334 ], [ 110.326514682865934, 1.553534372940647 ], [ 110.326499363975586, 1.553564626671079 ], [ 110.326494084637034, 1.553598163603758 ], [ 110.32649936162899, 1.553631700910262 ], [ 110.326514678402972, 1.553661955725463 ], [ 110.326538535646748, 1.553685966497332 ], [ 110.326568598047203, 1.553701382884249 ], [ 110.326601922887093, 1.553706695822689 ], [ 110.326635248098725, 1.553701385245063 ], [ 110.326665311577855, 1.553685970987578 ], [ 110.32668917050141, 1.553661961905098 ], [ 110.326704489391574, 1.553631708173883 ], [ 110.326709768728634, 1.553598171240064 ] ] ] ] } },
{ "type": "Feature", "properties": { "fid_1": 240.0, "Lokasi": "Jalan_Satok", "Pemilik": "Dbku", "Tarikh_Dit": null, "Jenis_Poko": "TB2_Bucida", "Tinggi_Pok": 4.0, "Silara_Pok": 0.0, "Catatan": null, "Ukur_Lilit": 14, "Northing": null, "Easthing": null, "Ln_TAGB_": 4.594, "TAGB": 98.889, "CO2_Stock": 49.444 }, "geometry": { "type": "MultiPolygon", "coordinates": [ [ [ [ 110.326643206637655, 1.553606158692905 ], [ 110.326637929644221, 1.553572621385713 ], [ 110.326622612868903, 1.55354236657005 ], [ 110.326598755624673, 1.553518355798158 ], [ 110.326568693224957, 1.553502939411695 ], [ 110.326535368386885, 1.553497626473786 ], [ 110.326502043177598, 1.55350293705174 ], [ 110.326471979700443, 1.553518351308995 ], [ 110.326448120777755, 1.553542360390584 ], [ 110.326432801886952, 1.553572614120342 ], [ 110.326427522547831, 1.553606151052519 ], [ 110.326432799539106, 1.553639688358711 ], [ 110.326448116312406, 1.553669943173837 ], [ 110.326471973555527, 1.553693953945893 ], [ 110.326502035955457, 1.553709370333158 ], [ 110.326535360794949, 1.553714683272172 ], [ 110.326568686006425, 1.553709372695244 ], [ 110.326598749485584, 1.553693958438524 ], [ 110.326622608409394, 1.553669949356786 ], [ 110.326637927299998, 1.553639695626217 ], [ 110.326643206637655, 1.553606158692905 ] ] ] ] } },
{ "type": "Feature", "properties": { "fid_1": 241.0, "Lokasi": "Jalan_Satok", "Pemilik": "Dbku", "Tarikh_Dit": null, "Jenis_Poko": "TB2_Bucida", "Tinggi_Pok": 6.0, "Silara_Pok": 0.0, "Catatan": null, "Ukur_Lilit": 14, "Northing": null, "Easthing": null, "Ln_TAGB_": 4.594, "TAGB": 98.889, "CO2_Stock": 49.444 }, "geometry": { "type": "MultiPolygon", "coordinates": [ [ [ [ 110.326459170652072, 1.553605492307557 ], [ 110.326453893660442, 1.553571955001053 ], [ 110.326438576887, 1.5535417001855 ], [ 110.326414719644617, 1.553517689413145 ], [ 110.326384657246521, 1.553502273025632 ], [ 110.326351332409672, 1.553496960086275 ], [ 110.326318007201081, 1.553502270662439 ], [ 110.326287943724054, 1.553517684917778 ], [ 110.326264084800883, 1.553541693997522 ], [ 110.326248765909057, 1.553571947725677 ], [ 110.326243486568487, 1.553605484656629 ], [ 110.326248763558013, 1.55363902196212 ], [ 110.326264080329395, 1.553669276777133 ], [ 110.326287937570669, 1.55369328754966 ], [ 110.326317999968964, 1.553708703937983 ], [ 110.326351324807277, 1.553714016878463 ], [ 110.326384650018028, 1.553708706303307 ], [ 110.326414713497073, 1.553693292048499 ], [ 110.326438572421353, 1.553669282968597 ], [ 110.326453891312966, 1.553639029239639 ], [ 110.326459170652072, 1.553605492307557 ] ] ] ] } },
{ "type": "Feature", "properties": { "fid_1": 242.0, "Lokasi": "Jalan_Satok", "Pemilik": "Dbku", "Tarikh_Dit": null, "Jenis_Poko": "TB2_Bucida", "Tinggi_Pok": 4.0, "Silara_Pok": 0.0, "Catatan": null, "Ukur_Lilit": 14, "Northing": null, "Easthing": null, "Ln_TAGB_": 4.594, "TAGB": 98.889, "CO2_Stock": 49.444 }, "geometry": { "type": "MultiPolygon", "coordinates": [ [ [ [ 110.326385686103436, 1.553607622296553 ], [ 110.326380409112517, 1.553574084990349 ], [ 110.326365092339856, 1.553543830174859 ], [ 110.326341235098198, 1.553519819402303 ], [ 110.326311172700727, 1.553504403014378 ], [ 110.326277847864347, 1.553499090074415 ], [ 110.326244522656012, 1.553504400649854 ], [ 110.326214459179013, 1.553519814904428 ], [ 110.326190600255629, 1.553543823983394 ], [ 110.32617528136339, 1.553574077710886 ], [ 110.326170002022209, 1.553607614641353 ], [ 110.326175279010982, 1.553641151946546 ], [ 110.32619059578164, 1.553671406761487 ], [ 110.326214453022189, 1.553695417534208 ], [ 110.326244515419859, 1.553710833922932 ], [ 110.326277840257688, 1.55371614686402 ], [ 110.326311165468184, 1.553710836289602 ], [ 110.326341228947214, 1.553695422035557 ], [ 110.326365087871707, 1.553671412956424 ], [ 110.326380406763732, 1.553641159228139 ], [ 110.326385686103436, 1.553607622296553 ] ] ] ] } },
{ "type": "Feature", "properties": { "fid_1": 243.0, "Lokasi": "Jalan_Satok", "Pemilik": "Dbku", "Tarikh_Dit": null, "Jenis_Poko": "TB2_Bucida", "Tinggi_Pok": 4.0, "Silara_Pok": 0.0, "Catatan": null, "Ukur_Lilit": 12, "Northing": null, "Easthing": null, "Ln_TAGB_": 4.256, "TAGB": 70.527, "CO2_Stock": 35.264 }, "geometry": { "type": "MultiPolygon", "coordinates": [ [ [ [ 110.326315396535193, 1.553609752285434 ], [ 110.326310119544942, 1.553576214979505 ], [ 110.326294802773006, 1.553545960164065 ], [ 110.326270945532031, 1.553521949391344 ], [ 110.326240883135185, 1.553506533003014 ], [ 110.326207558299231, 1.553501220062486 ], [ 110.326174233091152, 1.553506530637227 ], [ 110.326144169614167, 1.553521944891042 ], [ 110.326120310690598, 1.553545953969309 ], [ 110.326104991797948, 1.553576207696156 ], [ 110.326099712456184, 1.553609744626133 ], [ 110.326104989444289, 1.553643281931034 ], [ 110.326120306214207, 1.553673536745945 ], [ 110.326144163454032, 1.55369754751883 ], [ 110.326174225851119, 1.553712963907944 ], [ 110.326207550688508, 1.553718276849593 ], [ 110.326240875898748, 1.553712966275884 ], [ 110.326270939377764, 1.553697552022607 ], [ 110.326294798302442, 1.553673542944195 ], [ 110.326310117194893, 1.553643289216526 ], [ 110.326315396535193, 1.553609752285434 ] ] ] ] } },
{ "type": "Feature", "properties": { "fid_1": 250.0, "Lokasi": "Jalan_Satok", "Pemilik": "Dbku", "Tarikh_Dit": null, "Jenis_Poko": "TB2_Bucida", "Tinggi_Pok": 4.0, "Silara_Pok": 0.0, "Catatan": null, "Ukur_Lilit": 10, "Northing": null, "Easthing": null, "Ln_TAGB_": 3.855, "TAGB": 47.229, "CO2_Stock": 23.614 }, "geometry": { "type": "MultiPolygon", "coordinates": [ [ [ [ 110.335922212408889, 1.553203813324578 ], [ 110.335916935324434, 1.553170275979542 ], [ 110.335901618452908, 1.553140021156522 ], [ 110.33587776111672, 1.553116010408466 ], [ 110.335847698638304, 1.553100594074686 ], [ 110.335814373742465, 1.553095281213195 ], [ 110.335781048502, 1.553100591883757 ], [ 110.335750985023324, 1.553116006240785 ], [ 110.335727126128901, 1.553140015419536 ], [ 110.335711807293407, 1.553170269234356 ], [ 110.335706528031224, 1.553203806231159 ], [ 110.335711805113505, 1.5532373435752 ], [ 110.335727121983012, 1.553267598397699 ], [ 110.335750979318092, 1.553291609145924 ], [ 110.335781041796736, 1.553307025480507 ], [ 110.335814366694038, 1.55331233834312 ], [ 110.335847691936664, 1.553307027673568 ], [ 110.335877755417371, 1.553291613317048 ], [ 110.335901614312903, 1.553267604138122 ], [ 110.33591693314817, 1.553237350322494 ], [ 110.335922212408889, 1.553203813324578 ] ] ] ] } },
{ "type": "Feature", "properties": { "fid_1": 251.0, "Lokasi": "Jalan_Satok", "Pemilik": "Dbku", "Tarikh_Dit": null, "Jenis_Poko": "TB2_Bucida", "Tinggi_Pok": 4.0, "Silara_Pok": 0.0, "Catatan": null, "Ukur_Lilit": 10, "Northing": null, "Easthing": null, "Ln_TAGB_": 3.855, "TAGB": 47.229, "CO2_Stock": 23.614 }, "geometry": { "type": "MultiPolygon", "coordinates": [ [ [ [ 110.335833226288855, 1.55320854663135 ], [ 110.335827949205282, 1.553175009286685 ], [ 110.335812632334694, 1.553144754463725 ], [ 110.335788774999372, 1.553120743715448 ], [ 110.335758712521709, 1.55310532738116 ], [ 110.335725387626411, 1.553100014518924 ], [ 110.335692062386229, 1.553105325188586 ], [ 110.335661998907554, 1.553120739544649 ], [ 110.335638140012847, 1.553144748722467 ], [ 110.335622821176827, 1.553175002536468 ], [ 110.335617541913891, 1.553208539532661 ], [ 110.33562281899529, 1.553242076876317 ], [ 110.33563813586386, 1.553272331698749 ], [ 110.335661993198073, 1.553296342447211 ], [ 110.335692055675963, 1.553311758782308 ], [ 110.335725380572725, 1.553317071645643 ], [ 110.335758705815067, 1.55331176097699 ], [ 110.33578876929576, 1.553296346621439 ], [ 110.33581262819159, 1.553272337443446 ], [ 110.335827947027383, 1.553242083628646 ], [ 110.335833226288855, 1.55320854663135 ] ] ] ] } },
{ "type": "Feature", "properties": { "fid_1": 252.0, "Lokasi": "Jalan_Satok", "Pemilik": "Dbku", "Tarikh_Dit": null, "Jenis_Poko": "TB2_Bucida", "Tinggi_Pok": 4.0, "Silara_Pok": 0.0, "Catatan": null, "Ukur_Lilit": 14, "Northing": null, "Easthing": null, "Ln_TAGB_": 4.594, "TAGB": 98.889, "CO2_Stock": 49.444 }, "geometry": { "type": "MultiPolygon", "coordinates": [ [ [ [ 110.335749920133907, 1.553211386616261 ], [ 110.335744643051157, 1.553177849271932 ], [ 110.335729326181436, 1.553147594449045 ], [ 110.335705468846953, 1.553123583700532 ], [ 110.335675406369987, 1.553108167365767 ], [ 110.335642081475214, 1.553102854502864 ], [ 110.335608756235331, 1.553108165171697 ], [ 110.335578692756656, 1.553123579526874 ], [ 110.335554833861721, 1.553147588703824 ], [ 110.335539515025204, 1.553177842517066 ], [ 110.335534235761557, 1.55321137951267 ], [ 110.335539512842161, 1.553244916855999 ], [ 110.335554829709878, 1.553275171678371 ], [ 110.335578687043252, 1.553299182427052 ], [ 110.335608749520432, 1.553314598762618 ], [ 110.335642074416654, 1.553319911626645 ], [ 110.335675399658726, 1.553314600958809 ], [ 110.335705463139405, 1.553299186604159 ], [ 110.335729322035448, 1.553275177427037 ], [ 110.335744640871766, 1.553244923612993 ], [ 110.335749920133907, 1.553211386616261 ] ] ] ] } },
{ "type": "Feature", "properties": { "fid_1": 253.0, "Lokasi": "Jalan_Satok", "Pemilik": "Dbku", "Tarikh_Dit": null, "Jenis_Poko": "TB2_Bucida", "Tinggi_Pok": 4.0, "Silara_Pok": 0.0, "Catatan": null, "Ukur_Lilit": 11, "Northing": null, "Easthing": null, "Ln_TAGB_": 4.065, "TAGB": 58.265, "CO2_Stock": 29.133 }, "geometry": { "type": "MultiPolygon", "coordinates": [ [ [ [ 110.335657147370497, 1.553216119923161 ], [ 110.335651870288643, 1.553182582579197 ], [ 110.335636553419874, 1.553152327756388 ], [ 110.335612696086315, 1.553128317007642 ], [ 110.33558263361013, 1.553112900672345 ], [ 110.33554930871594, 1.55310758780866 ], [ 110.335515983476341, 1.553112898476572 ], [ 110.335485919997694, 1.553128312830745 ], [ 110.335462061102447, 1.55315232200672 ], [ 110.335446742265376, 1.553182575819099 ], [ 110.335441463000961, 1.553216112814063 ], [ 110.335446740080656, 1.553249650157013 ], [ 110.335462056947392, 1.553279904979304 ], [ 110.335485914279843, 1.553303915728225 ], [ 110.33551597675627, 1.553319332064323 ], [ 110.335549301651923, 1.553324644929127 ], [ 110.335582626893668, 1.553319334262235 ], [ 110.335612690374333, 1.553303919908574 ], [ 110.335636549270703, 1.553279910732427 ], [ 110.335651868107561, 1.553249656919238 ], [ 110.335657147370497, 1.553216119923161 ] ] ] ] } },
{ "type": "Feature", "properties": { "fid_1": 254.0, "Lokasi": "Jalan_Satok", "Pemilik": "Dbku", "Tarikh_Dit": null, "Jenis_Poko": "TB2_Bucida", "Tinggi_Pok": 4.0, "Silara_Pok": 0.0, "Catatan": null, "Ukur_Lilit": 10, "Northing": null, "Easthing": null, "Ln_TAGB_": 3.855, "TAGB": 47.229, "CO2_Stock": 23.614 }, "geometry": { "type": "MultiPolygon", "coordinates": [ [ [ [ 110.335567214589801, 1.553227479855977 ], [ 110.335561937508871, 1.553193942512427 ], [ 110.33554662064104, 1.553163687689714 ], [ 110.335522763308347, 1.553139676940761 ], [ 110.335492700832873, 1.553124260604931 ], [ 110.33545937593918, 1.553118947740475 ], [ 110.335426050699823, 1.55312425840745 ], [ 110.335395987221105, 1.553139672760586 ], [ 110.335372128325517, 1.553163681935544 ], [ 110.33535680948782, 1.553193935747042 ], [ 110.335351530222638, 1.553227472741319 ], [ 110.335356807301395, 1.553261010083853 ], [ 110.335372124167208, 1.553291264906052 ], [ 110.335395981498792, 1.553315275655187 ], [ 110.335426043974479, 1.553330691991809 ], [ 110.335459368869635, 1.553336004857384 ], [ 110.335492694111167, 1.553330694191434 ], [ 110.335522757591917, 1.553315279838809 ], [ 110.335546616488614, 1.553291270663664 ], [ 110.335561935326083, 1.55326101685135 ], [ 110.335567214589801, 1.553227479855977 ] ] ] ] } },
{ "type": "Feature", "properties": { "fid_1": 255.0, "Lokasi": "Jalan_Satok", "Pemilik": "Dbku", "Tarikh_Dit": null, "Jenis_Poko": "TB2_Bucida", "Tinggi_Pok": 6.0, "Silara_Pok": 0.0, "Catatan": null, "Ukur_Lilit": 14, "Northing": null, "Easthing": null, "Ln_TAGB_": 4.594, "TAGB": 98.889, "CO2_Stock": 49.444 }, "geometry": { "type": "MultiPolygon", "coordinates": [ [ [ [ 110.335482961773977, 1.553230319840936 ], [ 110.335477684693871, 1.553196782497723 ], [ 110.335462367826921, 1.553166527675066 ], [ 110.335438510495052, 1.553142516925893 ], [ 110.335408448020303, 1.553127100589573 ], [ 110.335375123127136, 1.55312178772444 ], [ 110.335341797888077, 1.553127098390558 ], [ 110.335311734409373, 1.553142512742793 ], [ 110.335287875513529, 1.553166521916899 ], [ 110.335272556675335, 1.553196775727618 ], [ 110.335267277409457, 1.553230312721316 ], [ 110.335272554487403, 1.553263850063506 ], [ 110.335287871352335, 1.553294104885648 ], [ 110.335311728683081, 1.553318115635016 ], [ 110.335341791158044, 1.553333531972112 ], [ 110.335375116052674, 1.553338844838383 ], [ 110.335408441293907, 1.553333534173259 ], [ 110.335438504774629, 1.553318119821529 ], [ 110.335462363671567, 1.553294110647258 ], [ 110.335477682509548, 1.553263856835733 ], [ 110.335482961773977, 1.553230319840936 ] ] ] ] } },
{ "type": "Feature", "properties": { "fid_1": 256.0, "Lokasi": "Jalan_Satok", "Pemilik": "Dbku", "Tarikh_Dit": null, "Jenis_Poko": "TB2_Bucida", "Tinggi_Pok": 4.0, "Silara_Pok": 0.0, "Catatan": null, "Ukur_Lilit": 15, "Northing": null, "Easthing": null, "Ln_TAGB_": 4.746, "TAGB": 115.123, "CO2_Stock": 57.562 }, "geometry": { "type": "MultiPolygon", "coordinates": [ [ [ [ 110.335393975653815, 1.553230319843437 ], [ 110.335388698574548, 1.55319678250057 ], [ 110.335373381708521, 1.553166527677974 ], [ 110.335349524377563, 1.553142516928549 ], [ 110.335319461903595, 1.553127100591754 ], [ 110.335286137011011, 1.553121787725869 ], [ 110.335252811772278, 1.553127098391133 ], [ 110.335222748293617, 1.553142512742445 ], [ 110.335198889397546, 1.553166521915646 ], [ 110.335183570558868, 1.55319677572559 ], [ 110.335178291292252, 1.553230312718699 ], [ 110.335183568369345, 1.553263850060557 ], [ 110.335198885233353, 1.553294104882648 ], [ 110.335222742563204, 1.553318115632232 ], [ 110.335252805037413, 1.553333531969842 ], [ 110.335286129931447, 1.553338844836842 ], [ 110.335319455172353, 1.553333534172565 ], [ 110.335349518653004, 1.553318119821784 ], [ 110.335373377550198, 1.553294110648406 ], [ 110.335388696388677, 1.553263856837655 ], [ 110.335393975653815, 1.553230319843437 ] ] ] ] } },
{ "type": "Feature", "properties": { "fid_1": 257.0, "Lokasi": "Jalan_Satok", "Pemilik": "Dbku", "Tarikh_Dit": null, "Jenis_Poko": "TB2_Bucida", "Tinggi_Pok": 4.0, "Silara_Pok": 0.0, "Catatan": null, "Ukur_Lilit": 14, "Northing": null, "Easthing": null, "Ln_TAGB_": 4.594, "TAGB": 98.889, "CO2_Stock": 49.444 }, "geometry": { "type": "MultiPolygon", "coordinates": [ [ [ [ 110.335302149551296, 1.553237893132884 ], [ 110.335296872472981, 1.553204355790408 ], [ 110.335281555607907, 1.553174100967869 ], [ 110.335257698277829, 1.55315009021823 ], [ 110.335227635804628, 1.553134673880883 ], [ 110.33519431091257, 1.553129361014261 ], [ 110.335160985674108, 1.553134671678573 ], [ 110.335130922195461, 1.553150086028875 ], [ 110.335107063299048, 1.55317409520108 ], [ 110.335091744459788, 1.553204349010153 ], [ 110.33508646519239, 1.553237886002583 ], [ 110.33509174226856, 1.55327142334405 ], [ 110.33510705913163, 1.553301678166064 ], [ 110.335130916460585, 1.553325688915884 ], [ 110.335160978934013, 1.553341105254015 ], [ 110.335194303827521, 1.553346418121765 ], [ 110.335227629068143, 1.553341107458449 ], [ 110.335257692548822, 1.553325693108685 ], [ 110.335281551446343, 1.553301683936305 ], [ 110.33529687028539, 1.55327143012642 ], [ 110.335302149551296, 1.553237893132884 ] ] ] ] } },
{ "type": "Feature", "properties": { "fid_1": 258.0, "Lokasi": "Jalan_Satok", "Pemilik": "Dbku", "Tarikh_Dit": null, "Jenis_Poko": "TB2_Bucida", "Tinggi_Pok": 6.0, "Silara_Pok": 0.0, "Catatan": null, "Ukur_Lilit": 14, "Northing": null, "Easthing": null, "Ln_TAGB_": 4.594, "TAGB": 98.889, "CO2_Stock": 49.444 }, "geometry": { "type": "MultiPolygon", "coordinates": [ [ [ [ 110.335211581628727, 1.553246484015241 ], [ 110.335206304551306, 1.553212946673171 ], [ 110.335190987687156, 1.553182691850745 ], [ 110.335167130357988, 1.553158681100858 ], [ 110.335137067885526, 1.553143264763005 ], [ 110.335103742994008, 1.553137951895591 ], [ 110.335070417755787, 1.553143262558984 ], [ 110.335040354277083, 1.55315867690828 ], [ 110.335016495380373, 1.553182686079486 ], [ 110.335001176540516, 1.553212939887691 ], [ 110.33499589727235, 1.553246476879453 ], [ 110.33500117434761, 1.553280014220526 ], [ 110.335016491209728, 1.553310269042421 ], [ 110.335040348537788, 1.55333427979248 ], [ 110.335070411010477, 1.553349696131143 ], [ 110.335103735903473, 1.553355008999662 ], [ 110.33513706114384, 1.553349698337284 ], [ 110.335167124624562, 1.55333428398852 ], [ 110.335190983522381, 1.553310274817132 ], [ 110.335206302362025, 1.553280021008134 ], [ 110.335211581628727, 1.553246484015241 ] ] ] ] } },
{ "type": "Feature", "properties": { "fid_1": 259.0, "Lokasi": "Jalan_Satok", "Pemilik": "Dbku", "Tarikh_Dit": null, "Jenis_Poko": "TB2_Bucida", "Tinggi_Pok": 4.0, "Silara_Pok": 0.0, "Catatan": null, "Ukur_Lilit": 10, "Northing": null, "Easthing": null, "Ln_TAGB_": 3.855, "TAGB": 47.229, "CO2_Stock": 23.614 }, "geometry": { "type": "MultiPolygon", "coordinates": [ [ [ [ 110.335127565478018, 1.553245300691538 ], [ 110.335122288401408, 1.553211763349747 ], [ 110.335106971538124, 1.553181508527377 ], [ 110.335083114209809, 1.553157497777282 ], [ 110.335053051738072, 1.553142081438952 ], [ 110.335019726847122, 1.553136768570863 ], [ 110.334986401609243, 1.553142079233447 ], [ 110.33495633813061, 1.553157493581863 ], [ 110.334932479233672, 1.553181502752234 ], [ 110.334917160393346, 1.553211756559709 ], [ 110.334911881124526, 1.553245293550945 ], [ 110.334917158198976, 1.553278830891694 ], [ 110.334932475060228, 1.55330908571356 ], [ 110.334956332387435, 1.553333096463848 ], [ 110.334986394859385, 1.553348512802968 ], [ 110.335019719751827, 1.553353825672179 ], [ 110.335053044991866, 1.55334851501061 ], [ 110.335083108472531, 1.553333100662706 ], [ 110.335106967370564, 1.553309091492144 ], [ 110.335122286210648, 1.553278837683866 ], [ 110.335127565478018, 1.553245300691538 ] ] ] ] } },
{ "type": "Feature", "properties": { "fid_1": 260.0, "Lokasi": "Jalan_Satok", "Pemilik": "Dbku", "Tarikh_Dit": null, "Jenis_Poko": "TB2_Bucida", "Tinggi_Pok": 6.0, "Silara_Pok": 0.0, "Catatan": null, "Ukur_Lilit": 14, "Northing": null, "Easthing": null, "Ln_TAGB_": 4.594, "TAGB": 98.889, "CO2_Stock": 49.444 }, "geometry": { "type": "MultiPolygon", "coordinates": [ [ [ [ 110.335047099305697, 1.55325050732852 ], [ 110.335041822229869, 1.553216969987081 ], [ 110.335026505367452, 1.553186715164764 ], [ 110.335002648039904, 1.553162704414453 ], [ 110.334972585568835, 1.55314728807566 ], [ 110.334939260678382, 1.553141975206914 ], [ 110.334905935440744, 1.553147285868676 ], [ 110.334875871962097, 1.553162700216208 ], [ 110.334852013064918, 1.553186709385734 ], [ 110.334836694224109, 1.55321696319246 ], [ 110.334831414954579, 1.553250500183109 ], [ 110.334836692028233, 1.553284037523529 ], [ 110.334852008888646, 1.553314292345334 ], [ 110.334875866215086, 1.553338303095797 ], [ 110.334905928686354, 1.553353719435402 ], [ 110.334939253578298, 1.553359032305268 ], [ 110.334972578818082, 1.553353721644518 ], [ 110.335002642298747, 1.553338307297501 ], [ 110.335026501197063, 1.553314298127803 ], [ 110.335041820037659, 1.55328404432028 ], [ 110.335047099305697, 1.55325050732852 ] ] ] ] } },
{ "type": "Feature", "properties": { "fid_1": 261.0, "Lokasi": "Jalan_Satok", "Pemilik": "Dbku", "Tarikh_Dit": null, "Jenis_Poko": "TB2_Bucida", "Tinggi_Pok": 4.0, "Silara_Pok": 0.0, "Catatan": null, "Ukur_Lilit": 13, "Northing": null, "Easthing": null, "Ln_TAGB_": 4.432, "TAGB": 84.099, "CO2_Stock": 42.05 }, "geometry": { "type": "MultiPolygon", "coordinates": [ [ [ [ 110.334945569929417, 1.553256660626933 ], [ 110.334940292854611, 1.553223123285916 ], [ 110.334924975993232, 1.553192868463702 ], [ 110.334901118666679, 1.553168857713128 ], [ 110.334871056196477, 1.553153441373746 ], [ 110.334837731306621, 1.553148128504164 ], [ 110.334804406069324, 1.553153439164893 ], [ 110.334774342590677, 1.553168853511321 ], [ 110.334750483693156, 1.553192862679766 ], [ 110.334735164851708, 1.553223116485546 ], [ 110.334729885581339, 1.553256653475472 ], [ 110.334735162653999, 1.55329019081548 ], [ 110.33475047951336, 1.553320445637175 ], [ 110.334774336838791, 1.553344456387921 ], [ 110.334804399309206, 1.553359872728111 ], [ 110.334837724200526, 1.55336518559881 ], [ 110.334871049439982, 1.553359874939076 ], [ 110.334901112920662, 1.553344460593177 ], [ 110.334924971819291, 1.553320451424563 ], [ 110.334940290660512, 1.553290197617984 ], [ 110.334945569929417, 1.553256660626933 ] ] ] ] } },
{ "type": "Feature", "properties": { "fid_1": 262.0, "Lokasi": "Jalan_Satok", "Pemilik": "Dbku", "Tarikh_Dit": null, "Jenis_Poko": "TB2_Bucida", "Tinggi_Pok": 4.0, "Silara_Pok": 0.0, "Catatan": null, "Ukur_Lilit": 10, "Northing": null, "Easthing": null, "Ln_TAGB_": 3.855, "TAGB": 47.229, "CO2_Stock": 23.614 }, "geometry": { "type": "MultiPolygon", "coordinates": [ [ [ [ 110.334849010522575, 1.553262103929581 ], [ 110.334843733448722, 1.553228566588973 ], [ 110.334828416588337, 1.553198311766825 ], [ 110.33480455926275, 1.553174301016009 ], [ 110.334774496793372, 1.553158884676078 ], [ 110.334741171904113, 1.553153571805681 ], [ 110.334707846667101, 1.553158882465448 ], [ 110.334677783188454, 1.553174296810832 ], [ 110.33465392429062, 1.553198305978241 ], [ 110.334638605448603, 1.553228559783123 ], [ 110.334633326177425, 1.553262096772374 ], [ 110.334638603249132, 1.553295634111985 ], [ 110.334653920107485, 1.553325888933605 ], [ 110.334677777431949, 1.553349899684587 ], [ 110.334707839901554, 1.553365316025333 ], [ 110.334741164792305, 1.55337062889683 ], [ 110.33477449003145, 1.553365318238088 ], [ 110.334804553512114, 1.553349903893217 ], [ 110.334828412411071, 1.553325894725639 ], [ 110.33484373125286, 1.55329564091996 ], [ 110.334849010522575, 1.553262103929581 ] ] ] ] } },
{ "type": "Feature", "properties": { "fid_1": 263.0, "Lokasi": "Jalan_Satok", "Pemilik": "Dbku", "Tarikh_Dit": null, "Jenis_Poko": "TB2_Bucida", "Tinggi_Pok": 6.0, "Silara_Pok": 0.0, "Catatan": null, "Ukur_Lilit": 14, "Northing": null, "Easthing": null, "Ln_TAGB_": 4.594, "TAGB": 98.889, "CO2_Stock": 49.444 }, "geometry": { "type": "MultiPolygon", "coordinates": [ [ [ [ 110.334757421085243, 1.553267783897302 ], [ 110.334752144012285, 1.55323424655707 ], [ 110.334736827152852, 1.553203991735008 ], [ 110.334712969828175, 1.553179980983941 ], [ 110.33468290735955, 1.553164564643503 ], [ 110.334649582470846, 1.553159251772341 ], [ 110.334616257234131, 1.553164562431174 ], [ 110.334586193755499, 1.553179976775569 ], [ 110.334562334857353, 1.55320398594201 ], [ 110.334547016014767, 1.553234239746026 ], [ 110.334541736742807, 1.553267776734633 ], [ 110.334547013813619, 1.55330131407384 ], [ 110.334562330671019, 1.55333156889539 ], [ 110.334586187994589, 1.553355579646635 ], [ 110.334616250463441, 1.553370995987876 ], [ 110.334649575353609, 1.553376308860156 ], [ 110.334682900592483, 1.553370998202322 ], [ 110.334712964073148, 1.553355583858456 ], [ 110.334736822972403, 1.553331574691846 ], [ 110.334752141814761, 1.553301320887018 ], [ 110.334757421085243, 1.553267783897302 ] ] ] ] } },
{ "type": "Feature", "properties": { "fid_1": 264.0, "Lokasi": "Jalan_Satok", "Pemilik": "Dbku", "Tarikh_Dit": null, "Jenis_Poko": "TB2_Bucida", "Tinggi_Pok": 6.0, "Silara_Pok": 0.0, "Catatan": null, "Ukur_Lilit": 14, "Northing": null, "Easthing": null, "Ln_TAGB_": 4.594, "TAGB": 98.889, "CO2_Stock": 49.444 }, "geometry": { "type": "MultiPolygon", "coordinates": [ [ [ [ 110.33467269493903, 1.553270387217031 ], [ 110.334667417866882, 1.553236849877146 ], [ 110.334652101008359, 1.553206595055137 ], [ 110.334628243684506, 1.553182584303871 ], [ 110.334598181216606, 1.553167167962936 ], [ 110.334564856328427, 1.553161855091083 ], [ 110.334531531092011, 1.553167165749079 ], [ 110.334501467613393, 1.553182580092554 ], [ 110.334477608715005, 1.553206589258129 ], [ 110.334462289871922, 1.553236843061379 ], [ 110.334457010599266, 1.553270380049391 ], [ 110.33446228766924, 1.553303917388293 ], [ 110.334477604525759, 1.553334172209764 ], [ 110.33450146184849, 1.553358182961217 ], [ 110.334531524316631, 1.553373599302952 ], [ 110.334564849206259, 1.553378912175911 ], [ 110.334598174444835, 1.553373601518943 ], [ 110.334628237925472, 1.553358187175977 ], [ 110.334652096824982, 1.55333417801024 ], [ 110.334667415667838, 1.553303924206168 ], [ 110.33467269493903, 1.553270387217031 ] ] ] ] } },
{ "type": "Feature", "properties": { "fid_1": 265.0, "Lokasi": "Jalan_Satok", "Pemilik": "Dbku", "Tarikh_Dit": null, "Jenis_Poko": "TB2_Bucida", "Tinggi_Pok": 5.0, "Silara_Pok": 0.0, "Catatan": null, "Ukur_Lilit": 17, "Northing": null, "Easthing": null, "Ln_TAGB_": 5.021, "TAGB": 151.563, "CO2_Stock": 75.781 }, "geometry": { "type": "MultiPolygon", "coordinates": [ [ [ [ 110.334609031996834, 1.553276067183964 ], [ 110.33460375492534, 1.553242529844346 ], [ 110.334588438067456, 1.553212275022418 ], [ 110.334564580744242, 1.553188264270967 ], [ 110.334534518276868, 1.553172847929672 ], [ 110.334501193389059, 1.553167535057294 ], [ 110.334467868152842, 1.553172845714642 ], [ 110.334437804674181, 1.553188260057395 ], [ 110.33441394577558, 1.553212269222261 ], [ 110.334398626932099, 1.553242523024928 ], [ 110.334393347658903, 1.553276060012475 ], [ 110.334398624728237, 1.55330959735108 ], [ 110.334413941584074, 1.553339852172502 ], [ 110.33443779890618, 1.553363862924106 ], [ 110.334467861373781, 1.553379279266222 ], [ 110.334501186263054, 1.55338459213972 ], [ 110.33453451150146, 1.553379281483397 ], [ 110.33456457498211, 1.553363867141133 ], [ 110.334588433881819, 1.553339857976088 ], [ 110.334603752725101, 1.553309604172635 ], [ 110.334609031996834, 1.553276067183964 ] ] ] ] } },
{ "type": "Feature", "properties": { "fid_1": 266.0, "Lokasi": "Jalan_Satok", "Pemilik": "Dbku", "Tarikh_Dit": null, "Jenis_Poko": "TB2_Bucida", "Tinggi_Pok": 5.0, "Silara_Pok": 0.0, "Catatan": null, "Ukur_Lilit": 12, "Northing": null, "Easthing": null, "Ln_TAGB_": 4.256, "TAGB": 70.527, "CO2_Stock": 35.264 }, "geometry": { "type": "MultiPolygon", "coordinates": [ [ [ [ 110.334529671491993, 1.553284231166176 ], [ 110.334524394421308, 1.553250693826912 ], [ 110.334509077564235, 1.553220439005046 ], [ 110.334485220241802, 1.553196428253403 ], [ 110.334455157775068, 1.553181011911648 ], [ 110.334421832887713, 1.553175699038597 ], [ 110.33438850765171, 1.553181009695112 ], [ 110.334358444173006, 1.553196424037002 ], [ 110.334334585274121, 1.553220433200986 ], [ 110.334319266430128, 1.55325068700288 ], [ 110.334313987156236, 1.553284223989835 ], [ 110.334319264224789, 1.553317761328071 ], [ 110.334334581079801, 1.553348016149438 ], [ 110.334358438401139, 1.553372026901239 ], [ 110.334388500868087, 1.553387443243798 ], [ 110.334421825756905, 1.553392756117977 ], [ 110.334455150995083, 1.553387445462464 ], [ 110.334485214475791, 1.553372031121095 ], [ 110.334509073375784, 1.553348021956928 ], [ 110.334524392219578, 1.553317768154243 ], [ 110.334529671491993, 1.553284231166176 ] ] ] ] } },
{ "type": "Feature", "properties": { "fid_1": 267.0, "Lokasi": "Jalan_Satok", "Pemilik": "Dbku", "Tarikh_Dit": null, "Jenis_Poko": "TB2_Bucida", "Tinggi_Pok": 5.0, "Silara_Pok": 0.0, "Catatan": null, "Ukur_Lilit": 10, "Northing": null, "Easthing": null, "Ln_TAGB_": 3.855, "TAGB": 47.229, "CO2_Stock": 23.614 }, "geometry": { "type": "MultiPolygon", "coordinates": [ [ [ [ 110.334455831945519, 1.553285177829103 ], [ 110.334450554875545, 1.553251640490138 ], [ 110.334435238019239, 1.553221385668319 ], [ 110.334411380697546, 1.553197374916482 ], [ 110.334381318231451, 1.553181958574314 ], [ 110.334347993344593, 1.553176645700641 ], [ 110.334314668108831, 1.553181956356441 ], [ 110.33428460463017, 1.553197370697542 ], [ 110.334260745731086, 1.553221379860798 ], [ 110.334245426886667, 1.553251633662009 ], [ 110.334240147612178, 1.553285170648489 ], [ 110.334245424680006, 1.553318707986454 ], [ 110.334260741534251, 1.553348962807745 ], [ 110.334284598854865, 1.553372973559738 ], [ 110.334314661321173, 1.553388389902722 ], [ 110.334347986209508, 1.553393702777497 ], [ 110.334381311447402, 1.553388392122722 ], [ 110.334411374928081, 1.553372977782143 ], [ 110.334435233828287, 1.553348968618731 ], [ 110.334450552672493, 1.553318714816695 ], [ 110.334455831945519, 1.553285177829103 ] ] ] ] } },
{ "type": "Feature", "properties": { "fid_1": 268.0, "Lokasi": "Jalan_Satok", "Pemilik": "Dbku", "Tarikh_Dit": null, "Jenis_Poko": "TB2_Bucida", "Tinggi_Pok": 2.0, "Silara_Pok": 0.0, "Catatan": null, "Ukur_Lilit": 10, "Northing": null, "Easthing": null, "Ln_TAGB_": 3.855, "TAGB": 47.229, "CO2_Stock": 23.614 }, "geometry": { "type": "MultiPolygon", "coordinates": [ [ [ [ 110.334369685808028, 1.553288964474963 ], [ 110.334364408738907, 1.553255427136338 ], [ 110.33434909188351, 1.55322517231459 ], [ 110.334325234562641, 1.553201161562528 ], [ 110.334295172097285, 1.553185745219862 ], [ 110.334261847210954, 1.553180432345488 ], [ 110.334228521975504, 1.553185743000435 ], [ 110.334198458496857, 1.553201157340605 ], [ 110.334174599597503, 1.553225166502953 ], [ 110.334159280752559, 1.553255420303388 ], [ 110.334154001477344, 1.553288957289261 ], [ 110.33415927854432, 1.553322494626869 ], [ 110.334174595397712, 1.553352749448096 ], [ 110.334198452717445, 1.553376760200309 ], [ 110.334228515183028, 1.553392176543795 ], [ 110.334261840070837, 1.553397489419281 ], [ 110.334295165308433, 1.553392178765366 ], [ 110.334325228789098, 1.553376764425697 ], [ 110.334349087689574, 1.553352755263195 ], [ 110.334364406534306, 1.553322501461939 ], [ 110.334369685808028, 1.553288964474963 ] ] ] ] } },
{ "type": "Feature", "properties": { "fid_1": 269.0, "Lokasi": "Jalan_Satok", "Pemilik": "Dbku", "Tarikh_Dit": null, "Jenis_Poko": "TB2_Bucida", "Tinggi_Pok": 5.0, "Silara_Pok": 0.0, "Catatan": null, "Ukur_Lilit": 15, "Northing": null, "Easthing": null, "Ln_TAGB_": 4.746, "TAGB": 115.123, "CO2_Stock": 57.562 }, "geometry": { "type": "MultiPolygon", "coordinates": [ [ [ [ 110.334303892878907, 1.553293461115884 ], [ 110.334298615810425, 1.553259923777541 ], [ 110.334283298955711, 1.553229668955839 ], [ 110.334259441635496, 1.553205658203627 ], [ 110.334229379170694, 1.553190241860579 ], [ 110.33419605428476, 1.553184928985645 ], [ 110.33416272904951, 1.553190239639918 ], [ 110.334132665570863, 1.553205653979378 ], [ 110.334108806671281, 1.553229663141023 ], [ 110.334093487825925, 1.553259916940839 ], [ 110.334088208550185, 1.553293453926226 ], [ 110.334093485616492, 1.553326991263561 ], [ 110.334108802469174, 1.553357246084737 ], [ 110.334132659788267, 1.55338125683714 ], [ 110.334162722253296, 1.553396673180977 ], [ 110.334196047140708, 1.553401986057011 ], [ 110.334229372378118, 1.55339667540377 ], [ 110.334259435858783, 1.553381261064812 ], [ 110.334283294759473, 1.553357251903011 ], [ 110.334298613604602, 1.553326998102406 ], [ 110.334303892878907, 1.553293461115884 ] ] ] ] } },
{ "type": "Feature", "properties": { "fid_1": 270.0, "Lokasi": "Jalan_Satok", "Pemilik": "Dbku", "Tarikh_Dit": null, "Jenis_Poko": "Leopard Tree", "Tinggi_Pok": 4.0, "Silara_Pok": 0.0, "Catatan": null, "Ukur_Lilit": 8, "Northing": null, "Easthing": null, "Ln_TAGB_": 3.365, "TAGB": 28.933, "CO2_Stock": 14.466 }, "geometry": { "type": "MultiPolygon", "coordinates": [ [ [ [ 110.334036497014083, 1.55335480190458 ], [ 110.334031219948429, 1.553321264567632 ], [ 110.334015903096514, 1.553291009746355 ], [ 110.333992045778814, 1.553266998993526 ], [ 110.333961983316001, 1.55325158264889 ], [ 110.333928658431319, 1.553246269771566 ], [ 110.333895333196494, 1.55325158042284 ], [ 110.333865269717364, 1.553266994759022 ], [ 110.333841410816476, 1.553291003917421 ], [ 110.333826091969087, 1.553321257714347 ], [ 110.333820812690789, 1.55335479469748 ], [ 110.333826089754311, 1.553388332033397 ], [ 110.333841406604193, 1.553418586854168 ], [ 110.333865263920757, 1.553442597607168 ], [ 110.333895326383796, 1.553458013952594 ], [ 110.333928651269943, 1.553463326831063 ], [ 110.333961976506927, 1.553458016180797 ], [ 110.33399203998809, 1.553442601845118 ], [ 110.334015898890087, 1.553418592686554 ], [ 110.334031217737248, 1.553388338888828 ], [ 110.334036497014083, 1.55335480190458 ] ] ] ] } },
{ "type": "Feature", "properties": { "fid_1": 271.0, "Lokasi": "Jalan_Satok", "Pemilik": "Dbku", "Tarikh_Dit": null, "Jenis_Poko": "Leopard Tree", "Tinggi_Pok": 4.0, "Silara_Pok": 0.0, "Catatan": null, "Ukur_Lilit": 6, "Northing": null, "Easthing": null, "Ln_TAGB_": 2.734, "TAGB": 15.394, "CO2_Stock": 7.697 }, "geometry": { "type": "MultiPolygon", "coordinates": [ [ [ [ 110.334030974827371, 1.553409629345971 ], [ 110.334025697761973, 1.55337609200942 ], [ 110.334010380910158, 1.553345837188352 ], [ 110.333986523592387, 1.553321826435598 ], [ 110.333956461129304, 1.553306410090864 ], [ 110.333923136244223, 1.553301097213271 ], [ 110.333889811008888, 1.553306407864144 ], [ 110.333859747529203, 1.553321822199842 ], [ 110.333835888627746, 1.55334583135768 ], [ 110.333820569779874, 1.553376085154073 ], [ 110.33381529050115, 1.553409622136732 ], [ 110.333820567564402, 1.553443159472293 ], [ 110.333835884414199, 1.553473414292811 ], [ 110.333859741730862, 1.553497425045765 ], [ 110.333889804194172, 1.553512841391301 ], [ 110.333923129080716, 1.553518154269997 ], [ 110.333956454318198, 1.553512843620146 ], [ 110.3339865177999, 1.553497429284977 ], [ 110.334010376702466, 1.553473420126955 ], [ 110.334025695550125, 1.553443166329762 ], [ 110.334030974827371, 1.553409629345971 ] ] ] ] } },
{ "type": "Feature", "properties": { "fid_1": 272.0, "Lokasi": "Jalan_Satok", "Pemilik": "Dbku", "Tarikh_Dit": null, "Jenis_Poko": "Leopard Tree", "Tinggi_Pok": 4.0, "Silara_Pok": 0.0, "Catatan": null, "Ukur_Lilit": 10, "Northing": null, "Easthing": null, "Ln_TAGB_": 3.855, "TAGB": 47.229, "CO2_Stock": 23.614 }, "geometry": { "type": "MultiPolygon", "coordinates": [ [ [ [ 110.334032947038565, 1.553448679106237 ], [ 110.334027669973281, 1.553415141769933 ], [ 110.334012353121466, 1.553384886949041 ], [ 110.333988495803581, 1.553360876196339 ], [ 110.333958433340271, 1.55334545985156 ], [ 110.333925108454864, 1.553340146973835 ], [ 110.333891783219144, 1.553345457624487 ], [ 110.333861719739062, 1.553360871959879 ], [ 110.333837860837221, 1.553384881117402 ], [ 110.333822541989022, 1.553415134913455 ], [ 110.333817262710056, 1.553448671895828 ], [ 110.33382253977318, 1.55348220923113 ], [ 110.333837856622978, 1.553512464051494 ], [ 110.333861713939768, 1.553536474804373 ], [ 110.333891776403291, 1.553551891149951 ], [ 110.333925101290163, 1.553557204028798 ], [ 110.333958426528042, 1.553551893379164 ], [ 110.333988490010142, 1.553536479044292 ], [ 110.334012348913106, 1.553512469886587 ], [ 110.334027667761077, 1.553482216089729 ], [ 110.334032947038565, 1.553448679106237 ] ] ] ] } },
{ "type": "Feature", "properties": { "fid_1": 273.0, "Lokasi": "Jalan_Satok", "Pemilik": "Dbku", "Tarikh_Dit": null, "Jenis_Poko": "Leopard Tree", "Tinggi_Pok": 5.0, "Silara_Pok": 0.0, "Catatan": null, "Ukur_Lilit": 11, "Northing": null, "Easthing": null, "Ln_TAGB_": 4.065, "TAGB": 58.265, "CO2_Stock": 29.133 }, "geometry": { "type": "MultiPolygon", "coordinates": [ [ [ [ 110.334033735923725, 1.553486545540502 ], [ 110.334028458858583, 1.553453008204405 ], [ 110.334013142006782, 1.553422753383683 ], [ 110.333989284688784, 1.553398742631029 ], [ 110.333959222225261, 1.553383326286215 ], [ 110.33392589733954, 1.553378013408317 ], [ 110.333892572103466, 1.553383324058752 ], [ 110.333862508622985, 1.553398738393857 ], [ 110.333838649720761, 1.553422747551061 ], [ 110.333823330872221, 1.553453001346782 ], [ 110.333818051593042, 1.553486538328838 ], [ 110.333823328656024, 1.553520075663907 ], [ 110.333838645505821, 1.553550330484119 ], [ 110.333862502822697, 1.553574341236932 ], [ 110.333892565286448, 1.553589757582559 ], [ 110.333925890173632, 1.553595070461559 ], [ 110.333959215411866, 1.553589759812143 ], [ 110.333989278894364, 1.553574345477553 ], [ 110.334013137797697, 1.55355033632019 ], [ 110.33402845664601, 1.553520082523661 ], [ 110.334033735923725, 1.553486545540502 ] ] ] ] } },
{ "type": "Feature", "properties": { "fid_1": 274.0, "Lokasi": "Jalan_Satok", "Pemilik": "Dbku", "Tarikh_Dit": null, "Jenis_Poko": "Leopard Tree", "Tinggi_Pok": 4.0, "Silara_Pok": 0.0, "Catatan": null, "Ukur_Lilit": 7, "Northing": null, "Easthing": null, "Ln_TAGB_": 3.072, "TAGB": 21.585, "CO2_Stock": 10.793 }, "geometry": { "type": "MultiPolygon", "coordinates": [ [ [ [ 110.334033735924663, 1.553518889786388 ], [ 110.334028458859663, 1.553485352450518 ], [ 110.334013142007862, 1.553455097629924 ], [ 110.333989284689778, 1.55343108687733 ], [ 110.333959222226056, 1.553415670532468 ], [ 110.333925897340094, 1.553410357654456 ], [ 110.333892572103707, 1.553415668304675 ], [ 110.3338625086229, 1.553431082639517 ], [ 110.333838649720363, 1.553455091796425 ], [ 110.333823330871553, 1.553485345591862 ], [ 110.333818051592147, 1.553518882573654 ], [ 110.333823328655001, 1.553552419908523 ], [ 110.333838645504784, 1.553582674728592 ], [ 110.333862502821745, 1.55360668548136 ], [ 110.333892565285666, 1.553622101827038 ], [ 110.33392589017312, 1.553627414706158 ], [ 110.333959215411667, 1.553622104056964 ], [ 110.333989278894492, 1.553606689722629 ], [ 110.334013137798152, 1.553582680565546 ], [ 110.334028456646735, 1.553552426769322 ], [ 110.334033735924663, 1.553518889786388 ] ] ] ] } },
{ "type": "Feature", "properties": { "fid_1": 275.0, "Lokasi": "Jalan_Satok", "Pemilik": "Dbku", "Tarikh_Dit": null, "Jenis_Poko": "Leopard Tree", "Tinggi_Pok": 4.0, "Silara_Pok": 0.0, "Catatan": null, "Ukur_Lilit": 8, "Northing": null, "Easthing": null, "Ln_TAGB_": 3.365, "TAGB": 28.933, "CO2_Stock": 14.466 }, "geometry": { "type": "MultiPolygon", "coordinates": [ [ [ [ 110.334037680346228, 1.553565433945066 ], [ 110.334032403281341, 1.553531896609472 ], [ 110.33401708642954, 1.553501641789067 ], [ 110.3339932291113, 1.553477631036561 ], [ 110.333963166647294, 1.553462214691643 ], [ 110.333929841760934, 1.55345690181349 ], [ 110.333896516524078, 1.553462212463441 ], [ 110.333866453042774, 1.55347762679797 ], [ 110.333842594139796, 1.553501635954503 ], [ 110.333827275290602, 1.553531889749557 ], [ 110.333821996010911, 1.553565426731012 ], [ 110.333827273073666, 1.553598964065586 ], [ 110.333842589923435, 1.553629218885473 ], [ 110.333866447240553, 1.55365322963816 ], [ 110.3338965097048, 1.553668645983866 ], [ 110.333929834592624, 1.553673958863145 ], [ 110.333963159831626, 1.553668648214203 ], [ 110.333993223314948, 1.553653233880206 ], [ 110.334017082219063, 1.553629224723499 ], [ 110.334032401068029, 1.553598970927629 ], [ 110.334037680346228, 1.553565433945066 ] ] ] ] } },
{ "type": "Feature", "properties": { "fid_1": 276.0, "Lokasi": "Jalan_Satok", "Pemilik": "Dbku", "Tarikh_Dit": null, "Jenis_Poko": "Leopard Tree", "Tinggi_Pok": 4.0, "Silara_Pok": 0.0, "Catatan": null, "Ukur_Lilit": 7, "Northing": null, "Easthing": null, "Ln_TAGB_": 3.072, "TAGB": 21.585, "CO2_Stock": 10.793 }, "geometry": { "type": "MultiPolygon", "coordinates": [ [ [ [ 110.334041624768176, 1.553625389132536 ], [ 110.334036347703474, 1.553591851797321 ], [ 110.334021030851687, 1.55356159697716 ], [ 110.333997173533234, 1.553537586224745 ], [ 110.333967111068873, 1.553522169879771 ], [ 110.333933786182001, 1.553516857001406 ], [ 110.333900460944548, 1.553522167651014 ], [ 110.333870397462647, 1.553537581985098 ], [ 110.333846538559058, 1.553561591141145 ], [ 110.333831219709381, 1.553591844935699 ], [ 110.333825940429335, 1.553625381916701 ], [ 110.333831217491891, 1.553658919250908 ], [ 110.33384653434166, 1.553689174070539 ], [ 110.333870391659005, 1.553713184823122 ], [ 110.333900454123594, 1.553728601168885 ], [ 110.333933779011915, 1.553733914048383 ], [ 110.333967104251528, 1.553728603399783 ], [ 110.333997167735461, 1.553713189066209 ], [ 110.334021026640158, 1.553689179909989 ], [ 110.334036345489622, 1.553658926114641 ], [ 110.334041624768176, 1.553625389132536 ] ] ] ] } },
{ "type": "Feature", "properties": { "fid_1": 277.0, "Lokasi": "Jalan_Satok", "Pemilik": "Dbku", "Tarikh_Dit": null, "Jenis_Poko": "TB2_Bucida", "Tinggi_Pok": 2.0, "Silara_Pok": 0.0, "Catatan": null, "Ukur_Lilit": 14, "Northing": null, "Easthing": null, "Ln_TAGB_": 4.594, "TAGB": 98.889, "CO2_Stock": 49.444 }, "geometry": { "type": "MultiPolygon", "coordinates": [ [ [ [ 110.333803449505083, 1.55331951654888 ], [ 110.333798172441533, 1.553285979212597 ], [ 110.33378285559202, 1.553255724391309 ], [ 110.33375899827675, 1.553231713637803 ], [ 110.333728935816154, 1.553216297291901 ], [ 110.333695610933304, 1.553210984412839 ], [ 110.333662285699688, 1.553216295062078 ], [ 110.333632222221055, 1.553231709396116 ], [ 110.333608363319911, 1.553255718552472 ], [ 110.333593044471527, 1.553285972347665 ], [ 110.333587765191595, 1.553319509329554 ], [ 110.333593042252971, 1.553353046664818 ], [ 110.333608359100481, 1.553383301485578 ], [ 110.3336322164146, 1.553407312239256 ], [ 110.333662278875437, 1.553422728585958 ], [ 110.333695603759764, 1.55342804146615 ], [ 110.333728928995527, 1.553422730817936 ], [ 110.333758992476163, 1.553407316484401 ], [ 110.333782851378444, 1.553383307327876 ], [ 110.333798170226586, 1.553353053531884 ], [ 110.333803449505083, 1.55331951654888 ] ] ] ] } },
{ "type": "Feature", "properties": { "fid_1": 278.0, "Lokasi": "Jalan_Satok", "Pemilik": "Dbku", "Tarikh_Dit": null, "Jenis_Poko": "TB2_Bucida", "Tinggi_Pok": 2.0, "Silara_Pok": 0.0, "Catatan": null, "Ukur_Lilit": 16, "Northing": null, "Easthing": null, "Ln_TAGB_": 4.888, "TAGB": 132.688, "CO2_Stock": 66.344 }, "geometry": { "type": "MultiPolygon", "coordinates": [ [ [ [ 110.33375769423067, 1.553324249854449 ], [ 110.33375241716756, 1.553290712518369 ], [ 110.333737100318544, 1.553260457697122 ], [ 110.333713243003714, 1.553236446943511 ], [ 110.333683180543503, 1.553221030597351 ], [ 110.333649855660909, 1.553215717717884 ], [ 110.333616530427406, 1.553221028366665 ], [ 110.333586466948773, 1.553236442700169 ], [ 110.333562608047444, 1.553260451856034 ], [ 110.333547289198776, 1.553290705650767 ], [ 110.333542009918432, 1.553324242632325 ], [ 110.333547286979353, 1.553357779967389 ], [ 110.33356260382638, 1.553388034788114 ], [ 110.333586461140058, 1.553412045541896 ], [ 110.333616523600512, 1.553427461888868 ], [ 110.333649848484583, 1.553432774769437 ], [ 110.333683173720232, 1.553427464121685 ], [ 110.333713237200897, 1.553412049788685 ], [ 110.333737096103334, 1.553388040632654 ], [ 110.333752414951775, 1.553357786837115 ], [ 110.33375769423067, 1.553324249854449 ] ] ] ] } },
{ "type": "Feature", "properties": { "fid_1": 279.0, "Lokasi": "Jalan_Satok", "Pemilik": "Dbku", "Tarikh_Dit": null, "Jenis_Poko": "TB2_Bucida", "Tinggi_Pok": 3.0, "Silara_Pok": 0.0, "Catatan": null, "Ukur_Lilit": 13, "Northing": null, "Easthing": null, "Ln_TAGB_": 4.432, "TAGB": 84.099, "CO2_Stock": 42.05 }, "geometry": { "type": "MultiPolygon", "coordinates": [ [ [ [ 110.333615169180277, 1.553332138698938 ], [ 110.333609892118602, 1.553298601363453 ], [ 110.333594575271036, 1.553268346542322 ], [ 110.333570717957627, 1.553244335788342 ], [ 110.333540655498609, 1.553228919441359 ], [ 110.333507330616882, 1.553223606560729 ], [ 110.333474005383863, 1.55322891720805 ], [ 110.333443941905216, 1.553244331540034 ], [ 110.333420083003432, 1.553268340694375 ], [ 110.333404764153912, 1.553298594487809 ], [ 110.333399484872373, 1.55333213146834 ], [ 110.333404761931874, 1.553365668802817 ], [ 110.333420078777436, 1.55339592362342 ], [ 110.333443936089722, 1.553419934377583 ], [ 110.333473998548953, 1.553435350725354 ], [ 110.333507323432158, 1.553440663607121 ], [ 110.333540648667338, 1.553435352960786 ], [ 110.333570712148003, 1.55341993862934 ], [ 110.333594571050909, 1.553395929474819 ], [ 110.333609889900202, 1.553365675680585 ], [ 110.333615169180277, 1.553332138698938 ] ] ] ] } },
{ "type": "Feature", "properties": { "fid_1": 280.0, "Lokasi": "Jalan_Satok", "Pemilik": "Dbku", "Tarikh_Dit": null, "Jenis_Poko": "TB2_Bucida", "Tinggi_Pok": 3.0, "Silara_Pok": 0.0, "Catatan": null, "Ukur_Lilit": 16, "Northing": null, "Easthing": null, "Ln_TAGB_": 4.888, "TAGB": 132.688, "CO2_Stock": 66.344 }, "geometry": { "type": "MultiPolygon", "coordinates": [ [ [ [ 110.333562050988007, 1.553333190545822 ], [ 110.33355677392683, 1.553299653210549 ], [ 110.333541457079818, 1.553269398389453 ], [ 110.33351759976695, 1.553245387635334 ], [ 110.333487537308386, 1.553229971288064 ], [ 110.333454212427, 1.553224658406997 ], [ 110.333420887194151, 1.553229969053797 ], [ 110.333390823715547, 1.553245383385209 ], [ 110.333366964813621, 1.553269392539009 ], [ 110.333351645963774, 1.553299646331967 ], [ 110.333346366681795, 1.553333183312137 ], [ 110.333351643740798, 1.55336672064641 ], [ 110.333366960585806, 1.553396975466981 ], [ 110.333390817897552, 1.553420986221278 ], [ 110.333420880356329, 1.553436402569339 ], [ 110.333454205239192, 1.553441715451549 ], [ 110.333487530474187, 1.55343640480575 ], [ 110.333517593954824, 1.553420990474846 ], [ 110.333541452857858, 1.553396981320871 ], [ 110.333556771707507, 1.553366727527124 ], [ 110.333562050988007, 1.553333190545822 ] ] ] ] } },
{ "type": "Feature", "properties": { "fid_1": 281.0, "Lokasi": "Jalan_Satok", "Pemilik": "Dbku", "Tarikh_Dit": null, "Jenis_Poko": "TB2_Bucida", "Tinggi_Pok": 3.0, "Silara_Pok": 0.0, "Catatan": null, "Ukur_Lilit": 12, "Northing": null, "Easthing": null, "Ln_TAGB_": 4.256, "TAGB": 70.527, "CO2_Stock": 35.264 }, "geometry": { "type": "MultiPolygon", "coordinates": [ [ [ [ 110.33349122673188, 1.55334230654125 ], [ 110.333485949671427, 1.553308769206297 ], [ 110.333470632825154, 1.553278514385297 ], [ 110.333446775512982, 1.553254503630986 ], [ 110.333416713054973, 1.553239087283302 ], [ 110.333383388173971, 1.553233774401618 ], [ 110.333350062941321, 1.553239085047685 ], [ 110.333319999462645, 1.553254499378294 ], [ 110.333296140560435, 1.553278508531287 ], [ 110.333280821710119, 1.553308762323552 ], [ 110.333275542427529, 1.553342299303177 ], [ 110.333280819485807, 1.553375836637124 ], [ 110.333296136330077, 1.553406091457599 ], [ 110.333319993641155, 1.553430102212084 ], [ 110.333350056099363, 1.553445518560566 ], [ 110.333383380981829, 1.553450831443354 ], [ 110.333416706216639, 1.553445520798326 ], [ 110.333446769697318, 1.553430106468237 ], [ 110.333470628600637, 1.553406097315063 ], [ 110.333485947450754, 1.553375843521997 ], [ 110.33349122673188, 1.55334230654125 ] ] ] ] } },
{ "type": "Feature", "properties": { "fid_1": 282.0, "Lokasi": "Jalan_Satok", "Pemilik": "Dbku", "Tarikh_Dit": null, "Jenis_Poko": "TB2_Bucida", "Tinggi_Pok": 3.0, "Silara_Pok": 0.0, "Catatan": null, "Ukur_Lilit": 15, "Northing": null, "Easthing": null, "Ln_TAGB_": 4.746, "TAGB": 115.123, "CO2_Stock": 57.562 }, "geometry": { "type": "MultiPolygon", "coordinates": [ [ [ [ 110.333439686307671, 1.553341605312444 ], [ 110.333434409247701, 1.553308067977687 ], [ 110.333419092401954, 1.55327781315671 ], [ 110.333395235090308, 1.55325380240227 ], [ 110.333365172632767, 1.553238386054296 ], [ 110.333331847752092, 1.553233073172209 ], [ 110.333298522519641, 1.553238383817768 ], [ 110.333268459041022, 1.553253798147832 ], [ 110.333244600138684, 1.553277807300328 ], [ 110.33322928128807, 1.55330806109213 ], [ 110.333224002005068, 1.553341598071437 ], [ 110.333229279062877, 1.553375135405185 ], [ 110.333244595906592, 1.553405390225643 ], [ 110.333268453217144, 1.553429400980255 ], [ 110.333298515674883, 1.553444817329031 ], [ 110.333331840557022, 1.553450130212233 ], [ 110.333365165791633, 1.553444819567679 ], [ 110.333395229272284, 1.553429405238129 ], [ 110.333419088175731, 1.553405396085478 ], [ 110.333434407026118, 1.55337514229286 ], [ 110.333439686307671, 1.553341605312444 ] ] ] ] } },
{ "type": "Feature", "properties": { "fid_1": 283.0, "Lokasi": "Jalan_Satok", "Pemilik": "Dbku", "Tarikh_Dit": null, "Jenis_Poko": "TB2_Bucida", "Tinggi_Pok": 3.0, "Silara_Pok": 0.0, "Catatan": null, "Ukur_Lilit": 14, "Northing": null, "Easthing": null, "Ln_TAGB_": 4.594, "TAGB": 98.889, "CO2_Stock": 49.444 }, "geometry": { "type": "MultiPolygon", "coordinates": [ [ [ [ 110.333370965742205, 1.553346163311106 ], [ 110.333365688682932, 1.553312625976629 ], [ 110.333350371837895, 1.553282371155713 ], [ 110.333326514526902, 1.553258360401103 ], [ 110.333296452069931, 1.553242944052721 ], [ 110.33326312718971, 1.553237631170056 ], [ 110.333229801957458, 1.553242941814927 ], [ 110.333199738478811, 1.55325835614425 ], [ 110.33317587957626, 1.553282365296007 ], [ 110.333160560725233, 1.553312619087174 ], [ 110.333155281441648, 1.553346156065987 ], [ 110.333160558498761, 1.553379693399445 ], [ 110.333175875341752, 1.553409948219839 ], [ 110.33319973265165, 1.55343395897461 ], [ 110.333229795108821, 1.553449375323802 ], [ 110.333263119990534, 1.553454688207588 ], [ 110.333296445224931, 1.553449377563718 ], [ 110.333326508705596, 1.553433963234925 ], [ 110.33335036760927, 1.553409954082986 ], [ 110.33336568646007, 1.553379700291031 ], [ 110.333370965742205, 1.553346163311106 ] ] ] ] } },
{ "type": "Feature", "properties": { "fid_1": 284.0, "Lokasi": "Jalan_Satok", "Pemilik": "Dbku", "Tarikh_Dit": null, "Jenis_Poko": "TB2_Bucida", "Tinggi_Pok": 3.0, "Silara_Pok": 0.0, "Catatan": null, "Ukur_Lilit": 14, "Northing": null, "Easthing": null, "Ln_TAGB_": 4.594, "TAGB": 98.889, "CO2_Stock": 49.444 }, "geometry": { "type": "MultiPolygon", "coordinates": [ [ [ [ 110.333312763630573, 1.55334966946404 ], [ 110.333307486571869, 1.553316132129813 ], [ 110.333292169727429, 1.553285877308948 ], [ 110.333268312417033, 1.553261866554186 ], [ 110.333238249960559, 1.553246450205474 ], [ 110.333204925080665, 1.55324113732234 ], [ 110.333171599848626, 1.553246447966617 ], [ 110.333141536369979, 1.553261862295306 ], [ 110.333117677467229, 1.553285871446439 ], [ 110.333102358615847, 1.553316125237059 ], [ 110.333097079331765, 1.553349662215452 ], [ 110.333102356388295, 1.553383199548689 ], [ 110.333117673230717, 1.553413454369029 ], [ 110.333141530540004, 1.553437465123959 ], [ 110.333171592996706, 1.553452881473448 ], [ 110.333204917878064, 1.553458194357726 ], [ 110.333238243112277, 1.553452883714455 ], [ 110.333268306592927, 1.553437469386288 ], [ 110.333292165496786, 1.553413460234978 ], [ 110.333307484347969, 1.553383206443552 ], [ 110.333312763630573, 1.55334966946404 ] ] ] ] } },
{ "type": "Feature", "properties": { "fid_1": 285.0, "Lokasi": "Jalan_Satok", "Pemilik": "Dbku", "Tarikh_Dit": null, "Jenis_Poko": "TB2_Bucida", "Tinggi_Pok": 3.0, "Silara_Pok": 0.0, "Catatan": null, "Ukur_Lilit": 16, "Northing": null, "Easthing": null, "Ln_TAGB_": 4.888, "TAGB": 132.688, "CO2_Stock": 66.344 }, "geometry": { "type": "MultiPolygon", "coordinates": [ [ [ [ 110.333246497370936, 1.553351422541556 ], [ 110.3332412203129, 1.55331788520759 ], [ 110.333225903469156, 1.553287630386789 ], [ 110.3332020461594, 1.553263619631847 ], [ 110.333171983703494, 1.553248203282754 ], [ 110.333138658824026, 1.553242890399069 ], [ 110.333105333592201, 1.553248201042704 ], [ 110.333075270113582, 1.553263615370688 ], [ 110.333051411210647, 1.553287624521142 ], [ 110.333036092358881, 1.553317878311158 ], [ 110.333030813074259, 1.553351415289105 ], [ 110.333036090130136, 1.553384952622058 ], [ 110.333051406971848, 1.553415207442362 ], [ 110.333075264280495, 1.553439218197469 ], [ 110.333105326736629, 1.553454634547337 ], [ 110.33313865161756, 1.553459947432159 ], [ 110.333171976851546, 1.553454636789542 ], [ 110.333202040332196, 1.553439222462074 ], [ 110.33322589923624, 1.553415213311452 ], [ 110.333241218087792, 1.553384959520634 ], [ 110.333246497370936, 1.553351422541556 ] ] ] ] } },
{ "type": "Feature", "properties": { "fid_1": 286.0, "Lokasi": "Jalan_Satok", "Pemilik": "Dbku", "Tarikh_Dit": null, "Jenis_Poko": "TB2_Bucida", "Tinggi_Pok": 3.0, "Silara_Pok": 0.0, "Catatan": null, "Ukur_Lilit": 15, "Northing": null, "Easthing": null, "Ln_TAGB_": 4.746, "TAGB": 115.123, "CO2_Stock": 57.562 }, "geometry": { "type": "MultiPolygon", "coordinates": [ [ [ [ 110.333199514943516, 1.553354227463955 ], [ 110.33319423788592, 1.553320690130171 ], [ 110.333178921042673, 1.5532904353094 ], [ 110.333155063733386, 1.553266424554358 ], [ 110.333125001277864, 1.553251008205003 ], [ 110.333091676398681, 1.55324569532093 ], [ 110.333058351167011, 1.553251005964069 ], [ 110.333028287688393, 1.553266420291541 ], [ 110.333004428785316, 1.553290429441495 ], [ 110.332989109933266, 1.553320683231087 ], [ 110.332983830648232, 1.5533542202087 ], [ 110.332989107703668, 1.553387757541454 ], [ 110.333004424544882, 1.553418012361719 ], [ 110.333028281853061, 1.553442023116941 ], [ 110.333058344308796, 1.553457439467095 ], [ 110.333091669189443, 1.553462752352281 ], [ 110.333124994423272, 1.553457441710161 ], [ 110.333155057903923, 1.553442027383197 ], [ 110.333178916808123, 1.553418018233071 ], [ 110.333194235659974, 1.55338776444269 ], [ 110.333199514943516, 1.553354227463955 ] ] ] ] } },
{ "type": "Feature", "properties": { "fid_1": 287.0, "Lokasi": "Jalan_Satok", "Pemilik": "Dbku", "Tarikh_Dit": null, "Jenis_Poko": "TB2_Bucida", "Tinggi_Pok": 3.0, "Silara_Pok": 0.0, "Catatan": null, "Ukur_Lilit": 14, "Northing": null, "Easthing": null, "Ln_TAGB_": 4.594, "TAGB": 98.889, "CO2_Stock": 49.444 }, "geometry": { "type": "MultiPolygon", "coordinates": [ [ [ [ 110.333146572058837, 1.553357032386508 ], [ 110.333141295001781, 1.553323495052953 ], [ 110.333125978159075, 1.55329324023221 ], [ 110.333102120850327, 1.553269229477024 ], [ 110.33307205839526, 1.553253813127364 ], [ 110.333038733516403, 1.55324850024286 ], [ 110.33300540828489, 1.553253810885472 ], [ 110.332975344806272, 1.553269225212374 ], [ 110.332951485903024, 1.55329323436178 ], [ 110.332936167050647, 1.553323488150868 ], [ 110.332930887765187, 1.553357025128105 ], [ 110.332936164820097, 1.553390562460638 ], [ 110.332951481660771, 1.553420817280865 ], [ 110.332975338968424, 1.553444828036217 ], [ 110.333005401423705, 1.553460244386679 ], [ 110.333038726304025, 1.553465557272306 ], [ 110.333072051537698, 1.553460246630705 ], [ 110.333102115018335, 1.553444832304331 ], [ 110.333125973922691, 1.553420823154767 ], [ 110.333141292774869, 1.553390569364864 ], [ 110.333146572058837, 1.553357032386508 ] ] ] ] } },
{ "type": "Feature", "properties": { "fid_1": 288.0, "Lokasi": "Jalan_Satok", "Pemilik": "Dbku", "Tarikh_Dit": null, "Jenis_Poko": "TB2_Bucida", "Tinggi_Pok": 3.0, "Silara_Pok": 0.0, "Catatan": null, "Ukur_Lilit": 11, "Northing": null, "Easthing": null, "Ln_TAGB_": 4.065, "TAGB": 58.265, "CO2_Stock": 29.133 }, "geometry": { "type": "MultiPolygon", "coordinates": [ [ [ [ 110.333105900703728, 1.553358434848164 ], [ 110.33310062364707, 1.553324897514771 ], [ 110.33308530680479, 1.553294642694074 ], [ 110.333061449496412, 1.553270631938774 ], [ 110.3330313870417, 1.553255215588895 ], [ 110.332998062163099, 1.553249902704039 ], [ 110.332964736931743, 1.553255213346251 ], [ 110.332934673453138, 1.553270627672718 ], [ 110.332910814549763, 1.553294636821677 ], [ 110.33289549569713, 1.553324890610422 ], [ 110.332890216411343, 1.55335842758737 ], [ 110.332895493465855, 1.553391964919741 ], [ 110.332910810306117, 1.553422219739946 ], [ 110.332934667613358, 1.553446230495402 ], [ 110.332964730068298, 1.553461646846084 ], [ 110.332998054948376, 1.553466959732074 ], [ 110.333031380181893, 1.553461649090857 ], [ 110.333061443662501, 1.553446234764919 ], [ 110.333085302567, 1.553422225615766 ], [ 110.333100621419405, 1.553391971826245 ], [ 110.333105900703728, 1.553358434848164 ] ] ] ] } },
{ "type": "Feature", "properties": { "fid_1": 289.0, "Lokasi": "Jalan_Satok", "Pemilik": "Dbku", "Tarikh_Dit": null, "Jenis_Poko": "TB2_Bucida", "Tinggi_Pok": 3.0, "Silara_Pok": 0.0, "Catatan": null, "Ukur_Lilit": 12, "Northing": null, "Easthing": null, "Ln_TAGB_": 4.256, "TAGB": 70.527, "CO2_Stock": 35.264 }, "geometry": { "type": "MultiPolygon", "coordinates": [ [ [ [ 110.333057165200799, 1.553366498997576 ], [ 110.333051888144638, 1.553332961664406 ], [ 110.333036571302856, 1.553302706843777 ], [ 110.333012713994975, 1.553278696088378 ], [ 110.332982651540618, 1.553263279738196 ], [ 110.332949326662273, 1.553257966852921 ], [ 110.33291600143103, 1.553263277494608 ], [ 110.332885937952369, 1.553278691820506 ], [ 110.332862079048795, 1.553302700968916 ], [ 110.332846760195821, 1.55333295475714 ], [ 110.332841480909593, 1.553366491733707 ], [ 110.332846757963594, 1.553400029065846 ], [ 110.332862074803344, 1.553430283885977 ], [ 110.332885932110131, 1.553454294641567 ], [ 110.332915994564701, 1.553469710992519 ], [ 110.332949319444495, 1.55347502387893 ], [ 110.332982644677912, 1.553469713238236 ], [ 110.333012708158606, 1.553454298912879 ], [ 110.333036567063303, 1.553430289764288 ], [ 110.333051885916035, 1.553400035975251 ], [ 110.333057165200799, 1.553366498997576 ] ] ] ] } },
{ "type": "Feature", "properties": { "fid_1": 290.0, "Lokasi": "Jalan_Satok", "Pemilik": "Dbku", "Tarikh_Dit": null, "Jenis_Poko": "TB2_Bucida", "Tinggi_Pok": 3.0, "Silara_Pok": 0.0, "Catatan": null, "Ukur_Lilit": 12, "Northing": null, "Easthing": null, "Ln_TAGB_": 4.256, "TAGB": 70.527, "CO2_Stock": 35.264 }, "geometry": { "type": "MultiPolygon", "coordinates": [ [ [ [ 110.333011935848901, 1.553364745923181 ], [ 110.333006658793167, 1.553331208590192 ], [ 110.332991341951868, 1.553300953769567 ], [ 110.332967484644414, 1.553276943014037 ], [ 110.332937422190483, 1.55326152666363 ], [ 110.332904097312465, 1.553256213777987 ], [ 110.332870772081392, 1.553261524419236 ], [ 110.332840708602774, 1.553276938744671 ], [ 110.3328168496991, 1.553300947892645 ], [ 110.332801530845899, 1.553331201680509 ], [ 110.332796251559316, 1.553364738656777 ], [ 110.33280152861289, 1.55339827598876 ], [ 110.332816845452172, 1.553428530808863 ], [ 110.332840702758489, 1.553452541564571 ], [ 110.332870765212647, 1.55346795791578 ], [ 110.332904090092143, 1.553473270802557 ], [ 110.332937415325361, 1.553467960162306 ], [ 110.332967478805998, 1.553452545837379 ], [ 110.332991337710808, 1.553428536689246 ], [ 110.333006656563782, 1.553398282900597 ], [ 110.333011935848901, 1.553364745923181 ] ] ] ] } },
{ "type": "Feature", "properties": { "fid_1": 291.0, "Lokasi": "Jalan_Satok", "Pemilik": "Dbku", "Tarikh_Dit": null, "Jenis_Poko": "TB2_Bucida", "Tinggi_Pok": 3.0, "Silara_Pok": 0.0, "Catatan": null, "Ukur_Lilit": 12, "Northing": null, "Easthing": null, "Ln_TAGB_": 4.256, "TAGB": 70.527, "CO2_Stock": 35.264 }, "geometry": { "type": "MultiPolygon", "coordinates": [ [ [ [ 110.332970212648434, 1.553367200230275 ], [ 110.332964935593125, 1.553333662897453 ], [ 110.332949618752252, 1.553303408076859 ], [ 110.33292576144521, 1.553279397321234 ], [ 110.332895698991607, 1.553263980970568 ], [ 110.332862374113859, 1.553258668084585 ], [ 110.332829048882914, 1.553263978725448 ], [ 110.33279898540431, 1.553279393050398 ], [ 110.332775126500479, 1.553303402197936 ], [ 110.332759807647022, 1.553333655985407 ], [ 110.332754528360084, 1.553367192961382 ], [ 110.332759805413247, 1.553400730293192 ], [ 110.332775122252102, 1.553430985113271 ], [ 110.332798979558007, 1.553454995869065 ], [ 110.332829042011824, 1.553470412220523 ], [ 110.332862366891064, 1.553475725107619 ], [ 110.332895692124154, 1.553470414467797 ], [ 110.332925755604791, 1.553455000143331 ], [ 110.332949614509729, 1.553430990995659 ], [ 110.332964933362959, 1.553400737207385 ], [ 110.332970212648434, 1.553367200230275 ] ] ] ] } },
{ "type": "Feature", "properties": { "fid_1": 292.0, "Lokasi": "Jalan_Satok", "Pemilik": "Dbku", "Tarikh_Dit": null, "Jenis_Poko": "TB2_Bucida", "Tinggi_Pok": 3.0, "Silara_Pok": 0.0, "Catatan": null, "Ukur_Lilit": 13, "Northing": null, "Easthing": null, "Ln_TAGB_": 4.432, "TAGB": 84.099, "CO2_Stock": 42.05 }, "geometry": { "type": "MultiPolygon", "coordinates": [ [ [ [ 110.332929891908393, 1.553367200231411 ], [ 110.332924614853468, 1.55333366289875 ], [ 110.332909298013007, 1.55330340807818 ], [ 110.332885440706391, 1.553279397322438 ], [ 110.332855378253157, 1.553263980971551 ], [ 110.332822053375651, 1.553258668085241 ], [ 110.332788728144848, 1.553263978725695 ], [ 110.332758664666272, 1.553279393050256 ], [ 110.332734805762342, 1.553303402197373 ], [ 110.332719486908658, 1.55333365598449 ], [ 110.332714207621393, 1.553367192960204 ], [ 110.332719484674172, 1.553400730291862 ], [ 110.332734801512601, 1.553430985111898 ], [ 110.332758658818108, 1.553454995867817 ], [ 110.332788721271569, 1.553470412219507 ], [ 110.332822046150554, 1.553475725106925 ], [ 110.332855371383488, 1.553470414467503 ], [ 110.332885434864096, 1.553455000143459 ], [ 110.332909293769134, 1.553430990996163 ], [ 110.332924612622591, 1.55340073720825 ], [ 110.332929891908393, 1.553367200231411 ] ] ] ] } },
{ "type": "Feature", "properties": { "fid_1": 293.0, "Lokasi": "Jalan_Satok", "Pemilik": "Dbku", "Tarikh_Dit": null, "Jenis_Poko": "TB2_Bucida", "Tinggi_Pok": 3.0, "Silara_Pok": 0.0, "Catatan": null, "Ukur_Lilit": 10, "Northing": null, "Easthing": null, "Ln_TAGB_": 3.855, "TAGB": 47.229, "CO2_Stock": 23.614 }, "geometry": { "type": "MultiPolygon", "coordinates": [ [ [ [ 110.33289062301391, 1.553371758229237 ], [ 110.332885345959369, 1.553338220896748 ], [ 110.33287002911932, 1.55330796607624 ], [ 110.332846171813088, 1.553283955320393 ], [ 110.332816109360152, 1.553268538969285 ], [ 110.332782784482859, 1.553263226082646 ], [ 110.332749459252199, 1.553268536722674 ], [ 110.33271939577358, 1.553283951046791 ], [ 110.332695536869508, 1.55330796019347 ], [ 110.332680218015568, 1.553338213980196 ], [ 110.332674938727948, 1.553371750955626 ], [ 110.332680215780343, 1.553405288287096 ], [ 110.332695532618359, 1.553435543107101 ], [ 110.332719389923497, 1.553459553863113 ], [ 110.332749452376632, 1.553474970215024 ], [ 110.332782777255375, 1.553480283102794 ], [ 110.332816102488209, 1.553474972463766 ], [ 110.332846165968832, 1.553459558140164 ], [ 110.33287002487404, 1.553435548993311 ], [ 110.332885343727753, 1.553405295205795 ], [ 110.33289062301391, 1.553371758229237 ] ] ] ] } },
{ "type": "Feature", "properties": { "fid_1": 294.0, "Lokasi": "Jalan_Satok", "Pemilik": "Dbku", "Tarikh_Dit": null, "Jenis_Poko": "TB2_Bucida", "Tinggi_Pok": 3.0, "Silara_Pok": 0.0, "Catatan": null, "Ukur_Lilit": 11, "Northing": null, "Easthing": null, "Ln_TAGB_": 4.065, "TAGB": 58.265, "CO2_Stock": 29.133 }, "geometry": { "type": "MultiPolygon", "coordinates": [ [ [ [ 110.332853808425241, 1.55337456315134 ], [ 110.33284853137107, 1.553341025819009 ], [ 110.332833214531405, 1.553310770998513 ], [ 110.332809357225514, 1.553286760242585 ], [ 110.332779294772905, 1.553271343891252 ], [ 110.332745969895839, 1.553266031004307 ], [ 110.332712644665278, 1.553271341643965 ], [ 110.332682581186646, 1.553286755967688 ], [ 110.332658722282446, 1.553310765113952 ], [ 110.332643403428293, 1.553341018900337 ], [ 110.33263812414036, 1.55337455587549 ], [ 110.332643401192371, 1.553408093206812 ], [ 110.332658718030018, 1.55343834802678 ], [ 110.332682575334772, 1.553462358782876 ], [ 110.332712637787623, 1.553477775135012 ], [ 110.332745962666138, 1.553483088023081 ], [ 110.332779287898873, 1.553477777384432 ], [ 110.33280935137951, 1.553462363061248 ], [ 110.332833210284832, 1.553438353914784 ], [ 110.332848529138772, 1.553408100127627 ], [ 110.332853808425241, 1.55337456315134 ] ] ] ] } },
{ "type": "Feature", "properties": { "fid_1": 295.0, "Lokasi": "Jalan_Satok", "Pemilik": "Dbku", "Tarikh_Dit": null, "Jenis_Poko": "TB2_Bucida", "Tinggi_Pok": 4.0, "Silara_Pok": 0.0, "Catatan": null, "Ukur_Lilit": 14, "Northing": null, "Easthing": null, "Ln_TAGB_": 4.594, "TAGB": 98.889, "CO2_Stock": 49.444 }, "geometry": { "type": "MultiPolygon", "coordinates": [ [ [ [ 110.332808579073458, 1.553377368073644 ], [ 110.332803302019727, 1.553343830741512 ], [ 110.332787985180531, 1.553313575921063 ], [ 110.332764127875095, 1.553289565165025 ], [ 110.332734065422855, 1.553274148813438 ], [ 110.332700740546073, 1.55326883592611 ], [ 110.332667415315655, 1.553274146565317 ], [ 110.33263735183705, 1.553289560888522 ], [ 110.332613492932694, 1.553313570034331 ], [ 110.332598174078242, 1.553343823820279 ], [ 110.33259289478994, 1.553377360795115 ], [ 110.332598171841497, 1.55341089812626 ], [ 110.332613488678675, 1.553441152946193 ], [ 110.332637345982988, 1.553465163702402 ], [ 110.332667408435469, 1.553480580054776 ], [ 110.332700733313715, 1.553485892943241 ], [ 110.332734058546293, 1.553480582305043 ], [ 110.33276412202693, 1.553465167982354 ], [ 110.332787980932395, 1.553441158836364 ], [ 110.332803299786619, 1.553410905049617 ], [ 110.332808579073458, 1.553377368073644 ] ] ] ] } },
{ "type": "Feature", "properties": { "fid_1": 296.0, "Lokasi": "Jalan_Satok", "Pemilik": "Dbku", "Tarikh_Dit": null, "Jenis_Poko": "TB2_Bucida", "Tinggi_Pok": 4.0, "Silara_Pok": 0.0, "Catatan": null, "Ukur_Lilit": 11, "Northing": null, "Easthing": null, "Ln_TAGB_": 4.065, "TAGB": 58.265, "CO2_Stock": 29.133 }, "geometry": { "type": "MultiPolygon", "coordinates": [ [ [ [ 110.332759315403777, 1.553380680125842 ], [ 110.332754038350544, 1.553347142793907 ], [ 110.332738721511859, 1.553316887973496 ], [ 110.33271486420692, 1.553292877217328 ], [ 110.332684801755093, 1.553277460865465 ], [ 110.332651476878596, 1.553272147977729 ], [ 110.332618151648319, 1.553277458616424 ], [ 110.3325880881697, 1.553292872939105 ], [ 110.332564229265202, 1.553316882084385 ], [ 110.332548910410438, 1.553347135869869 ], [ 110.332543631121723, 1.553380672844362 ], [ 110.332548908172797, 1.553414210175287 ], [ 110.332564225009463, 1.55344446499517 ], [ 110.332588082313293, 1.553468475751513 ], [ 110.332618144765334, 1.553483892104165 ], [ 110.332651469643309, 1.553489204993025 ], [ 110.332684794875732, 1.553483894355341 ], [ 110.332714858356383, 1.553468480033178 ], [ 110.332738717262004, 1.55344447088773 ], [ 110.332754036116526, 1.553414217101443 ], [ 110.332759315403777, 1.553380680125842 ] ] ] ] } },
{ "type": "Feature", "properties": { "fid_1": 297.0, "Lokasi": "Jalan_Satok", "Pemilik": "Dbku", "Tarikh_Dit": null, "Jenis_Poko": "TB2_Bucida", "Tinggi_Pok": 4.0, "Silara_Pok": 0.0, "Catatan": null, "Ukur_Lilit": 10, "Northing": null, "Easthing": null, "Ln_TAGB_": 3.855, "TAGB": 47.229, "CO2_Stock": 23.614 }, "geometry": { "type": "MultiPolygon", "coordinates": [ [ [ [ 110.332706372519183, 1.553385238124049 ], [ 110.332701095466462, 1.55335170079235 ], [ 110.332685778628331, 1.553321445971988 ], [ 110.332661921323904, 1.553297435215689 ], [ 110.332631858872517, 1.55328201886353 ], [ 110.332598533996347, 1.553276705975343 ], [ 110.332565208766226, 1.553282016613498 ], [ 110.332535145287579, 1.553297430935598 ], [ 110.332511286382896, 1.553321440080297 ], [ 110.332495967527805, 1.553351693865281 ], [ 110.332490688238622, 1.553385230839382 ], [ 110.332495965289169, 1.553418768170065 ], [ 110.332511282125296, 1.553449022989908 ], [ 110.332535139428614, 1.553473033746385 ], [ 110.332565201880215, 1.553488450099356 ], [ 110.332598526757863, 1.553493762988651 ], [ 110.332631851990115, 1.553488452351513 ], [ 110.332661915470794, 1.553473038029936 ], [ 110.3326857743766, 1.553449028885057 ], [ 110.332701093231478, 1.553418775099281 ], [ 110.332706372519183, 1.553385238124049 ] ] ] ] } },
{ "type": "Feature", "properties": { "fid_1": 298.0, "Lokasi": "Jalan_Satok", "Pemilik": "Dbku", "Tarikh_Dit": null, "Jenis_Poko": "TB2_Bucida", "Tinggi_Pok": 4.0, "Silara_Pok": 0.0, "Catatan": null, "Ukur_Lilit": 13, "Northing": null, "Easthing": null, "Ln_TAGB_": 4.432, "TAGB": 84.099, "CO2_Stock": 42.05 }, "geometry": { "type": "MultiPolygon", "coordinates": [ [ [ [ 110.332650975328519, 1.553384887510457 ], [ 110.332645698276352, 1.553351350178966 ], [ 110.332630381438776, 1.55332109535865 ], [ 110.332606524134903, 1.553297084602177 ], [ 110.332576461683999, 1.553281668249712 ], [ 110.332543136808198, 1.553276355361079 ], [ 110.332509811578291, 1.553281665998704 ], [ 110.332479748099686, 1.553297080320216 ], [ 110.332455889194861, 1.553321089464371 ], [ 110.332440570339458, 1.553351343248864 ], [ 110.332435291049848, 1.55338488022261 ], [ 110.332440568099855, 1.553418417553092 ], [ 110.332455884935399, 1.553448672372903 ], [ 110.332479742238178, 1.55347268312952 ], [ 110.332509804689266, 1.553488099482798 ], [ 110.33254312956656, 1.553493412372543 ], [ 110.332576454798627, 1.55348810173593 ], [ 110.332606518279235, 1.553472687414943 ], [ 110.332630377185197, 1.553448678270623 ], [ 110.332645696040387, 1.553418424485318 ], [ 110.332650975328519, 1.553384887510457 ] ] ] ] } },
{ "type": "Feature", "properties": { "fid_1": 299.0, "Lokasi": "Jalan_Satok", "Pemilik": "Dbku", "Tarikh_Dit": null, "Jenis_Poko": "TB2_Bucida", "Tinggi_Pok": 4.0, "Silara_Pok": 0.0, "Catatan": null, "Ukur_Lilit": 9, "Northing": null, "Easthing": null, "Ln_TAGB_": 3.624, "TAGB": 37.487, "CO2_Stock": 18.744 }, "geometry": { "type": "MultiPolygon", "coordinates": [ [ [ [ 110.332596980598467, 1.553387341817904 ], [ 110.332591703546825, 1.553353804486641 ], [ 110.332576386709832, 1.553323549666352 ], [ 110.332552529406485, 1.553299538909759 ], [ 110.33252246695605, 1.55328412255697 ], [ 110.332489142080576, 1.553278809667896 ], [ 110.332455816850839, 1.553284120304987 ], [ 110.332425753372249, 1.553299534625908 ], [ 110.332401894467239, 1.553323543769506 ], [ 110.332386575611537, 1.553353797553503 ], [ 110.332381296321444, 1.553387334526869 ], [ 110.332386573370954, 1.55342087185714 ], [ 110.332401890205915, 1.553451126676879 ], [ 110.332425747508154, 1.553475137433654 ], [ 110.332455809958816, 1.553490553787235 ], [ 110.332489134835782, 1.553495866677441 ], [ 110.332522460067651, 1.553490556041355 ], [ 110.332552523548259, 1.553475141720934 ], [ 110.332576382454391, 1.553451132577187 ], [ 110.33259170130988, 1.553420878792391 ], [ 110.332596980598467, 1.553387341817904 ] ] ] ] } },
{ "type": "Feature", "properties": { "fid_1": 300.0, "Lokasi": "Jalan_Satok", "Pemilik": "Dbku", "Tarikh_Dit": null, "Jenis_Poko": "TB2_Bucida", "Tinggi_Pok": 4.0, "Silara_Pok": 0.0, "Catatan": null, "Ukur_Lilit": 15, "Northing": null, "Easthing": null, "Ln_TAGB_": 4.746, "TAGB": 115.123, "CO2_Stock": 57.562 }, "geometry": { "type": "MultiPolygon", "coordinates": [ [ [ [ 110.332540180947419, 1.553390847970821 ], [ 110.332534903896345, 1.553357310639783 ], [ 110.332519587059934, 1.553327055819555 ], [ 110.332495729757156, 1.553303045062825 ], [ 110.332465667307176, 1.553287628709712 ], [ 110.332432342432043, 1.553282315820162 ], [ 110.332399017202505, 1.553287626456678 ], [ 110.332368953723901, 1.553303040776988 ], [ 110.33234509481872, 1.553327049919968 ], [ 110.332329775962648, 1.553357303703443 ], [ 110.332324496672115, 1.553390840676387 ], [ 110.332329773721042, 1.553424378006425 ], [ 110.332345090555421, 1.553454632826125 ], [ 110.332368947857091, 1.553478643583036 ], [ 110.33239901030727, 1.553494059936957 ], [ 110.332432335183881, 1.553499372827619 ], [ 110.332465660415579, 1.553494062192116 ], [ 110.332495723896187, 1.553478647872318 ], [ 110.33251958280249, 1.553454638729183 ], [ 110.332534901658349, 1.553424384944902 ], [ 110.332540180947419, 1.553390847970821 ] ] ] ] } },
{ "type": "Feature", "properties": { "fid_1": 301.0, "Lokasi": "Jalan_Satok", "Pemilik": "Dbku", "Tarikh_Dit": null, "Jenis_Poko": "TB2_Bucida", "Tinggi_Pok": 4.0, "Silara_Pok": 0.0, "Catatan": null, "Ukur_Lilit": 9, "Northing": null, "Easthing": null, "Ln_TAGB_": 3.624, "TAGB": 37.487, "CO2_Stock": 18.744 }, "geometry": { "type": "MultiPolygon", "coordinates": [ [ [ [ 110.332480576375232, 1.553391899817901 ], [ 110.332475299324727, 1.553358362487093 ], [ 110.332459982488942, 1.553328107666925 ], [ 110.33243612518676, 1.553304096910025 ], [ 110.332406062737292, 1.553288680556569 ], [ 110.332372737862542, 1.553283367666541 ], [ 110.332339412633232, 1.553288678302457 ], [ 110.332309349154656, 1.553304092622158 ], [ 110.332285490249291, 1.553328101764517 ], [ 110.332270171392878, 1.553358355547463 ], [ 110.332264892101847, 1.553391892520026 ], [ 110.33227016915022, 1.553425429849802 ], [ 110.332285485983988, 1.553455684669475 ], [ 110.332309343285047, 1.553479695426545 ], [ 110.332339405734714, 1.553495111780781 ], [ 110.332372730610942, 1.553500424671951 ], [ 110.332406055842426, 1.553495114037031 ], [ 110.33243611932302, 1.553479699717861 ], [ 110.33245997822948, 1.553455690575322 ], [ 110.332475297085679, 1.55342543679158 ], [ 110.332480576375232, 1.553391899817901 ] ] ] ] } },
{ "type": "Feature", "properties": { "fid_1": 302.0, "Lokasi": "Jalan_Satok", "Pemilik": "Dbku", "Tarikh_Dit": null, "Jenis_Poko": "TB2_Bucida", "Tinggi_Pok": 4.0, "Silara_Pok": 0.0, "Catatan": null, "Ukur_Lilit": 14, "Northing": null, "Easthing": null, "Ln_TAGB_": 4.594, "TAGB": 98.889, "CO2_Stock": 49.444 }, "geometry": { "type": "MultiPolygon", "coordinates": [ [ [ [ 110.332429035951094, 1.55339540597069 ], [ 110.332423758901115, 1.553361868640087 ], [ 110.332408442065855, 1.553331613819954 ], [ 110.332384584764171, 1.553307603062919 ], [ 110.332354522315157, 1.553292186709187 ], [ 110.33232119744072, 1.553286873818709 ], [ 110.332287872211538, 1.553292184454121 ], [ 110.332257808732976, 1.553307598773248 ], [ 110.332233949827454, 1.553331607915065 ], [ 110.332218630970715, 1.553361861697518 ], [ 110.332213351679258, 1.55339539866972 ], [ 110.332218628727105, 1.553428935999272 ], [ 110.332233945560333, 1.553459190818899 ], [ 110.332257802860894, 1.553483201576092 ], [ 110.33228786531015, 1.553498617930645 ], [ 110.33232119018605, 1.553503930822232 ], [ 110.332354515417379, 1.55349862018783 ], [ 110.332384578897972, 1.553483205869232 ], [ 110.332408437804602, 1.55345919672724 ], [ 110.332423756661115, 1.553428942943997 ], [ 110.332429035951094, 1.55339540597069 ] ] ] ] } },
{ "type": "Feature", "properties": { "fid_1": 303.0, "Lokasi": "Jalan_Satok", "Pemilik": "Dbku", "Tarikh_Dit": null, "Jenis_Poko": "TB2_Bucida", "Tinggi_Pok": 4.0, "Silara_Pok": 0.0, "Catatan": null, "Ukur_Lilit": 12, "Northing": null, "Easthing": null, "Ln_TAGB_": 4.256, "TAGB": 70.527, "CO2_Stock": 35.264 }, "geometry": { "type": "MultiPolygon", "coordinates": [ [ [ [ 110.332368730148687, 1.553396808432886 ], [ 110.33236345309929, 1.553363271102553 ], [ 110.332348136264656, 1.553333016282429 ], [ 110.332324278963583, 1.553309005525255 ], [ 110.332294216515066, 1.553293589171168 ], [ 110.332260891641013, 1.553288276280211 ], [ 110.332227566412058, 1.553293586915037 ], [ 110.332197502933496, 1.553309001233521 ], [ 110.332173644027819, 1.553333010374713 ], [ 110.332158325170738, 1.553363264156632 ], [ 110.332153045878783, 1.553396801128403 ], [ 110.332158322926034, 1.553430338457738 ], [ 110.332173639758636, 1.553460593277311 ], [ 110.332197497058587, 1.553484604034662 ], [ 110.332227559507331, 1.553500020389555 ], [ 110.332260884382862, 1.553505333281634 ], [ 110.332294209613963, 1.553500022647836 ], [ 110.332324273094528, 1.553484608329865 ], [ 110.332348132001343, 1.553460599188502 ], [ 110.33236345085821, 1.553430345405793 ], [ 110.332368730148687, 1.553396808432886 ] ] ] ] } },
{ "type": "Feature", "properties": { "fid_1": 304.0, "Lokasi": "Jalan_Satok", "Pemilik": "Dbku", "Tarikh_Dit": null, "Jenis_Poko": "TB2_Bucida", "Tinggi_Pok": 4.0, "Silara_Pok": 0.0, "Catatan": null, "Ukur_Lilit": 10, "Northing": null, "Easthing": null, "Ln_TAGB_": 3.855, "TAGB": 47.229, "CO2_Stock": 23.614 }, "geometry": { "type": "MultiPolygon", "coordinates": [ [ [ [ 110.332301061428637, 1.553402067661786 ], [ 110.332295784379895, 1.553368530331719 ], [ 110.332280467545985, 1.553338275511683 ], [ 110.332256610245551, 1.55331426475433 ], [ 110.332226547797617, 1.553298848399874 ], [ 110.332193222923976, 1.553293535508345 ], [ 110.332159897695234, 1.553298846142467 ], [ 110.33212983421663, 1.553314260460203 ], [ 110.332105975310711, 1.553338269600667 ], [ 110.332090656453232, 1.553368523381936 ], [ 110.332085377160709, 1.55340206035323 ], [ 110.332090654207263, 1.553435597682277 ], [ 110.332105971039184, 1.553465852501792 ], [ 110.332129828338481, 1.553489863259313 ], [ 110.332159890786642, 1.553505279614581 ], [ 110.332193215661746, 1.553510592507235 ], [ 110.332226540892663, 1.553505281874122 ], [ 110.332256604373242, 1.553489867556904 ], [ 110.332280463280298, 1.553465858416259 ], [ 110.332295782137564, 1.553435604634179 ], [ 110.332301061428637, 1.553402067661786 ] ] ] ] } },
{ "type": "Feature", "properties": { "fid_1": 305.0, "Lokasi": "Jalan_Satok", "Pemilik": "Dbku", "Tarikh_Dit": null, "Jenis_Poko": "TB2_Bucida", "Tinggi_Pok": 4.0, "Silara_Pok": 0.0, "Catatan": null, "Ukur_Lilit": 10, "Northing": null, "Easthing": null, "Ln_TAGB_": 3.855, "TAGB": 47.229, "CO2_Stock": 23.614 }, "geometry": { "type": "MultiPolygon", "coordinates": [ [ [ [ 110.331742948478251, 1.553434809476583 ], [ 110.331737671435022, 1.553401272148847 ], [ 110.331722354606896, 1.55337101732928 ], [ 110.33169849731199, 1.553347006570502 ], [ 110.331668434868732, 1.55333159021286 ], [ 110.331635109998473, 1.553326277316697 ], [ 110.331601784771507, 1.553331587945201 ], [ 110.331571721292946, 1.553347002256874 ], [ 110.331547862385236, 1.553371011391413 ], [ 110.331532543524318, 1.553401265167496 ], [ 110.33152726422712, 1.553434802134828 ], [ 110.331532541268189, 1.553468339461545 ], [ 110.331547858094311, 1.553498594280578 ], [ 110.331571715388094, 1.553522605039531 ], [ 110.33160177783158, 1.553538021397981 ], [ 110.331635102703288, 1.55354333429526 ], [ 110.331668427932399, 1.55353802366777 ], [ 110.331698491412979, 1.553522609356633 ], [ 110.331722350321812, 1.553498600221909 ], [ 110.331737669182488, 1.553468346445037 ], [ 110.331742948478251, 1.553434809476583 ] ] ] ] } },
{ "type": "Feature", "properties": { "fid_1": 306.0, "Lokasi": "Jalan_Satok", "Pemilik": "Dbku", "Tarikh_Dit": null, "Jenis_Poko": "TB2_Bucida", "Tinggi_Pok": 3.0, "Silara_Pok": 0.0, "Catatan": null, "Ukur_Lilit": 14, "Northing": null, "Easthing": null, "Ln_TAGB_": 4.594, "TAGB": 98.889, "CO2_Stock": 49.444 }, "geometry": { "type": "MultiPolygon", "coordinates": [ [ [ [ 110.331680889600193, 1.553437088476669 ], [ 110.331675612557575, 1.553403551149183 ], [ 110.331660295730074, 1.553373296329686 ], [ 110.331636438435794, 1.553349285570744 ], [ 110.331606375993061, 1.553333869212734 ], [ 110.331573051123186, 1.55332855631606 ], [ 110.331539725896448, 1.553333866943953 ], [ 110.331509662417901, 1.55334928125495 ], [ 110.331485803509992, 1.553373290388858 ], [ 110.331470484648747, 1.553403544164369 ], [ 110.331465205350995, 1.553437081131266 ], [ 110.331470482391467, 1.55347061845774 ], [ 110.331485799216949, 1.553500873276725 ], [ 110.331509656510107, 1.553524884035836 ], [ 110.331539718953067, 1.553540300394641 ], [ 110.331573043824392, 1.553545613292407 ], [ 110.33160636905329, 1.553540302665565 ], [ 110.331636432533841, 1.553524888355078 ], [ 110.331660291442873, 1.553500879221015 ], [ 110.331675610303918, 1.553470625444701 ], [ 110.331680889600193, 1.553437088476669 ] ] ] ] } },
{ "type": "Feature", "properties": { "fid_1": 307.0, "Lokasi": "Jalan_Satok", "Pemilik": "Dbku", "Tarikh_Dit": null, "Jenis_Poko": "TB2_Bucida", "Tinggi_Pok": 3.0, "Silara_Pok": 0.0, "Catatan": null, "Ukur_Lilit": 14, "Northing": null, "Easthing": null, "Ln_TAGB_": 4.594, "TAGB": 98.889, "CO2_Stock": 49.444 }, "geometry": { "type": "MultiPolygon", "coordinates": [ [ [ [ 110.331608312268202, 1.553439192169506 ], [ 110.331603035226294, 1.553405654842324 ], [ 110.331587718399561, 1.553375400022863 ], [ 110.331563861105991, 1.553351389263735 ], [ 110.33153379866387, 1.553335972905311 ], [ 110.331500473794463, 1.553330660008062 ], [ 110.331467148567995, 1.553335970635219 ], [ 110.331437085089462, 1.553351384945451 ], [ 110.33141322618134, 1.553375394078606 ], [ 110.331397907319655, 1.553405647853465 ], [ 110.331392628021334, 1.553439184819866 ], [ 110.331397905061081, 1.553472722146048 ], [ 110.331413221885796, 1.553502976964988 ], [ 110.331437079178244, 1.553526987724273 ], [ 110.331467141620593, 1.553542404083481 ], [ 110.331500466491448, 1.553547716981874 ], [ 110.331533791720091, 1.553542406355714 ], [ 110.331563855200642, 1.553526992046023 ], [ 110.331587714109872, 1.553502982912684 ], [ 110.331603032971344, 1.553472729137051 ], [ 110.331608312268202, 1.553439192169506 ] ] ] ] } },
{ "type": "Feature", "properties": { "fid_1": 308.0, "Lokasi": "Jalan_Satok", "Pemilik": "Dbku", "Tarikh_Dit": null, "Jenis_Poko": "TB2_Bucida", "Tinggi_Pok": 3.0, "Silara_Pok": 0.0, "Catatan": null, "Ukur_Lilit": 16, "Northing": null, "Easthing": null, "Ln_TAGB_": 4.888, "TAGB": 132.688, "CO2_Stock": 66.344 }, "geometry": { "type": "MultiPolygon", "coordinates": [ [ [ [ 110.331541695393497, 1.553443048937835 ], [ 110.331536418352243, 1.553409511610914 ], [ 110.331521101526192, 1.553379256791513 ], [ 110.33149724423329, 1.553355246032225 ], [ 110.331467181791737, 1.553339829673428 ], [ 110.331433856922743, 1.553334516775618 ], [ 110.33140053169646, 1.553339827402104 ], [ 110.331370468217941, 1.55335524171161 ], [ 110.33134660930962, 1.553379250844055 ], [ 110.331331290447537, 1.553409504618307 ], [ 110.331326011148647, 1.55344304158421 ], [ 110.331331288187741, 1.553476578910119 ], [ 110.33134660501176, 1.553506833729015 ], [ 110.331370462303553, 1.553530844488473 ], [ 110.33140052474532, 1.553546260848073 ], [ 110.331433849615777, 1.553551573746981 ], [ 110.331467174844207, 1.553546263121517 ], [ 110.331497238324758, 1.553530848812537 ], [ 110.331521097234202, 1.553506839679924 ], [ 110.331536416096085, 1.553476585904876 ], [ 110.331541695393497, 1.553443048937835 ] ] ] ] } },
{ "type": "Feature", "properties": { "fid_1": 309.0, "Lokasi": "Jalan_Satok", "Pemilik": "Dbku", "Tarikh_Dit": null, "Jenis_Poko": "TB2_Bucida", "Tinggi_Pok": 3.0, "Silara_Pok": 0.0, "Catatan": null, "Ukur_Lilit": 16, "Northing": null, "Easthing": null, "Ln_TAGB_": 4.888, "TAGB": 132.688, "CO2_Stock": 66.344 }, "geometry": { "type": "MultiPolygon", "coordinates": [ [ [ [ 110.331488051278583, 1.553445503245271 ], [ 110.331482774237855, 1.553411965918582 ], [ 110.331467457412359, 1.553381711099227 ], [ 110.331443600119997, 1.553357700339792 ], [ 110.331413537678898, 1.553342283980681 ], [ 110.331380212810231, 1.553336971082437 ], [ 110.331346887584132, 1.553342281708386 ], [ 110.331316824105613, 1.553357696017322 ], [ 110.331292965197136, 1.553381705149202 ], [ 110.331277646334712, 1.553411958922952 ], [ 110.331272367035382, 1.553445495888502 ], [ 110.331277644073964, 1.553479033214181 ], [ 110.331292960897429, 1.553509288033027 ], [ 110.331316818188682, 1.553533298792626 ], [ 110.331346880629994, 1.55354871515252 ], [ 110.331380205500125, 1.5535540280519 ], [ 110.331413530728383, 1.553548717426953 ], [ 110.331443594208906, 1.553533303118552 ], [ 110.33146745311852, 1.553509293986505 ], [ 110.331482771980717, 1.553479040211964 ], [ 110.331488051278583, 1.553445503245271 ] ] ] ] } },
{ "type": "Feature", "properties": { "fid_1": 310.0, "Lokasi": "Jalan_Satok", "Pemilik": "Dbku", "Tarikh_Dit": null, "Jenis_Poko": "TB2_Bucida", "Tinggi_Pok": 3.0, "Silara_Pok": 0.0, "Catatan": null, "Ukur_Lilit": 12, "Northing": null, "Easthing": null, "Ln_TAGB_": 4.256, "TAGB": 70.527, "CO2_Stock": 35.264 }, "geometry": { "type": "MultiPolygon", "coordinates": [ [ [ [ 110.331311318235095, 1.553452862464761 ], [ 110.3313060411961, 1.553419325138785 ], [ 110.331290724372423, 1.553389070319571 ], [ 110.331266867081808, 1.553365059559683 ], [ 110.331236804642231, 1.553349643199573 ], [ 110.331203479774672, 1.553344330299867 ], [ 110.33117015454917, 1.553349640924054 ], [ 110.331140091070679, 1.553365055231072 ], [ 110.331116232161648, 1.553389064361129 ], [ 110.331100913298172, 1.553419318133245 ], [ 110.331095633997393, 1.55345285509758 ], [ 110.331100911034227, 1.553486392422545 ], [ 110.331116227855873, 1.55351664724124 ], [ 110.331140085145378, 1.553540658001284 ], [ 110.331170147585183, 1.553556074362206 ], [ 110.33120347245422, 1.553561387263023 ], [ 110.331236797681882, 1.553556076639856 ], [ 110.331266861162376, 1.553540662333347 ], [ 110.331290720072516, 1.553516653203147 ], [ 110.331306038935764, 1.553486399430213 ], [ 110.331311318235095, 1.553452862464761 ] ] ] ] } },
{ "type": "Feature", "properties": { "fid_1": 311.0, "Lokasi": "Jalan_Satok", "Pemilik": "Dbku", "Tarikh_Dit": null, "Jenis_Poko": "TB2_Bucida", "Tinggi_Pok": 3.0, "Silara_Pok": 0.0, "Catatan": null, "Ukur_Lilit": 10, "Northing": null, "Easthing": null, "Ln_TAGB_": 3.855, "TAGB": 47.229, "CO2_Stock": 23.614 }, "geometry": { "type": "MultiPolygon", "coordinates": [ [ [ [ 110.33122646937359, 1.553457069848729 ], [ 110.331221192335434, 1.553423532523092 ], [ 110.331205875512651, 1.553393277703938 ], [ 110.331182018222862, 1.553369266943842 ], [ 110.331151955783994, 1.553353850583243 ], [ 110.331118630916947, 1.553348537682848 ], [ 110.33108530569173, 1.553353848306179 ], [ 110.331055242213253, 1.553369262612302 ], [ 110.33103138330398, 1.553393271741431 ], [ 110.331016064439993, 1.553423525512781 ], [ 110.331010785138488, 1.553457062476518 ], [ 110.331016062174498, 1.553490599801116 ], [ 110.331031378995235, 1.55352085461976 ], [ 110.331055236283916, 1.553544865380037 ], [ 110.331085298723011, 1.553560281741414 ], [ 110.331118623591522, 1.553565594642942 ], [ 110.331151948818885, 1.553560284020634 ], [ 110.331182012299394, 1.553544869715032 ], [ 110.331205871209789, 1.553520860585716 ], [ 110.331221190073563, 1.55349060681358 ], [ 110.33122646937359, 1.553457069848729 ] ] ] ] } },
{ "type": "Feature", "properties": { "fid_1": 312.0, "Lokasi": "Jalan_Satok", "Pemilik": "Dbku", "Tarikh_Dit": null, "Jenis_Poko": "TB2_Bucida", "Tinggi_Pok": 4.0, "Silara_Pok": 0.0, "Catatan": null, "Ukur_Lilit": 13, "Northing": null, "Easthing": null, "Ln_TAGB_": 4.432, "TAGB": 84.099, "CO2_Stock": 42.05 }, "geometry": { "type": "MultiPolygon", "coordinates": [ [ [ [ 110.331159852498928, 1.553462679692707 ], [ 110.331154575461454, 1.553429142367381 ], [ 110.331139258639354, 1.553398887548296 ], [ 110.331115401350232, 1.553374876788009 ], [ 110.331085338911905, 1.553359460427043 ], [ 110.331052014045255, 1.553354147526084 ], [ 110.331018688820237, 1.553359458148736 ], [ 110.330988625341746, 1.553374872454103 ], [ 110.330964766432217, 1.55339888158254 ], [ 110.330949447567818, 1.553429135353249 ], [ 110.330944168265759, 1.5534626723165 ], [ 110.330949445301087, 1.553496209640833 ], [ 110.330964762121155, 1.553526464459379 ], [ 110.330988619409183, 1.553550475219821 ], [ 110.331018681847723, 1.553565891581587 ], [ 110.331052006715808, 1.55357120448367 ], [ 110.331085331943001, 1.553565893862028 ], [ 110.33111539542351, 1.553550479557179 ], [ 110.331139254334161, 1.553526470428583 ], [ 110.331154573198347, 1.553496216657086 ], [ 110.331159852498928, 1.553462679692707 ] ] ] ] } },
{ "type": "Feature", "properties": { "fid_1": 313.0, "Lokasi": "Jalan_Satok", "Pemilik": "Dbku", "Tarikh_Dit": null, "Jenis_Poko": "TB2_Bucida", "Tinggi_Pok": 4.0, "Silara_Pok": 0.0, "Catatan": null, "Ukur_Lilit": 14, "Northing": null, "Easthing": null, "Ln_TAGB_": 4.594, "TAGB": 98.889, "CO2_Stock": 49.444 }, "geometry": { "type": "MultiPolygon", "coordinates": [ [ [ [ 110.331085522091399, 1.553468289536936 ], [ 110.33108024505465, 1.553434752211917 ], [ 110.331064928233317, 1.553404497392891 ], [ 110.33104107094492, 1.553380486632436 ], [ 110.331011008507218, 1.553365070271042 ], [ 110.330977683641024, 1.553359757369456 ], [ 110.330944358416218, 1.553365067991353 ], [ 110.330914294937713, 1.553380482295915 ], [ 110.330890436027943, 1.553404491423525 ], [ 110.330875117163075, 1.553434745193542 ], [ 110.330869837860391, 1.553468282156249 ], [ 110.33087511489498, 1.55350181948026 ], [ 110.33089043171428, 1.553532074298754 ], [ 110.330914289001569, 1.55355608505937 ], [ 110.330944351439484, 1.553571501421564 ], [ 110.330977676307157, 1.553576814324284 ], [ 110.331011001534094, 1.553571503703386 ], [ 110.331041065014631, 1.553556089399353 ], [ 110.33106492392551, 1.553532080271567 ], [ 110.331080242790165, 1.553501826500756 ], [ 110.331085522091399, 1.553468289536936 ] ] ] ] } },
{ "type": "Feature", "properties": { "fid_1": 314.0, "Lokasi": "Jalan_Satok", "Pemilik": "Dbku", "Tarikh_Dit": null, "Jenis_Poko": "TB2_Bucida", "Tinggi_Pok": 4.0, "Silara_Pok": 0.0, "Catatan": null, "Ukur_Lilit": 11, "Northing": null, "Easthing": null, "Ln_TAGB_": 4.065, "TAGB": 58.265, "CO2_Stock": 29.133 }, "geometry": { "type": "MultiPolygon", "coordinates": [ [ [ [ 110.331035033512734, 1.553473198150172 ], [ 110.331029756476482, 1.55343966082538 ], [ 110.331014439655689, 1.553409406006417 ], [ 110.330990582367789, 1.553385395245829 ], [ 110.330960519930485, 1.553369978884154 ], [ 110.330927195064575, 1.553364665982135 ], [ 110.33089386983994, 1.553369976603516 ], [ 110.330863806361407, 1.553385390907518 ], [ 110.330839947451452, 1.553409400034564 ], [ 110.330824628586257, 1.553439653804086 ], [ 110.330819349283118, 1.553473190766441 ], [ 110.330824626317209, 1.553506728090224 ], [ 110.330839943135999, 1.553536982908665 ], [ 110.33086380042279, 1.553560993669411 ], [ 110.330893862860307, 1.553576410031901 ], [ 110.330927187727667, 1.553581722935042 ], [ 110.330960512954476, 1.55357641231468 ], [ 110.330990576435028, 1.553560998011201 ], [ 110.331014435346091, 1.55353698888396 ], [ 110.331029754211073, 1.553506735113646 ], [ 110.331035033512734, 1.553473198150172 ] ] ] ] } },
{ "type": "Feature", "properties": { "fid_1": 315.0, "Lokasi": "Jalan_Satok", "Pemilik": "Dbku", "Tarikh_Dit": null, "Jenis_Poko": "TB2_Bucida", "Tinggi_Pok": 4.0, "Silara_Pok": 0.0, "Catatan": null, "Ukur_Lilit": 11, "Northing": null, "Easthing": null, "Ln_TAGB_": 4.065, "TAGB": 58.265, "CO2_Stock": 29.133 }, "geometry": { "type": "MultiPolygon", "coordinates": [ [ [ [ 110.33097613017091, 1.553477756148561 ], [ 110.330970853135256, 1.553444218824017 ], [ 110.330955536315088, 1.553413964005118 ], [ 110.330931679027756, 1.553389953244396 ], [ 110.330901616590936, 1.553374536882364 ], [ 110.330868291725395, 1.553369223979857 ], [ 110.330834966500916, 1.553374534600629 ], [ 110.330804903022383, 1.553389948903971 ], [ 110.330781044112229, 1.5534139580304 ], [ 110.330765725246678, 1.553444211799362 ], [ 110.330760445943042, 1.553477748761287 ], [ 110.330765722976551, 1.553511286084815 ], [ 110.330781039794701, 1.553541540903205 ], [ 110.33080489708091, 1.553565551664104 ], [ 110.330834959517944, 1.553580968026916 ], [ 110.330868284384962, 1.553586280930549 ], [ 110.330901609611587, 1.553580970310791 ], [ 110.330931673092152, 1.55356555600796 ], [ 110.330955532003401, 1.553541546881364 ], [ 110.330970850868738, 1.553511293111597 ], [ 110.33097613017091, 1.553477756148561 ] ] ] ] } },
{ "type": "Feature", "properties": { "fid_1": 316.0, "Lokasi": "Jalan_Satok", "Pemilik": "Dbku", "Tarikh_Dit": null, "Jenis_Poko": "TB2_Bucida", "Tinggi_Pok": 4.0, "Silara_Pok": 0.0, "Catatan": null, "Ukur_Lilit": 11, "Northing": null, "Easthing": null, "Ln_TAGB_": 4.065, "TAGB": 58.265, "CO2_Stock": 29.133 }, "geometry": { "type": "MultiPolygon", "coordinates": [ [ [ [ 110.330768908367034, 1.553484044893205 ], [ 110.330763631333411, 1.55345050756947 ], [ 110.330748314515375, 1.553420252750713 ], [ 110.330724457230104, 1.553396241989454 ], [ 110.330694394795074, 1.553380825626244 ], [ 110.330661069930827, 1.553375512722062 ], [ 110.330627744707073, 1.553380823340784 ], [ 110.330597681228596, 1.553396237641913 ], [ 110.330573822317845, 1.553420246766207 ], [ 110.330558503451087, 1.553450500533281 ], [ 110.330553224145746, 1.553484037493782 ], [ 110.330558501177222, 1.553517574816475 ], [ 110.330573817993226, 1.553547829634735 ], [ 110.330597675277389, 1.55357184039614 ], [ 110.330627737712646, 1.553587256760149 ], [ 110.330661062578343, 1.553592569665468 ], [ 110.330694387804243, 1.553587259047753 ], [ 110.330724451284738, 1.553571844747145 ], [ 110.330748310196611, 1.553547835622694 ], [ 110.330763629063185, 1.553517581854795 ], [ 110.330768908367034, 1.553484044893205 ] ] ] ] } },
{ "type": "Feature", "properties": { "fid_1": 318.0, "Lokasi": "Jalan_Satok", "Pemilik": "Dbku", "Tarikh_Dit": null, "Jenis_Poko": "TS1_Adenanthera", "Tinggi_Pok": 14.0, "Silara_Pok": 0.0, "Catatan": null, "Ukur_Lilit": 92, "Northing": null, "Easthing": null, "Ln_TAGB_": 8.729, "TAGB": 6179.545, "CO2_Stock": 3089.773 }, "geometry": { "type": "MultiPolygon", "coordinates": [ [ [ [ 110.327509843471276, 1.554221986965578 ], [ 110.327504566471831, 1.554188449659034 ], [ 110.327489249687943, 1.554158194845402 ], [ 110.327465392433439, 1.554134184076702 ], [ 110.327435330022752, 1.554118767694254 ], [ 110.327402005174108, 1.554113454760845 ], [ 110.327368679955626, 1.55411876534328 ], [ 110.327338616471593, 1.5541341796046 ], [ 110.327314757545025, 1.554158188689432 ], [ 110.327299438653696, 1.554188442421288 ], [ 110.327294159317447, 1.554221979354235 ], [ 110.32729943631476, 1.554255516659747 ], [ 110.327314753096616, 1.554285771472837 ], [ 110.327338610350026, 1.554309782241706 ], [ 110.327368672760898, 1.554325198624966 ], [ 110.327401997611005, 1.554330511559491 ], [ 110.327435322831647, 1.554325200978083 ], [ 110.327465386317698, 1.554309786717289 ], [ 110.327489245245403, 1.554285777632303 ], [ 110.327504564136504, 1.55425552389964 ], [ 110.327509843471276, 1.554221986965578 ] ] ] ] } },
{ "type": "Feature", "properties": { "fid_1": 319.0, "Lokasi": "Jalan_Satok", "Pemilik": "Dbku", "Tarikh_Dit": null, "Jenis_Poko": "TS1_Adenanthera", "Tinggi_Pok": 15.0, "Silara_Pok": 0.0, "Catatan": null, "Ukur_Lilit": 91, "Northing": null, "Easthing": null, "Ln_TAGB_": 8.705, "TAGB": 6033.002, "CO2_Stock": 3016.501 }, "geometry": { "type": "MultiPolygon", "coordinates": [ [ [ [ 110.327433058756867, 1.554194113064717 ], [ 110.327427781758033, 1.554160575758302 ], [ 110.327412464974941, 1.554130320944599 ], [ 110.327388607721261, 1.554106310175666 ], [ 110.327358545311426, 1.554090893792809 ], [ 110.327325220463493, 1.554085580858914 ], [ 110.327291895245565, 1.554090891440771 ], [ 110.327261831761874, 1.55410630570152 ], [ 110.327237972835363, 1.554130314785817 ], [ 110.327222653943863, 1.554160568517255 ], [ 110.327217374607201, 1.554194105449909 ], [ 110.327222651603861, 1.554227642755316 ], [ 110.327237968384964, 1.554257897568485 ], [ 110.327261825637478, 1.554281908337597 ], [ 110.327291888047554, 1.554297324721239 ], [ 110.327325212896952, 1.554302637656269 ], [ 110.327358538117025, 1.554297327075424 ], [ 110.327388601602749, 1.554281912815212 ], [ 110.327412460530354, 1.554257903730738 ], [ 110.327427779421669, 1.554227649998507 ], [ 110.327433058756867, 1.554194113064717 ] ] ] ] } },
{ "type": "Feature", "properties": { "fid_1": 320.0, "Lokasi": "Jalan_Satok", "Pemilik": "Dbku", "Tarikh_Dit": null, "Jenis_Poko": "TS1_Adenanthera", "Tinggi_Pok": 15.0, "Silara_Pok": 0.0, "Catatan": null, "Ukur_Lilit": 92, "Northing": null, "Easthing": null, "Ln_TAGB_": 8.729, "TAGB": 6179.545, "CO2_Stock": 3089.773 }, "geometry": { "type": "MultiPolygon", "coordinates": [ [ [ [ 110.327298422546065, 1.554172024315212 ], [ 110.327293145548438, 1.554138487009158 ], [ 110.327277828766711, 1.554108232195454 ], [ 110.327253971514452, 1.55408422142612 ], [ 110.327223909105896, 1.55406880504254 ], [ 110.327190584259043, 1.554063492107637 ], [ 110.32715725904184, 1.554068802688352 ], [ 110.327127195558461, 1.554084216947871 ], [ 110.327103336631822, 1.554108226031 ], [ 110.327088017739754, 1.554138479761463 ], [ 110.327082738402183, 1.5541720166934 ], [ 110.327088015397621, 1.554205553998423 ], [ 110.32710333217733, 1.554235808811618 ], [ 110.327127189428467, 1.554259819581106 ], [ 110.327157251837221, 1.554275235965468 ], [ 110.327190576685553, 1.554280548901492 ], [ 110.327223901904915, 1.554275238321819 ], [ 110.327253965390327, 1.554259824062811 ], [ 110.32727782431806, 1.554235814979516 ], [ 110.327293143209928, 1.554205561248271 ], [ 110.327298422546065, 1.554172024315212 ] ] ] ] } },
{ "type": "Feature", "properties": { "fid_1": 321.0, "Lokasi": "Jalan_Satok", "Pemilik": "Dbku", "Tarikh_Dit": null, "Jenis_Poko": "TS1_Adenanthera", "Tinggi_Pok": 16.0, "Silara_Pok": 0.0, "Catatan": null, "Ukur_Lilit": 110, "Northing": null, "Easthing": null, "Ln_TAGB_": 9.121, "TAGB": 9145.342, "CO2_Stock": 4572.671 }, "geometry": { "type": "MultiPolygon", "coordinates": [ [ [ [ 110.32721006753259, 1.554154142945963 ], [ 110.32720479053576, 1.55412060564013 ], [ 110.327189473754927, 1.554090350826411 ], [ 110.327165616503592, 1.554066340056824 ], [ 110.327135554095918, 1.554050923672773 ], [ 110.327102229249761, 1.554045610737238 ], [ 110.327068904033084, 1.554050921317195 ], [ 110.327038840549946, 1.554066335575951 ], [ 110.32701498162325, 1.554090344658348 ], [ 110.326999662730856, 1.554120598388183 ], [ 110.326994383392673, 1.554154135319669 ], [ 110.326999660387344, 1.554187672624482 ], [ 110.327014977166144, 1.554217927437695 ], [ 110.327038834416356, 1.554241938207426 ], [ 110.327068896824258, 1.554257354592288 ], [ 110.327102221671865, 1.554262667528947 ], [ 110.327135546890702, 1.554257356949986 ], [ 110.327165610375872, 1.554241942691785 ], [ 110.327189469303676, 1.554217933609206 ], [ 110.327204788195857, 1.554187679878576 ], [ 110.32721006753259, 1.554154142945963 ] ] ] ] } },
{ "type": "Feature", "properties": { "fid_1": 322.0, "Lokasi": "Jalan_Satok", "Pemilik": "Dbku", "Tarikh_Dit": null, "Jenis_Poko": "TS1_Adenanthera", "Tinggi_Pok": 16.0, "Silara_Pok": 0.0, "Catatan": null, "Ukur_Lilit": 120, "Northing": null, "Easthing": null, "Ln_TAGB_": 9.312, "TAGB": 11070.066, "CO2_Stock": 5535.033 }, "geometry": { "type": "MultiPolygon", "coordinates": [ [ [ [ 110.327099623765633, 1.554126794968744 ], [ 110.327094346769769, 1.554093257663155 ], [ 110.327079029990074, 1.554063002849392 ], [ 110.327055172739918, 1.554038992079471 ], [ 110.327025110333338, 1.554023575694855 ], [ 110.326991785488147, 1.554018262758545 ], [ 110.326958460272124, 1.554023573337599 ], [ 110.326928396789341, 1.554038987595416 ], [ 110.326904537862646, 1.554062996676969 ], [ 110.326889218969882, 1.554093250406068 ], [ 110.326883939630989, 1.554126787337048 ], [ 110.326889216624693, 1.554160324641612 ], [ 110.32690453340237, 1.554190579454861 ], [ 110.326928390651403, 1.554214590224936 ], [ 110.326958453058168, 1.554230006610376 ], [ 110.326991777904851, 1.554235319547795 ], [ 110.327025103123006, 1.554230008969762 ], [ 110.327055166607821, 1.554214594712468 ], [ 110.327079025535639, 1.55419058563076 ], [ 110.327094344428218, 1.554160331900852 ], [ 110.327099623765633, 1.554126794968744 ] ] ] ] } },
{ "type": "Feature", "properties": { "fid_1": 323.0, "Lokasi": "Jalan_Satok", "Pemilik": "Dbku", "Tarikh_Dit": null, "Jenis_Poko": "TS1_Adenanthera", "Tinggi_Pok": 12.0, "Silara_Pok": 0.0, "Catatan": null, "Ukur_Lilit": 93, "Northing": null, "Easthing": null, "Ln_TAGB_": 8.753, "TAGB": 6329.649, "CO2_Stock": 3164.825 }, "geometry": { "type": "MultiPolygon", "coordinates": [ [ [ [ 110.326977609700236, 1.554129950508375 ], [ 110.326972332705566, 1.554096413203284 ], [ 110.326957015927121, 1.554066158389596 ], [ 110.326933158678187, 1.554042147619366 ], [ 110.326903096272673, 1.554026731234081 ], [ 110.326869771428235, 1.554021418296762 ], [ 110.326836446212681, 1.554026728874612 ], [ 110.326806382729927, 1.554042143131141 ], [ 110.326782523802891, 1.554066152211422 ], [ 110.326767204909402, 1.554096405939418 ], [ 110.326761925569514, 1.554129942869585 ], [ 110.326767202562039, 1.554163480173666 ], [ 110.326782519338465, 1.554193734986816 ], [ 110.326806376586276, 1.554217745757212 ], [ 110.32683643899199, 1.554233162143318 ], [ 110.326869763837877, 1.554238475081758 ], [ 110.326903089055619, 1.554233164504905 ], [ 110.326933152540391, 1.554217750248925 ], [ 110.326957011468537, 1.554193741168465 ], [ 110.326972330361812, 1.554163487439663 ], [ 110.326977609700236, 1.554129950508375 ] ] ] ] } },
{ "type": "Feature", "properties": { "fid_1": 324.0, "Lokasi": "Jalan_Satok", "Pemilik": "Dbku", "Tarikh_Dit": null, "Jenis_Poko": "TS1_Adenanthera", "Tinggi_Pok": 12.0, "Silara_Pok": 0.0, "Catatan": null, "Ukur_Lilit": 98, "Northing": null, "Easthing": null, "Ln_TAGB_": 8.868, "TAGB": 7101.065, "CO2_Stock": 3550.532 }, "geometry": { "type": "MultiPolygon", "coordinates": [ [ [ [ 110.326856647480071, 1.554128898666393 ], [ 110.326851370486551, 1.554095361361743 ], [ 110.326836053709357, 1.55406510654813 ], [ 110.326812196461631, 1.554041095777595 ], [ 110.326782134057197, 1.554025679391611 ], [ 110.326748809213584, 1.554020366453323 ], [ 110.326715483998456, 1.554025677030024 ], [ 110.326685420515801, 1.554041091285294 ], [ 110.326661561588466, 1.554065100364365 ], [ 110.326646242694295, 1.554095354091323 ], [ 110.326640963353483, 1.554128891020695 ], [ 110.326646240344829, 1.554162428324301 ], [ 110.326661557120005, 1.554192683137382 ], [ 110.326685414366608, 1.554216693908093 ], [ 110.32671547677127, 1.554232110294869 ], [ 110.326748801616347, 1.554237423234271 ], [ 110.326782126833606, 1.554232112658599 ], [ 110.326812190318279, 1.554216698403856 ], [ 110.326836049246765, 1.554192689324622 ], [ 110.326851368140694, 1.554162435596875 ], [ 110.326856647480071, 1.554128898666393 ] ] ] ] } },
{ "type": "Feature", "properties": { "fid_1": 325.0, "Lokasi": "Jalan_Satok", "Pemilik": "Dbku", "Tarikh_Dit": null, "Jenis_Poko": "TA1_Angsana", "Tinggi_Pok": 28.0, "Silara_Pok": 0.0, "Catatan": null, "Ukur_Lilit": 215, "Northing": null, "Easthing": null, "Ln_TAGB_": 10.593, "TAGB": 39854.875, "CO2_Stock": 19927.438 }, "geometry": { "type": "MultiPolygon", "coordinates": [ [ [ [ 110.327386251634664, 1.554118906120247 ], [ 110.327380974636014, 1.554085368813518 ], [ 110.327365657853349, 1.554055113999533 ], [ 110.327341800600351, 1.554031103230354 ], [ 110.327311738191327, 1.554015686847355 ], [ 110.327278413344288, 1.554010373913359 ], [ 110.32724508812727, 1.554015684495266 ], [ 110.327215024644374, 1.554031098756117 ], [ 110.327191165718489, 1.554055107840627 ], [ 110.327175846827387, 1.554085361572301 ], [ 110.327170567490853, 1.554118898505267 ], [ 110.327175844487343, 1.554152435810973 ], [ 110.32719116126799, 1.554182690624432 ], [ 110.32721501851988, 1.554206701393774 ], [ 110.327245080929103, 1.554222117777588 ], [ 110.327278405777591, 1.554227430712691 ], [ 110.327311730996783, 1.554222120131816 ], [ 110.327341794481697, 1.554206705871479 ], [ 110.327365653408677, 1.554182696786822 ], [ 110.327380972299594, 1.554152443054328 ], [ 110.327386251634664, 1.554118906120247 ] ] ] ] } },
{ "type": "Feature", "properties": { "fid_1": 326.0, "Lokasi": "Jalan_Satok", "Pemilik": "Dbku", "Tarikh_Dit": null, "Jenis_Poko": "TA1_Angsana", "Tinggi_Pok": 22.0, "Silara_Pok": 0.0, "Catatan": null, "Ukur_Lilit": 201, "Northing": null, "Easthing": null, "Ln_TAGB_": 10.445, "TAGB": 34372.084, "CO2_Stock": 17186.042 }, "geometry": { "type": "MultiPolygon", "coordinates": [ [ [ [ 110.32737362948771, 1.554041069561295 ], [ 110.32736835248889, 1.554007532254125 ], [ 110.327353035706309, 1.553977277439804 ], [ 110.327329178453638, 1.55395326667049 ], [ 110.327299116045154, 1.553937850287506 ], [ 110.327265791198812, 1.55393253735374 ], [ 110.32723246598259, 1.553937847935998 ], [ 110.327202402500518, 1.553953262197346 ], [ 110.327178543575357, 1.553977271282421 ], [ 110.327163224684867, 1.554007525014716 ], [ 110.327157945348731, 1.554041061948226 ], [ 110.327163222345405, 1.554074599254374 ], [ 110.327178539125967, 1.554104854068147 ], [ 110.327202396377515, 1.554128864837636 ], [ 110.327232458786213, 1.554144281221416 ], [ 110.327265783634019, 1.554149594156316 ], [ 110.327299108852387, 1.554144283575055 ], [ 110.327329172336491, 1.554128869314236 ], [ 110.327353031262746, 1.554104860228997 ], [ 110.327368350153066, 1.554074606495924 ], [ 110.32737362948771, 1.554041069561295 ] ] ] ] } },
{ "type": "Feature", "properties": { "fid_1": 327.0, "Lokasi": "Jalan_Satok", "Pemilik": "Dbku", "Tarikh_Dit": null, "Jenis_Poko": "TA1_Angsana", "Tinggi_Pok": 26.0, "Silara_Pok": 0.0, "Catatan": null, "Ukur_Lilit": 230, "Northing": null, "Easthing": null, "Ln_TAGB_": 10.741, "TAGB": 46212.241, "CO2_Stock": 23106.121 }, "geometry": { "type": "MultiPolygon", "coordinates": [ [ [ [ 110.327371525794092, 1.553942196094131 ], [ 110.327366248794917, 1.553908658786302 ], [ 110.327350932012294, 1.553878403971598 ], [ 110.327327074759893, 1.553854393202103 ], [ 110.327297012351963, 1.553838976819265 ], [ 110.327263687506431, 1.553833663885868 ], [ 110.327230362291147, 1.553838974468735 ], [ 110.327200298810084, 1.553854388730874 ], [ 110.327176439885946, 1.553878397816791 ], [ 110.327161120996266, 1.553908651549934 ], [ 110.327155841660769, 1.553942188484227 ], [ 110.327161118657784, 1.553975725791022 ], [ 110.327176435438403, 1.554005980605211 ], [ 110.327200292689682, 1.554029991374854 ], [ 110.327230355097811, 1.554045407758513 ], [ 110.327263679944792, 1.554050720693032 ], [ 110.327297005162237, 1.554045410111165 ], [ 110.327327068645317, 1.554029995849578 ], [ 110.327350927570592, 1.554005986763471 ], [ 110.327366246460045, 1.553975733029527 ], [ 110.327371525794092, 1.553942196094131 ] ] ] ] } },
{ "type": "Feature", "properties": { "fid_1": 328.0, "Lokasi": "Jalan_Satok", "Pemilik": "Dbku", "Tarikh_Dit": null, "Jenis_Poko": "TA1_Angsana", "Tinggi_Pok": 27.0, "Silara_Pok": 0.0, "Catatan": null, "Ukur_Lilit": 238, "Northing": null, "Easthing": null, "Ln_TAGB_": 10.816, "TAGB": 49811.442, "CO2_Stock": 24905.721 }, "geometry": { "type": "MultiPolygon", "coordinates": [ [ [ [ 110.327382044245013, 1.553839115245022 ], [ 110.32737676724534, 1.553805577936508 ], [ 110.327361450462533, 1.553775323121358 ], [ 110.327337593210302, 1.553751312351765 ], [ 110.327307530802855, 1.553735895969098 ], [ 110.327274205958076, 1.553730583036212 ], [ 110.327240880743759, 1.553735893619836 ], [ 110.327210817263733, 1.553751307882885 ], [ 110.327186958340633, 1.553775316969847 ], [ 110.327171639451905, 1.553805570704022 ], [ 110.327166360117175, 1.553839107639225 ], [ 110.327171637114688, 1.553872644946716 ], [ 110.327186953895477, 1.55390289976136 ], [ 110.327210811146585, 1.553926910531113 ], [ 110.327240873554231, 1.553942326914566 ], [ 110.327274198400474, 1.553947639848587 ], [ 110.32730752361698, 1.553942329265962 ], [ 110.327337587099009, 1.55392691500344 ], [ 110.327361446023218, 1.553902905916313 ], [ 110.327376764911719, 1.553872652181359 ], [ 110.327382044245013, 1.553839115245022 ] ] ] ] } },
{ "type": "Feature", "properties": { "fid_1": 329.0, "Lokasi": "Jalan_Satok", "Pemilik": "Dbku", "Tarikh_Dit": null, "Jenis_Poko": "TA1_Angsana", "Tinggi_Pok": 8.0, "Silara_Pok": 0.0, "Catatan": null, "Ukur_Lilit": 35, "Northing": null, "Easthing": null, "Ln_TAGB_": 6.607, "TAGB": 740.259, "CO2_Stock": 370.13 }, "geometry": { "type": "MultiPolygon", "coordinates": [ [ [ [ 110.327426221749107, 1.553757071302925 ], [ 110.32742094474871, 1.553723533993694 ], [ 110.327405627965391, 1.553693279178183 ], [ 110.327381770712918, 1.553669268408553 ], [ 110.327351708305542, 1.553653852026244 ], [ 110.327318383461133, 1.553648539094067 ], [ 110.327285058247412, 1.553653849678635 ], [ 110.327254994768225, 1.553669263942805 ], [ 110.327231135846048, 1.553693273030955 ], [ 110.327215816958287, 1.553723526766243 ], [ 110.327210537624424, 1.553757063702393 ], [ 110.32721581462269, 1.553790601010592 ], [ 110.327231131403977, 1.553820855825584 ], [ 110.327254988655341, 1.553844866595368 ], [ 110.327285051062915, 1.553860282978467 ], [ 110.327318375908789, 1.5538655959118 ], [ 110.327351701124655, 1.553860285328228 ], [ 110.327381764605875, 1.553844871064578 ], [ 110.327405623529174, 1.553820861976265 ], [ 110.327420942416722, 1.553790608240196 ], [ 110.327426221749107, 1.553757071302925 ] ] ] ] } },
{ "type": "Feature", "properties": { "fid_1": 338.0, "Lokasi": "Jalan_Satok", "Pemilik": "Dbku", "Tarikh_Dit": null, "Jenis_Poko": "TI1_Ironwood", "Tinggi_Pok": 6.0, "Silara_Pok": 0.0, "Catatan": null, "Ukur_Lilit": 22, "Northing": null, "Easthing": null, "Ln_TAGB_": 5.587, "TAGB": 266.934, "CO2_Stock": 133.467 }, "geometry": { "type": "MultiPolygon", "coordinates": [ [ [ [ 110.327352792964263, 1.553658010030958 ], [ 110.327347515964192, 1.55362447272138 ], [ 110.327332199181569, 1.553594217905483 ], [ 110.327308341930092, 1.553570207135525 ], [ 110.327278279523924, 1.553554790752946 ], [ 110.327244954680765, 1.553549477820562 ], [ 110.327211629468266, 1.553554788405045 ], [ 110.327181565990131, 1.553570202669261 ], [ 110.327157707068764, 1.553594211757548 ], [ 110.327142388181457, 1.553624465493078 ], [ 110.32713710884768, 1.553658002429533 ], [ 110.327142385845576, 1.553691539738089 ], [ 110.327157702626167, 1.55372179455347 ], [ 110.32718155987655, 1.553745805323583 ], [ 110.327211622282931, 1.553761221706974 ], [ 110.327244947127539, 1.553766534640483 ], [ 110.327278272342184, 1.553761224056995 ], [ 110.327308335822337, 1.553745809793311 ], [ 110.327332194744827, 1.553721800704876 ], [ 110.327347513631921, 1.55369154696856 ], [ 110.327352792964263, 1.553658010030958 ] ] ] ] } },
{ "type": "Feature", "properties": { "fid_1": 339.0, "Lokasi": "Jalan_Satok", "Pemilik": "Dbku", "Tarikh_Dit": null, "Jenis_Poko": "TI1_Ironwood", "Tinggi_Pok": 6.0, "Silara_Pok": 0.0, "Catatan": null, "Ukur_Lilit": 21, "Northing": null, "Easthing": null, "Ln_TAGB_": 5.485, "TAGB": 241.049, "CO2_Stock": 120.525 }, "geometry": { "type": "MultiPolygon", "coordinates": [ [ [ [ 110.327293889622524, 1.55366642479579 ], [ 110.327288612623065, 1.553632887486493 ], [ 110.327273295841067, 1.553602632670659 ], [ 110.327249438590158, 1.553578621900566 ], [ 110.327219376184431, 1.55356320551764 ], [ 110.327186051341599, 1.553557892584745 ], [ 110.32715272612927, 1.553563203168615 ], [ 110.327122662651078, 1.553578617432156 ], [ 110.327098803729456, 1.553602626519752 ], [ 110.327083484841765, 1.553632880254703 ], [ 110.327078205507448, 1.553666417190704 ], [ 110.327083482504761, 1.553699954498979 ], [ 110.327098799284741, 1.553730209314274 ], [ 110.327122656534542, 1.55375422008455 ], [ 110.327152718940454, 1.55376963646826 ], [ 110.327186043784749, 1.553774949402269 ], [ 110.327219368999238, 1.553769638819426 ], [ 110.327249432479448, 1.55375422455643 ], [ 110.327273291402179, 1.553730215468647 ], [ 110.327288610289671, 1.553699961732913 ], [ 110.327293889622524, 1.55366642479579 ] ] ] ] } },
{ "type": "Feature", "properties": { "fid_1": 340.0, "Lokasi": "Jalan_Satok", "Pemilik": "Dbku", "Tarikh_Dit": null, "Jenis_Poko": "TI1_Ironwood", "Tinggi_Pok": 4.0, "Silara_Pok": 0.0, "Catatan": null, "Ukur_Lilit": 19, "Northing": null, "Easthing": null, "Ln_TAGB_": 5.265, "TAGB": 193.446, "CO2_Stock": 96.723 }, "geometry": { "type": "MultiPolygon", "coordinates": [ [ [ [ 110.32721394937343, 1.553690266627007 ], [ 110.327208672374823, 1.553656729318166 ], [ 110.327193355593664, 1.553626474502499 ], [ 110.327169498343494, 1.553602463732228 ], [ 110.327139435938349, 1.553587047348829 ], [ 110.327106111095844, 1.553581734415188 ], [ 110.327072785883587, 1.553587044998136 ], [ 110.327042722405196, 1.553602459260637 ], [ 110.327018863483147, 1.553626468347229 ], [ 110.327003544594788, 1.553656722081252 ], [ 110.326998265259675, 1.553690259016537 ], [ 110.327003542256122, 1.553723796324358 ], [ 110.327018859035292, 1.553754051139491 ], [ 110.327042716284325, 1.553778061909941 ], [ 110.327072778689683, 1.553793478294132 ], [ 110.327106103533652, 1.553798791228888 ], [ 110.327139428748069, 1.553793480646966 ], [ 110.327169492228478, 1.553778066384985 ], [ 110.327193351151635, 1.553754057298238 ], [ 110.327208670039781, 1.5537238035634 ], [ 110.32721394937343, 1.553690266627007 ] ] ] ] } },
{ "type": "Feature", "properties": { "fid_1": 341.0, "Lokasi": "Jalan_Satok", "Pemilik": "Dbku", "Tarikh_Dit": null, "Jenis_Poko": "TI1_Ironwood", "Tinggi_Pok": 5.0, "Silara_Pok": 0.0, "Catatan": null, "Ukur_Lilit": 16, "Northing": null, "Easthing": null, "Ln_TAGB_": 4.888, "TAGB": 132.688, "CO2_Stock": 66.344 }, "geometry": { "type": "MultiPolygon", "coordinates": [ [ [ [ 110.327114821919352, 1.553728580762165 ], [ 110.327109544921854, 1.553695043453943 ], [ 110.327094228141746, 1.553664788638488 ], [ 110.327070370892471, 1.553640777868029 ], [ 110.327040308487966, 1.553625361484015 ], [ 110.32700698364583, 1.553620048549429 ], [ 110.326973658433587, 1.553625359131162 ], [ 110.326943594954855, 1.553640773392342 ], [ 110.326919736032167, 1.553664782477597 ], [ 110.326904417142927, 1.553695036210401 ], [ 110.326899137806777, 1.553728573144707 ], [ 110.326904414802115, 1.553762110451906 ], [ 110.326919731580219, 1.553792365266833 ], [ 110.326943588828371, 1.553816376037456 ], [ 110.326973651233089, 1.553831792422269 ], [ 110.327006976076675, 1.553837105357989 ], [ 110.327040301291106, 1.553831794777265 ], [ 110.327070364771828, 1.553816380516624 ], [ 110.327094223695639, 1.553792371431195 ], [ 110.327109542584665, 1.553762117697612 ], [ 110.327114821919352, 1.553728580762165 ] ] ] ] } },
{ "type": "Feature", "properties": { "fid_1": 342.0, "Lokasi": "Jalan_Satok", "Pemilik": "Dbku", "Tarikh_Dit": null, "Jenis_Poko": "TI1_Ironwood", "Tinggi_Pok": 4.0, "Silara_Pok": 0.0, "Catatan": null, "Ukur_Lilit": 18, "Northing": null, "Easthing": null, "Ln_TAGB_": 5.146, "TAGB": 171.743, "CO2_Stock": 85.871 }, "geometry": { "type": "MultiPolygon", "coordinates": [ [ [ [ 110.32705030873619, 1.553758032435034 ], [ 110.327045031739402, 1.553724495127263 ], [ 110.327029714959977, 1.553694240311976 ], [ 110.327005857711271, 1.553670229541385 ], [ 110.326975795307163, 1.553654813156979 ], [ 110.326942470465227, 1.553649500221745 ], [ 110.326909145252927, 1.553654810802683 ], [ 110.326879081773953, 1.553670225062943 ], [ 110.32685522285081, 1.55369423414728 ], [ 110.326839903960959, 1.553724487879246 ], [ 110.326834624624084, 1.553758024812894 ], [ 110.326839901618726, 1.553791562119669 ], [ 110.326855218396105, 1.553821816934418 ], [ 110.326879075643717, 1.553845827705177 ], [ 110.326909138048009, 1.553861244090393 ], [ 110.326942462891424, 1.55386655702674 ], [ 110.326975788105869, 1.55386124644682 ], [ 110.327005851586861, 1.553845832187081 ], [ 110.327029710511141, 1.553821823102585 ], [ 110.327045029400779, 1.55379156936982 ], [ 110.32705030873619, 1.553758032435034 ] ] ] ] } },
{ "type": "Feature", "properties": { "fid_1": 343.0, "Lokasi": "Jalan_Satok", "Pemilik": "Dbku", "Tarikh_Dit": null, "Jenis_Poko": "TI1_Ironwood", "Tinggi_Pok": 5.0, "Silara_Pok": 0.0, "Catatan": null, "Ukur_Lilit": 18, "Northing": null, "Easthing": null, "Ln_TAGB_": 5.146, "TAGB": 171.743, "CO2_Stock": 85.871 }, "geometry": { "type": "MultiPolygon", "coordinates": [ [ [ [ 110.326885877363509, 1.55383443685535 ], [ 110.326880600368597, 1.553800899548717 ], [ 110.326865283590919, 1.553770644733836 ], [ 110.326841426343663, 1.553746633962934 ], [ 110.326811363940578, 1.553731217577506 ], [ 110.326778039099111, 1.55372590464065 ], [ 110.326744713886697, 1.553731215219506 ], [ 110.326714650407041, 1.553746629477432 ], [ 110.326690791482719, 1.553770638559429 ], [ 110.326675472591276, 1.553800892289283 ], [ 110.32667019325261, 1.553834429221233 ], [ 110.326675470245362, 1.553867966526866 ], [ 110.326690787021022, 1.553898221341187 ], [ 110.326714644267142, 1.553922232112256 ], [ 110.326744706670453, 1.553937648498495 ], [ 110.326778031513385, 1.553942961436473 ], [ 110.326811356727944, 1.553937650858639 ], [ 110.326841420209618, 1.553922236601228 ], [ 110.326865279135063, 1.553898227519064 ], [ 110.326880598026293, 1.553867973788434 ], [ 110.326885877363509, 1.55383443685535 ] ] ] ] } },
{ "type": "Feature", "properties": { "fid_1": 344.0, "Lokasi": "Jalan_Satok", "Pemilik": "Dbku", "Tarikh_Dit": null, "Jenis_Poko": "TI1_Ironwood", "Tinggi_Pok": 4.0, "Silara_Pok": 0.0, "Catatan": null, "Ukur_Lilit": 16, "Northing": null, "Easthing": null, "Ln_TAGB_": 4.888, "TAGB": 132.688, "CO2_Stock": 66.344 }, "geometry": { "type": "MultiPolygon", "coordinates": [ [ [ [ 110.326831181403961, 1.553863888527977 ], [ 110.326825904409702, 1.553830351221717 ], [ 110.326810587632608, 1.553800096407009 ], [ 110.326786730385834, 1.553776085636015 ], [ 110.326756667983048, 1.553760669250234 ], [ 110.326723343141694, 1.553755356312826 ], [ 110.326690017929238, 1.553760666890953 ], [ 110.326659954449312, 1.553776081148091 ], [ 110.326636095524535, 1.55380009022927 ], [ 110.326620776632566, 1.553830343958378 ], [ 110.326615497293261, 1.553863880889709 ], [ 110.32662077428536, 1.553897418194949 ], [ 110.326636091060422, 1.553927673009123 ], [ 110.326659948306101, 1.553951683780294 ], [ 110.326690010709072, 1.553967100166871 ], [ 110.32672333555189, 1.553972413105397 ], [ 110.32675666076652, 1.553967102528302 ], [ 110.32678672424845, 1.55395168827167 ], [ 110.32681058317435, 1.553927679190331 ], [ 110.326825902066147, 1.553897425460431 ], [ 110.326831181403961, 1.553863888527977 ] ] ] ] } },
{ "type": "Feature", "properties": { "fid_1": 345.0, "Lokasi": "Jalan_Satok", "Pemilik": "Dbku", "Tarikh_Dit": null, "Jenis_Poko": "TI1_Ironwood", "Tinggi_Pok": 4.0, "Silara_Pok": 0.0, "Catatan": null, "Ukur_Lilit": 18, "Northing": null, "Easthing": null, "Ln_TAGB_": 5.146, "TAGB": 171.743, "CO2_Stock": 85.871 }, "geometry": { "type": "MultiPolygon", "coordinates": [ [ [ [ 110.326720387024181, 1.553915779570634 ], [ 110.326715110031188, 1.553882242265136 ], [ 110.326699793255258, 1.553851987450726 ], [ 110.326675936009465, 1.55382797667951 ], [ 110.326645873607362, 1.553812560293034 ], [ 110.326612548766334, 1.553807247354519 ], [ 110.326579223553793, 1.553812557931256 ], [ 110.326549160073398, 1.553827972186824 ], [ 110.326525301147839, 1.553851981266418 ], [ 110.326509982254763, 1.553882234994095 ], [ 110.326504702914235, 1.553915771924267 ], [ 110.326509979905083, 1.553949309228743 ], [ 110.32652529667898, 1.553979564042636 ], [ 110.326549153923665, 1.554003574814007 ], [ 110.326579216325982, 1.554018991201284 ], [ 110.326612541168458, 1.554024304140904 ], [ 110.32664586638316, 1.554018993565203 ], [ 110.326675929865573, 1.554003579310163 ], [ 110.326699788792268, 1.553979570230394 ], [ 110.326715107685104, 1.553949316501944 ], [ 110.326720387024181, 1.553915779570634 ] ] ] ] } },
{ "type": "Feature", "properties": { "fid_1": 346.0, "Lokasi": "Jalan_Satok", "Pemilik": "Dbku", "Tarikh_Dit": null, "Jenis_Poko": "TT2_Tecoma", "Tinggi_Pok": 17.0, "Silara_Pok": 0.0, "Catatan": null, "Ukur_Lilit": 121, "Northing": null, "Easthing": null, "Ln_TAGB_": 9.331, "TAGB": 11282.408, "CO2_Stock": 5641.204 }, "geometry": { "type": "MultiPolygon", "coordinates": [ [ [ [ 110.326917880362799, 1.553711348381461 ], [ 110.32691260336712, 1.553677811073909 ], [ 110.326897286589045, 1.5536475562585 ], [ 110.326873429341788, 1.553623545487484 ], [ 110.326843366939087, 1.553608129102408 ], [ 110.326810042098387, 1.553602816166316 ], [ 110.326776716887039, 1.553608126746244 ], [ 110.326746653408634, 1.553623541005507 ], [ 110.326722794485605, 1.553647550088928 ], [ 110.326707475595413, 1.553677803820157 ], [ 110.326702196257799, 1.553711340753308 ], [ 110.326707473251318, 1.55374487805985 ], [ 110.326722790027404, 1.55377513287473 ], [ 110.326746647273524, 1.553799143645895 ], [ 110.326776709676423, 1.553814560031794 ], [ 110.326810034518601, 1.553819872969004 ], [ 110.326843359732095, 1.553814562390086 ], [ 110.326873423212533, 1.55379914813135 ], [ 110.326897282136684, 1.553775139047761 ], [ 110.326912601026649, 1.553744885315743 ], [ 110.326917880362799, 1.553711348381461 ] ] ] ] } },
{ "type": "Feature", "properties": { "fid_1": 347.0, "Lokasi": "Jalan_Satok", "Pemilik": "Dbku", "Tarikh_Dit": null, "Jenis_Poko": "TT2_Tecoma", "Tinggi_Pok": 14.0, "Silara_Pok": 0.0, "Catatan": null, "Ukur_Lilit": 95, "Northing": null, "Easthing": null, "Ln_TAGB_": 8.799, "TAGB": 6627.613, "CO2_Stock": 3313.807 }, "geometry": { "type": "MultiPolygon", "coordinates": [ [ [ [ 110.326760804785138, 1.553740800056965 ], [ 110.326755527791093, 1.553707262750178 ], [ 110.326740211014638, 1.553677007934994 ], [ 110.326716353768887, 1.553652997163626 ], [ 110.326686291367409, 1.55363758077762 ], [ 110.326652966527504, 1.553632267840142 ], [ 110.326619641316455, 1.553637578418375 ], [ 110.326589577837865, 1.553652992675759 ], [ 110.326565718914139, 1.553677001757336 ], [ 110.326550400022811, 1.55370725548692 ], [ 110.326545120683747, 1.553740792418794 ], [ 110.326550397675646, 1.553774329724552 ], [ 110.326565714450084, 1.553804584539185 ], [ 110.326589571694726, 1.553828595310733 ], [ 110.326619634096403, 1.55384401169755 ], [ 110.326652958937771, 1.553849324636141 ], [ 110.326686284150952, 1.553844014058936 ], [ 110.326716347631589, 1.553828599802058 ], [ 110.326740206556437, 1.55380459072034 ], [ 110.326755525447538, 1.553774336989954 ], [ 110.326760804785138, 1.553740800056965 ] ] ] ] } },
{ "type": "Feature", "properties": { "fid_1": 348.0, "Lokasi": "Jalan_Satok", "Pemilik": "Dbku", "Tarikh_Dit": null, "Jenis_Poko": "TT2_Tecoma", "Tinggi_Pok": 16.0, "Silara_Pok": 0.0, "Catatan": null, "Ukur_Lilit": 102, "Northing": null, "Easthing": null, "Ln_TAGB_": 8.955, "TAGB": 7746.528, "CO2_Stock": 3873.264 }, "geometry": { "type": "MultiPolygon", "coordinates": [ [ [ [ 110.326664035009472, 1.553754824664952 ], [ 110.326658758016407, 1.553721287358619 ], [ 110.326643441240961, 1.553691032543568 ], [ 110.326619583996148, 1.553667021771974 ], [ 110.326589521595437, 1.553651605385407 ], [ 110.326556196756044, 1.553646292447078 ], [ 110.326522871545251, 1.553651603024288 ], [ 110.326492808066547, 1.553667017280561 ], [ 110.326468949142438, 1.553691026361035 ], [ 110.326453630250455, 1.553721280089636 ], [ 110.326448350910539, 1.553754817020757 ], [ 110.326453627901458, 1.553788354326061 ], [ 110.326468944674886, 1.553818609140573 ], [ 110.32649280191859, 1.55384261991236 ], [ 110.3265228643195, 1.553858036299717 ], [ 110.326556189160343, 1.553863349239161 ], [ 110.326589514373296, 1.55385803866297 ], [ 110.326619577854018, 1.553842624407222 ], [ 110.326643436779236, 1.55381861532658 ], [ 110.326658755671019, 1.553788361597179 ], [ 110.326664035009472, 1.553754824664952 ] ] ] ] } },
{ "type": "Feature", "properties": { "fid_1": 349.0, "Lokasi": "Jalan_Satok", "Pemilik": "Dbku", "Tarikh_Dit": null, "Jenis_Poko": "TT2_Tecoma", "Tinggi_Pok": 17.0, "Silara_Pok": 0.0, "Catatan": null, "Ukur_Lilit": 98, "Northing": null, "Easthing": null, "Ln_TAGB_": 8.868, "TAGB": 7101.065, "CO2_Stock": 3550.532 }, "geometry": { "type": "MultiPolygon", "coordinates": [ [ [ [ 110.326607936588502, 1.553752019745466 ], [ 110.326602659595949, 1.55371848243935 ], [ 110.326587342821099, 1.553688227624307 ], [ 110.326563485576827, 1.553664216852561 ], [ 110.326533423176627, 1.553648800465686 ], [ 110.326500098337647, 1.553643487526938 ], [ 110.326466773127081, 1.553648798103608 ], [ 110.326436709648434, 1.553664212359331 ], [ 110.326412850724211, 1.553688221439266 ], [ 110.326397531831958, 1.553718475167401 ], [ 110.326392252491601, 1.553752012098175 ], [ 110.32639752948198, 1.553785549403282 ], [ 110.32641284625484, 1.553815804217771 ], [ 110.326436703497976, 1.553839814989695 ], [ 110.326466765898374, 1.553855231377361 ], [ 110.326500090738833, 1.553860544317242 ], [ 110.326533415951545, 1.55385523374157 ], [ 110.326563479432195, 1.553839819486398 ], [ 110.326587338357541, 1.553815810406303 ], [ 110.326602657249595, 1.553785556677362 ], [ 110.326607936588502, 1.553752019745466 ] ] ] ] } },
{ "type": "Feature", "properties": { "fid_1": 350.0, "Lokasi": "Jalan_Satok", "Pemilik": "Dbku", "Tarikh_Dit": null, "Jenis_Poko": "TT2_Tecoma", "Tinggi_Pok": 16.0, "Silara_Pok": 0.0, "Catatan": null, "Ukur_Lilit": 104, "Northing": null, "Easthing": null, "Ln_TAGB_": 8.998, "TAGB": 8086.894, "CO2_Stock": 4043.447 }, "geometry": { "type": "MultiPolygon", "coordinates": [ [ [ [ 110.326523788957417, 1.553762538201797 ], [ 110.32651851196573, 1.55372900089606 ], [ 110.326503195191748, 1.553698746081127 ], [ 110.3264793379483, 1.553674735309164 ], [ 110.326449275548782, 1.553659318921808 ], [ 110.326415950710256, 1.55365400598234 ], [ 110.326382625499917, 1.553659316558125 ], [ 110.326352562021242, 1.553674730812871 ], [ 110.326328703096678, 1.553698739891876 ], [ 110.326313384203843, 1.553728993619181 ], [ 110.326308104862747, 1.553762530549315 ], [ 110.326313381852287, 1.553796067854021 ], [ 110.326328698624266, 1.553826322668422 ], [ 110.326352555866578, 1.553850333440533 ], [ 110.326382618266308, 1.553865749828696 ], [ 110.326415943106284, 1.553871062769302 ], [ 110.326449268318797, 1.553865752194513 ], [ 110.32647933179949, 1.553850337940296 ], [ 110.326503190725177, 1.553826328861147 ], [ 110.326518509617785, 1.553796075133043 ], [ 110.326523788957417, 1.553762538201797 ] ] ] ] } },
{ "type": "Feature", "properties": { "fid_1": 351.0, "Lokasi": "Jalan_Satok", "Pemilik": "Dbku", "Tarikh_Dit": null, "Jenis_Poko": "TT2_Tecoma", "Tinggi_Pok": 16.0, "Silara_Pok": 0.0, "Catatan": null, "Ukur_Lilit": 150, "Northing": null, "Easthing": null, "Ln_TAGB_": 9.802, "TAGB": 18069.849, "CO2_Stock": 9034.924 }, "geometry": { "type": "MultiPolygon", "coordinates": [ [ [ [ 110.326431270603791, 1.553795048556734 ], [ 110.326425993613114, 1.553761511251575 ], [ 110.326410676840112, 1.553731256436832 ], [ 110.326386819597502, 1.553707245664685 ], [ 110.32635675719861, 1.553691829276762 ], [ 110.326323432360439, 1.553686516336409 ], [ 110.326290107150143, 1.553691826911117 ], [ 110.326260043671184, 1.553707241164645 ], [ 110.326236184746051, 1.553731250242418 ], [ 110.326220865852434, 1.553761503968621 ], [ 110.326215586510401, 1.553795040897866 ], [ 110.326220863498932, 1.553828578202003 ], [ 110.326236180269902, 1.55385883301622 ], [ 110.326260037511389, 1.553882843788533 ], [ 110.326290099910509, 1.553898260177247 ], [ 110.326323424750129, 1.553903573118724 ], [ 110.326356749962585, 1.553898262545044 ], [ 110.326386813443563, 1.553882848292044 ], [ 110.326410672369789, 1.55385883921412 ], [ 110.326425991263207, 1.55382858548712 ], [ 110.326431270603791, 1.553795048556734 ] ] ] ] } },
{ "type": "Feature", "properties": { "fid_1": 352.0, "Lokasi": "Jalan_Satok", "Pemilik": "Dbku", "Tarikh_Dit": null, "Jenis_Poko": "TT2_Tecoma", "Tinggi_Pok": 14.0, "Silara_Pok": 0.0, "Catatan": null, "Ukur_Lilit": 85, "Northing": null, "Easthing": null, "Ln_TAGB_": 8.555, "TAGB": 5192.653, "CO2_Stock": 2596.327 }, "geometry": { "type": "MultiPolygon", "coordinates": [ [ [ [ 110.326361147578595, 1.553828006381141 ], [ 110.326355870588728, 1.553794469076454 ], [ 110.326340553816465, 1.553764214261886 ], [ 110.32631669657448, 1.553740203489602 ], [ 110.326286634176014, 1.553724787101241 ], [ 110.326253309338057, 1.553719474160194 ], [ 110.32621998412769, 1.553724784734006 ], [ 110.326189920648446, 1.553740198986547 ], [ 110.32616606172283, 1.553764208063311 ], [ 110.326150742828517, 1.5537944617886 ], [ 110.326145463485702, 1.553827998717125 ], [ 110.326150740473437, 1.55386153602079 ], [ 110.326166057243668, 1.553891790834819 ], [ 110.32618991448453, 1.553915801607261 ], [ 110.326219976883209, 1.553931217996413 ], [ 110.32625330172263, 1.553936530938588 ], [ 110.326286626935129, 1.553931220365786 ], [ 110.326316690416405, 1.55391580611378 ], [ 110.326340549343158, 1.553891797036865 ], [ 110.326355868237243, 1.553861543310768 ], [ 110.326361147578595, 1.553828006381141 ] ] ] ] } },
{ "type": "Feature", "properties": { "fid_1": 353.0, "Lokasi": "Jalan_Satok", "Pemilik": "Dbku", "Tarikh_Dit": null, "Jenis_Poko": "TT2_Tecoma", "Tinggi_Pok": 14.0, "Silara_Pok": 0.0, "Catatan": null, "Ukur_Lilit": 120, "Northing": null, "Easthing": null, "Ln_TAGB_": 9.312, "TAGB": 11070.066, "CO2_Stock": 5535.033 }, "geometry": { "type": "MultiPolygon", "coordinates": [ [ [ [ 110.326293128244529, 1.553872183889675 ], [ 110.326287851255486, 1.553838646585527 ], [ 110.326272534483948, 1.553808391771204 ], [ 110.326248677242518, 1.553784380998811 ], [ 110.326218614844407, 1.553768964610004 ], [ 110.326185290006549, 1.553763651668234 ], [ 110.32615196479604, 1.553768962241097 ], [ 110.326121901316355, 1.553784376492587 ], [ 110.326098042390115, 1.553808385568272 ], [ 110.326082723495077, 1.55383863929258 ], [ 110.326077444151409, 1.553872176220273 ], [ 110.32608272113832, 1.553905713523388 ], [ 110.32609803790784, 1.553935968337192 ], [ 110.32612189514812, 1.553959979109753 ], [ 110.326151957546443, 1.553975395499348 ], [ 110.326185282385794, 1.55398070844223 ], [ 110.326218607598449, 1.553975397870395 ], [ 110.326248671080137, 1.553959983619448 ], [ 110.3262725300075, 1.553935974543596 ], [ 110.326287848902339, 1.553905720818493 ], [ 110.326293128244529, 1.553872183889675 ] ] ] ] } },
{ "type": "Feature", "properties": { "fid_1": 354.0, "Lokasi": "Jalan_Satok", "Pemilik": "Dbku", "Tarikh_Dit": null, "Jenis_Poko": "TT2_Tecoma", "Tinggi_Pok": 16.0, "Silara_Pok": 0.0, "Catatan": null, "Ukur_Lilit": 123, "Northing": null, "Easthing": null, "Ln_TAGB_": 9.367, "TAGB": 11695.974, "CO2_Stock": 5847.987 }, "geometry": { "type": "MultiPolygon", "coordinates": [ [ [ [ 110.326256664272819, 1.553937398305246 ], [ 110.326251387284373, 1.553903861001656 ], [ 110.326236070513232, 1.553873606187643 ], [ 110.326212213272029, 1.55384959541523 ], [ 110.326182150873862, 1.553834179026149 ], [ 110.326148826035734, 1.55382886608383 ], [ 110.326115500824727, 1.553834176655919 ], [ 110.326085437344418, 1.553849590906501 ], [ 110.326061578417438, 1.553873599981233 ], [ 110.326046259521604, 1.553903853704619 ], [ 110.32604098017724, 1.553937390631567 ], [ 110.32604625716354, 1.553970927934127 ], [ 110.32606157393262, 1.554001182747618 ], [ 110.326085431172729, 1.554025193520175 ], [ 110.326115493571109, 1.554040609910057 ], [ 110.326148818410715, 1.554045922853511 ], [ 110.326182143623853, 1.554040612282431 ], [ 110.326212207106181, 1.554025198032378 ], [ 110.326236066034298, 1.554001188957495 ], [ 110.326251384929904, 1.553970935233295 ], [ 110.326256664272819, 1.553937398305246 ] ] ] ] } },
{ "type": "Feature", "properties": { "fid_1": 355.0, "Lokasi": "Jalan_Satok", "Pemilik": "Dbku", "Tarikh_Dit": null, "Jenis_Poko": "TT2_Tecoma", "Tinggi_Pok": 16.0, "Silara_Pok": 0.0, "Catatan": null, "Ukur_Lilit": 120, "Northing": null, "Easthing": null, "Ln_TAGB_": 9.312, "TAGB": 11070.066, "CO2_Stock": 5535.033 }, "geometry": { "type": "MultiPolygon", "coordinates": [ [ [ [ 110.326220901531158, 1.553994899187891 ], [ 110.326215624543281, 1.553961361884825 ], [ 110.326200307772552, 1.553931107071052 ], [ 110.326176450531548, 1.553907096298659 ], [ 110.326146388133395, 1.553891679909283 ], [ 110.326113063295011, 1.553886366966442 ], [ 110.326079738083607, 1.553891677537835 ], [ 110.326049674602729, 1.553907091787577 ], [ 110.326025815675081, 1.553931100861427 ], [ 110.326010496778565, 1.553961354583998 ], [ 110.326005217433519, 1.553994891510234 ], [ 110.326010494419265, 1.554028428812277 ], [ 110.326025811187961, 1.554058683625521 ], [ 110.326049668427842, 1.554082694398085 ], [ 110.326079730826208, 1.554098110788233 ], [ 110.326113055666056, 1.554103423732198 ], [ 110.326146380879607, 1.554098113161847 ], [ 110.326176444362503, 1.554082698912634 ], [ 110.326200303291273, 1.554058689838604 ], [ 110.32621562218759, 1.554028436115238 ], [ 110.326220901531158, 1.553994899187891 ] ] ] ] } },
{ "type": "Feature", "properties": { "fid_1": 356.0, "Lokasi": "Jalan_Satok", "Pemilik": "Dbku", "Tarikh_Dit": null, "Jenis_Poko": "TT2_Tecoma", "Tinggi_Pok": 16.0, "Silara_Pok": 0.0, "Catatan": null, "Ukur_Lilit": 122, "Northing": null, "Easthing": null, "Ln_TAGB_": 9.349, "TAGB": 11487.33, "CO2_Stock": 5743.665 }, "geometry": { "type": "MultiPolygon", "coordinates": [ [ [ [ 110.326198462164527, 1.554054503760929 ], [ 110.326193185177061, 1.554020966458343 ], [ 110.326177868406631, 1.553990711644836 ], [ 110.326154011165713, 1.553966700872465 ], [ 110.326123948767403, 1.553951284482906 ], [ 110.326090623928707, 1.553945971539644 ], [ 110.326057298716819, 1.553951282110432 ], [ 110.32602723523533, 1.553966696359454 ], [ 110.326003376307028, 1.553990705432555 ], [ 110.325988057409873, 1.554020959154389 ], [ 110.325982778064287, 1.554054496079996 ], [ 110.325988055049564, 1.554088033381573 ], [ 110.32600337181799, 1.554118288194534 ], [ 110.3260272290578, 1.554142298967079 ], [ 110.326057291456308, 1.554157715357433 ], [ 110.326090616296469, 1.554163028301832 ], [ 110.326123941510502, 1.554157717732066 ], [ 110.326154004994009, 1.554142303483564 ], [ 110.326177863923419, 1.55411829441029 ], [ 110.32619318282039, 1.55408804068767 ], [ 110.326198462164527, 1.554054503760929 ] ] ] ] } },
{ "type": "Feature", "properties": { "fid_1": 357.0, "Lokasi": "Jalan_Satok", "Pemilik": "Dbku", "Tarikh_Dit": null, "Jenis_Poko": "TT2_Tecoma", "Tinggi_Pok": 16.0, "Silara_Pok": 0.0, "Catatan": null, "Ukur_Lilit": 96, "Northing": null, "Easthing": null, "Ln_TAGB_": 8.822, "TAGB": 6781.815, "CO2_Stock": 3390.907 }, "geometry": { "type": "MultiPolygon", "coordinates": [ [ [ [ 110.326839342574559, 1.553745708666608 ], [ 110.32683406557976, 1.553712171359554 ], [ 110.326818748802509, 1.553681916544366 ], [ 110.326794891555949, 1.553657905773196 ], [ 110.32676482915376, 1.553642489387627 ], [ 110.326731504313301, 1.553637176450762 ], [ 110.326698179101925, 1.553642487029719 ], [ 110.326668115623207, 1.553657901287885 ], [ 110.326644256699637, 1.553681910370212 ], [ 110.326628937808707, 1.553712164100436 ], [ 110.326623658470254, 1.553745701032794 ], [ 110.326628935462878, 1.553779238338825 ], [ 110.326644252238125, 1.553809493153507 ], [ 110.326668109483577, 1.553833503924809 ], [ 110.326698171885965, 1.553848920311193 ], [ 110.326731496727888, 1.553854233249179 ], [ 110.326764821941424, 1.553848922671241 ], [ 110.326794885422146, 1.553833508413595 ], [ 110.326818744346838, 1.553809499331126 ], [ 110.32683406323757, 1.5537792456001 ], [ 110.326839342574559, 1.553745708666608 ] ] ] ] } },
{ "type": "Feature", "properties": { "fid_1": 358.0, "Lokasi": "Jalan_Satok", "Pemilik": "Dbku", "Tarikh_Dit": null, "Jenis_Poko": "TM1_Musk Tree", "Tinggi_Pok": 19.0, "Silara_Pok": 0.0, "Catatan": null, "Ukur_Lilit": 68, "Northing": null, "Easthing": null, "Ln_TAGB_": 8.065, "TAGB": 3181.156, "CO2_Stock": 1590.578 }, "geometry": { "type": "MultiPolygon", "coordinates": [ [ [ [ 110.326130161232982, 1.553811521869276 ], [ 110.326124884245274, 1.553777984565364 ], [ 110.32610956747537, 1.553747729750894 ], [ 110.326085710235759, 1.55372371897798 ], [ 110.326055647839397, 1.553708302588345 ], [ 110.326022323003073, 1.553702989645527 ], [ 110.325988997793758, 1.553708300217203 ], [ 110.325958934314841, 1.553723714467458 ], [ 110.32593507538877, 1.55374772354204 ], [ 110.325919756493363, 1.553777977265458 ], [ 110.3259144771488, 1.553811514192573 ], [ 110.325919754134347, 1.553845051495472 ], [ 110.325935070902219, 1.553875306309402 ], [ 110.325958928140722, 1.553899317082471 ], [ 110.325988990537283, 1.553914733472902 ], [ 110.326022315375056, 1.553920046416857 ], [ 110.326055640586532, 1.553914735846213 ], [ 110.326085704067481, 1.553899321596464 ], [ 110.32610956299466, 1.553875312521731 ], [ 110.326124881889882, 1.553845058797521 ], [ 110.326130161232982, 1.553811521869276 ] ] ] ] } },
{ "type": "Feature", "properties": { "fid_1": 359.0, "Lokasi": "Jalan_Satok", "Pemilik": "Dbku", "Tarikh_Dit": null, "Jenis_Poko": "TM1_Musk Tree", "Tinggi_Pok": 18.0, "Silara_Pok": 0.0, "Catatan": null, "Ukur_Lilit": 70, "Northing": null, "Easthing": null, "Ln_TAGB_": 8.129, "TAGB": 3391.406, "CO2_Stock": 1695.703 }, "geometry": { "type": "MultiPolygon", "coordinates": [ [ [ [ 110.326110713781276, 1.553841441027741 ], [ 110.326105436793853, 1.553807903724098 ], [ 110.32609012002419, 1.553777648909759 ], [ 110.326066262784693, 1.553753638136841 ], [ 110.32603620038833, 1.55373822174707 ], [ 110.326002875551907, 1.553732908803959 ], [ 110.325969550342393, 1.553738219375259 ], [ 110.325939486863149, 1.553753633625082 ], [ 110.325915627936752, 1.553777642699196 ], [ 110.325900309040946, 1.553807896422171 ], [ 110.325895029696028, 1.553841433348941 ], [ 110.325900306681291, 1.553874970651539 ], [ 110.32591562344895, 1.553905225465348 ], [ 110.325939480687339, 1.55392923623842 ], [ 110.3259695430839, 1.553944652629003 ], [ 110.326002867921773, 1.553949965573238 ], [ 110.326036193133461, 1.553944655002961 ], [ 110.326066256614709, 1.553929240753654 ], [ 110.326090115542243, 1.553905231679385 ], [ 110.326105434437835, 1.553874977955612 ], [ 110.326110713781276, 1.553841441027741 ] ] ] ] } },
{ "type": "Feature", "properties": { "fid_1": 360.0, "Lokasi": "Jalan_Satok", "Pemilik": "Dbku", "Tarikh_Dit": null, "Jenis_Poko": "TJ1_Jambu Laut", "Tinggi_Pok": 12.0, "Silara_Pok": 0.0, "Catatan": null, "Ukur_Lilit": 51, "Northing": null, "Easthing": null, "Ln_TAGB_": 7.433, "TAGB": 1690.873, "CO2_Stock": 845.437 }, "geometry": { "type": "MultiPolygon", "coordinates": [ [ [ [ 110.337263204518294, 1.553761780956012 ], [ 110.337257927422954, 1.55372824360948 ], [ 110.337242610537871, 1.553697988787996 ], [ 110.337218753186761, 1.553673978044351 ], [ 110.337188690693537, 1.553658561717396 ], [ 110.33715536578444, 1.553653248864525 ], [ 110.337122040533586, 1.553658559544626 ], [ 110.337091977048388, 1.553673973911186 ], [ 110.337068118151961, 1.553697983098538 ], [ 110.337052799319167, 1.553728236920151 ], [ 110.337047520064118, 1.553761773921302 ], [ 110.337052797157298, 1.553795311266831 ], [ 110.337068114040363, 1.55382556608779 ], [ 110.337091971390365, 1.553849576831615 ], [ 110.337122033883816, 1.553864993159369 ], [ 110.337155358794377, 1.553870306013361 ], [ 110.337188684047391, 1.553864995334278 ], [ 110.337218747534607, 1.553849580968232 ], [ 110.337242606432156, 1.553825571780706 ], [ 110.337257925264723, 1.553795317958295 ], [ 110.337263204518294, 1.553761780956012 ] ] ] ] } },
{ "type": "Feature", "properties": { "fid_1": 361.0, "Lokasi": "Jalan_Satok", "Pemilik": "Dbku", "Tarikh_Dit": null, "Jenis_Poko": "TJ1_Jambu Laut", "Tinggi_Pok": 10.0, "Silara_Pok": 0.0, "Catatan": null, "Ukur_Lilit": 39, "Northing": null, "Easthing": null, "Ln_TAGB_": 6.844, "TAGB": 938.235, "CO2_Stock": 469.118 }, "geometry": { "type": "MultiPolygon", "coordinates": [ [ [ [ 110.337308831232974, 1.553727373923105 ], [ 110.337303554137065, 1.553693836576196 ], [ 110.337288237251485, 1.553663581754537 ], [ 110.337264379900006, 1.553639571010956 ], [ 110.337234317406583, 1.553624154684317 ], [ 110.337200992497472, 1.553618841831938 ], [ 110.337167667246774, 1.553624152512701 ], [ 110.337137603761903, 1.553639566880022 ], [ 110.337113744865931, 1.553663576068135 ], [ 110.337098426033677, 1.553693829890453 ], [ 110.337093146779239, 1.553727366892181 ], [ 110.337098423872987, 1.553760904238097 ], [ 110.337113740756536, 1.553791159059234 ], [ 110.337137598106906, 1.553815169802989 ], [ 110.337167660600556, 1.553830586130426 ], [ 110.337200985511146, 1.553835898983908 ], [ 110.337234310764003, 1.553830588304171 ], [ 110.337264374250893, 1.553815173937381 ], [ 110.337288233147973, 1.553791164749091 ], [ 110.337303551979986, 1.553760910925948 ], [ 110.337308831232974, 1.553727373923105 ] ] ] ] } },
{ "type": "Feature", "properties": { "fid_1": 362.0, "Lokasi": "Jalan_Satok", "Pemilik": "Dbku", "Tarikh_Dit": null, "Jenis_Poko": "TJ1_Jambu Laut", "Tinggi_Pok": 12.0, "Silara_Pok": 0.0, "Catatan": null, "Ukur_Lilit": 51, "Northing": null, "Easthing": null, "Ln_TAGB_": 7.433, "TAGB": 1690.873, "CO2_Stock": 845.437 }, "geometry": { "type": "MultiPolygon", "coordinates": [ [ [ [ 110.337274424199904, 1.553673519439783 ], [ 110.337269147104138, 1.553639982092665 ], [ 110.337253830218884, 1.553609727270791 ], [ 110.337229972867888, 1.553585716527049 ], [ 110.337199910375048, 1.553570300200278 ], [ 110.337166585466619, 1.553564987347853 ], [ 110.337133260216561, 1.553570298028619 ], [ 110.337103196732258, 1.553585712395986 ], [ 110.337079337836741, 1.553609721584226 ], [ 110.337064019004785, 1.553639975406752 ], [ 110.337058739750375, 1.553673512408689 ], [ 110.337064016843996, 1.553707049754811 ], [ 110.337079333727232, 1.55373730457614 ], [ 110.337103191077119, 1.553761315320072 ], [ 110.337133253570173, 1.553776731647627 ], [ 110.337166578480108, 1.553782044501184 ], [ 110.337199903732312, 1.553776733821426 ], [ 110.337229967218633, 1.553761319454568 ], [ 110.337253826115258, 1.553737310266154 ], [ 110.337269144947001, 1.553707056442844 ], [ 110.337274424199904, 1.553673519439783 ] ] ] ] } },
{ "type": "Feature", "properties": { "fid_1": 363.0, "Lokasi": "Jalan_Satok", "Pemilik": "Dbku", "Tarikh_Dit": null, "Jenis_Poko": "TJ1_Jambu Laut", "Tinggi_Pok": 12.0, "Silara_Pok": 0.0, "Catatan": null, "Ukur_Lilit": 40, "Northing": null, "Easthing": null, "Ln_TAGB_": 6.9, "TAGB": 992.275, "CO2_Stock": 496.137 }, "geometry": { "type": "MultiPolygon", "coordinates": [ [ [ [ 110.337231041421404, 1.553685487104192 ], [ 110.337225764326092, 1.553651949757308 ], [ 110.337210447441322, 1.553621694935527 ], [ 110.337186590090724, 1.553597684191682 ], [ 110.337156527598211, 1.553582267864646 ], [ 110.337123202689938, 1.553576955011798 ], [ 110.337089877439936, 1.55358226569207 ], [ 110.337059813955534, 1.553597680058909 ], [ 110.33703595505979, 1.553621689246607 ], [ 110.337020636227479, 1.553651943068624 ], [ 110.337015356972671, 1.553685480070178 ], [ 110.337020634065823, 1.553719017416062 ], [ 110.337035950948589, 1.553749272237327 ], [ 110.337059808298051, 1.553773282981365 ], [ 110.337089870790805, 1.553788699309177 ], [ 110.337123195700556, 1.553794012163143 ], [ 110.337156520952703, 1.55378870148388 ], [ 110.337186584439124, 1.553773287117561 ], [ 110.337210443335977, 1.553749277929696 ], [ 110.337225762168089, 1.553719024106877 ], [ 110.337231041421404, 1.553685487104192 ] ] ] ] } },
{ "type": "Feature", "properties": { "fid_1": 364.0, "Lokasi": "Jalan_Satok", "Pemilik": "Dbku", "Tarikh_Dit": null, "Jenis_Poko": "TJ1_Jambu Laut", "Tinggi_Pok": 12.0, "Silara_Pok": 0.0, "Catatan": null, "Ukur_Lilit": 57, "Northing": null, "Easthing": null, "Ln_TAGB_": 7.678, "TAGB": 2160.295, "CO2_Stock": 1080.148 }, "geometry": { "type": "MultiPolygon", "coordinates": [ [ [ [ 110.337237773233383, 1.553735601693535 ], [ 110.337232496138185, 1.553702064346932 ], [ 110.337217179253344, 1.553671809525359 ], [ 110.337193321902575, 1.553647798781597 ], [ 110.337163259409706, 1.553632382454559 ], [ 110.337129934500993, 1.553627069601564 ], [ 110.337096609250494, 1.55363238028158 ], [ 110.337066545765552, 1.553647794648088 ], [ 110.337042686869339, 1.553671803835407 ], [ 110.337027368036615, 1.553702057657043 ], [ 110.337022088781552, 1.553735594658244 ], [ 110.337027365874562, 1.553769132003815 ], [ 110.337042682757385, 1.553799386824894 ], [ 110.33706654010706, 1.553823397568814 ], [ 110.337096602600155, 1.55383881389667 ], [ 110.337129927510333, 1.553844126750776 ], [ 110.337163252763006, 1.55383881607177 ], [ 110.337193316249952, 1.553823401705781 ], [ 110.337217175147273, 1.553799392518292 ], [ 110.337232493979755, 1.553769138695857 ], [ 110.337237773233383, 1.553735601693535 ] ] ] ] } },
{ "type": "Feature", "properties": { "fid_1": 365.0, "Lokasi": "Jalan_Satok", "Pemilik": "Dbku", "Tarikh_Dit": null, "Jenis_Poko": "TJ1_Jambu Laut", "Tinggi_Pok": 9.0, "Silara_Pok": 0.0, "Catatan": null, "Ukur_Lilit": 56, "Northing": null, "Easthing": null, "Ln_TAGB_": 7.639, "TAGB": 2077.665, "CO2_Stock": 1038.832 }, "geometry": { "type": "MultiPolygon", "coordinates": [ [ [ [ 110.337369791514647, 1.553646218205497 ], [ 110.337364514417843, 1.553612680857839 ], [ 110.337349197531594, 1.553582426035815 ], [ 110.337325340179717, 1.553558415292289 ], [ 110.337295277686195, 1.553542998966089 ], [ 110.33726195277734, 1.55353768611453 ], [ 110.337228627527196, 1.553542996796394 ], [ 110.337198564043121, 1.553558411164993 ], [ 110.337174705148129, 1.553582420354433 ], [ 110.337159386316941, 1.55361267417802 ], [ 110.337154107063483, 1.553646211180813 ], [ 110.337159384158142, 1.553679748527475 ], [ 110.337174701042372, 1.553710003348989 ], [ 110.337198558393126, 1.553734014092695 ], [ 110.337228620886862, 1.553749430419688 ], [ 110.337261945797195, 1.553754743272353 ], [ 110.337295271049513, 1.553749432591497 ], [ 110.337325334535592, 1.553734018223418 ], [ 110.337349193431706, 1.553710009033807 ], [ 110.337364512262667, 1.553679755209411 ], [ 110.337369791514647, 1.553646218205497 ] ] ] ] } },
{ "type": "Feature", "properties": { "fid_1": 366.0, "Lokasi": "Jalan_Satok", "Pemilik": "Dbku", "Tarikh_Dit": null, "Jenis_Poko": "TJ1_Jambu Laut", "Tinggi_Pok": 9.0, "Silara_Pok": 0.0, "Catatan": null, "Ukur_Lilit": 53, "Northing": null, "Easthing": null, "Ln_TAGB_": 7.518, "TAGB": 1840.882, "CO2_Stock": 920.441 }, "geometry": { "type": "MultiPolygon", "coordinates": [ [ [ [ 110.337388116998596, 1.553638738415516 ], [ 110.337382839901593, 1.553605201067727 ], [ 110.337367523015146, 1.553574946245655 ], [ 110.337343665663113, 1.553550935502171 ], [ 110.337313603169477, 1.553535519176081 ], [ 110.337280278260565, 1.553530206324699 ], [ 110.337246953010407, 1.553535517006813 ], [ 110.337216889526402, 1.553550931375631 ], [ 110.337193030631539, 1.553574940565334 ], [ 110.337177711800507, 1.553605194389141 ], [ 110.337172432547277, 1.553638731392126 ], [ 110.337177709642106, 1.55367226873891 ], [ 110.337193026526535, 1.553702523560452 ], [ 110.33721688387746, 1.55372653430412 ], [ 110.337246946371337, 1.553741950631005 ], [ 110.337280271281713, 1.553747263483499 ], [ 110.337313596534031, 1.553741952802421 ], [ 110.337343660020039, 1.553726538434092 ], [ 110.337367518916039, 1.553702529244213 ], [ 110.33738283774683, 1.553672275419603 ], [ 110.337388116998596, 1.553638738415516 ] ] ] ] } },
{ "type": "Feature", "properties": { "fid_1": 367.0, "Lokasi": "Jalan_Satok", "Pemilik": "Dbku", "Tarikh_Dit": null, "Jenis_Poko": "TJ1_Jambu Laut", "Tinggi_Pok": 9.0, "Silara_Pok": 0.0, "Catatan": null, "Ukur_Lilit": 41, "Northing": null, "Easthing": null, "Ln_TAGB_": 6.954, "TAGB": 1047.331, "CO2_Stock": 523.665 }, "geometry": { "type": "MultiPolygon", "coordinates": [ [ [ [ 110.337282277975618, 1.553563566534212 ], [ 110.337277000879354, 1.553530029186337 ], [ 110.337261683993958, 1.553499774364024 ], [ 110.337237826643175, 1.553475763620133 ], [ 110.337207764150889, 1.553460347293561 ], [ 110.33717443924327, 1.553455034441621 ], [ 110.337141113994235, 1.553460345123159 ], [ 110.337111050511069, 1.553475759491486 ], [ 110.337087191616661, 1.553499768680786 ], [ 110.337071872785714, 1.553530022504338 ], [ 110.3370665935321, 1.553563559507217 ], [ 110.33707187062619, 1.553597096854084 ], [ 110.337087187509567, 1.553627351675872 ], [ 110.337111044859256, 1.55365136241994 ], [ 110.337141107351741, 1.553666778747318 ], [ 110.337174432260838, 1.553672091600363 ], [ 110.337207757512033, 1.553666780919846 ], [ 110.337237820997245, 1.553651366552027 ], [ 110.33726167989272, 1.553627357362555 ], [ 110.337276998723482, 1.553597103538217 ], [ 110.337282277975618, 1.553563566534212 ] ] ] ] } },
{ "type": "Feature", "properties": { "fid_1": 368.0, "Lokasi": "Jalan_Satok", "Pemilik": "Dbku", "Tarikh_Dit": null, "Jenis_Poko": "TJ1_Jambu Laut", "Tinggi_Pok": 9.0, "Silara_Pok": 0.0, "Catatan": null, "Ukur_Lilit": 42, "Northing": null, "Easthing": null, "Ln_TAGB_": 7.007, "TAGB": 1104.337, "CO2_Stock": 552.168 }, "geometry": { "type": "MultiPolygon", "coordinates": [ [ [ [ 110.337295741595781, 1.553535143333796 ], [ 110.337290464499304, 1.5535016059857 ], [ 110.337275147613752, 1.553471351163263 ], [ 110.337251290262898, 1.553447340419356 ], [ 110.337221227770669, 1.553431924092896 ], [ 110.337187902863164, 1.553426611241195 ], [ 110.337154577614371, 1.553431921923043 ], [ 110.337124514131489, 1.553447336291748 ], [ 110.337100655237393, 1.553471345481411 ], [ 110.337085336406759, 1.553501599305347 ], [ 110.337080057153429, 1.553535136308535 ], [ 110.337085334247774, 1.553568673655631 ], [ 110.337100651131294, 1.553598928477566 ], [ 110.33712450848104, 1.553622939221639 ], [ 110.33715457097351, 1.553638355548894 ], [ 110.337187895882465, 1.553643668401715 ], [ 110.337221221133419, 1.55363835772089 ], [ 110.337251284618333, 1.553622943352698 ], [ 110.337275143513537, 1.553598934162844 ], [ 110.337290462343958, 1.553568680338121 ], [ 110.337295741595781, 1.553535143333796 ] ] ] ] } },
{ "type": "Feature", "properties": { "fid_1": 369.0, "Lokasi": "Jalan_Satok", "Pemilik": "Dbku", "Tarikh_Dit": null, "Jenis_Poko": "TJ1_Jambu Laut", "Tinggi_Pok": 10.0, "Silara_Pok": 0.0, "Catatan": null, "Ukur_Lilit": 56, "Northing": null, "Easthing": null, "Ln_TAGB_": 7.639, "TAGB": 2077.665, "CO2_Stock": 1038.832 }, "geometry": { "type": "MultiPolygon", "coordinates": [ [ [ [ 110.337224683594826, 1.553494752472575 ], [ 110.337219406498875, 1.553461215124492 ], [ 110.337204089614019, 1.553430960301924 ], [ 110.337180232264004, 1.553406949557772 ], [ 110.337150169772599, 1.553391533230955 ], [ 110.337116844865903, 1.553386220378843 ], [ 110.33708351961775, 1.553391531060249 ], [ 110.337053456135308, 1.553406945428538 ], [ 110.337029597241454, 1.553430954617868 ], [ 110.337014278410749, 1.553461208441508 ], [ 110.337008999157135, 1.553494745444556 ], [ 110.33701427625094, 1.553528282791653 ], [ 110.337029593133764, 1.553558537613704 ], [ 110.337053450482671, 1.553582548358021 ], [ 110.337083512974289, 1.553597964685641 ], [ 110.337116837882462, 1.553603277538869 ], [ 110.337150163132776, 1.553597966858465 ], [ 110.337180226617221, 1.553582552490729 ], [ 110.337204085512212, 1.553558543301209 ], [ 110.337219404342676, 1.553528289476745 ], [ 110.337224683594826, 1.553494752472575 ] ] ] ] } },
{ "type": "Feature", "properties": { "fid_1": 370.0, "Lokasi": "Jalan_Satok", "Pemilik": "Dbku", "Tarikh_Dit": null, "Jenis_Poko": "TJ1_Jambu Laut", "Tinggi_Pok": 9.0, "Silara_Pok": 0.0, "Catatan": null, "Ukur_Lilit": 43, "Northing": null, "Easthing": null, "Ln_TAGB_": 7.059, "TAGB": 1163.281, "CO2_Stock": 581.64 }, "geometry": { "type": "MultiPolygon", "coordinates": [ [ [ [ 110.337197008374844, 1.553529159505008 ], [ 110.337191731279276, 1.553495622157222 ], [ 110.337176414394733, 1.553465367334816 ], [ 110.337152557044902, 1.55344135659064 ], [ 110.337122494553554, 1.553425940263629 ], [ 110.337089169646745, 1.553420627411153 ], [ 110.337055844398378, 1.553425938092081 ], [ 110.33702578091561, 1.553441352459783 ], [ 110.337001922021329, 1.55346536164852 ], [ 110.336986603190184, 1.553495615471636 ], [ 110.336981323936115, 1.553529152474218 ], [ 110.336986601029523, 1.553562689820993 ], [ 110.337001917912033, 1.553592944642885 ], [ 110.337025775260756, 1.553616955387228 ], [ 110.337055837752317, 1.553632371715048 ], [ 110.33708916266059, 1.553637684568652 ], [ 110.337122487911117, 1.553632373888726 ], [ 110.337152551395917, 1.553616959521537 ], [ 110.337176410291306, 1.553592950332615 ], [ 110.337191729122225, 1.553562696508704 ], [ 110.337197008374844, 1.553529159505008 ] ] ] ] } },
{ "type": "Feature", "properties": { "fid_1": 371.0, "Lokasi": "Jalan_Satok", "Pemilik": "Dbku", "Tarikh_Dit": null, "Jenis_Poko": "TJ1_Jambu Laut", "Tinggi_Pok": 9.0, "Silara_Pok": 0.0, "Catatan": null, "Ukur_Lilit": 40, "Northing": null, "Easthing": null, "Ln_TAGB_": 6.9, "TAGB": 992.275, "CO2_Stock": 496.137 }, "geometry": { "type": "MultiPolygon", "coordinates": [ [ [ [ 110.337228423491254, 1.553553094830438 ], [ 110.337223146395473, 1.553519557482715 ], [ 110.337207829510632, 1.553489302660374 ], [ 110.337183972160418, 1.553465291916337 ], [ 110.337153909668672, 1.553449875589459 ], [ 110.337120584761465, 1.553444562737134 ], [ 110.337087259512742, 1.553449873418217 ], [ 110.337057196029718, 1.553465287786069 ], [ 110.337033337135281, 1.553489296974928 ], [ 110.337018018304093, 1.55351955079808 ], [ 110.337012739050138, 1.553553087800688 ], [ 110.337018016143759, 1.553586625147421 ], [ 110.337033333026568, 1.553616879969223 ], [ 110.337057190375674, 1.553640890713454 ], [ 110.337087252867647, 1.553656307041126 ], [ 110.337120577776318, 1.553661619894571 ], [ 110.3371539030272, 1.553656309214507 ], [ 110.337183966512242, 1.553640894847161 ], [ 110.337207825407802, 1.553616885658128 ], [ 110.337223144238777, 1.553586631834161 ], [ 110.337228423491254, 1.553553094830438 ] ] ] ] } },
{ "type": "Feature", "properties": { "fid_1": 372.0, "Lokasi": "Jalan_Satok", "Pemilik": "Dbku", "Tarikh_Dit": null, "Jenis_Poko": "TJ1_Jambu Laut", "Tinggi_Pok": 9.0, "Silara_Pok": 0.0, "Catatan": null, "Ukur_Lilit": 61, "Northing": null, "Easthing": null, "Ln_TAGB_": 7.826, "TAGB": 2504.89, "CO2_Stock": 1252.445 }, "geometry": { "type": "MultiPolygon", "coordinates": [ [ [ [ 110.337231415408013, 1.55358750186197 ], [ 110.337226138312346, 1.553553964514447 ], [ 110.33721082142749, 1.553523709692265 ], [ 110.337186964077148, 1.553499698948266 ], [ 110.337156901585175, 1.553484282621377 ], [ 110.337123576677683, 1.553478969768941 ], [ 110.337090251428606, 1.553484280449823 ], [ 110.337060187945241, 1.55349969481744 ], [ 110.337036329050463, 1.553523704006013 ], [ 110.33702101021899, 1.553553957828893 ], [ 110.337015730964836, 1.553587494831259 ], [ 110.337021008058358, 1.553621032177763 ], [ 110.337036324941181, 1.553651286999439 ], [ 110.337060182290415, 1.5536752977436 ], [ 110.337090244782601, 1.553690714071288 ], [ 110.337123569691556, 1.553696026924867 ], [ 110.33715689494278, 1.553690716244969 ], [ 110.337186958428191, 1.553675301877884 ], [ 110.337210817324078, 1.553651292689133 ], [ 110.337226136155309, 1.553621038865451 ], [ 110.337231415408013, 1.55358750186197 ] ] ] ] } },
{ "type": "Feature", "properties": { "fid_1": 373.0, "Lokasi": "Jalan_Satok", "Pemilik": "Dbku", "Tarikh_Dit": null, "Jenis_Poko": "TJ1_Jambu Laut", "Tinggi_Pok": 9.0, "Silara_Pok": 0.0, "Catatan": null, "Ukur_Lilit": 50, "Northing": null, "Easthing": null, "Ln_TAGB_": 7.39, "TAGB": 1619.706, "CO2_Stock": 809.853 }, "geometry": { "type": "MultiPolygon", "coordinates": [ [ [ [ 110.337178308902438, 1.553571046326608 ], [ 110.337173031807183, 1.553537508979188 ], [ 110.337157714922895, 1.553507254156951 ], [ 110.337133857573122, 1.55348324341281 ], [ 110.337103795081703, 1.553467827085631 ], [ 110.337070470174723, 1.553462514232823 ], [ 110.337037144926001, 1.553467824913309 ], [ 110.33700708144282, 1.5534832392805 ], [ 110.336983222548056, 1.553507248468662 ], [ 110.336967903716427, 1.553537502291254 ], [ 110.336962624461961, 1.553571039293386 ], [ 110.336967901555013, 1.553604576639787 ], [ 110.336983218437311, 1.553634831461516 ], [ 110.337007075785962, 1.553658842205837 ], [ 110.33703713827758, 1.553674258533825 ], [ 110.33707046318608, 1.553679571387731 ], [ 110.337103788436934, 1.553674260708271 ], [ 110.337133851922147, 1.553658846341595 ], [ 110.337157710818019, 1.553634837153228 ], [ 110.337173029649421, 1.553604583329859 ], [ 110.337178308902438, 1.553571046326608 ] ] ] ] } },
{ "type": "Feature", "properties": { "fid_1": 374.0, "Lokasi": "Jalan_Satok", "Pemilik": "Dbku", "Tarikh_Dit": null, "Jenis_Poko": "TJ1_Jambu Laut", "Tinggi_Pok": 10.0, "Silara_Pok": 0.0, "Catatan": null, "Ukur_Lilit": 50, "Northing": null, "Easthing": null, "Ln_TAGB_": 7.39, "TAGB": 1619.706, "CO2_Stock": 809.853 }, "geometry": { "type": "MultiPolygon", "coordinates": [ [ [ [ 110.337161853368073, 1.553655567948216 ], [ 110.33715657627333, 1.553622030601404 ], [ 110.337141259389227, 1.553591775779533 ], [ 110.337117402039425, 1.553567765035462 ], [ 110.337087339547679, 1.553552348708078 ], [ 110.337054014640103, 1.553547035854803 ], [ 110.337020689390641, 1.553552346534588 ], [ 110.33699062590658, 1.55356776090093 ], [ 110.336966767010964, 1.553591770088199 ], [ 110.336951448178496, 1.553622023909878 ], [ 110.336946168923333, 1.553655560911214 ], [ 110.336951446015931, 1.55368909825703 ], [ 110.336966762897987, 1.553719353078385 ], [ 110.336990620246695, 1.55374336382262 ], [ 110.337020682738668, 1.553758780150816 ], [ 110.337054007647723, 1.553764093005193 ], [ 110.337087332899344, 1.553758782326437 ], [ 110.337117396385409, 1.553743367960601 ], [ 110.337141255282162, 1.553719358773165 ], [ 110.337156574114374, 1.553689104950696 ], [ 110.337161853368073, 1.553655567948216 ] ] ] ] } },
{ "type": "Feature", "properties": { "fid_1": 375.0, "Lokasi": "Jalan_Satok", "Pemilik": "Dbku", "Tarikh_Dit": null, "Jenis_Poko": "TJ1_Jambu Laut", "Tinggi_Pok": 8.0, "Silara_Pok": 0.0, "Catatan": null, "Ukur_Lilit": 37, "Northing": null, "Easthing": null, "Ln_TAGB_": 6.729, "TAGB": 836.311, "CO2_Stock": 418.156 }, "geometry": { "type": "MultiPolygon", "coordinates": [ [ [ [ 110.337388490978938, 1.55332720518359 ], [ 110.337383213880784, 1.55329366783381 ], [ 110.337367896994152, 1.553263413010447 ], [ 110.337344039642915, 1.55323940226649 ], [ 110.337313977151027, 1.553223985940827 ], [ 110.337280652244601, 1.553218673090691 ], [ 110.337247326997442, 1.553223983774743 ], [ 110.337217263516649, 1.553239398146068 ], [ 110.33719340462487, 1.553263407338532 ], [ 110.337178085796552, 1.553293661165122 ], [ 110.33717280654534, 1.553327198170616 ], [ 110.337178083641362, 1.553360735519385 ], [ 110.337193400525962, 1.553390990342232 ], [ 110.337217257876077, 1.553415001086369 ], [ 110.337247320368192, 1.553430417412822 ], [ 110.337280645276095, 1.553435730264077 ], [ 110.337313970525415, 1.553430419581018 ], [ 110.33734403400824, 1.553415005210213 ], [ 110.337367892901113, 1.553390996017577 ], [ 110.337383211729218, 1.553360742190183 ], [ 110.337388490978938, 1.55332720518359 ] ] ] ] } },
{ "type": "Feature", "properties": { "fid_1": 376.0, "Lokasi": "Jalan_Satok", "Pemilik": "Dbku", "Tarikh_Dit": null, "Jenis_Poko": "TJ1_Jambu Laut", "Tinggi_Pok": 11.0, "Silara_Pok": 0.0, "Catatan": null, "Ukur_Lilit": 67, "Northing": null, "Easthing": null, "Ln_TAGB_": 8.033, "TAGB": 3080.971, "CO2_Stock": 1540.486 }, "geometry": { "type": "MultiPolygon", "coordinates": [ [ [ [ 110.337417662157748, 1.553324213266948 ], [ 110.337412385059281, 1.553290675917048 ], [ 110.337397068172351, 1.553260421093651 ], [ 110.337373210820843, 1.553236410349765 ], [ 110.337343148328699, 1.553220994024267 ], [ 110.337309823422103, 1.553215681174409 ], [ 110.337276498174873, 1.553220991858761 ], [ 110.337246434694094, 1.553236406230419 ], [ 110.337222575802443, 1.553260415423191 ], [ 110.337207256974295, 1.553290669250065 ], [ 110.337201977723339, 1.553324206255751 ], [ 110.337207254819631, 1.553357743604674 ], [ 110.337222571704572, 1.553387998427539 ], [ 110.337246429054957, 1.553412009171601 ], [ 110.337276491547314, 1.553427425497889 ], [ 110.337309816455374, 1.5534327383489 ], [ 110.337343141704778, 1.553427427665537 ], [ 110.337373205187575, 1.553412013294395 ], [ 110.337397064080335, 1.553388004101442 ], [ 110.337412382908255, 1.553357750273778 ], [ 110.337417662157748, 1.553324213266948 ] ] ] ] } },
{ "type": "Feature", "properties": { "fid_1": 377.0, "Lokasi": "Jalan_Satok", "Pemilik": "Dbku", "Tarikh_Dit": null, "Jenis_Poko": "TJ1_Jambu Laut", "Tinggi_Pok": 9.0, "Silara_Pok": 0.0, "Catatan": null, "Ukur_Lilit": 44, "Northing": null, "Easthing": null, "Ln_TAGB_": 7.109, "TAGB": 1222.924, "CO2_Stock": 611.462 }, "geometry": { "type": "MultiPolygon", "coordinates": [ [ [ [ 110.337446085357058, 1.553303269855614 ], [ 110.337440808258236, 1.553269732505455 ], [ 110.337425491370993, 1.553239477681956 ], [ 110.337401634019258, 1.553215466938115 ], [ 110.337371571526987, 1.553200050612816 ], [ 110.337338246620376, 1.553194737763246 ], [ 110.337304921373246, 1.553200048448019 ], [ 110.337274857892666, 1.553215462820135 ], [ 110.33725099900127, 1.553239472013397 ], [ 110.337235680173478, 1.553269725840697 ], [ 110.337230400922891, 1.553303262846746 ], [ 110.337235678019553, 1.553336800195886 ], [ 110.337250994904764, 1.553367055018867 ], [ 110.337274852255391, 1.553391065762877 ], [ 110.337304914747875, 1.553406482088991 ], [ 110.337338239655978, 1.553411794939667 ], [ 110.337371564905268, 1.553406484255916 ], [ 110.33740162838788, 1.553391069884305 ], [ 110.337425487280356, 1.553367060690887 ], [ 110.337440806107935, 1.553336806862778 ], [ 110.337446085357058, 1.553303269855614 ] ] ] ] } },
{ "type": "Feature", "properties": { "fid_1": 378.0, "Lokasi": "Jalan_Satok", "Pemilik": "Dbku", "Tarikh_Dit": null, "Jenis_Poko": "TJ1_Jambu Laut", "Tinggi_Pok": 8.0, "Silara_Pok": 0.0, "Catatan": null, "Ukur_Lilit": 49, "Northing": null, "Easthing": null, "Ln_TAGB_": 7.345, "TAGB": 1548.435, "CO2_Stock": 774.217 }, "geometry": { "type": "MultiPolygon", "coordinates": [ [ [ [ 110.337429629819596, 1.553280830487656 ], [ 110.337424352720845, 1.55324729313741 ], [ 110.337409035833758, 1.553217038313834 ], [ 110.337385178482265, 1.553193027569917 ], [ 110.337355115990249, 1.553177611244558 ], [ 110.337321791083923, 1.553172298394954 ], [ 110.337288465837077, 1.553177609079695 ], [ 110.337258402356724, 1.55319302345181 ], [ 110.337234543465527, 1.553217032645104 ], [ 110.337219224637835, 1.553247286472465 ], [ 110.337213945387262, 1.553280823478588 ], [ 110.337219222483839, 1.553314360827827 ], [ 110.337234539368893, 1.553344615650885 ], [ 110.337258396719307, 1.553368626394974 ], [ 110.337288459211521, 1.553384042721145 ], [ 110.337321784119325, 1.553389355571867 ], [ 110.337355109368346, 1.553384044888116 ], [ 110.337385172850702, 1.553368630516527 ], [ 110.337409031743022, 1.553344621323054 ], [ 110.337424350570487, 1.553314367494893 ], [ 110.337429629819596, 1.553280830487656 ] ] ] ] } },
{ "type": "Feature", "properties": { "fid_1": 379.0, "Lokasi": "Jalan_Satok", "Pemilik": "Dbku", "Tarikh_Dit": null, "Jenis_Poko": "TJ1_Jambu Laut", "Tinggi_Pok": 8.0, "Silara_Pok": 0.0, "Catatan": null, "Ukur_Lilit": 40, "Northing": null, "Easthing": null, "Ln_TAGB_": 6.9, "TAGB": 992.275, "CO2_Stock": 496.137 }, "geometry": { "type": "MultiPolygon", "coordinates": [ [ [ [ 110.337386247041081, 1.553292050173115 ], [ 110.337380969942814, 1.553258512823094 ], [ 110.337365653056182, 1.553228257999611 ], [ 110.337341795705072, 1.553204247255586 ], [ 110.337311733213383, 1.553188830929955 ], [ 110.337278408307256, 1.553183518079961 ], [ 110.337245083060438, 1.553188828764214 ], [ 110.337215019580015, 1.553204243135788 ], [ 110.33719116068859, 1.553228252328529 ], [ 110.337175841860571, 1.553258506155414 ], [ 110.337170562609558, 1.553292043161172 ], [ 110.337175839705679, 1.553325580510152 ], [ 110.337191156590293, 1.553355835333143 ], [ 110.337215013940281, 1.553379846077345 ], [ 110.337245076432168, 1.553395262403769 ], [ 110.337278401339788, 1.553400575254882 ], [ 110.337311726588752, 1.553395264571654 ], [ 110.337341790071207, 1.553379850200573 ], [ 110.33736564896374, 1.55335584100766 ], [ 110.337380967791546, 1.553325587179976 ], [ 110.337386247041081, 1.553292050173115 ] ] ] ] } },
{ "type": "Feature", "properties": { "fid_1": 380.0, "Lokasi": "Jalan_Satok", "Pemilik": "Dbku", "Tarikh_Dit": null, "Jenis_Poko": "TJ1_Jambu Laut", "Tinggi_Pok": 4.0, "Silara_Pok": 0.0, "Catatan": null, "Ukur_Lilit": 40, "Northing": null, "Easthing": null, "Ln_TAGB_": 6.9, "TAGB": 992.275, "CO2_Stock": 496.137 }, "geometry": { "type": "MultiPolygon", "coordinates": [ ] } },
{ "type": "Feature", "properties": { "fid_1": 381.0, "Lokasi": "Jalan Muda Hashim", "Pemilik": null, "Tarikh_Dit": null, "Jenis_Poko": "Kopsia singapurensis", "Tinggi_Pok": 7.0, "Silara_Pok": 4.0, "Catatan": null, "Ukur_Lilit": 8, "Northing": null, "Easthing": null, "Ln_TAGB_": 3.365, "TAGB": 28.933, "CO2_Stock": 14.466 }, "geometry": { "type": "MultiPolygon", "coordinates": [ [ [ [ 110.33396455535653, 1.554480995389182 ], [ 110.333959278295779, 1.554447458059756 ], [ 110.333943961445286, 1.554417203243204 ], [ 110.333920104125383, 1.554393192491863 ], [ 110.3338900416569, 1.554377776145326 ], [ 110.333856716763719, 1.554372463262907 ], [ 110.333823391518351, 1.554377773906374 ], [ 110.33379332802771, 1.554393188232801 ], [ 110.333769469115381, 1.554417197380469 ], [ 110.333754150257846, 1.554447451166721 ], [ 110.333748870971604, 1.554480988140298 ], [ 110.333754148030209, 1.554514525468717 ], [ 110.333769464878685, 1.554544780284735 ], [ 110.333793322197465, 1.554568791036258 ], [ 110.333823384666161, 1.554584207383592 ], [ 110.33385670956082, 1.554589520267145 ], [ 110.333890034808334, 1.554584209624675 ], [ 110.333920098301022, 1.55456879529876 ], [ 110.333943957214444, 1.554544786150934 ], [ 110.333959276071781, 1.554514532363872 ], [ 110.33396455535653, 1.554480995389182 ] ] ] ] } },
{ "type": "Feature", "properties": { "fid_1": 382.0, "Lokasi": "Jalan Muda Hashim", "Pemilik": null, "Tarikh_Dit": null, "Jenis_Poko": "Kopsia singapurensis", "Tinggi_Pok": 6.0, "Silara_Pok": 2.0, "Catatan": null, "Ukur_Lilit": 115, "Northing": null, "Easthing": null, "Ln_TAGB_": 9.219, "TAGB": 10086.972, "CO2_Stock": 5043.486 }, "geometry": { "type": "MultiPolygon", "coordinates": [ [ [ [ 110.33397741458333, 1.554593071944511 ], [ 110.333972137522878, 1.554559534615744 ], [ 110.333956820672299, 1.554529279799662 ], [ 110.33393296335197, 1.55450526904852 ], [ 110.333902900882762, 1.554489852701916 ], [ 110.333869575988601, 1.554484539819134 ], [ 110.333836250742124, 1.554489850462022 ], [ 110.333806187250289, 1.554505264787688 ], [ 110.333782328336909, 1.554529273934486 ], [ 110.33376700947845, 1.55455952771985 ], [ 110.333761730191597, 1.554593064692615 ], [ 110.33376700724989, 1.55462660202034 ], [ 110.333782324098436, 1.554656856835914 ], [ 110.333806181417657, 1.554680867587224 ], [ 110.333836243887063, 1.554696283934649 ], [ 110.333869568782703, 1.554701596818554 ], [ 110.333902894031354, 1.55469628617666 ], [ 110.333932957525207, 1.554680871851515 ], [ 110.333956816439724, 1.554656862704551 ], [ 110.333972135297941, 1.554626608918378 ], [ 110.33397741458333, 1.554593071944511 ] ] ] ] } },
{ "type": "Feature", "properties": { "fid_1": 383.0, "Lokasi": "Jalan Muda Hashim", "Pemilik": null, "Tarikh_Dit": null, "Jenis_Poko": "Callistemon citrinus", "Tinggi_Pok": 7.0, "Silara_Pok": 3.0, "Catatan": null, "Ukur_Lilit": 60, "Northing": null, "Easthing": null, "Ln_TAGB_": 7.79, "TAGB": 2416.318, "CO2_Stock": 1208.159 }, "geometry": { "type": "MultiPolygon", "coordinates": [ [ [ [ 110.33415302083344, 1.555601576828266 ], [ 110.334147743775063, 1.555568039505341 ], [ 110.334132426923276, 1.555537784693346 ], [ 110.334108569598541, 1.555513773944177 ], [ 110.334078507122186, 1.555498357597215 ], [ 110.33404518221883, 1.555493044711802 ], [ 110.334011856961993, 1.555498355350024 ], [ 110.333981793459671, 1.555513769669458 ], [ 110.333957934536713, 1.555537778809053 ], [ 110.333942615670495, 1.555568032586977 ], [ 110.333937336378455, 1.555601569552735 ], [ 110.333942613434658, 1.555635106874647 ], [ 110.333957930284441, 1.555665361686122 ], [ 110.333981787608039, 1.55568937243547 ], [ 110.334011850084607, 1.555704788783224 ], [ 110.334045174989427, 1.555710101669763 ], [ 110.334078500248438, 1.555704791032565 ], [ 110.334108563752778, 1.555689376713643 ], [ 110.334132422676873, 1.555665367573876 ], [ 110.334147741542864, 1.555635113795157 ], [ 110.33415302083344, 1.555601576828266 ] ] ] ] } },
{ "type": "Feature", "properties": { "fid_1": 384.0, "Lokasi": "Jalan Muda Hshim", "Pemilik": null, "Tarikh_Dit": null, "Jenis_Poko": "Callistemon citrinus", "Tinggi_Pok": 5.0, "Silara_Pok": 2.0, "Catatan": null, "Ukur_Lilit": 59, "Northing": null, "Easthing": null, "Ln_TAGB_": 7.753, "TAGB": 2328.548, "CO2_Stock": 1164.274 }, "geometry": { "type": "MultiPolygon", "coordinates": [ [ [ [ 110.334140689188345, 1.555744830535536 ], [ 110.334135412130621, 1.555711293213585 ], [ 110.334120095279047, 1.555681038402202 ], [ 110.334096237954071, 1.555657027653202 ], [ 110.334066175477034, 1.55564161130599 ], [ 110.334032850572612, 1.555636298419894 ], [ 110.333999525314425, 1.555641609057091 ], [ 110.333969461810668, 1.555657023375247 ], [ 110.333945602886217, 1.555681032513443 ], [ 110.333930284018692, 1.555711286289964 ], [ 110.333925004725629, 1.555744823254501 ], [ 110.333930281781178, 1.55577836057545 ], [ 110.333945598630734, 1.555808615386304 ], [ 110.333969455954602, 1.555832626135477 ], [ 110.333999518431852, 1.5558480424835 ], [ 110.334032843337752, 1.555853355370703 ], [ 110.334066168598085, 1.555848044734525 ], [ 110.334096232103889, 1.555832630416873 ], [ 110.334120091029433, 1.555808621278521 ], [ 110.334135409896746, 1.555778367501183 ], [ 110.334140689188345, 1.555744830535536 ] ] ] ] } },
{ "type": "Feature", "properties": { "fid_1": 385.0, "Lokasi": "Jalan Muda Hshim", "Pemilik": null, "Tarikh_Dit": null, "Jenis_Poko": "Callistemon citrnus", "Tinggi_Pok": 7.0, "Silara_Pok": 3.0, "Catatan": null, "Ukur_Lilit": 60, "Northing": null, "Easthing": null, "Ln_TAGB_": 7.79, "TAGB": 2416.318, "CO2_Stock": 1208.159 }, "geometry": { "type": "MultiPolygon", "coordinates": [ [ [ [ 110.334141346529975, 1.555784435300821 ], [ 110.334136069472393, 1.555750897979109 ], [ 110.334120752620834, 1.555720643167903 ], [ 110.334096895295744, 1.555696632418952 ], [ 110.334066832818479, 1.555681216071706 ], [ 110.334033507913745, 1.555675903185436 ], [ 110.334000182655174, 1.555681213822404 ], [ 110.333970119151004, 1.555696628140238 ], [ 110.333946260226156, 1.555720637278096 ], [ 110.333930941358304, 1.555750891054281 ], [ 110.333925662064985, 1.555784428018502 ], [ 110.333930939120393, 1.555817965339181 ], [ 110.33394625596992, 1.555848220149883 ], [ 110.333970113293901, 1.555872230898994 ], [ 110.334000175771394, 1.55588764724706 ], [ 110.334033500677606, 1.555892960134417 ], [ 110.334066825938308, 1.555887649498492 ], [ 110.33409688944451, 1.555872235181156 ], [ 110.334120748370466, 1.555848226043132 ], [ 110.334136067238106, 1.555817972266155 ], [ 110.334141346529975, 1.555784435300821 ] ] ] ] } },
{ "type": "Feature", "properties": { "fid_1": 386.0, "Lokasi": "Jalan Muda Hshim", "Pemilik": null, "Tarikh_Dit": null, "Jenis_Poko": "Callistemon citrnus", "Tinggi_Pok": 5.0, "Silara_Pok": 3.0, "Catatan": null, "Ukur_Lilit": 60, "Northing": null, "Easthing": null, "Ln_TAGB_": 7.79, "TAGB": 2416.318, "CO2_Stock": 1208.159 }, "geometry": { "type": "MultiPolygon", "coordinates": [ [ [ [ 110.334142661212425, 1.555833407168229 ], [ 110.334137384155014, 1.555799869846825 ], [ 110.334122067303468, 1.555769615035809 ], [ 110.334098209978237, 1.55574560428696 ], [ 110.334068147500687, 1.55573018793962 ], [ 110.334034822595541, 1.555724875053192 ], [ 110.334001497336502, 1.555730185689858 ], [ 110.333971433831834, 1.555745600007326 ], [ 110.333947574906503, 1.555769609144752 ], [ 110.333932256038224, 1.555799862920501 ], [ 110.333926976744593, 1.555833399884346 ], [ 110.33393225379983, 1.555866937204717 ], [ 110.333947570649343, 1.555897192015207 ], [ 110.333971427973481, 1.555921202764234 ], [ 110.334001490451243, 1.55593661911237 ], [ 110.334034815357853, 1.55594193199992 ], [ 110.334068140619038, 1.555936621364284 ], [ 110.334098204125752, 1.55592120704732 ], [ 110.334122063052206, 1.555897197909728 ], [ 110.334137381920257, 1.555866944133181 ], [ 110.334142661212425, 1.555833407168229 ] ] ] ] } },
{ "type": "Feature", "properties": { "fid_1": 387.0, "Lokasi": "Jalan Muda Hashim", "Pemilik": null, "Tarikh_Dit": null, "Jenis_Poko": "Callistemon citrnus", "Tinggi_Pok": 5.0, "Silara_Pok": 3.0, "Catatan": null, "Ukur_Lilit": 60, "Northing": null, "Easthing": null, "Ln_TAGB_": 7.79, "TAGB": 2416.318, "CO2_Stock": 1208.159 }, "geometry": { "type": "MultiPolygon", "coordinates": [ [ [ [ 110.334148084273295, 1.555892403478191 ], [ 110.334142807216068, 1.555858866157154 ], [ 110.334127490364509, 1.555828611346383 ], [ 110.334103633039049, 1.555804600597641 ], [ 110.334073570561131, 1.555789184250241 ], [ 110.334040245655487, 1.55578387136362 ], [ 110.334006920395865, 1.555789181999953 ], [ 110.333976856890573, 1.555804596317021 ], [ 110.333952997964673, 1.555828605453975 ], [ 110.333937679095925, 1.555858859229248 ], [ 110.333932399801924, 1.555892396192627 ], [ 110.333937676857005, 1.555925933512667 ], [ 110.333952993706546, 1.555956188322911 ], [ 110.333976851030869, 1.555980199071844 ], [ 110.334006913509029, 1.555995615420013 ], [ 110.334040238416137, 1.556000928307754 ], [ 110.334073563677919, 1.555995617672436 ], [ 110.334103627185243, 1.555980203355897 ], [ 110.334127486112266, 1.555956194218771 ], [ 110.3341428049808, 1.555925940442703 ], [ 110.334148084273295, 1.555892403478191 ] ] ] ] } },
{ "type": "Feature", "properties": { "fid_1": 388.0, "Lokasi": "Jalan Muda Hashim", "Pemilik": null, "Tarikh_Dit": null, "Jenis_Poko": "Callistemon citrnus", "Tinggi_Pok": 7.0, "Silara_Pok": 3.0, "Catatan": null, "Ukur_Lilit": 105, "Northing": null, "Easthing": null, "Ln_TAGB_": 9.019, "TAGB": 8258.514, "CO2_Stock": 4129.257 }, "geometry": { "type": "MultiPolygon", "coordinates": [ [ [ [ 110.33415564369129, 1.555969312316786 ], [ 110.334150366634262, 1.555935774996205 ], [ 110.334135049782674, 1.555905520185759 ], [ 110.334111192456945, 1.555881509437133 ], [ 110.334081129978529, 1.555866093089699 ], [ 110.334047805072217, 1.555860780202826 ], [ 110.334014479811827, 1.555866090838744 ], [ 110.333984416305739, 1.555881505155273 ], [ 110.3339605573791, 1.555905514291616 ], [ 110.333945238509713, 1.555935768066274 ], [ 110.333939959215272, 1.555969305029081 ], [ 110.333945236270154, 1.556002842348639 ], [ 110.333960553119738, 1.556033097158574 ], [ 110.333984410444316, 1.556057107907365 ], [ 110.334014472922973, 1.556072524255598 ], [ 110.334047797830749, 1.55607783714359 ], [ 110.334081123093299, 1.55607252650869 ], [ 110.334111186601419, 1.55605711219269 ], [ 110.33413504552918, 1.556033103056168 ], [ 110.334150364398354, 1.556002849280713 ], [ 110.33415564369129, 1.555969312316786 ] ] ] ] } },
{ "type": "Feature", "properties": { "fid_1": 389.0, "Lokasi": "Jalan Muda Hashim", "Pemilik": null, "Tarikh_Dit": null, "Jenis_Poko": "Callistemon citrnus", "Tinggi_Pok": 7.0, "Silara_Pok": 3.0, "Catatan": null, "Ukur_Lilit": 62, "Northing": null, "Easthing": null, "Ln_TAGB_": 7.862, "TAGB": 2596.709, "CO2_Stock": 1298.354 }, "geometry": { "type": "MultiPolygon", "coordinates": [ [ [ [ 110.334156629703244, 1.556010067427916 ], [ 110.33415135264633, 1.555976530107592 ], [ 110.334136035794771, 1.555946275297312 ], [ 110.334112178468928, 1.555922264548754 ], [ 110.33408211599027, 1.555906848201281 ], [ 110.334048791083632, 1.555901535314246 ], [ 110.334015465822858, 1.555906845949923 ], [ 110.33398540231633, 1.555922260266119 ], [ 110.333961543389293, 1.555946269402108 ], [ 110.333946224519536, 1.555976523176416 ], [ 110.333940945224867, 1.55601006013891 ], [ 110.333946222279593, 1.556043597458212 ], [ 110.333961539129149, 1.556073852267982 ], [ 110.333985396453869, 1.556097863016693 ], [ 110.334015458932754, 1.556113279364981 ], [ 110.334048783840856, 1.556118592253137 ], [ 110.33408210910379, 1.556113281618474 ], [ 110.334112172612336, 1.556097867302792 ], [ 110.33413603154051, 1.556073858166615 ], [ 110.334151350410025, 1.556043604391529 ], [ 110.334156629703244, 1.556010067427916 ] ] ] ] } },
{ "type": "Feature", "properties": { "fid_1": 390.0, "Lokasi": "Jalan Muda Hashim", "Pemilik": null, "Tarikh_Dit": null, "Jenis_Poko": "Callistemon citrnus", "Tinggi_Pok": 7.0, "Silara_Pok": 3.0, "Catatan": null, "Ukur_Lilit": 62, "Northing": null, "Easthing": null, "Ln_TAGB_": 7.862, "TAGB": 2596.709, "CO2_Stock": 1298.354 }, "geometry": { "type": "MultiPolygon", "coordinates": [ [ [ [ 110.334159587740103, 1.556169801169962 ], [ 110.3341543106838, 1.556136263850649 ], [ 110.334138993832269, 1.556106009041033 ], [ 110.334115136505986, 1.556081998292714 ], [ 110.334085074026419, 1.556066581945048 ], [ 110.334051749118487, 1.556061269057385 ], [ 110.334018423856151, 1.556066579692077 ], [ 110.333988360348002, 1.556081994007041 ], [ 110.333964501419359, 1.556106003141642 ], [ 110.333949182548253, 1.556136256914545 ], [ 110.333943903252546, 1.556169793875771 ], [ 110.333949180306718, 1.556203331194041 ], [ 110.333964497156202, 1.556233586003146 ], [ 110.333988354481363, 1.556257596751615 ], [ 110.334018416961158, 1.556273013100111 ], [ 110.334051741870553, 1.556278325988883 ], [ 110.334085067135049, 1.556273015355202 ], [ 110.33411513064523, 1.556257601040753 ], [ 110.334138989574996, 1.556233591905986 ], [ 110.334154308445875, 1.556203338132289 ], [ 110.334159587740103, 1.556169801169962 ] ] ] ] } },
{ "type": "Feature", "properties": { "fid_1": 391.0, "Lokasi": "Jalan Muda Hashim", "Pemilik": null, "Tarikh_Dit": null, "Jenis_Poko": "Callistemon citrnus", "Tinggi_Pok": 7.0, "Silara_Pok": 3.0, "Catatan": null, "Ukur_Lilit": 66, "Northing": null, "Easthing": null, "Ln_TAGB_": 7.999, "TAGB": 2977.979, "CO2_Stock": 1488.989 }, "geometry": { "type": "MultiPolygon", "coordinates": [ [ [ [ 110.334157944390512, 1.556226661123475 ], [ 110.334152667334422, 1.556193123804544 ], [ 110.334137350482976, 1.556162868995169 ], [ 110.334113493156536, 1.556138858246954 ], [ 110.334083430676671, 1.55612344189919 ], [ 110.334050105768299, 1.556118129011291 ], [ 110.334016780505436, 1.556123439645603 ], [ 110.333986716996677, 1.556138853960089 ], [ 110.333962858067466, 1.556162863094166 ], [ 110.333947539195862, 1.556193116866553 ], [ 110.333942259899771, 1.556226653827318 ], [ 110.333947536953701, 1.556260191145212 ], [ 110.333962853803129, 1.556290445954069 ], [ 110.333986711128432, 1.556314456702472 ], [ 110.334016773608539, 1.55632987305103 ], [ 110.334050098518389, 1.556335185940049 ], [ 110.334083423783412, 1.556329875306751 ], [ 110.334113487294189, 1.556314460992773 ], [ 110.334137346224509, 1.556290451858536 ], [ 110.334152665095885, 1.556260198085362 ], [ 110.334157944390512, 1.556226661123475 ] ] ] ] } },
{ "type": "Feature", "properties": { "fid_1": 392.0, "Lokasi": "Jalan Muda Hashim", "Pemilik": null, "Tarikh_Dit": null, "Jenis_Poko": "Callistemon citrnus", "Tinggi_Pok": 7.0, "Silara_Pok": 3.0, "Catatan": null, "Ukur_Lilit": 71, "Northing": null, "Easthing": null, "Ln_TAGB_": 8.16, "TAGB": 3498.187, "CO2_Stock": 1749.093 }, "geometry": { "type": "MultiPolygon", "coordinates": [ [ [ [ 110.334249850488916, 1.557564222527407 ], [ 110.334244573436948, 1.557530685216756 ], [ 110.334229256585331, 1.557500430412897 ], [ 110.334205399254486, 1.557476419666924 ], [ 110.334175336766364, 1.557461003317895 ], [ 110.334142011846708, 1.557455690425359 ], [ 110.33410868657063, 1.557461001052103 ], [ 110.334078623048057, 1.557476415356832 ], [ 110.33405476410573, 1.557500424479918 ], [ 110.334039445223013, 1.557530678241153 ], [ 110.334034165918922, 1.557564215191698 ], [ 110.334039442968731, 1.55759775250133 ], [ 110.334054759818315, 1.557628007304669 ], [ 110.334078617148023, 1.557652018050818 ], [ 110.334108679636373, 1.557667434400642 ], [ 110.334142004557506, 1.557672747294299 ], [ 110.33417532983573, 1.557667436668567 ], [ 110.334205393360349, 1.557652022364374 ], [ 110.334229252303786, 1.557628013241107 ], [ 110.334244571186289, 1.557597759479064 ], [ 110.334249850488916, 1.557564222527407 ] ] ] ] } },
{ "type": "Feature", "properties": { "fid_1": 393.0, "Lokasi": "Jalan Muda Hashim", "Pemilik": null, "Tarikh_Dit": null, "Jenis_Poko": "Callistemon citrnus", "Tinggi_Pok": 6.0, "Silara_Pok": 4.0, "Catatan": null, "Ukur_Lilit": 50, "Northing": null, "Easthing": null, "Ln_TAGB_": 7.39, "TAGB": 1619.706, "CO2_Stock": 809.853 }, "geometry": { "type": "MultiPolygon", "coordinates": [ [ [ [ 110.334292529878155, 1.5586760388328 ], [ 110.334287252829981, 1.558642501529152 ], [ 110.334271935978578, 1.558612246729929 ], [ 110.334248078644407, 1.558588235985713 ], [ 110.334218016149705, 1.558572819635443 ], [ 110.334184691220898, 1.55856750673877 ], [ 110.334151365933963, 1.558572817358897 ], [ 110.334121302399893, 1.558588231655157 ], [ 110.334097443446581, 1.558612240768753 ], [ 110.334082124554442, 1.558642494520407 ], [ 110.334076845243402, 1.558676031462226 ], [ 110.334082122289445, 1.55870956876485 ], [ 110.334097439138787, 1.558739823563561 ], [ 110.334121296471849, 1.558763834307931 ], [ 110.334151358966764, 1.558779250658997 ], [ 110.33418468389705, 1.558784563556807 ], [ 110.334218009186145, 1.558779252937702 ], [ 110.334248072722247, 1.55876383864197 ], [ 110.334271931676682, 1.558739829528199 ], [ 110.334287250568607, 1.55870957577574 ], [ 110.334292529878155, 1.5586760388328 ] ] ] ] } },
{ "type": "Feature", "properties": { "fid_1": 394.0, "Lokasi": "Jalan Muda Hashim", "Pemilik": null, "Tarikh_Dit": null, "Jenis_Poko": "Callistemon citrnus", "Tinggi_Pok": 7.0, "Silara_Pok": 3.0, "Catatan": null, "Ukur_Lilit": 71, "Northing": null, "Easthing": null, "Ln_TAGB_": 8.16, "TAGB": 3498.187, "CO2_Stock": 1749.093 }, "geometry": { "type": "MultiPolygon", "coordinates": [ [ [ [ 110.33428924317495, 1.558651059893758 ], [ 110.334283966126691, 1.558617522589989 ], [ 110.33426864927533, 1.558587267790636 ], [ 110.334244791941245, 1.558563257046396 ], [ 110.334214729446714, 1.558547840696147 ], [ 110.33418140451812, 1.558542527799539 ], [ 110.334148079231426, 1.558547838419791 ], [ 110.334118015697626, 1.558563252716221 ], [ 110.334094156744555, 1.558587261830002 ], [ 110.334078837852601, 1.558617515581868 ], [ 110.334073558541732, 1.558651052523856 ], [ 110.334078835587803, 1.558684589826625 ], [ 110.33409415243716, 1.55871484462544 ], [ 110.334118009770123, 1.558738855369852 ], [ 110.334148072264853, 1.558754271720904 ], [ 110.334181397194939, 1.55875958461863 ], [ 110.334214722483779, 1.558754273999413 ], [ 110.33424478601961, 1.558738859703524 ], [ 110.33426864497379, 1.558714850589551 ], [ 110.334283963865531, 1.558684596836892 ], [ 110.33428924317495, 1.558651059893758 ] ] ] ] } },
{ "type": "Feature", "properties": { "fid_1": 395.0, "Lokasi": "Jalan Muda Hashim", "Pemilik": null, "Tarikh_Dit": null, "Jenis_Poko": "Callistemon citrnus", "Tinggi_Pok": 7.0, "Silara_Pok": 3.0, "Catatan": null, "Ukur_Lilit": 66, "Northing": null, "Easthing": null, "Ln_TAGB_": 7.999, "TAGB": 2977.979, "CO2_Stock": 1488.989 }, "geometry": { "type": "MultiPolygon", "coordinates": [ [ [ [ 110.334285956471362, 1.558614577495963 ], [ 110.334280679423003, 1.558581040191962 ], [ 110.334265362571642, 1.558550785392469 ], [ 110.334241505237699, 1.55852677464816 ], [ 110.334211442743396, 1.558511358297928 ], [ 110.3341781178151, 1.558506045401454 ], [ 110.334144792528789, 1.558511356021902 ], [ 110.334114728995374, 1.558526770318568 ], [ 110.334090870042644, 1.55855077943266 ], [ 110.334075551151003, 1.558581033184802 ], [ 110.334070271840304, 1.558614570127095 ], [ 110.334075548886517, 1.55864810743008 ], [ 110.334090865735845, 1.558678362229035 ], [ 110.33411472306868, 1.558702372973536 ], [ 110.334144785563183, 1.558717789324548 ], [ 110.334178110492957, 1.558723102222156 ], [ 110.334211435781427, 1.55871779160274 ], [ 110.334241499316889, 1.55870237730658 ], [ 110.334265358270727, 1.558678368192313 ], [ 110.334280677162155, 1.558648114439374 ], [ 110.334285956471362, 1.558614577495963 ] ] ] ] } },
{ "type": "Feature", "properties": { "fid_1": 396.0, "Lokasi": "Jalan Muda Hashim", "Pemilik": null, "Tarikh_Dit": null, "Jenis_Poko": "Callistemon citrnus", "Tinggi_Pok": 7.0, "Silara_Pok": 3.0, "Catatan": null, "Ukur_Lilit": 62, "Northing": null, "Easthing": null, "Ln_TAGB_": 7.862, "TAGB": 2596.709, "CO2_Stock": 1298.354 }, "geometry": { "type": "MultiPolygon", "coordinates": [ [ [ [ 110.334275703434841, 1.558372411275971 ], [ 110.334270426385672, 1.558338873970452 ], [ 110.334255109534269, 1.558308619169963 ], [ 110.334231252201079, 1.558284608425242 ], [ 110.334201189708224, 1.558269192075286 ], [ 110.334167864781918, 1.558263879179711 ], [ 110.334134539497967, 1.558269189801596 ], [ 110.334104475967052, 1.558284604100104 ], [ 110.334080617016724, 1.558308613216245 ], [ 110.334065298127143, 1.558338866970465 ], [ 110.334060018817951, 1.558372403914644 ], [ 110.33406529586496, 1.55840594121915 ], [ 110.334080612714345, 1.558436196019124 ], [ 110.334104470046412, 1.558460206763992 ], [ 110.334134532539494, 1.558475623114765 ], [ 110.334167857467264, 1.55848093601147 ], [ 110.334201182753361, 1.558475625390608 ], [ 110.334231246286322, 1.558460211092618 ], [ 110.334255105237773, 1.558436201976304 ], [ 110.334270424127141, 1.558405948221267 ], [ 110.334275703434841, 1.558372411275971 ] ] ] ] } },
{ "type": "Feature", "properties": { "fid_1": 397.0, "Lokasi": "Jalan Muda Hashim", "Pemilik": null, "Tarikh_Dit": null, "Jenis_Poko": "Callistemon citrnus", "Tinggi_Pok": 7.0, "Silara_Pok": 3.0, "Catatan": null, "Ukur_Lilit": 62, "Northing": null, "Easthing": null, "Ln_TAGB_": 7.862, "TAGB": 2596.709, "CO2_Stock": 1298.354 }, "geometry": { "type": "MultiPolygon", "coordinates": [ [ [ [ 110.334274388752604, 1.558329026802841 ], [ 110.334269111703293, 1.558295489497028 ], [ 110.334253794851875, 1.55826523469637 ], [ 110.334229937518785, 1.558241223951589 ], [ 110.334199875026201, 1.55822580760168 ], [ 110.33416655010025, 1.558220494706272 ], [ 110.334133224816739, 1.558225805328412 ], [ 110.334103161286251, 1.558241219627247 ], [ 110.334079302336363, 1.558265228743768 ], [ 110.334063983447123, 1.558295482498375 ], [ 110.334058704138243, 1.558329019442887 ], [ 110.33406398118538, 1.558362556747673 ], [ 110.334079298034766, 1.558392811547841 ], [ 110.334103155366719, 1.558416822292781 ], [ 110.334133217859559, 1.558432238643481 ], [ 110.33416654278696, 1.558437551540023 ], [ 110.334199868072645, 1.558432240918902 ], [ 110.334229931605151, 1.558416826620572 ], [ 110.334253790556176, 1.55839281750389 ], [ 110.334269109445174, 1.558362563748479 ], [ 110.334274388752604, 1.558329026802841 ] ] ] ] } },
{ "type": "Feature", "properties": { "fid_1": 398.0, "Lokasi": "Jalan Muda Hashim", "Pemilik": null, "Tarikh_Dit": null, "Jenis_Poko": "Callistemon citrnus", "Tinggi_Pok": 7.0, "Silara_Pok": 3.0, "Catatan": null, "Ukur_Lilit": 105, "Northing": null, "Easthing": null, "Ln_TAGB_": 9.019, "TAGB": 8258.514, "CO2_Stock": 4129.257 }, "geometry": { "type": "MultiPolygon", "coordinates": [ [ [ [ 110.33427241672986, 1.558286957010716 ], [ 110.334267139680406, 1.558253419704656 ], [ 110.334251822829003, 1.558223164903798 ], [ 110.334227965496041, 1.558199154158953 ], [ 110.334197903003684, 1.558183737809092 ], [ 110.334164578078116, 1.558178424913822 ], [ 110.33413125279499, 1.558183735536221 ], [ 110.334101189264956, 1.558199149835376 ], [ 110.334077330315466, 1.558223158952249 ], [ 110.334062011426596, 1.558253412707212 ], [ 110.334056732117958, 1.558286949652075 ], [ 110.334062009165237, 1.558320486957109 ], [ 110.334077326014651, 1.558350741757439 ], [ 110.334101183346476, 1.558374752502448 ], [ 110.334131245839046, 1.558390168853106 ], [ 110.334164570766106, 1.558395481749488 ], [ 110.334197896051379, 1.55839017112814 ], [ 110.334227959583458, 1.558374756829494 ], [ 110.334251818534042, 1.558350747712445 ], [ 110.3342671374227, 1.558320493956674 ], [ 110.33427241672986, 1.558286957010716 ] ] ] ] } },
{ "type": "Feature", "properties": { "fid_1": 399.0, "Lokasi": "Jalan Patingan", "Pemilik": null, "Tarikh_Dit": null, "Jenis_Poko": "Arfeuillea arboresce", "Tinggi_Pok": 8.0, "Silara_Pok": 5.0, "Catatan": null, "Ukur_Lilit": 48, "Northing": null, "Easthing": null, "Ln_TAGB_": 7.3, "TAGB": 1480.3, "CO2_Stock": 740.15 }, "geometry": { "type": "MultiPolygon", "coordinates": [ [ [ [ 110.330034480885999, 1.567424635071692 ], [ 110.330029203912218, 1.567391097841188 ], [ 110.330013887110567, 1.567360843081427 ], [ 110.329990029796619, 1.56733683233919 ], [ 110.32995996729062, 1.567321415953186 ], [ 110.329926642320103, 1.567316102986581 ], [ 110.329893316965155, 1.567321413509385 ], [ 110.329863253343376, 1.567336827690503 ], [ 110.329839394291284, 1.567360836682382 ], [ 110.329824075298959, 1.567391090317665 ], [ 110.329818795896131, 1.567424627159854 ], [ 110.329824072867737, 1.56745816438932 ], [ 110.329839389667356, 1.567488419148528 ], [ 110.329863246980167, 1.567512429890938 ], [ 110.32989330948638, 1.567527846277744 ], [ 110.32992663445836, 1.567533159245503 ], [ 110.329959959815483, 1.567527848723721 ], [ 110.329990023439294, 1.567512434543146 ], [ 110.330013882492523, 1.567488425551101 ], [ 110.330029201484649, 1.567458171915012 ], [ 110.330034480885999, 1.567424635071692 ] ] ] ] } },
{ "type": "Feature", "properties": { "fid_1": 400.0, "Lokasi": "Jalan Patingan", "Pemilik": null, "Tarikh_Dit": null, "Jenis_Poko": "Arfeuillea arboresce", "Tinggi_Pok": 9.0, "Silara_Pok": 5.0, "Catatan": null, "Ukur_Lilit": 52, "Northing": null, "Easthing": null, "Ln_TAGB_": 7.476, "TAGB": 1765.166, "CO2_Stock": 882.583 }, "geometry": { "type": "MultiPolygon", "coordinates": [ [ [ [ 110.33003316620659, 1.567478536992975 ], [ 110.330027889233023, 1.567444999762833 ], [ 110.330012572431443, 1.5674147450033 ], [ 110.329988715117352, 1.567390734261152 ], [ 110.329958652611069, 1.567375317875051 ], [ 110.329925327640126, 1.567370004908226 ], [ 110.329892002284637, 1.567375315430652 ], [ 110.329861938662333, 1.567390729611312 ], [ 110.329838079609701, 1.567414738602714 ], [ 110.329822760616892, 1.567444992237499 ], [ 110.329817481213695, 1.567478529079222 ], [ 110.329822758185074, 1.567512066308345 ], [ 110.329838074984636, 1.567542321067337 ], [ 110.32986193229759, 1.567566331809657 ], [ 110.3298919948041, 1.567581748196545 ], [ 110.329925319776493, 1.56758706116453 ], [ 110.329958645134141, 1.567581750643113 ], [ 110.329988708758506, 1.567566336462984 ], [ 110.330012567812261, 1.567542327471442 ], [ 110.330027886804871, 1.567512073835835 ], [ 110.33003316620659, 1.567478536992975 ] ] ] ] } },
{ "type": "Feature", "properties": { "fid_1": 401.0, "Lokasi": "Jalan Tanjung", "Pemilik": null, "Tarikh_Dit": null, "Jenis_Poko": "Arfeuillea arboresce", "Tinggi_Pok": 7.0, "Silara_Pok": 4.0, "Catatan": null, "Ukur_Lilit": 51, "Northing": null, "Easthing": null, "Ln_TAGB_": 7.433, "TAGB": 1690.873, "CO2_Stock": 845.437 }, "geometry": { "type": "MultiPolygon", "coordinates": [ [ [ [ 110.329962244442598, 1.567685961253984 ], [ 110.329956967470522, 1.567652424025456 ], [ 110.329941650669795, 1.56762216926686 ], [ 110.329917793355889, 1.567598158524826 ], [ 110.32988773084908, 1.567582742138057 ], [ 110.329854405876944, 1.567577429169783 ], [ 110.329821080519736, 1.567582739690226 ], [ 110.329791016895342, 1.567598153868456 ], [ 110.329767157840436, 1.567622162857247 ], [ 110.329751838845411, 1.567652416489522 ], [ 110.329746559440267, 1.567685953329093 ], [ 110.329751836410182, 1.567719490556567 ], [ 110.329767153208863, 1.567749745314641 ], [ 110.329791010521646, 1.567773756056823 ], [ 110.329821073028654, 1.567789172444408 ], [ 110.329854398002254, 1.567794485413808 ], [ 110.329887723361622, 1.567789174894402 ], [ 110.329917786988077, 1.567773760716729 ], [ 110.329941646044105, 1.567749751727763 ], [ 110.329956965038932, 1.567719498094679 ], [ 110.329962244442598, 1.567685961253984 ] ] ] ] } },
{ "type": "Feature", "properties": { "fid_1": 402.0, "Lokasi": "Jalan Tanjung", "Pemilik": null, "Tarikh_Dit": null, "Jenis_Poko": "Arfeuillea arboresce", "Tinggi_Pok": 7.0, "Silara_Pok": 3.0, "Catatan": null, "Ukur_Lilit": 48, "Northing": null, "Easthing": null, "Ln_TAGB_": 7.3, "TAGB": 1480.3, "CO2_Stock": 740.15 }, "geometry": { "type": "MultiPolygon", "coordinates": [ [ [ [ 110.330026663811509, 1.567682017209141 ], [ 110.330021386838794, 1.567648479980351 ], [ 110.330006070037399, 1.567618225221694 ], [ 110.329982212722854, 1.567594214479831 ], [ 110.329952150215476, 1.567578798093433 ], [ 110.32991882524297, 1.567573485125696 ], [ 110.329885499885549, 1.567578795646791 ], [ 110.329855436261141, 1.567594209825724 ], [ 110.329831577206448, 1.567618218815212 ], [ 110.329816258211821, 1.567648472448088 ], [ 110.329810978807231, 1.567682009288131 ], [ 110.329816255777772, 1.567715546515892 ], [ 110.329831572577135, 1.567745801274005 ], [ 110.329855429890529, 1.567769812016039 ], [ 110.329885492398105, 1.56778522840324 ], [ 110.329918817372103, 1.567790541372101 ], [ 110.329952142731671, 1.56778523085206 ], [ 110.329982206358139, 1.567769816673656 ], [ 110.330006065413968, 1.567745807684003 ], [ 110.330021384408397, 1.567715554050312 ], [ 110.330026663811509, 1.567682017209141 ] ] ] ] } },
{ "type": "Feature", "properties": { "fid_1": 403.0, "Lokasi": "Jalan Tanjung", "Pemilik": null, "Tarikh_Dit": null, "Jenis_Poko": "Arfeuillea arboresce", "Tinggi_Pok": 7.0, "Silara_Pok": 4.0, "Catatan": null, "Ukur_Lilit": 47, "Northing": null, "Easthing": null, "Ln_TAGB_": 7.254, "TAGB": 1413.749, "CO2_Stock": 706.875 }, "geometry": { "type": "MultiPolygon", "coordinates": [ [ [ [ 110.330068733603639, 1.567685961250963 ], [ 110.330063456630526, 1.56765242402203 ], [ 110.330048139828691, 1.56762216926336 ], [ 110.330024282513719, 1.567598158521617 ], [ 110.329994220005958, 1.567582742135448 ], [ 110.329960895033111, 1.567577429168035 ], [ 110.329927569675505, 1.567582739689513 ], [ 110.32989750605104, 1.567598153868847 ], [ 110.329873646996418, 1.56762216285872 ], [ 110.329858328001976, 1.567652416491948 ], [ 110.329853048597698, 1.567685953332238 ], [ 110.329858325568637, 1.567719490560121 ], [ 110.32987364236844, 1.567749745318246 ], [ 110.329897499682289, 1.567773756060183 ], [ 110.329927562190221, 1.567789172447144 ], [ 110.329960887164546, 1.567794485415681 ], [ 110.329994212524326, 1.567789174895245 ], [ 110.330024276150866, 1.567773760716433 ], [ 110.330048135206624, 1.567749751726398 ], [ 110.330063454200825, 1.567719498092364 ], [ 110.330068733603639, 1.567685961250963 ] ] ] ] } },
{ "type": "Feature", "properties": { "fid_1": 404.0, "Lokasi": "JaLAN tANJUNG", "Pemilik": null, "Tarikh_Dit": null, "Jenis_Poko": "Arfeuillea arboresce", "Tinggi_Pok": 7.0, "Silara_Pok": 4.0, "Catatan": null, "Ukur_Lilit": 52, "Northing": null, "Easthing": null, "Ln_TAGB_": 7.476, "TAGB": 1765.166, "CO2_Stock": 882.583 }, "geometry": { "type": "MultiPolygon", "coordinates": [ [ [ [ 110.330156817230531, 1.567680702524453 ], [ 110.330151540256551, 1.567647165295149 ], [ 110.330136223453792, 1.567616910536401 ], [ 110.330112366137939, 1.567592899794872 ], [ 110.330082303629439, 1.567577483409221 ], [ 110.330048978656052, 1.567572170442534 ], [ 110.330015653298162, 1.567577480964908 ], [ 110.329985589673683, 1.56759289514521 ], [ 110.329961730619317, 1.56761690413603 ], [ 110.329946411625443, 1.567647157770095 ], [ 110.32994113222189, 1.567680694610997 ], [ 110.32994640919371, 1.567714231839266 ], [ 110.329961725994437, 1.567744486597483 ], [ 110.329985583309167, 1.567768497339171 ], [ 110.330015645817866, 1.567783913725633 ], [ 110.330048970792703, 1.567789226693445 ], [ 110.330082296152781, 1.567783916172113 ], [ 110.330112359779307, 1.567768501992342 ], [ 110.330136218834781, 1.567744493001354 ], [ 110.330151537828456, 1.567714239366496 ], [ 110.330156817230531, 1.567680702524453 ] ] ] ] } },
{ "type": "Feature", "properties": { "fid_1": 405.0, "Lokasi": "Jalan Tanjung", "Pemilik": null, "Tarikh_Dit": null, "Jenis_Poko": "Arfeuillea arboresce", "Tinggi_Pok": 6.0, "Silara_Pok": 4.0, "Catatan": null, "Ukur_Lilit": 47, "Northing": null, "Easthing": null, "Ln_TAGB_": 7.254, "TAGB": 1413.749, "CO2_Stock": 706.875 }, "geometry": { "type": "MultiPolygon", "coordinates": [ [ [ [ 110.330240956814677, 1.567684646565101 ], [ 110.330235679839888, 1.56765110933549 ], [ 110.330220363036275, 1.567620854576703 ], [ 110.330196505719542, 1.567596843835398 ], [ 110.330166443210288, 1.567581427450211 ], [ 110.330133118236319, 1.567576114484199 ], [ 110.330099792878045, 1.567581425007346 ], [ 110.330069729253466, 1.56759683918852 ], [ 110.330045870199299, 1.567620848180158 ], [ 110.330030551205851, 1.567651101814928 ], [ 110.330025271802953, 1.567684638656369 ], [ 110.330030548775582, 1.567718175884928 ], [ 110.330045865577162, 1.567748430643194 ], [ 110.330069722892759, 1.567772441384649 ], [ 110.33009978540224, 1.567787857770645 ], [ 110.330133110377673, 1.567793170737797 ], [ 110.330166435738107, 1.567787860215669 ], [ 110.330196499364718, 1.56777244603504 ], [ 110.330220358420007, 1.56774843704324 ], [ 110.330235677413256, 1.56771818340767 ], [ 110.330240956814677, 1.567684646565101 ] ] ] ] } },
{ "type": "Feature", "properties": { "fid_1": 406.0, "Lokasi": "Jalan Tanjung", "Pemilik": null, "Tarikh_Dit": null, "Jenis_Poko": "Arfeuillea arboresce", "Tinggi_Pok": 6.0, "Silara_Pok": 5.0, "Catatan": null, "Ukur_Lilit": 47, "Northing": null, "Easthing": null, "Ln_TAGB_": 7.254, "TAGB": 1413.749, "CO2_Stock": 706.875 }, "geometry": { "type": "MultiPolygon", "coordinates": [ [ [ [ 110.33032641107954, 1.567678073157648 ], [ 110.330321134103897, 1.567644535927657 ], [ 110.330305817299376, 1.567614281168791 ], [ 110.330281959981818, 1.567590270427711 ], [ 110.33025189747184, 1.567574854042997 ], [ 110.330218572497344, 1.567569541077705 ], [ 110.330185247138814, 1.567574851601747 ], [ 110.33015518351425, 1.567590265783845 ], [ 110.330131324460368, 1.567614274776425 ], [ 110.33011600546746, 1.567644528412019 ], [ 110.3301107260653, 1.567678065254077 ], [ 110.330116003038768, 1.567711602483013 ], [ 110.330131319841257, 1.567741857241344 ], [ 110.330155177157692, 1.567765867982609 ], [ 110.330185239667884, 1.567781284368119 ], [ 110.330218564643843, 1.567786597334539 ], [ 110.330251890004519, 1.567781286811541 ], [ 110.330281953631143, 1.567765872629952 ], [ 110.330305812686149, 1.56774186363722 ], [ 110.330321131678858, 1.56771161000084 ], [ 110.33032641107954, 1.567678073157648 ] ] ] ] } },
{ "type": "Feature", "properties": { "fid_1": 407.0, "Lokasi": "Jalan Tanjung", "Pemilik": null, "Tarikh_Dit": null, "Jenis_Poko": "Arfeuillea arboresce", "Tinggi_Pok": 6.0, "Silara_Pok": 4.0, "Catatan": null, "Ukur_Lilit": 45, "Northing": null, "Easthing": null, "Ln_TAGB_": 7.158, "TAGB": 1284.34, "CO2_Stock": 642.17 }, "geometry": { "type": "MultiPolygon", "coordinates": [ [ [ [ 110.330377683638417, 1.567672814432181 ], [ 110.330372406662264, 1.56763927720195 ], [ 110.330357089857202, 1.567609022443043 ], [ 110.330333232539132, 1.567585011702071 ], [ 110.330303170028728, 1.567569595317658 ], [ 110.330269845053948, 1.567564282352815 ], [ 110.330236519695262, 1.567569592877376 ], [ 110.330206456070727, 1.567585007060069 ], [ 110.330182597017043, 1.567609016053219 ], [ 110.330167278024447, 1.567639269689295 ], [ 110.330161998622742, 1.567672806531737 ], [ 110.330167275596722, 1.567706343760923 ], [ 110.330182592399751, 1.567736598519316 ], [ 110.330206449716684, 1.56776060926045 ], [ 110.330236512227302, 1.567776025645663 ], [ 110.330269837203559, 1.567781338611646 ], [ 110.330303162564391, 1.5677760280881 ], [ 110.330333226190987, 1.567760613905952 ], [ 110.330357085245822, 1.567736604912653 ], [ 110.33037240423819, 1.567706351275755 ], [ 110.330377683638417, 1.567672814432181 ] ] ] ] } },
{ "type": "Feature", "properties": { "fid_1": 408.0, "Lokasi": "Jalan Tanjung", "Pemilik": null, "Tarikh_Dit": null, "Jenis_Poko": "Arfeuillea arboresce", "Tinggi_Pok": 6.0, "Silara_Pok": 4.0, "Catatan": null, "Ukur_Lilit": 50, "Northing": null, "Easthing": null, "Ln_TAGB_": 7.39, "TAGB": 1619.706, "CO2_Stock": 809.853 }, "geometry": { "type": "MultiPolygon", "coordinates": [ [ [ [ 110.330423697473151, 1.567663611663829 ], [ 110.330418420496514, 1.567630074433383 ], [ 110.330403103690983, 1.56759981967438 ], [ 110.330379246372459, 1.567575808933531 ], [ 110.330349183861713, 1.567560392549391 ], [ 110.330315858886692, 1.567555079584947 ], [ 110.330282533527935, 1.567560390110034 ], [ 110.330252469903442, 1.567575804293279 ], [ 110.330228610849971, 1.567599813286956 ], [ 110.330213291857717, 1.567630066923543 ], [ 110.330208012456438, 1.567663603766382 ], [ 110.330213289430915, 1.56769714099579 ], [ 110.330228606234414, 1.567727395754249 ], [ 110.330252463551787, 1.567751406495273 ], [ 110.330282526062746, 1.567766822880222 ], [ 110.330315851039259, 1.567772135845794 ], [ 110.330349176400176, 1.567766825321751 ], [ 110.330379240026701, 1.567751411139021 ], [ 110.330403099081309, 1.567727402145173 ], [ 110.33041841807335, 1.567697148507805 ], [ 110.330423697473151, 1.567663611663829 ] ] ] ] } },
{ "type": "Feature", "properties": { "fid_1": 409.0, "Lokasi": "Jalan Tanjung", "Pemilik": null, "Tarikh_Dit": null, "Jenis_Poko": "Arfeuillea arboresce", "Tinggi_Pok": 7.0, "Silara_Pok": 4.0, "Catatan": null, "Ukur_Lilit": 47, "Northing": null, "Easthing": null, "Ln_TAGB_": 7.254, "TAGB": 1413.749, "CO2_Stock": 706.875 }, "geometry": { "type": "MultiPolygon", "coordinates": [ [ [ [ 110.330477599393731, 1.567647835490242 ], [ 110.330472322416512, 1.567614298259503 ], [ 110.330457005610398, 1.567584043500394 ], [ 110.330433148291391, 1.567560032759654 ], [ 110.330403085780247, 1.567544616375835 ], [ 110.330369760804984, 1.567539303411903 ], [ 110.330336435446185, 1.567544613937606 ], [ 110.330306371821806, 1.567560028121544 ], [ 110.330282512768633, 1.567584037115926 ], [ 110.330267193776834, 1.567614290753123 ], [ 110.330261914376095, 1.567647827596449 ], [ 110.330267191351155, 1.567681364826169 ], [ 110.330282508155221, 1.567711619584738 ], [ 110.330306365473092, 1.567735630325649 ], [ 110.330336427984449, 1.567751046710254 ], [ 110.33036975296119, 1.567756359675341 ], [ 110.330403078322163, 1.567751049150662 ], [ 110.330433141948546, 1.567735634967257 ], [ 110.33045700100287, 1.567711625972713 ], [ 110.330472319994485, 1.567681372334706 ], [ 110.330477599393731, 1.567647835490242 ] ] ] ] } },
{ "type": "Feature", "properties": { "fid_1": 410.0, "Lokasi": "Jalan Tanjung", "Pemilik": null, "Tarikh_Dit": null, "Jenis_Poko": "Arfeuillea arboresce", "Tinggi_Pok": 8.0, "Silara_Pok": 5.0, "Catatan": null, "Ukur_Lilit": 50, "Northing": null, "Easthing": null, "Ln_TAGB_": 7.39, "TAGB": 1619.706, "CO2_Stock": 809.853 }, "geometry": { "type": "MultiPolygon", "coordinates": [ [ [ [ 110.330164939848714, 1.567598282297703 ], [ 110.330159662874337, 1.567564745067824 ], [ 110.330144346071435, 1.567534490308739 ], [ 110.330120488755725, 1.567510479567096 ], [ 110.330090426247608, 1.567495063181592 ], [ 110.330057101274818, 1.567489750215328 ], [ 110.330023775917681, 1.567495060738285 ], [ 110.329993712294055, 1.567510474919352 ], [ 110.329969853240556, 1.567534483911007 ], [ 110.329954534247449, 1.567564737545882 ], [ 110.329949254844507, 1.567598274387506 ], [ 110.329954531816711, 1.567631811616357 ], [ 110.329969848617566, 1.567662066374922 ], [ 110.329993705932154, 1.567686077116715 ], [ 110.330023768440483, 1.567701493503032 ], [ 110.330057093414709, 1.567706806470424 ], [ 110.330090418774034, 1.567701495948494 ], [ 110.330120482399721, 1.567686081767959 ], [ 110.330144341454343, 1.567662072776151 ], [ 110.330159660447237, 1.567631819140467 ], [ 110.330164939848714, 1.567598282297703 ] ] ] ] } },
{ "type": "Feature", "properties": { "fid_1": 411.0, "Lokasi": "Jalan Tanjung", "Pemilik": null, "Tarikh_Dit": null, "Jenis_Poko": "Arfeuillea arboresce", "Tinggi_Pok": 9.0, "Silara_Pok": 6.0, "Catatan": null, "Ukur_Lilit": 50, "Northing": null, "Easthing": null, "Ln_TAGB_": 7.39, "TAGB": 1619.706, "CO2_Stock": 809.853 }, "geometry": { "type": "MultiPolygon", "coordinates": [ [ [ [ 110.330221471131722, 1.567596967615099 ], [ 110.33021619415679, 1.567563430384998 ], [ 110.330200877353292, 1.567533175625864 ], [ 110.330177020036999, 1.567509164884362 ], [ 110.330146957528413, 1.567493748499175 ], [ 110.330113632555268, 1.567488435533372 ], [ 110.330080307197932, 1.567493746056905 ], [ 110.330050243574263, 1.567509160238565 ], [ 110.33002638452092, 1.567533169230799 ], [ 110.33001106552814, 1.567563422866185 ], [ 110.330005786125668, 1.567596959708203 ], [ 110.330011063098439, 1.567630496937288 ], [ 110.330026379899877, 1.5676607516959 ], [ 110.330050237215048, 1.567684762437543 ], [ 110.330080299723846, 1.567700178823526 ], [ 110.330113624698456, 1.567705491790466 ], [ 110.33014695005798, 1.567700181267974 ], [ 110.330177013683667, 1.567684767086845 ], [ 110.330200872738132, 1.567660758094442 ], [ 110.330216191730727, 1.567630504458259 ], [ 110.330221471131722, 1.567596967615099 ] ] ] ] } },
{ "type": "Feature", "properties": { "fid_1": 412.0, "Lokasi": "Jalan Tanjung", "Pemilik": null, "Tarikh_Dit": null, "Jenis_Poko": "Arfeuillea arboresce", "Tinggi_Pok": 10.0, "Silara_Pok": 6.0, "Catatan": null, "Ukur_Lilit": 54, "Northing": null, "Easthing": null, "Ln_TAGB_": 7.559, "TAGB": 1917.927, "CO2_Stock": 958.963 }, "geometry": { "type": "MultiPolygon", "coordinates": [ [ [ [ 110.330300351991553, 1.567590394207856 ], [ 110.330295075015826, 1.567556856977409 ], [ 110.330279758211532, 1.567526602218178 ], [ 110.330255900894471, 1.567502591476885 ], [ 110.330225838385203, 1.567487175092162 ], [ 110.330192513411575, 1.567481862127019 ], [ 110.330159188053997, 1.567487172651366 ], [ 110.330129124430343, 1.567502586833908 ], [ 110.330105265377298, 1.567526595827004 ], [ 110.330089946384987, 1.567556849463155 ], [ 110.330084666983211, 1.567590386305759 ], [ 110.33008994395675, 1.567623923535186 ], [ 110.330105260759026, 1.567654178293854 ], [ 110.330129118074964, 1.56767818903532 ], [ 110.330159180584445, 1.567693605420852 ], [ 110.330192505559523, 1.567698918387135 ], [ 110.330225830919275, 1.567693607863823 ], [ 110.330255894544962, 1.567678193681809 ], [ 110.330279753599171, 1.567654184688538 ], [ 110.330295072591241, 1.567623931051601 ], [ 110.330300351991553, 1.567590394207856 ] ] ] ] } },
{ "type": "Feature", "properties": { "fid_1": 413.0, "Lokasi": "Jalan Tanjung", "Pemilik": null, "Tarikh_Dit": null, "Jenis_Poko": "Arfeuillea arboresce", "Tinggi_Pok": 8.0, "Silara_Pok": 5.0, "Catatan": null, "Ukur_Lilit": 50, "Northing": null, "Easthing": null, "Ln_TAGB_": 7.39, "TAGB": 1619.706, "CO2_Stock": 809.853 }, "geometry": { "type": "MultiPolygon", "coordinates": [ [ [ [ 110.330475536161373, 1.5675462673181 ], [ 110.33047025918377, 1.567512730086702 ], [ 110.330454942377614, 1.567482475327166 ], [ 110.330431085058876, 1.567458464586268 ], [ 110.33040102254833, 1.567443048202576 ], [ 110.330367697573891, 1.567437735239045 ], [ 110.330334372216072, 1.567443045765372 ], [ 110.330304308592773, 1.56745845995012 ], [ 110.330280449540595, 1.567482468945386 ], [ 110.330265130549677, 1.567512722583491 ], [ 110.330259851149592, 1.567546259427624 ], [ 110.330265128125006, 1.567579796658012 ], [ 110.33028044492913, 1.567610051416998 ], [ 110.330304302246731, 1.567634062158064 ], [ 110.330334364757505, 1.567649478542557 ], [ 110.330367689733407, 1.567654791507238 ], [ 110.3304010150934, 1.567649480981929 ], [ 110.330431078718732, 1.567634066797725 ], [ 110.330454937772032, 1.567610057802283 ], [ 110.330470256762737, 1.567579804163386 ], [ 110.330475536161373, 1.5675462673181 ] ] ] ] } },
{ "type": "Feature", "properties": { "fid_1": 414.0, "Lokasi": "Jalan Tanjung", "Pemilik": null, "Tarikh_Dit": null, "Jenis_Poko": "Arfeuillea arboresce", "Tinggi_Pok": 7.0, "Silara_Pok": 4.0, "Catatan": null, "Ukur_Lilit": 51, "Northing": null, "Easthing": null, "Ln_TAGB_": 7.433, "TAGB": 1690.873, "CO2_Stock": 845.437 }, "geometry": { "type": "MultiPolygon", "coordinates": [ [ [ [ 110.330546528934946, 1.567530491144014 ], [ 110.330541251956603, 1.567496953912219 ], [ 110.330525935149694, 1.567466699152571 ], [ 110.330502077830289, 1.56744268841184 ], [ 110.330472015319188, 1.567427272028569 ], [ 110.330438690344408, 1.567421959065671 ], [ 110.330405364986461, 1.567427269592803 ], [ 110.330375301363276, 1.567442683778412 ], [ 110.330351442311454, 1.56746669277456 ], [ 110.330336123321061, 1.567496946413431 ], [ 110.330330843921658, 1.567530483258176 ], [ 110.330336120897826, 1.567564020488943 ], [ 110.330351437702689, 1.567594275248045 ], [ 110.330375295020957, 1.567618285988945 ], [ 110.330405357532271, 1.56763370237301 ], [ 110.330438682508515, 1.567639015337042 ], [ 110.330472007868636, 1.567633704810945 ], [ 110.330502071493854, 1.567618290625867 ], [ 110.330525930546813, 1.567594281629558 ], [ 110.330541249537006, 1.567564027989896 ], [ 110.330546528934946, 1.567530491144014 ] ] ] ] } },
{ "type": "Feature", "properties": { "fid_1": 415.0, "Lokasi": "Jalan Tanjung", "Pemilik": null, "Tarikh_Dit": null, "Jenis_Poko": "Arfeuillea arboresce", "Tinggi_Pok": 6.0, "Silara_Pok": 3.0, "Catatan": null, "Ukur_Lilit": 45, "Northing": null, "Easthing": null, "Ln_TAGB_": 7.158, "TAGB": 1284.34, "CO2_Stock": 642.17 }, "geometry": { "type": "MultiPolygon", "coordinates": [ [ [ [ 110.330798450010093, 1.567574802987183 ], [ 110.330793173029463, 1.56754126575472 ], [ 110.330777856219953, 1.567511010995101 ], [ 110.33075399889789, 1.567487000255085 ], [ 110.330723936384317, 1.567471583873184 ], [ 110.330690611407519, 1.567466270912132 ], [ 110.330657286048165, 1.567471581441439 ], [ 110.330627222424368, 1.567486995629348 ], [ 110.330603363372745, 1.567511004627656 ], [ 110.33058804438339, 1.567541258268342 ], [ 110.330582764985706, 1.567574795114412 ], [ 110.330588041964162, 1.567608332345866 ], [ 110.330603358771626, 1.567638587104939 ], [ 110.330627216092552, 1.567662597845109 ], [ 110.330657278606324, 1.567678014227819 ], [ 110.3306906035846, 1.567683327190017 ], [ 110.330723928946114, 1.567678016661734 ], [ 110.330753992571971, 1.567662602474374 ], [ 110.330777851624703, 1.56763859347591 ], [ 110.330793170613859, 1.5676083398344 ], [ 110.330798450010093, 1.567574802987183 ] ] ] ] } },
{ "type": "Feature", "properties": { "fid_1": 416.0, "Lokasi": "Jalan Tanjung", "Pemilik": null, "Tarikh_Dit": null, "Jenis_Poko": "Arfeuillea arboresce", "Tinggi_Pok": 8.0, "Silara_Pok": 3.0, "Catatan": null, "Ukur_Lilit": 45, "Northing": null, "Easthing": null, "Ln_TAGB_": 7.158, "TAGB": 1284.34, "CO2_Stock": 642.17 }, "geometry": { "type": "MultiPolygon", "coordinates": [ [ [ [ 110.331235003789502, 1.567464023349131 ], [ 110.331229726804224, 1.567430486114243 ], [ 110.33121440999011, 1.567400231353872 ], [ 110.331190552663898, 1.567376220614847 ], [ 110.331160490147113, 1.567360804235541 ], [ 110.331127165168283, 1.567355491278483 ], [ 110.331093839808347, 1.567360801812759 ], [ 110.331063776185403, 1.56737621600614 ], [ 110.331039917136025, 1.567400225009878 ], [ 110.331024598150066, 1.567430478655451 ], [ 110.331019318756645, 1.567464015505368 ], [ 110.331024595739763, 1.567497552739201 ], [ 110.33103991255183, 1.567527807499041 ], [ 110.331063769876891, 1.567551818238238 ], [ 110.331093832393904, 1.56756723461836 ], [ 110.331127157374198, 1.567572547576543 ], [ 110.331160482736308, 1.567567237043282 ], [ 110.331190546361299, 1.567551822850459 ], [ 110.331214405411799, 1.567527813846544 ], [ 110.331229724397531, 1.56749756020016 ], [ 110.331235003789502, 1.567464023349131 ] ] ] ] } },
{ "type": "Feature", "properties": { "fid_1": 417.0, "Lokasi": "Jln. Ajibah Abol", "Pemilik": null, "Tarikh_Dit": null, "Jenis_Poko": "Arfeuillea arboresce", "Tinggi_Pok": 6.0, "Silara_Pok": 4.0, "Catatan": null, "Ukur_Lilit": 31, "Northing": null, "Easthing": null, "Ln_TAGB_": 6.34, "TAGB": 566.796, "CO2_Stock": 283.398 }, "geometry": { "type": "MultiPolygon", "coordinates": [ [ [ [ 110.332435526673692, 1.566839554462043 ], [ 110.33243024967436, 1.566806017218475 ], [ 110.332414932847328, 1.566775762454682 ], [ 110.332391075510628, 1.566751751717855 ], [ 110.332361012986738, 1.566736335346164 ], [ 110.332327688004924, 1.56673102240137 ], [ 110.332294362646422, 1.566736332951395 ], [ 110.332264299029148, 1.566751747162405 ], [ 110.332240439989192, 1.566775756183983 ], [ 110.332225121015441, 1.566806009845834 ], [ 110.332219841635776, 1.566839546708888 ], [ 110.33222511863292, 1.566873083951421 ], [ 110.332240435457919, 1.566903338714675 ], [ 110.332264292793496, 1.566927349451685 ], [ 110.3322943553176, 1.566942765824154 ], [ 110.332327680300878, 1.566948078770086 ], [ 110.332361005661568, 1.566942768221111 ], [ 110.33239106928086, 1.566927354010619 ], [ 110.332414928321967, 1.566903344988867 ], [ 110.33243024729552, 1.566873091326206 ], [ 110.332435526673692, 1.566839554462043 ] ] ] ] } },
{ "type": "Feature", "properties": { "fid_1": 418.0, "Lokasi": "Jln. Ajibah Abol", "Pemilik": null, "Tarikh_Dit": null, "Jenis_Poko": "Arfeuillea arboresce", "Tinggi_Pok": 7.0, "Silara_Pok": 4.0, "Catatan": null, "Ukur_Lilit": 30, "Northing": null, "Easthing": null, "Ln_TAGB_": 6.268, "TAGB": 527.421, "CO2_Stock": 263.711 }, "geometry": { "type": "MultiPolygon", "coordinates": [ [ [ [ 110.332352742132286, 1.566760468715948 ], [ 110.332347465133481, 1.566726931472159 ], [ 110.332332148307273, 1.566696676708099 ], [ 110.332308290971596, 1.566672665970925 ], [ 110.332278228448871, 1.566657249598882 ], [ 110.332244903468251, 1.566651936653747 ], [ 110.332211578110815, 1.566657247203458 ], [ 110.332181514494437, 1.566672661414252 ], [ 110.332157655455035, 1.566696670435705 ], [ 110.33214233648151, 1.566726924097545 ], [ 110.332137057101718, 1.566760460960656 ], [ 110.33214233409835, 1.56679399820341 ], [ 110.332157650922539, 1.566824252966948 ], [ 110.332181508257065, 1.566848263704268 ], [ 110.332211570780018, 1.566863680077125 ], [ 110.332244895762102, 1.566868993023388 ], [ 110.332278221121697, 1.566863682474712 ], [ 110.332308284740137, 1.566848268264452 ], [ 110.332332143780661, 1.566824259242835 ], [ 110.332347462753972, 1.566794005580193 ], [ 110.332352742132286, 1.566760468715948 ] ] ] ] } },
{ "type": "Feature", "properties": { "fid_1": 419.0, "Lokasi": "Jln. Ajibah Abol", "Pemilik": null, "Tarikh_Dit": null, "Jenis_Poko": "Arfeuillea arboresce", "Tinggi_Pok": 6.0, "Silara_Pok": 3.0, "Catatan": null, "Ukur_Lilit": 31, "Northing": null, "Easthing": null, "Ln_TAGB_": 6.34, "TAGB": 566.796, "CO2_Stock": 283.398 }, "geometry": { "type": "MultiPolygon", "coordinates": [ [ [ [ 110.332409273415109, 1.566753895309319 ], [ 110.332403996415735, 1.56672035806527 ], [ 110.332388679588931, 1.566690103301163 ], [ 110.332364822252714, 1.566666092564135 ], [ 110.33233475972952, 1.566650676192401 ], [ 110.332301434748572, 1.566645363247739 ], [ 110.332268109390995, 1.566650673798058 ], [ 110.332238045774631, 1.5666660880095 ], [ 110.332214186735456, 1.566690097031564 ], [ 110.332198867762301, 1.566720350693966 ], [ 110.332193588383006, 1.566753887557531 ], [ 110.332198865380221, 1.566787424800539 ], [ 110.332214182204993, 1.56681767956413 ], [ 110.332238039540087, 1.566841690301323 ], [ 110.332268102063495, 1.566857106673857 ], [ 110.332301427045905, 1.566862419619635 ], [ 110.332334752405671, 1.566857109070363 ], [ 110.332364816024054, 1.566841694859462 ], [ 110.332388675064365, 1.566817685837213 ], [ 110.332403994037293, 1.566787432173997 ], [ 110.332409273415109, 1.566753895309319 ] ] ] ] } },
{ "type": "Feature", "properties": { "fid_1": 420.0, "Lokasi": "Jln. Ajibah Abol", "Pemilik": null, "Tarikh_Dit": null, "Jenis_Poko": "Arfeuillea arboresce", "Tinggi_Pok": 6.0, "Silara_Pok": 3.0, "Catatan": null, "Ukur_Lilit": 30, "Northing": null, "Easthing": null, "Ln_TAGB_": 6.268, "TAGB": 527.421, "CO2_Stock": 263.711 }, "geometry": { "type": "MultiPolygon", "coordinates": [ [ [ [ 110.332467119378904, 1.566746007221662 ], [ 110.332461842378947, 1.566712469977353 ], [ 110.332446525551504, 1.566682215213153 ], [ 110.332422668214733, 1.566658204476284 ], [ 110.332392605691084, 1.56664278810488 ], [ 110.332359280709809, 1.566637475160728 ], [ 110.332325955352076, 1.566642785711649 ], [ 110.332295891735768, 1.566658199923753 ], [ 110.332272032696821, 1.566682208946514 ], [ 110.33225671372405, 1.566712462609487 ], [ 110.332251434345281, 1.566745999473502 ], [ 110.332256711343092, 1.566779536716779 ], [ 110.332272028168461, 1.566809791480433 ], [ 110.332295885504124, 1.566833802217499 ], [ 110.332325948027986, 1.566849218589684 ], [ 110.332359273010724, 1.566854531534968 ], [ 110.332392598370632, 1.566849220985074 ], [ 110.332422661988971, 1.566833806773515 ], [ 110.332446521029055, 1.566809797750607 ], [ 110.332461840001613, 1.5667795440868 ], [ 110.332467119378904, 1.566746007221662 ] ] ] ] } },
{ "type": "Feature", "properties": { "fid_1": 421.0, "Lokasi": "Jln. Ajibah Abol", "Pemilik": null, "Tarikh_Dit": null, "Jenis_Poko": "Tabebuia chrysantha", "Tinggi_Pok": 6.0, "Silara_Pok": 4.0, "Catatan": null, "Ukur_Lilit": 29, "Northing": null, "Easthing": null, "Ln_TAGB_": 6.194, "TAGB": 489.801, "CO2_Stock": 244.9 }, "geometry": { "type": "MultiPolygon", "coordinates": [ [ [ [ 110.333047688530044, 1.56593163824059 ], [ 110.333042411521319, 1.565898100988753 ], [ 110.333027094687324, 1.565867846220746 ], [ 110.333003237346801, 1.565843835484164 ], [ 110.332973174822584, 1.565828419117151 ], [ 110.332939849843982, 1.565823106181005 ], [ 110.332906524491889, 1.565828416742806 ], [ 110.332876460883639, 1.565843830967575 ], [ 110.332852601854384, 1.565867840003565 ], [ 110.332837282891987, 1.565898093679034 ], [ 110.332832003523265, 1.56593163055358 ], [ 110.332837280529816, 1.565965167804402 ], [ 110.332852597361736, 1.565995422571856 ], [ 110.332876454701179, 1.566019433308613 ], [ 110.332906517225595, 1.566034849676444 ], [ 110.332939842205661, 1.566040162613712 ], [ 110.332973167559942, 1.566034852052942 ], [ 110.333003231170238, 1.566019437828685 ], [ 110.333027090200616, 1.565995428792536 ], [ 110.333042409162786, 1.565965175116271 ], [ 110.333047688530044, 1.56593163824059 ] ] ] ] } },
{ "type": "Feature", "properties": { "fid_1": 422.0, "Lokasi": null, "Pemilik": null, "Tarikh_Dit": null, "Jenis_Poko": "Tabebuia crysantha", "Tinggi_Pok": 7.0, "Silara_Pok": 4.0, "Catatan": null, "Ukur_Lilit": 32, "Northing": null, "Easthing": null, "Ln_TAGB_": 6.41, "TAGB": 607.894, "CO2_Stock": 303.947 }, "geometry": { "type": "MultiPolygon", "coordinates": [ [ [ [ 110.33306779110039, 1.565901620279768 ], [ 110.333062514091395, 1.565868083027647 ], [ 110.333047197257173, 1.565837828259506 ], [ 110.333023339916508, 1.565813817522922 ], [ 110.332993277392276, 1.565798401156076 ], [ 110.332959952413788, 1.565793088220213 ], [ 110.332926627061894, 1.56579839878239 ], [ 110.332896563453943, 1.565813813007629 ], [ 110.332872704425057, 1.565837822044087 ], [ 110.332857385463029, 1.565868075720011 ], [ 110.332852106094663, 1.565901612594935 ], [ 110.332857383101512, 1.565935149846037 ], [ 110.332872699933674, 1.565965404613629 ], [ 110.33289655727323, 1.565989415350387 ], [ 110.332926619797661, 1.566004831718038 ], [ 110.332959944777627, 1.566010144655017 ], [ 110.332993270131695, 1.566004834093859 ], [ 110.333023333741679, 1.565989419869153 ], [ 110.333047192771701, 1.565965410832544 ], [ 110.333062511733502, 1.565935157155817 ], [ 110.33306779110039, 1.565901620279768 ] ] ] ] } },
{ "type": "Feature", "properties": { "fid_1": 423.0, "Lokasi": "Jln. Ajibah Abol", "Pemilik": null, "Tarikh_Dit": null, "Jenis_Poko": "Tabebuia crysantha", "Tinggi_Pok": 7.0, "Silara_Pok": 3.0, "Catatan": null, "Ukur_Lilit": 33, "Northing": null, "Easthing": null, "Ln_TAGB_": 6.477, "TAGB": 650.018, "CO2_Stock": 325.009 }, "geometry": { "type": "MultiPolygon", "coordinates": [ [ [ [ 110.33315309769813, 1.565991443185194 ], [ 110.333147820688637, 1.565957905933324 ], [ 110.333132503853591, 1.565927651165516 ], [ 110.333108646511832, 1.56590364042929 ], [ 110.333078583986335, 1.565888224062782 ], [ 110.333045259006568, 1.565882911127269 ], [ 110.333011933653495, 1.565888221689713 ], [ 110.332981870044563, 1.565903635915114 ], [ 110.332958011014981, 1.565927644951616 ], [ 110.332942692052669, 1.565957898627493 ], [ 110.332937412684387, 1.56599143550225 ], [ 110.332942689691734, 1.566024972753068 ], [ 110.332958006524734, 1.566055227520372 ], [ 110.332981863865356, 1.566079238256765 ], [ 110.333011926391052, 1.566094654624049 ], [ 110.333045251372297, 1.566099967560713 ], [ 110.333078576727559, 1.566094656999298 ], [ 110.333108640338523, 1.566079242774422 ], [ 110.333132499369214, 1.566055233737756 ], [ 110.333147818331341, 1.566024980061065 ], [ 110.33315309769813, 1.565991443185194 ] ] ] ] } },
{ "type": "Feature", "properties": { "fid_1": 424.0, "Lokasi": "Jln. Ajibah Abol", "Pemilik": null, "Tarikh_Dit": null, "Jenis_Poko": "Tabebuia crysantha", "Tinggi_Pok": 7.0, "Silara_Pok": 2.0, "Catatan": null, "Ukur_Lilit": 30, "Northing": null, "Easthing": null, "Ln_TAGB_": 6.268, "TAGB": 527.421, "CO2_Stock": 263.711 }, "geometry": { "type": "MultiPolygon", "coordinates": [ [ [ [ 110.333179391317032, 1.565953317435281 ], [ 110.333174114307127, 1.565919780183065 ], [ 110.333158797471796, 1.565889525415061 ], [ 110.333134940129867, 1.565865514678869 ], [ 110.333104877604356, 1.56585009831257 ], [ 110.333071552624716, 1.56584478537741 ], [ 110.333038227271899, 1.565850095940368 ], [ 110.333008163663365, 1.565865510166344 ], [ 110.332984304634223, 1.565889519203464 ], [ 110.33296898567238, 1.565919772879911 ], [ 110.332963706304582, 1.56595330975514 ], [ 110.332968983312313, 1.565986847006346 ], [ 110.332984300145611, 1.566017101773801 ], [ 110.333008157486418, 1.566041112510171 ], [ 110.333038220012128, 1.566056528877272 ], [ 110.333071544993246, 1.566061841813571 ], [ 110.333104870348222, 1.566056531251651 ], [ 110.333134933958817, 1.566041117026193 ], [ 110.333158792989067, 1.566017107988905 ], [ 110.333174111950697, 1.565986854311658 ], [ 110.333179391317032, 1.565953317435281 ] ] ] ] } },
{ "type": "Feature", "properties": { "fid_1": 425.0, "Lokasi": "Jln. Ajibah Abol", "Pemilik": null, "Tarikh_Dit": null, "Jenis_Poko": "Tabebuia crysantha", "Tinggi_Pok": 6.0, "Silara_Pok": 2.0, "Catatan": null, "Ukur_Lilit": 33, "Northing": null, "Easthing": null, "Ln_TAGB_": 6.477, "TAGB": 650.018, "CO2_Stock": 325.009 }, "geometry": { "type": "MultiPolygon", "coordinates": [ [ [ [ 110.333224523755021, 1.565886439363662 ], [ 110.333219246744434, 1.565852902110844 ], [ 110.333203929908564, 1.565822647342541 ], [ 110.333180072566364, 1.565798636606351 ], [ 110.333150010040839, 1.565783220240405 ], [ 110.333116685061427, 1.565777907305884 ], [ 110.333083359709093, 1.565783217869703 ], [ 110.333053296101198, 1.565798632096699 ], [ 110.333029437072852, 1.565822641134877 ], [ 110.333014118111862, 1.565852894812319 ], [ 110.33300883874486, 1.565886431688395 ], [ 110.333014115753286, 1.565919968940197 ], [ 110.333029432587082, 1.565950223707979 ], [ 110.333053289928174, 1.565974234444335 ], [ 110.333083352453912, 1.565989650811084 ], [ 110.333116677434802, 1.565994963746733 ], [ 110.33315000278931, 1.565989653183964 ], [ 110.333180066399237, 1.565974238957474 ], [ 110.333203925428691, 1.565950229919156 ], [ 110.333219244389497, 1.565919976240885 ], [ 110.333224523755021, 1.565886439363662 ] ] ] ] } },
{ "type": "Feature", "properties": { "fid_1": 426.0, "Lokasi": "Jln. Ajibah Abol", "Pemilik": null, "Tarikh_Dit": null, "Jenis_Poko": "Tabebuia crysantha", "Tinggi_Pok": 6.0, "Silara_Pok": 2.0, "Catatan": null, "Ukur_Lilit": 33, "Northing": null, "Easthing": null, "Ln_TAGB_": 6.477, "TAGB": 650.018, "CO2_Stock": 325.009 }, "geometry": { "type": "MultiPolygon", "coordinates": [ [ [ [ 110.333425773138799, 1.565561168495772 ], [ 110.333420496125001, 1.565527631240052 ], [ 110.333405179286842, 1.565497376470257 ], [ 110.333381321943463, 1.565473365734105 ], [ 110.333351259417981, 1.565457949369721 ], [ 110.333317934439833, 1.56545263643815 ], [ 110.333284609089873, 1.565457947006007 ], [ 110.333254545485218, 1.565473361237747 ], [ 110.333230686460681, 1.565497370280892 ], [ 110.333215367503641, 1.565527623963049 ], [ 110.333210088140405, 1.565561160843139 ], [ 110.333215365152014, 1.565594698097827 ], [ 110.333230681988127, 1.565624952867097 ], [ 110.333254539330397, 1.565648963603413 ], [ 110.333284601856093, 1.5656643799686 ], [ 110.333317926835704, 1.5656696929013 ], [ 110.333351252187853, 1.565664382334462 ], [ 110.333381315794526, 1.565648968103255 ], [ 110.3334051748202, 1.56562495905995 ], [ 110.333420493777027, 1.565594705376983 ], [ 110.333425773138799, 1.565561168495772 ] ] ] ] } },
{ "type": "Feature", "properties": { "fid_1": 427.0, "Lokasi": null, "Pemilik": null, "Tarikh_Dit": null, "Jenis_Poko": "Mimusops elengi", "Tinggi_Pok": 5.0, "Silara_Pok": 3.0, "Catatan": null, "Ukur_Lilit": 30, "Northing": null, "Easthing": null, "Ln_TAGB_": 6.268, "TAGB": 527.421, "CO2_Stock": 263.711 }, "geometry": { "type": "MultiPolygon", "coordinates": [ [ [ [ 110.333346892276495, 1.565483602318678 ], [ 110.33334161526318, 1.565450065062752 ], [ 110.333326298425803, 1.565419810292683 ], [ 110.333302441083404, 1.565395799556202 ], [ 110.333272378559045, 1.565380383191483 ], [ 110.333239053582062, 1.565375070259599 ], [ 110.333205728233139, 1.565380380827174 ], [ 110.333175664629323, 1.565395795058715 ], [ 110.333151805605382, 1.565419804101736 ], [ 110.33313648664857, 1.565450057783914 ], [ 110.333131207285206, 1.565483594664108 ], [ 110.333136484296332, 1.565517131918998 ], [ 110.333151801131692, 1.565547386688535 ], [ 110.333175658472953, 1.565571397425187 ], [ 110.333205720997526, 1.565586813790706 ], [ 110.333239045975986, 1.565592126723738 ], [ 110.333272371327084, 1.565586816157171 ], [ 110.333302434932918, 1.565571401926165 ], [ 110.33332629395801, 1.56554739288296 ], [ 110.333341612914609, 1.565517139199992 ], [ 110.333346892276495, 1.565483602318678 ] ] ] ] } },
{ "type": "Feature", "properties": { "fid_1": 428.0, "Lokasi": "Jln. Ajibah Abol", "Pemilik": null, "Tarikh_Dit": null, "Jenis_Poko": "Tabebuia crysantha", "Tinggi_Pok": 7.0, "Silara_Pok": 4.0, "Catatan": null, "Ukur_Lilit": 36, "Northing": null, "Easthing": null, "Ln_TAGB_": 6.668, "TAGB": 786.82, "CO2_Stock": 393.41 }, "geometry": { "type": "MultiPolygon", "coordinates": [ [ [ [ 110.333519115484179, 1.565366595704306 ], [ 110.333513838468747, 1.565333058446982 ], [ 110.333498521629494, 1.565302803676307 ], [ 110.33347466428566, 1.565278792940099 ], [ 110.333444601760462, 1.56526337657651 ], [ 110.333411276783252, 1.565258063646506 ], [ 110.333377951434798, 1.565263374216498 ], [ 110.333347887832105, 1.565278788450783 ], [ 110.333324028809756, 1.565302797496633 ], [ 110.333308709854947, 1.565333051181378 ], [ 110.333303430493743, 1.565366588063669 ], [ 110.333308707506987, 1.565400125319979 ], [ 110.333324024344222, 1.565430380090127 ], [ 110.33334788168689, 1.565454390826505 ], [ 110.333377944212344, 1.565469807190894 ], [ 110.333411269191032, 1.565475120122034 ], [ 110.333444594541632, 1.565469809553053 ], [ 110.333474658146372, 1.565454395319293 ], [ 110.333498517169843, 1.565430386273297 ], [ 110.333513836124439, 1.565400132587738 ], [ 110.333519115484179, 1.565366595704306 ] ] ] ] } },
{ "type": "Feature", "properties": { "fid_1": 429.0, "Lokasi": "Jln. Ajibah Abol", "Pemilik": null, "Tarikh_Dit": null, "Jenis_Poko": "Tabebuia crysantha", "Tinggi_Pok": 7.0, "Silara_Pok": 4.0, "Catatan": null, "Ukur_Lilit": 37, "Northing": null, "Easthing": null, "Ln_TAGB_": 6.729, "TAGB": 836.311, "CO2_Stock": 418.156 }, "geometry": { "type": "MultiPolygon", "coordinates": [ [ [ [ 110.333731622173431, 1.564888270011403 ], [ 110.333726345154133, 1.564854732750152 ], [ 110.333711028312379, 1.564824477977316 ], [ 110.33368717096765, 1.564800467240954 ], [ 110.333657108443234, 1.564785050879214 ], [ 110.33362378346844, 1.56477973795286 ], [ 110.333590458123808, 1.564785048527991 ], [ 110.333560394525904, 1.564800462768371 ], [ 110.333536535508927, 1.564824471820665 ], [ 110.33352121655949, 1.564854725511616 ], [ 110.333515937203146, 1.564888262399229 ], [ 110.333521214220269, 1.564921799659453 ], [ 110.333536531059991, 1.564952054431759 ], [ 110.333560388403612, 1.564976065168278 ], [ 110.333590450928227, 1.564991481530834 ], [ 110.333623775904499, 1.564996794458316 ], [ 110.333657101251305, 1.564991483884201 ], [ 110.333687164851227, 1.564976069644344 ], [ 110.333711023869341, 1.564952060591885 ], [ 110.333726342818565, 1.564921806900149 ], [ 110.333731622173431, 1.564888270011403 ] ] ] ] } },
{ "type": "Feature", "properties": { "fid_1": 430.0, "Lokasi": "Jln. Ajibah Abol", "Pemilik": null, "Tarikh_Dit": null, "Jenis_Poko": "Tabebuia crysantha", "Tinggi_Pok": 9.0, "Silara_Pok": 4.0, "Catatan": null, "Ukur_Lilit": 33, "Northing": null, "Easthing": null, "Ln_TAGB_": 6.477, "TAGB": 650.018, "CO2_Stock": 325.009 }, "geometry": { "type": "MultiPolygon", "coordinates": [ [ [ [ 110.333751342386705, 1.564829109365592 ], [ 110.333746065366967, 1.564795572103878 ], [ 110.333730748524985, 1.564765317330787 ], [ 110.333706891180199, 1.564741306594399 ], [ 110.333676828655939, 1.564725890232834 ], [ 110.333643503681515, 1.564720577306891 ], [ 110.333610178337352, 1.564725887882585 ], [ 110.333580114740059, 1.564741302123654 ], [ 110.333556255723735, 1.564765311176674 ], [ 110.333540936774924, 1.564795564868325 ], [ 110.333535657419134, 1.564829101756547 ], [ 110.333540934436684, 1.564862639017237 ], [ 110.333556251276647, 1.564892893789798 ], [ 110.333580108620282, 1.564916904526352 ], [ 110.33361017114477, 1.564932320888724 ], [ 110.333643496120672, 1.564937633815807 ], [ 110.333676821466995, 1.564932323241129 ], [ 110.33370688506632, 1.564916909000591 ], [ 110.333730744083795, 1.56489289994738 ], [ 110.333746063032379, 1.564862646254953 ], [ 110.333751342386705, 1.564829109365592 ] ] ] ] } },
{ "type": "Feature", "properties": { "fid_1": 431.0, "Lokasi": "Jln. Ajibah Abol", "Pemilik": null, "Tarikh_Dit": null, "Jenis_Poko": "Mimusops elengi", "Tinggi_Pok": 8.0, "Silara_Pok": 4.0, "Catatan": null, "Ukur_Lilit": 32, "Northing": null, "Easthing": null, "Ln_TAGB_": 6.41, "TAGB": 607.894, "CO2_Stock": 303.947 }, "geometry": { "type": "MultiPolygon", "coordinates": [ [ [ [ 110.333400794194318, 1.565373169112673 ], [ 110.333395517180051, 1.565339631855827 ], [ 110.333380200342049, 1.565309377085264 ], [ 110.333356342999394, 1.565285366348752 ], [ 110.333326280475177, 1.565269949984488 ], [ 110.333292955498706, 1.565264637053481 ], [ 110.33325963015065, 1.565269947622308 ], [ 110.333229566547956, 1.565285361855288 ], [ 110.333205707525238, 1.565309370899867 ], [ 110.333190388569719, 1.565339624583508 ], [ 110.333185109207506, 1.565373161464949 ], [ 110.33319038621957, 1.565406698720772 ], [ 110.333205703055569, 1.565436953490829 ], [ 110.333229560397086, 1.565460964227489 ], [ 110.333259622921517, 1.56547638059255 ], [ 110.333292947899452, 1.5654816935247 ], [ 110.333326273249682, 1.565476382956909 ], [ 110.333356336854408, 1.565460968724433 ], [ 110.333380195878263, 1.565436959679695 ], [ 110.333395514833583, 1.565406705995254 ], [ 110.333400794194318, 1.565373169112673 ] ] ] ] } },
{ "type": "Feature", "properties": { "fid_1": 432.0, "Lokasi": "Jln. Ajibah Abol", "Pemilik": null, "Tarikh_Dit": null, "Jenis_Poko": "Tabebuia crysantha", "Tinggi_Pok": 6.0, "Silara_Pok": 3.0, "Catatan": null, "Ukur_Lilit": 33, "Northing": null, "Easthing": null, "Ln_TAGB_": 6.477, "TAGB": 650.018, "CO2_Stock": 325.009 }, "geometry": { "type": "MultiPolygon", "coordinates": [ [ [ [ 110.333429717174681, 1.565316637828633 ], [ 110.333424440159916, 1.565283100571306 ], [ 110.333409123321587, 1.56525284580048 ], [ 110.333385265978777, 1.565228835063968 ], [ 110.33335520345463, 1.56521341869995 ], [ 110.333321878478429, 1.565208105769402 ], [ 110.333288553130785, 1.565213416338849 ], [ 110.33325848952866, 1.565228830572614 ], [ 110.333234630506595, 1.565252839618001 ], [ 110.33321931155173, 1.565283093302406 ], [ 110.333214032190114, 1.565316630184519 ], [ 110.333219309202704, 1.565350167440791 ], [ 110.333234626039015, 1.565380422211105 ], [ 110.333258483380675, 1.565404432947771 ], [ 110.333288545905049, 1.565419849312603 ], [ 110.333321870882727, 1.565425162244267 ], [ 110.333355196232517, 1.56541985167586 ], [ 110.333385259836689, 1.565404437442625 ], [ 110.333409118859905, 1.565380428397058 ], [ 110.333424437814543, 1.565350174711869 ], [ 110.333429717174681, 1.565316637828633 ] ] ] ] } },
{ "type": "Feature", "properties": { "fid_1": 433.0, "Lokasi": "Jln. Ajibah Abol", "Pemilik": null, "Tarikh_Dit": null, "Jenis_Poko": "Tabebuia crysantha", "Tinggi_Pok": 8.0, "Silara_Pok": 4.0, "Catatan": null, "Ukur_Lilit": 34, "Northing": null, "Easthing": null, "Ln_TAGB_": 6.543, "TAGB": 694.367, "CO2_Stock": 347.183 }, "geometry": { "type": "MultiPolygon", "coordinates": [ [ [ [ 110.333525867711316, 1.565141616147348 ], [ 110.33352059069496, 1.565108078888531 ], [ 110.333505273855508, 1.565077824116898 ], [ 110.333481416512186, 1.565053813380383 ], [ 110.333451353988181, 1.565038397017134 ], [ 110.333418029012719, 1.56503308408808 ], [ 110.333384703666411, 1.5650383946596 ], [ 110.333354640066048, 1.565053808895765 ], [ 110.333330781045973, 1.565077817943706 ], [ 110.333315462093168, 1.565108071630543 ], [ 110.333310182733499, 1.565141608514716 ], [ 110.333315459747681, 1.565175145772504 ], [ 110.333330776585086, 1.565205400543612 ], [ 110.333354633927286, 1.565229411280289 ], [ 110.333384696451517, 1.565244827644341 ], [ 110.333418021428443, 1.565250140574525 ], [ 110.333451346776911, 1.565244830004038 ], [ 110.333481410379335, 1.565229415768394 ], [ 110.333505269400519, 1.565205406720299 ], [ 110.333520588353124, 1.565175153032645 ], [ 110.333525867711316, 1.565141616147348 ] ] ] ] } },
{ "type": "Feature", "properties": { "fid_1": 434.0, "Lokasi": "Jln. Ajibah Abol", "Pemilik": null, "Tarikh_Dit": null, "Jenis_Poko": "Tabebuia crysantha", "Tinggi_Pok": 8.0, "Silara_Pok": 4.0, "Catatan": null, "Ukur_Lilit": 34, "Northing": null, "Easthing": null, "Ln_TAGB_": 6.543, "TAGB": 694.367, "CO2_Stock": 347.183 }, "geometry": { "type": "MultiPolygon", "coordinates": [ [ [ [ 110.333552161329678, 1.565085084863369 ], [ 110.333546884312838, 1.565051547604078 ], [ 110.333531567473074, 1.565021292832191 ], [ 110.333507710129652, 1.564997282095661 ], [ 110.333477647605719, 1.564981865732629 ], [ 110.333444322630541, 1.564976552804012 ], [ 110.333410997284687, 1.564981863376146 ], [ 110.333380933684893, 1.564997277613051 ], [ 110.333357074665457, 1.565021286661761 ], [ 110.333341755713292, 1.565051540349335 ], [ 110.333336476354205, 1.565085077234146 ], [ 110.333341753368842, 1.56511861449242 ], [ 110.333357070206574, 1.565148869263782 ], [ 110.333380927548873, 1.565172880000481 ], [ 110.33341099007302, 1.565188296364304 ], [ 110.333444315049675, 1.565193609294051 ], [ 110.333477640397703, 1.565188298722941 ], [ 110.333507703999558, 1.565172884486563 ], [ 110.333531563020117, 1.565148875437687 ], [ 110.33354688197204, 1.565118621749306 ], [ 110.333552161329678, 1.565085084863369 ] ] ] ] } },
{ "type": "Feature", "properties": { "fid_1": 435.0, "Lokasi": "Jln. Ajibah Abol", "Pemilik": null, "Tarikh_Dit": null, "Jenis_Poko": "Tabebuia crysantha", "Tinggi_Pok": 9.0, "Silara_Pok": 4.0, "Catatan": null, "Ukur_Lilit": 36, "Northing": null, "Easthing": null, "Ln_TAGB_": 6.668, "TAGB": 786.82, "CO2_Stock": 393.41 }, "geometry": { "type": "MultiPolygon", "coordinates": [ [ [ [ 110.333591601756936, 1.564990427829887 ], [ 110.333586324739386, 1.564956890569833 ], [ 110.333571007899124, 1.564926635797518 ], [ 110.33354715055556, 1.564902625060948 ], [ 110.333517088031812, 1.564887208698275 ], [ 110.333483763057117, 1.564881895770374 ], [ 110.333450437712031, 1.564887206343496 ], [ 110.333420374113174, 1.564902620581587 ], [ 110.333396515094805, 1.564926629631532 ], [ 110.333381196143677, 1.564956883320305 ], [ 110.333375916785528, 1.564990420206169 ], [ 110.333381193800903, 1.5650239574652 ], [ 110.333396510639105, 1.565054212236969 ], [ 110.333420367981574, 1.565078222973716 ], [ 110.333450430505536, 1.565093639337187 ], [ 110.333483755481694, 1.56509895226622 ], [ 110.333517080828955, 1.565093641694129 ], [ 110.333547144429843, 1.565078227456585 ], [ 110.33357100344935, 1.565054218406436 ], [ 110.333586322400265, 1.565023964716864 ], [ 110.333591601756936, 1.564990427829887 ] ] ] ] } },
{ "type": "Feature", "properties": { "fid_1": 436.0, "Lokasi": "Jln. Ajibah Abol", "Pemilik": null, "Tarikh_Dit": null, "Jenis_Poko": "Tabebuia crysantha", "Tinggi_Pok": 8.0, "Silara_Pok": 4.0, "Catatan": null, "Ukur_Lilit": 40, "Northing": null, "Easthing": null, "Ln_TAGB_": 6.9, "TAGB": 992.275, "CO2_Stock": 496.137 }, "geometry": { "type": "MultiPolygon", "coordinates": [ [ [ [ 110.333603433884662, 1.564947043356363 ], [ 110.333598156866827, 1.564913506095977 ], [ 110.333582840026452, 1.564883251323456 ], [ 110.333558982682845, 1.56485924058687 ], [ 110.333528920159225, 1.564843824224322 ], [ 110.333495595184829, 1.564838511296673 ], [ 110.333462269840112, 1.564843821870186 ], [ 110.333432206241682, 1.564859236108763 ], [ 110.333408347223781, 1.564883245159236 ], [ 110.333393028273107, 1.564913498848506 ], [ 110.333387748915342, 1.564947035734784 ], [ 110.333393025931016, 1.56498057299414 ], [ 110.33340834276936, 1.5650108277661 ], [ 110.333432200111815, 1.565034838502885 ], [ 110.333462262635663, 1.565050254866241 ], [ 110.333495587611537, 1.565055567794991 ], [ 110.333528912958428, 1.565050257222517 ], [ 110.333558976558876, 1.56503484298447 ], [ 110.333582835577914, 1.565010833933842 ], [ 110.33359815452836, 1.564980580243775 ], [ 110.333603433884662, 1.564947043356363 ] ] ] ] } },
{ "type": "Feature", "properties": { "fid_1": 437.0, "Lokasi": "Jln. Ajibah Abol", "Pemilik": null, "Tarikh_Dit": null, "Jenis_Poko": "Tabebuia crysantha", "Tinggi_Pok": 8.0, "Silara_Pok": 5.0, "Catatan": null, "Ukur_Lilit": 39, "Northing": null, "Easthing": null, "Ln_TAGB_": 6.844, "TAGB": 938.235, "CO2_Stock": 469.118 }, "geometry": { "type": "MultiPolygon", "coordinates": [ [ [ [ 110.333632356864541, 1.564873421219243 ], [ 110.333627079846138, 1.564839883958264 ], [ 110.333611763005408, 1.564809629185426 ], [ 110.333587905661716, 1.564785618448796 ], [ 110.333557843138252, 1.564770202086504 ], [ 110.333524518164253, 1.564764889159414 ], [ 110.333491192820119, 1.564770199733671 ], [ 110.333461129222457, 1.564785613973138 ], [ 110.333437270205351, 1.564809623024559 ], [ 110.333421951255488, 1.564839876714745 ], [ 110.333416671898433, 1.56487341360182 ], [ 110.333421948914662, 1.564906950861768 ], [ 110.333437265753375, 1.564937205634058 ], [ 110.33346112309593, 1.564961216370877 ], [ 110.333491185619593, 1.564976632733955 ], [ 110.333524510595069, 1.564981945662191 ], [ 110.333557835941377, 1.564976635088945 ], [ 110.333587899541087, 1.564961220850036 ], [ 110.333611758559314, 1.564937211798435 ], [ 110.333627077508964, 1.564906958107441 ], [ 110.333632356864541, 1.564873421219243 ] ] ] ] } },
{ "type": "Feature", "properties": { "fid_1": 438.0, "Lokasi": "Jln. Ajibah Abol", "Pemilik": null, "Tarikh_Dit": null, "Jenis_Poko": "Tabebuia crysantha", "Tinggi_Pok": 7.0, "Silara_Pok": 3.0, "Catatan": null, "Ukur_Lilit": 40, "Northing": null, "Easthing": null, "Ln_TAGB_": 6.9, "TAGB": 992.275, "CO2_Stock": 496.137 }, "geometry": { "type": "MultiPolygon", "coordinates": [ [ [ [ 110.33280312522119, 1.566522615630393 ], [ 110.332797848217098, 1.566489078383343 ], [ 110.332782531386044, 1.56645882361799 ], [ 110.332758674046445, 1.566434812881648 ], [ 110.332728611521077, 1.566419396512458 ], [ 110.332695286539376, 1.566414083571942 ], [ 110.332661961182509, 1.566419394127569 ], [ 110.332631897568291, 1.566434808344998 ], [ 110.332608038532484, 1.566458817373187 ], [ 110.33259271956355, 1.566489071041155 ], [ 110.332587440188945, 1.566522607909238 ], [ 110.332592717190877, 1.566556145155257 ], [ 110.332608034019884, 1.566586399920094 ], [ 110.332631891358361, 1.566610410656604 ], [ 110.332661953883942, 1.566625827026588 ], [ 110.332695278867121, 1.566631139968245 ], [ 110.332728604226162, 1.566625829413637 ], [ 110.332758667842398, 1.566610415196747 ], [ 110.33278252687937, 1.566586406168393 ], [ 110.332797845848077, 1.566556152499621 ], [ 110.33280312522119, 1.566522615630393 ] ] ] ] } },
{ "type": "Feature", "properties": { "fid_1": 439.0, "Lokasi": "Jln. Ajibah Abol", "Pemilik": null, "Tarikh_Dit": null, "Jenis_Poko": "Tabebuia crysantha", "Tinggi_Pok": 7.0, "Silara_Pok": 4.0, "Catatan": null, "Ukur_Lilit": 40, "Northing": null, "Easthing": null, "Ln_TAGB_": 6.9, "TAGB": 992.275, "CO2_Stock": 496.137 }, "geometry": { "type": "MultiPolygon", "coordinates": [ [ [ [ 110.332824817456512, 1.566482024853753 ], [ 110.332819540452078, 1.566448487606344 ], [ 110.332804223620769, 1.566418232840805 ], [ 110.332780366281042, 1.566394222104452 ], [ 110.332750303755716, 1.566378805735454 ], [ 110.332716978774201, 1.566373492795275 ], [ 110.332683653417632, 1.566378803351361 ], [ 110.332653589803826, 1.566394217569374 ], [ 110.33262973076846, 1.566418226598124 ], [ 110.332614411800023, 1.566448480266668 ], [ 110.332609132425858, 1.566482017135221 ], [ 110.332614409428132, 1.566515554381603 ], [ 110.332629726257423, 1.566545809146606 ], [ 110.332653583596013, 1.566569819883127 ], [ 110.332683646121566, 1.566585236252926 ], [ 110.332716971104546, 1.566590549194244 ], [ 110.332750296463274, 1.566585238639175 ], [ 110.332780360079127, 1.566569824421715 ], [ 110.332804219115616, 1.566545815392781 ], [ 110.332819538083839, 1.566515561723436 ], [ 110.332824817456512, 1.566482024853753 ] ] ] ] } },
{ "type": "Feature", "properties": { "fid_1": 440.0, "Lokasi": "Jln. Ajibah Abol", "Pemilik": null, "Tarikh_Dit": null, "Jenis_Poko": "Tabebuia crysantha", "Tinggi_Pok": 7.0, "Silara_Pok": 4.0, "Catatan": null, "Ukur_Lilit": 42, "Northing": null, "Easthing": null, "Ln_TAGB_": 7.007, "TAGB": 1104.337, "CO2_Stock": 552.168 }, "geometry": { "type": "MultiPolygon", "coordinates": [ [ [ [ 110.332853083096552, 1.566430752293711 ], [ 110.332847806091621, 1.566397215045869 ], [ 110.332832489259971, 1.566366960280106 ], [ 110.332808631920116, 1.566342949543742 ], [ 110.332778569394804, 1.56632753317498 ], [ 110.332745244413516, 1.566322220235226 ], [ 110.332711919057346, 1.566327530791945 ], [ 110.332681855444065, 1.566342945010636 ], [ 110.332657996409282, 1.566366954040148 ], [ 110.332642677441427, 1.566397207709402 ], [ 110.33263739806786, 1.566430744578567 ], [ 110.332642675070602, 1.56646428182538 ], [ 110.332657991900206, 1.56649453659063 ], [ 110.332681849238938, 1.566518547327137 ], [ 110.332711911764449, 1.566533963696726 ], [ 110.332745236747215, 1.566539276637596 ], [ 110.33277856210556, 1.566533966081924 ], [ 110.332808625720901, 1.566518551863746 ], [ 110.332832484756793, 1.566494542834076 ], [ 110.33284780372442, 1.566464289164027 ], [ 110.332853083096552, 1.566430752293711 ] ] ] ] } },
{ "type": "Feature", "properties": { "fid_1": 441.0, "Lokasi": "Jln. Ajibah Abol", "Pemilik": null, "Tarikh_Dit": null, "Jenis_Poko": "Tabebuia crysantha", "Tinggi_Pok": 6.0, "Silara_Pok": 4.0, "Catatan": null, "Ukur_Lilit": 31, "Northing": null, "Easthing": null, "Ln_TAGB_": 6.34, "TAGB": 566.796, "CO2_Stock": 283.398 }, "geometry": { "type": "MultiPolygon", "coordinates": [ [ [ [ 110.332946754113848, 1.566294682807018 ], [ 110.332941477107511, 1.566261145557913 ], [ 110.332926160274809, 1.566230890791504 ], [ 110.332902302934343, 1.5662068800552 ], [ 110.332872240408989, 1.566191463687122 ], [ 110.332838915428155, 1.566186150748711 ], [ 110.332805590072937, 1.566191461307188 ], [ 110.332775526460978, 1.566206875527978 ], [ 110.332751667427829, 1.566230884559672 ], [ 110.332736348461708, 1.566261138230973 ], [ 110.332731069089775, 1.566294675101864 ], [ 110.332736346093952, 1.566328212349929 ], [ 110.332751662924608, 1.566358467115812 ], [ 110.332775520263937, 1.566382477852297 ], [ 110.332805582789518, 1.566397894221171 ], [ 110.332838907771816, 1.566403207160729 ], [ 110.332872233129208, 1.566397896603257 ], [ 110.332902296743185, 1.566382482383006 ], [ 110.332926155777471, 1.566358473351138 ], [ 110.332941474743393, 1.566328219679047 ], [ 110.332946754113848, 1.566294682807018 ] ] ] ] } },
{ "type": "Feature", "properties": { "fid_1": 442.0, "Lokasi": "Jln. Ajibah Abol", "Pemilik": null, "Tarikh_Dit": null, "Jenis_Poko": "Tabebuia crysantha", "Tinggi_Pok": 6.0, "Silara_Pok": 3.0, "Catatan": null, "Ukur_Lilit": 30, "Northing": null, "Easthing": null, "Ln_TAGB_": 6.268, "TAGB": 527.421, "CO2_Stock": 263.711 }, "geometry": { "type": "MultiPolygon", "coordinates": [ [ [ [ 110.333047686656883, 1.566141232507811 ], [ 110.333042409648968, 1.566107695257323 ], [ 110.333027092815115, 1.5660774404902 ], [ 110.333003235474024, 1.56605342975394 ], [ 110.332973172948641, 1.566038013386643 ], [ 110.332939847968376, 1.566032700449655 ], [ 110.332906522614252, 1.566038011010117 ], [ 110.332876459003842, 1.566053425233187 ], [ 110.332852599972483, 1.56607743426729 ], [ 110.332837281008253, 1.566107687940869 ], [ 110.332832001638138, 1.566141224813699 ], [ 110.332837278643879, 1.566174762063169 ], [ 110.3328525954757, 1.56620501682975 ], [ 110.332876452815654, 1.566229027566179 ], [ 110.332906515341236, 1.566244443934284 ], [ 110.332939840322993, 1.566249756872391 ], [ 110.332973165679306, 1.566244446312966 ], [ 110.333003229291748, 1.566229032090419 ], [ 110.333027088324243, 1.566205023056146 ], [ 110.333042407288247, 1.566174769381766 ], [ 110.333047686656883, 1.566141232507811 ] ] ] ] } },
{ "type": "Feature", "properties": { "fid_1": 443.0, "Lokasi": "Jln. Ajibah Abol", "Pemilik": null, "Tarikh_Dit": null, "Jenis_Poko": "Tabebuia crysantha", "Tinggi_Pok": 6.0, "Silara_Pok": 3.0, "Catatan": null, "Ukur_Lilit": 30, "Northing": null, "Easthing": null, "Ln_TAGB_": 6.268, "TAGB": 527.421, "CO2_Stock": 263.711 }, "geometry": { "type": "MultiPolygon", "coordinates": [ [ [ [ 110.333005015982963, 1.566023888164751 ], [ 110.332999738975033, 1.565990350913658 ], [ 110.33298442214155, 1.565960096146086 ], [ 110.332960564801198, 1.565936085409506 ], [ 110.332930502276838, 1.565920669042138 ], [ 110.332897177297781, 1.56591535610529 ], [ 110.332863851944978, 1.56592066666607 ], [ 110.332833788335776, 1.565936080889674 ], [ 110.332809929305498, 1.565960089924376 ], [ 110.332794610342063, 1.565990343598643 ], [ 110.332789330972375, 1.56602388047215 ], [ 110.332794607978158, 1.566057417722202 ], [ 110.332809924809595, 1.566087672489246 ], [ 110.332833782148811, 1.566111683225989 ], [ 110.332863844673383, 1.566127099594159 ], [ 110.332897169653918, 1.566132412532139 ], [ 110.33293049500891, 1.566127101972387 ], [ 110.332960558620144, 1.566111687749331 ], [ 110.332984417651545, 1.566087678714444 ], [ 110.332999736614767, 1.566057425039375 ], [ 110.333005015982963, 1.566023888164751 ] ] ] ] } },
{ "type": "Feature", "properties": { "fid_1": 444.0, "Lokasi": "Jln. Ajibah Abol", "Pemilik": null, "Tarikh_Dit": null, "Jenis_Poko": "Tabebuia crysantha", "Tinggi_Pok": 7.0, "Silara_Pok": 4.0, "Catatan": null, "Ukur_Lilit": 30, "Northing": null, "Easthing": null, "Ln_TAGB_": 6.268, "TAGB": 527.421, "CO2_Stock": 263.711 }, "geometry": { "type": "MultiPolygon", "coordinates": [ [ [ [ 110.332884389285383, 1.566212623826772 ], [ 110.332879112279329, 1.566179086577387 ], [ 110.33286379544721, 1.566148831810682 ], [ 110.332839938107597, 1.566124821074073 ], [ 110.332809875583251, 1.566109404705756 ], [ 110.332776550603484, 1.566104091767159 ], [ 110.332743225249303, 1.566109402325563 ], [ 110.332713161638239, 1.56612481654637 ], [ 110.332689302605743, 1.566148825578155 ], [ 110.332673983639992, 1.566179079249647 ], [ 110.332668704268087, 1.566212616120799 ], [ 110.332673981271967, 1.566246153369159 ], [ 110.332689298102039, 1.566276408135346 ], [ 110.33271315544053, 1.566300418872107 ], [ 110.332743217965088, 1.566315835241213 ], [ 110.332776542946334, 1.566321148180952 ], [ 110.332809868302675, 1.566315837623588 ], [ 110.332839931915771, 1.566300423403319 ], [ 110.332863790949403, 1.566276414371346 ], [ 110.332879109914956, 1.566246160699067 ], [ 110.332884389285383, 1.566212623826772 ] ] ] ] } }
]
}
