{
"type": "FeatureCollection",
"name": "Trees_ReprojWGS2",
"crs": { "type": "name", "properties": { "name": "urn:ogc:def:crs:OGC:1.3:CRS84" } },
"features": [
{ "type": "Feature", "properties": { "fid_1": 163.0, "Lokasi": "Jalan_Satok", "Pemilik": "Dbku", "Tarikh_Dit": null, "Jenis_Poko": "TB2_Bucida", "Tinggi_Pok": 4.0, "Silara_Pok": 0.0, "Catatan": null, "Ukur_Lilit": 11, "Northing": null, "Easthing": null, "Ln_TAGB_": 4.065, "TAGB": 58.265, "CO2_Stock": 29.133 }, "geometry": { "type": "Point", "coordinates": [ 110.335090610012728, 1.553129956696398 ] } },
{ "type": "Feature", "properties": { "fid_1": 164.0, "Lokasi": "Jalan_Satok", "Pemilik": "Dbku", "Tarikh_Dit": null, "Jenis_Poko": "TB2_Bucida", "Tinggi_Pok": 4.0, "Silara_Pok": 0.0, "Catatan": null, "Ukur_Lilit": 10, "Northing": null, "Easthing": null, "Ln_TAGB_": 3.855, "TAGB": 47.229, "CO2_Stock": 23.614 }, "geometry": { "type": "Point", "coordinates": [ 110.335011020379397, 1.553131008541752 ] } },
{ "type": "Feature", "properties": { "fid_1": 165.0, "Lokasi": "Jalan_Satok", "Pemilik": "Dbku", "Tarikh_Dit": null, "Jenis_Poko": "TB2_Bucida", "Tinggi_Pok": 5.0, "Silara_Pok": 0.0, "Catatan": null, "Ukur_Lilit": 14, "Northing": null, "Easthing": null, "Ln_TAGB_": 4.594, "TAGB": 98.889, "CO2_Stock": 49.444 }, "geometry": { "type": "Point", "coordinates": [ 110.334940546739304, 1.553137319613961 ] } },
{ "type": "Feature", "properties": { "fid_1": 166.0, "Lokasi": "Jalan_Satok", "Pemilik": "Dbku", "Tarikh_Dit": null, "Jenis_Poko": "TB2_Bucida", "Tinggi_Pok": 5.0, "Silara_Pok": 0.0, "Catatan": null, "Ukur_Lilit": 10, "Northing": null, "Easthing": null, "Ln_TAGB_": 3.855, "TAGB": 47.229, "CO2_Stock": 23.614 }, "geometry": { "type": "Point", "coordinates": [ 110.334836063432107, 1.553139773919771 ] } },
{ "type": "Feature", "properties": { "fid_1": 167.0, "Lokasi": "Jalan_Satok", "Pemilik": "Dbku", "Tarikh_Dit": null, "Jenis_Poko": "TB2_Bucida", "Tinggi_Pok": 4.0, "Silara_Pok": 0.0, "Catatan": null, "Ukur_Lilit": 15, "Northing": null, "Easthing": null, "Ln_TAGB_": 4.746, "TAGB": 115.123, "CO2_Stock": 57.562 }, "geometry": { "type": "Point", "coordinates": [ 110.33473561219887, 1.553147662760052 ] } },
{ "type": "Feature", "properties": { "fid_1": 168.0, "Lokasi": "Jalan_Satok", "Pemilik": "Dbku", "Tarikh_Dit": null, "Jenis_Poko": "TM1_Mahogany", "Tinggi_Pok": 2.0, "Silara_Pok": 0.0, "Catatan": null, "Ukur_Lilit": 13, "Northing": null, "Easthing": null, "Ln_TAGB_": 4.432, "TAGB": 84.099, "CO2_Stock": 42.05 }, "geometry": { "type": "Point", "coordinates": [ 110.334430855811007, 1.553163600878047 ] } },
{ "type": "Feature", "properties": { "fid_1": 169.0, "Lokasi": "Jalan_Satok", "Pemilik": "Dbku", "Tarikh_Dit": null, "Jenis_Poko": "TM1_Mahogany", "Tinggi_Pok": 13.0, "Silara_Pok": 0.0, "Catatan": null, "Ukur_Lilit": 74, "Northing": null, "Easthing": null, "Ln_TAGB_": 8.251, "TAGB": 3831.455, "CO2_Stock": 1915.727 }, "geometry": { "type": "Point", "coordinates": [ 110.334373354930577, 1.553163776185569 ] } },
{ "type": "Feature", "properties": { "fid_1": 170.0, "Lokasi": "Jalan_Satok", "Pemilik": "Dbku", "Tarikh_Dit": null, "Jenis_Poko": "TM1_Mahogany", "Tinggi_Pok": 14.0, "Silara_Pok": 0.0, "Catatan": null, "Ukur_Lilit": 90, "Northing": null, "Easthing": null, "Ln_TAGB_": 8.681, "TAGB": 5889.934, "CO2_Stock": 2944.967 }, "geometry": { "type": "Point", "coordinates": [ 110.334315503434993, 1.553167457644359 ] } },
{ "type": "Feature", "properties": { "fid_1": 171.0, "Lokasi": "Jalan_Satok", "Pemilik": "Dbku", "Tarikh_Dit": null, "Jenis_Poko": "TM1_Mahogany", "Tinggi_Pok": 13.0, "Silara_Pok": 0.0, "Catatan": null, "Ukur_Lilit": 86, "Northing": null, "Easthing": null, "Ln_TAGB_": 8.581, "TAGB": 5329.432, "CO2_Stock": 2664.716 }, "geometry": { "type": "Point", "coordinates": [ 110.334251866789842, 1.553170613180461 ] } },
{ "type": "Feature", "properties": { "fid_1": 172.0, "Lokasi": "Jalan_Satok", "Pemilik": "Dbku", "Tarikh_Dit": null, "Jenis_Poko": "TM1_Mahogany", "Tinggi_Pok": 15.0, "Silara_Pok": 0.0, "Catatan": null, "Ukur_Lilit": 90, "Northing": null, "Easthing": null, "Ln_TAGB_": 8.681, "TAGB": 5889.934, "CO2_Stock": 2944.967 }, "geometry": { "type": "Point", "coordinates": [ 110.334205059670666, 1.553174294639251 ] } },
{ "type": "Feature", "properties": { "fid_1": 173.0, "Lokasi": "Jalan_Satok", "Pemilik": "Dbku", "Tarikh_Dit": null, "Jenis_Poko": "TM1_Mahogany", "Tinggi_Pok": 15.0, "Silara_Pok": 0.0, "Catatan": null, "Ukur_Lilit": 85, "Northing": null, "Easthing": null, "Ln_TAGB_": 8.555, "TAGB": 5192.653, "CO2_Stock": 2596.327 }, "geometry": { "type": "Point", "coordinates": [ 110.334147208175096, 1.553178502020744 ] } },
{ "type": "Feature", "properties": { "fid_1": 174.0, "Lokasi": "Jalan_Satok", "Pemilik": "Dbku", "Tarikh_Dit": null, "Jenis_Poko": "TM1_Mahogany", "Tinggi_Pok": 14.0, "Silara_Pok": 0.0, "Catatan": null, "Ukur_Lilit": 73, "Northing": null, "Easthing": null, "Ln_TAGB_": 8.221, "TAGB": 3718.219, "CO2_Stock": 1859.11 }, "geometry": { "type": "Point", "coordinates": [ 110.334076734535017, 1.553184813092954 ] } },
{ "type": "Feature", "properties": { "fid_1": 175.0, "Lokasi": "Jalan_Satok", "Pemilik": "Dbku", "Tarikh_Dit": null, "Jenis_Poko": "TM1_Mahogany", "Tinggi_Pok": 14.0, "Silara_Pok": 0.0, "Catatan": null, "Ukur_Lilit": 70, "Northing": null, "Easthing": null, "Ln_TAGB_": 8.129, "TAGB": 3391.406, "CO2_Stock": 1695.703 }, "geometry": { "type": "Point", "coordinates": [ 110.333991009137009, 1.553184813092913 ] } },
{ "type": "Feature", "properties": { "fid_1": 176.0, "Lokasi": "Jalan_Satok", "Pemilik": "Dbku", "Tarikh_Dit": null, "Jenis_Poko": "TB2_Bucida", "Tinggi_Pok": 4.0, "Silara_Pok": 0.0, "Catatan": null, "Ukur_Lilit": 10, "Northing": null, "Easthing": null, "Ln_TAGB_": 3.855, "TAGB": 47.229, "CO2_Stock": 23.614 }, "geometry": { "type": "Point", "coordinates": [ 110.333827312010769, 1.55319314211068 ] } },
{ "type": "Feature", "properties": { "fid_1": 177.0, "Lokasi": "Jalan_Satok", "Pemilik": "Dbku", "Tarikh_Dit": null, "Jenis_Poko": "TB2_Bucida", "Tinggi_Pok": 5.0, "Silara_Pok": 0.0, "Catatan": null, "Ukur_Lilit": 13, "Northing": null, "Easthing": null, "Ln_TAGB_": 4.432, "TAGB": 84.099, "CO2_Stock": 42.05 }, "geometry": { "type": "Point", "coordinates": [ 110.333781030814293, 1.553192791495536 ] } },
{ "type": "Feature", "properties": { "fid_1": 178.0, "Lokasi": "Jalan_Satok", "Pemilik": "Dbku", "Tarikh_Dit": null, "Jenis_Poko": "TB2_Bucida", "Tinggi_Pok": 5.0, "Silara_Pok": 0.0, "Catatan": null, "Ukur_Lilit": 11, "Northing": null, "Easthing": null, "Ln_TAGB_": 4.065, "TAGB": 58.265, "CO2_Stock": 29.133 }, "geometry": { "type": "Point", "coordinates": [ 110.333734749617832, 1.553198050722399 ] } },
{ "type": "Feature", "properties": { "fid_1": 179.0, "Lokasi": "Jalan_Satok", "Pemilik": "Dbku", "Tarikh_Dit": null, "Jenis_Poko": "TB2_Bucida", "Tinggi_Pok": 4.0, "Silara_Pok": 0.0, "Catatan": null, "Ukur_Lilit": 12, "Northing": null, "Easthing": null, "Ln_TAGB_": 4.256, "TAGB": 70.527, "CO2_Stock": 35.264 }, "geometry": { "type": "Point", "coordinates": [ 110.333675145046627, 1.553199453182881 ] } },
{ "type": "Feature", "properties": { "fid_1": 180.0, "Lokasi": "Jalan_Satok", "Pemilik": "Dbku", "Tarikh_Dit": null, "Jenis_Poko": "TB2_Bucida", "Tinggi_Pok": 5.0, "Silara_Pok": 0.0, "Catatan": null, "Ukur_Lilit": 12, "Northing": null, "Easthing": null, "Ln_TAGB_": 4.256, "TAGB": 70.527, "CO2_Stock": 35.264 }, "geometry": { "type": "Point", "coordinates": [ 110.333622903393035, 1.553206816100482 ] } },
{ "type": "Feature", "properties": { "fid_1": 181.0, "Lokasi": "Jalan_Satok", "Pemilik": "Dbku", "Tarikh_Dit": null, "Jenis_Poko": "TB2_Bucida", "Tinggi_Pok": 5.0, "Silara_Pok": 0.0, "Catatan": null, "Ukur_Lilit": 12, "Northing": null, "Easthing": null, "Ln_TAGB_": 4.256, "TAGB": 70.527, "CO2_Stock": 35.264 }, "geometry": { "type": "Point", "coordinates": [ 110.333570486431896, 1.553207692638264 ] } },
{ "type": "Feature", "properties": { "fid_1": 182.0, "Lokasi": "Jalan_Satok", "Pemilik": "Dbku", "Tarikh_Dit": null, "Jenis_Poko": "TB2_Bucida", "Tinggi_Pok": 4.0, "Silara_Pok": 0.0, "Catatan": null, "Ukur_Lilit": 15, "Northing": null, "Easthing": null, "Ln_TAGB_": 4.746, "TAGB": 115.123, "CO2_Stock": 57.562 }, "geometry": { "type": "Point", "coordinates": [ 110.333519822546378, 1.553211374097069 ] } },
{ "type": "Feature", "properties": { "fid_1": 183.0, "Lokasi": "Jalan_Satok", "Pemilik": "Dbku", "Tarikh_Dit": null, "Jenis_Poko": "TB2_Bucida", "Tinggi_Pok": 4.0, "Silara_Pok": 0.0, "Catatan": null, "Ukur_Lilit": 10, "Northing": null, "Easthing": null, "Ln_TAGB_": 3.855, "TAGB": 47.229, "CO2_Stock": 23.614 }, "geometry": { "type": "Point", "coordinates": [ 110.333372705259848, 1.55321447744538 ] } },
{ "type": "Feature", "properties": { "fid_1": 184.0, "Lokasi": "Jalan_Satok", "Pemilik": "Dbku", "Tarikh_Dit": null, "Jenis_Poko": "TB2_Bucida", "Tinggi_Pok": 4.0, "Silara_Pok": 0.0, "Catatan": null, "Ukur_Lilit": 13, "Northing": null, "Easthing": null, "Ln_TAGB_": 4.432, "TAGB": 84.099, "CO2_Stock": 42.05 }, "geometry": { "type": "Point", "coordinates": [ 110.333319061145744, 1.553215879905848 ] } },
{ "type": "Feature", "properties": { "fid_1": 185.0, "Lokasi": "Jalan_Satok", "Pemilik": "Dbku", "Tarikh_Dit": null, "Jenis_Poko": "TB2_Bucida", "Tinggi_Pok": 4.0, "Silara_Pok": 0.0, "Catatan": null, "Ukur_Lilit": 16, "Northing": null, "Easthing": null, "Ln_TAGB_": 4.888, "TAGB": 132.688, "CO2_Stock": 66.344 }, "geometry": { "type": "Point", "coordinates": [ 110.333268221952665, 1.553221489747837 ] } },
{ "type": "Feature", "properties": { "fid_1": 186.0, "Lokasi": "Jalan_Satok", "Pemilik": "Dbku", "Tarikh_Dit": null, "Jenis_Poko": "TB2_Bucida", "Tinggi_Pok": 4.0, "Silara_Pok": 0.0, "Catatan": null, "Ukur_Lilit": 14, "Northing": null, "Easthing": null, "Ln_TAGB_": 4.594, "TAGB": 98.889, "CO2_Stock": 49.444 }, "geometry": { "type": "Point", "coordinates": [ 110.332950922101034, 1.55324730103735 ] } },
{ "type": "Feature", "properties": { "fid_1": 187.0, "Lokasi": "Jalan_Satok", "Pemilik": "Dbku", "Tarikh_Dit": null, "Jenis_Poko": "TB2_Bucida", "Tinggi_Pok": 4.0, "Silara_Pok": 0.0, "Catatan": null, "Ukur_Lilit": 14, "Northing": null, "Easthing": null, "Ln_TAGB_": 4.594, "TAGB": 98.889, "CO2_Stock": 49.444 }, "geometry": { "type": "Point", "coordinates": [ 110.332892018760077, 1.553249404728055 ] } },
{ "type": "Feature", "properties": { "fid_1": 188.0, "Lokasi": "Jalan_Satok", "Pemilik": "Dbku", "Tarikh_Dit": null, "Jenis_Poko": "TB2_Bucida", "Tinggi_Pok": 4.0, "Silara_Pok": 0.0, "Catatan": null, "Ukur_Lilit": 11, "Northing": null, "Easthing": null, "Ln_TAGB_": 4.065, "TAGB": 58.265, "CO2_Stock": 29.133 }, "geometry": { "type": "Point", "coordinates": [ 110.33283451787959, 1.553255014570033 ] } },
{ "type": "Feature", "properties": { "fid_1": 189.0, "Lokasi": "Jalan_Satok", "Pemilik": "Dbku", "Tarikh_Dit": null, "Jenis_Poko": "TB2_Bucida", "Tinggi_Pok": 4.0, "Silara_Pok": 0.0, "Catatan": null, "Ukur_Lilit": 14, "Northing": null, "Easthing": null, "Ln_TAGB_": 4.594, "TAGB": 98.889, "CO2_Stock": 49.444 }, "geometry": { "type": "Point", "coordinates": [ 110.332626603110626, 1.553265533023714 ] } },
{ "type": "Feature", "properties": { "fid_1": 190.0, "Lokasi": "Jalan_Satok", "Pemilik": "Dbku", "Tarikh_Dit": null, "Jenis_Poko": "TB2_Bucida", "Tinggi_Pok": 4.0, "Silara_Pok": 0.0, "Catatan": null, "Ukur_Lilit": 12, "Northing": null, "Easthing": null, "Ln_TAGB_": 4.256, "TAGB": 70.527, "CO2_Stock": 35.264 }, "geometry": { "type": "Point", "coordinates": [ 110.332575413302408, 1.553266234253923 ] } },
{ "type": "Feature", "properties": { "fid_1": 191.0, "Lokasi": "Jalan_Satok", "Pemilik": "Dbku", "Tarikh_Dit": null, "Jenis_Poko": "TB2_Bucida", "Tinggi_Pok": 4.0, "Silara_Pok": 0.0, "Catatan": null, "Ukur_Lilit": 10, "Northing": null, "Easthing": null, "Ln_TAGB_": 3.855, "TAGB": 47.229, "CO2_Stock": 23.614 }, "geometry": { "type": "Point", "coordinates": [ 110.332518964267308, 1.553272194711032 ] } },
{ "type": "Feature", "properties": { "fid_1": 192.0, "Lokasi": "Jalan_Satok", "Pemilik": "Dbku", "Tarikh_Dit": null, "Jenis_Poko": "TB2_Bucida", "Tinggi_Pok": 4.0, "Silara_Pok": 0.0, "Catatan": null, "Ukur_Lilit": 11, "Northing": null, "Easthing": null, "Ln_TAGB_": 4.065, "TAGB": 58.265, "CO2_Stock": 29.133 }, "geometry": { "type": "Point", "coordinates": [ 110.33246461892297, 1.553274649016894 ] } },
{ "type": "Feature", "properties": { "fid_1": 193.0, "Lokasi": "Jalan_Satok", "Pemilik": "Dbku", "Tarikh_Dit": null, "Jenis_Poko": "TB2_Bucida", "Tinggi_Pok": 4.0, "Silara_Pok": 0.0, "Catatan": null, "Ukur_Lilit": 13, "Northing": null, "Easthing": null, "Ln_TAGB_": 4.432, "TAGB": 84.099, "CO2_Stock": 42.05 }, "geometry": { "type": "Point", "coordinates": [ 110.332312503234206, 1.553283406988426 ] } },
{ "type": "Feature", "properties": { "fid_1": 194.0, "Lokasi": "Jalan_Satok", "Pemilik": "Dbku", "Tarikh_Dit": null, "Jenis_Poko": "TB2_Bucida", "Tinggi_Pok": 4.0, "Silara_Pok": 0.0, "Catatan": null, "Ukur_Lilit": 15, "Northing": null, "Easthing": null, "Ln_TAGB_": 4.746, "TAGB": 115.123, "CO2_Stock": 57.562 }, "geometry": { "type": "Point", "coordinates": [ 110.332245185130247, 1.55328568598671 ] } },
{ "type": "Feature", "properties": { "fid_1": 195.0, "Lokasi": "Jalan_Satok", "Pemilik": "Dbku", "Tarikh_Dit": null, "Jenis_Poko": "TB2_Bucida", "Tinggi_Pok": 4.0, "Silara_Pok": 0.0, "Catatan": null, "Ukur_Lilit": 10, "Northing": null, "Easthing": null, "Ln_TAGB_": 3.855, "TAGB": 47.229, "CO2_Stock": 23.614 }, "geometry": { "type": "Point", "coordinates": [ 110.33219452124473, 1.553290769905986 ] } },
{ "type": "Feature", "properties": { "fid_1": 196.0, "Lokasi": "Jalan_Satok", "Pemilik": "Dbku", "Tarikh_Dit": null, "Jenis_Poko": "TB2_Bucida", "Tinggi_Pok": 4.0, "Silara_Pok": 0.0, "Catatan": null, "Ukur_Lilit": 14, "Northing": null, "Easthing": null, "Ln_TAGB_": 4.594, "TAGB": 98.889, "CO2_Stock": 49.444 }, "geometry": { "type": "Point", "coordinates": [ 110.332138809818289, 1.553291040273803 ] } },
{ "type": "Feature", "properties": { "fid_1": 197.0, "Lokasi": "Jalan_Satok", "Pemilik": "Dbku", "Tarikh_Dit": null, "Jenis_Poko": "TB2_Bucida", "Tinggi_Pok": 4.0, "Silara_Pok": 0.0, "Catatan": null, "Ukur_Lilit": 14, "Northing": null, "Easthing": null, "Ln_TAGB_": 4.594, "TAGB": 98.889, "CO2_Stock": 49.444 }, "geometry": { "type": "Point", "coordinates": [ 110.332087707663831, 1.553292442734295 ] } },
{ "type": "Feature", "properties": { "fid_1": 198.0, "Lokasi": "Jalan_Satok", "Pemilik": "Dbku", "Tarikh_Dit": null, "Jenis_Poko": "TB2_Bucida", "Tinggi_Pok": 5.0, "Silara_Pok": 0.0, "Catatan": null, "Ukur_Lilit": 14, "Northing": null, "Easthing": null, "Ln_TAGB_": 4.594, "TAGB": 98.889, "CO2_Stock": 49.444 }, "geometry": { "type": "Point", "coordinates": [ 110.331913286294991, 1.553300229079216 ] } },
{ "type": "Feature", "properties": { "fid_1": 199.0, "Lokasi": "Jalan_Satok", "Pemilik": "Dbku", "Tarikh_Dit": null, "Jenis_Poko": "TB2_Bucida", "Tinggi_Pok": 5.0, "Silara_Pok": 0.0, "Catatan": null, "Ukur_Lilit": 13, "Northing": null, "Easthing": null, "Ln_TAGB_": 4.432, "TAGB": 84.099, "CO2_Stock": 42.05 }, "geometry": { "type": "Point", "coordinates": [ 110.331856661952344, 1.553303910538008 ] } },
{ "type": "Feature", "properties": { "fid_1": 200.0, "Lokasi": "Jalan_Satok", "Pemilik": "Dbku", "Tarikh_Dit": null, "Jenis_Poko": "TB2_Bucida", "Tinggi_Pok": 5.0, "Silara_Pok": 0.0, "Catatan": null, "Ukur_Lilit": 12, "Northing": null, "Easthing": null, "Ln_TAGB_": 4.256, "TAGB": 70.527, "CO2_Stock": 35.264 }, "geometry": { "type": "Point", "coordinates": [ 110.331688444688922, 1.55331089674657 ] } },
{ "type": "Feature", "properties": { "fid_1": 201.0, "Lokasi": "Jalan_Satok", "Pemilik": "Dbku", "Tarikh_Dit": null, "Jenis_Poko": "TB2_Bucida", "Tinggi_Pok": 5.0, "Silara_Pok": 0.0, "Catatan": null, "Ukur_Lilit": 12, "Northing": null, "Easthing": null, "Ln_TAGB_": 4.256, "TAGB": 70.527, "CO2_Stock": 35.264 }, "geometry": { "type": "Point", "coordinates": [ 110.331616568588345, 1.553314578205336 ] } },
{ "type": "Feature", "properties": { "fid_1": 202.0, "Lokasi": "Jalan_Satok", "Pemilik": "Dbku", "Tarikh_Dit": null, "Jenis_Poko": "TB2_Bucida", "Tinggi_Pok": 5.0, "Silara_Pok": 0.0, "Catatan": null, "Ukur_Lilit": 10, "Northing": null, "Easthing": null, "Ln_TAGB_": 3.855, "TAGB": 47.229, "CO2_Stock": 23.614 }, "geometry": { "type": "Point", "coordinates": [ 110.331545218410483, 1.553318259664114 ] } },
{ "type": "Feature", "properties": { "fid_1": 203.0, "Lokasi": "Jalan_Satok", "Pemilik": "Dbku", "Tarikh_Dit": null, "Jenis_Poko": "TB2_Bucida", "Tinggi_Pok": 5.0, "Silara_Pok": 0.0, "Catatan": null, "Ukur_Lilit": 13, "Northing": null, "Easthing": null, "Ln_TAGB_": 4.432, "TAGB": 84.099, "CO2_Stock": 42.05 }, "geometry": { "type": "Point", "coordinates": [ 110.331473517617454, 1.553321590507758 ] } },
{ "type": "Feature", "properties": { "fid_1": 204.0, "Lokasi": "Jalan_Satok", "Pemilik": "Dbku", "Tarikh_Dit": null, "Jenis_Poko": "TB2_Bucida", "Tinggi_Pok": 5.0, "Silara_Pok": 0.0, "Catatan": null, "Ukur_Lilit": 10, "Northing": null, "Easthing": null, "Ln_TAGB_": 3.855, "TAGB": 47.229, "CO2_Stock": 23.614 }, "geometry": { "type": "Point", "coordinates": [ 110.331405585936906, 1.553325359620326 ] } },
{ "type": "Feature", "properties": { "fid_1": 205.0, "Lokasi": "Jalan_Satok", "Pemilik": "Dbku", "Tarikh_Dit": null, "Jenis_Poko": "TB2_Bucida", "Tinggi_Pok": 5.0, "Silara_Pok": 0.0, "Catatan": null, "Ukur_Lilit": 16, "Northing": null, "Easthing": null, "Ln_TAGB_": 4.888, "TAGB": 132.688, "CO2_Stock": 66.344 }, "geometry": { "type": "Point", "coordinates": [ 110.331336525713965, 1.553329665612293 ] } },
{ "type": "Feature", "properties": { "fid_1": 206.0, "Lokasi": "Jalan_Satok", "Pemilik": "Dbku", "Tarikh_Dit": null, "Jenis_Poko": "TB2_Bucida", "Tinggi_Pok": 5.0, "Silara_Pok": 0.0, "Catatan": null, "Ukur_Lilit": 13, "Northing": null, "Easthing": null, "Ln_TAGB_": 4.432, "TAGB": 84.099, "CO2_Stock": 42.05 }, "geometry": { "type": "Point", "coordinates": [ 110.331200193756047, 1.553346182107902 ] } },
{ "type": "Feature", "properties": { "fid_1": 207.0, "Lokasi": "Jalan_Satok", "Pemilik": "Dbku", "Tarikh_Dit": null, "Jenis_Poko": "TB2_Bucida", "Tinggi_Pok": 5.0, "Silara_Pok": 0.0, "Catatan": null, "Ukur_Lilit": 13, "Northing": null, "Easthing": null, "Ln_TAGB_": 4.432, "TAGB": 84.099, "CO2_Stock": 42.05 }, "geometry": { "type": "Point", "coordinates": [ 110.331118544258885, 1.553348400844203 ] } },
{ "type": "Feature", "properties": { "fid_1": 208.0, "Lokasi": "Jalan_Satok", "Pemilik": "Dbku", "Tarikh_Dit": null, "Jenis_Poko": "TB2_Bucida", "Tinggi_Pok": 4.0, "Silara_Pok": 0.0, "Catatan": null, "Ukur_Lilit": 12, "Northing": null, "Easthing": null, "Ln_TAGB_": 4.256, "TAGB": 70.527, "CO2_Stock": 35.264 }, "geometry": { "type": "Point", "coordinates": [ 110.331067957070417, 1.553352172695954 ] } },
{ "type": "Feature", "properties": { "fid_1": 209.0, "Lokasi": "Jalan_Satok", "Pemilik": "Dbku", "Tarikh_Dit": null, "Jenis_Poko": "TB2_Bucida", "Tinggi_Pok": 5.0, "Silara_Pok": 0.0, "Catatan": null, "Ukur_Lilit": 14, "Northing": null, "Easthing": null, "Ln_TAGB_": 4.594, "TAGB": 98.889, "CO2_Stock": 49.444 }, "geometry": { "type": "Point", "coordinates": [ 110.331025357332734, 1.55335439143226 ] } },
{ "type": "Feature", "properties": { "fid_1": 210.0, "Lokasi": "Jalan_Satok", "Pemilik": "Dbku", "Tarikh_Dit": null, "Jenis_Poko": "TB2_Bucida", "Tinggi_Pok": 5.0, "Silara_Pok": 0.0, "Catatan": null, "Ukur_Lilit": 10, "Northing": null, "Easthing": null, "Ln_TAGB_": 3.855, "TAGB": 47.229, "CO2_Stock": 23.614 }, "geometry": { "type": "Point", "coordinates": [ 110.330933723522051, 1.553359938273087 ] } },
{ "type": "Feature", "properties": { "fid_1": 211.0, "Lokasi": "Jalan_Satok", "Pemilik": "Dbku", "Tarikh_Dit": null, "Jenis_Poko": "TB2_Bucida", "Tinggi_Pok": 5.0, "Silara_Pok": 0.0, "Catatan": null, "Ukur_Lilit": 16, "Northing": null, "Easthing": null, "Ln_TAGB_": 4.888, "TAGB": 132.688, "CO2_Stock": 66.344 }, "geometry": { "type": "Point", "coordinates": [ 110.330895339383417, 1.553361269514859 ] } },
{ "type": "Feature", "properties": { "fid_1": 212.0, "Lokasi": "Jalan_Satok", "Pemilik": "Dbku", "Tarikh_Dit": null, "Jenis_Poko": "TB2_Bucida", "Tinggi_Pok": 5.0, "Silara_Pok": 0.0, "Catatan": null, "Ukur_Lilit": 13, "Northing": null, "Easthing": null, "Ln_TAGB_": 4.432, "TAGB": 84.099, "CO2_Stock": 42.05 }, "geometry": { "type": "Point", "coordinates": [ 110.330736560517309, 1.553366696852778 ] } },
{ "type": "Feature", "properties": { "fid_1": 213.0, "Lokasi": "Jalan_Satok", "Pemilik": "Dbku", "Tarikh_Dit": null, "Jenis_Poko": "TB2_Bucida", "Tinggi_Pok": 5.0, "Silara_Pok": 0.0, "Catatan": null, "Ukur_Lilit": 14, "Northing": null, "Easthing": null, "Ln_TAGB_": 4.594, "TAGB": 98.889, "CO2_Stock": 49.444 }, "geometry": { "type": "Point", "coordinates": [ 110.330662454723665, 1.553372021819942 ] } },
{ "type": "Feature", "properties": { "fid_1": 214.0, "Lokasi": "Jalan_Satok", "Pemilik": "Dbku", "Tarikh_Dit": null, "Jenis_Poko": "TB2_Bucida", "Tinggi_Pok": 5.0, "Silara_Pok": 0.0, "Catatan": null, "Ukur_Lilit": 12, "Northing": null, "Easthing": null, "Ln_TAGB_": 4.256, "TAGB": 70.527, "CO2_Stock": 35.264 }, "geometry": { "type": "Point", "coordinates": [ 110.329831449964459, 1.553420035189603 ] } },
{ "type": "Feature", "properties": { "fid_1": 215.0, "Lokasi": "Jalan_Satok", "Pemilik": "Dbku", "Tarikh_Dit": null, "Jenis_Poko": "TB2_Bucida", "Tinggi_Pok": 5.0, "Silara_Pok": 0.0, "Catatan": null, "Ukur_Lilit": 10, "Northing": null, "Easthing": null, "Ln_TAGB_": 3.855, "TAGB": 47.229, "CO2_Stock": 23.614 }, "geometry": { "type": "Point", "coordinates": [ 110.329730941208382, 1.553421033620903 ] } },
{ "type": "Feature", "properties": { "fid_1": 216.0, "Lokasi": "Jalan_Satok", "Pemilik": "Dbku", "Tarikh_Dit": null, "Jenis_Poko": "TB2_Bucida", "Tinggi_Pok": 5.0, "Silara_Pok": 0.0, "Catatan": null, "Ukur_Lilit": 12, "Northing": null, "Easthing": null, "Ln_TAGB_": 4.256, "TAGB": 70.527, "CO2_Stock": 35.264 }, "geometry": { "type": "Point", "coordinates": [ 110.329676360294542, 1.553427689829906 ] } },
{ "type": "Feature", "properties": { "fid_1": 217.0, "Lokasi": "Jalan_Satok", "Pemilik": "Dbku", "Tarikh_Dit": null, "Jenis_Poko": "TB2_Bucida", "Tinggi_Pok": 5.0, "Silara_Pok": 0.0, "Catatan": null, "Ukur_Lilit": 14, "Northing": null, "Easthing": null, "Ln_TAGB_": 4.594, "TAGB": 98.889, "CO2_Stock": 49.444 }, "geometry": { "type": "Point", "coordinates": [ 110.329621113759757, 1.553427689829874 ] } },
{ "type": "Feature", "properties": { "fid_1": 218.0, "Lokasi": "Jalan_Satok", "Pemilik": "Dbku", "Tarikh_Dit": null, "Jenis_Poko": "TB2_Bucida", "Tinggi_Pok": 5.0, "Silara_Pok": 0.0, "Catatan": null, "Ukur_Lilit": 16, "Northing": null, "Easthing": null, "Ln_TAGB_": 4.888, "TAGB": 132.688, "CO2_Stock": 66.344 }, "geometry": { "type": "Point", "coordinates": [ 110.329563204741376, 1.553435011659782 ] } },
{ "type": "Feature", "properties": { "fid_1": 219.0, "Lokasi": "Jalan_Satok", "Pemilik": "Dbku", "Tarikh_Dit": null, "Jenis_Poko": "TB2_Bucida", "Tinggi_Pok": 4.0, "Silara_Pok": 0.0, "Catatan": null, "Ukur_Lilit": 15, "Northing": null, "Easthing": null, "Ln_TAGB_": 4.746, "TAGB": 115.123, "CO2_Stock": 57.562 }, "geometry": { "type": "Point", "coordinates": [ 110.32951328317381, 1.553436010091093 ] } },
{ "type": "Feature", "properties": { "fid_1": 220.0, "Lokasi": "Jalan_Satok", "Pemilik": "Dbku", "Tarikh_Dit": null, "Jenis_Poko": "TB2_Bucida", "Tinggi_Pok": 4.0, "Silara_Pok": 0.0, "Catatan": null, "Ukur_Lilit": 11, "Northing": null, "Easthing": null, "Ln_TAGB_": 4.065, "TAGB": 58.265, "CO2_Stock": 29.133 }, "geometry": { "type": "Point", "coordinates": [ 110.329464027227132, 1.553441002247846 ] } },
{ "type": "Feature", "properties": { "fid_1": 221.0, "Lokasi": "Jalan_Satok", "Pemilik": "Dbku", "Tarikh_Dit": null, "Jenis_Poko": "TB2_Bucida", "Tinggi_Pok": 5.0, "Silara_Pok": 0.0, "Catatan": null, "Ukur_Lilit": 13, "Northing": null, "Easthing": null, "Ln_TAGB_": 4.432, "TAGB": 84.099, "CO2_Stock": 42.05 }, "geometry": { "type": "Point", "coordinates": [ 110.329230778228563, 1.553453679371303 ] } },
{ "type": "Feature", "properties": { "fid_1": 222.0, "Lokasi": "Jalan_Satok", "Pemilik": "Dbku", "Tarikh_Dit": null, "Jenis_Poko": "TB2_Bucida", "Tinggi_Pok": 4.0, "Silara_Pok": 0.0, "Catatan": null, "Ukur_Lilit": 14, "Northing": null, "Easthing": null, "Ln_TAGB_": 4.594, "TAGB": 98.889, "CO2_Stock": 49.444 }, "geometry": { "type": "Point", "coordinates": [ 110.32917087234749, 1.553456608103234 ] } },
{ "type": "Feature", "properties": { "fid_1": 223.0, "Lokasi": "Jalan_Satok", "Pemilik": "Dbku", "Tarikh_Dit": null, "Jenis_Poko": "TB2_Bucida", "Tinggi_Pok": 5.0, "Silara_Pok": 0.0, "Catatan": null, "Ukur_Lilit": 12, "Northing": null, "Easthing": null, "Ln_TAGB_": 4.256, "TAGB": 70.527, "CO2_Stock": 35.264 }, "geometry": { "type": "Point", "coordinates": [ 110.328838594393702, 1.553469121776019 ] } },
{ "type": "Feature", "properties": { "fid_1": 224.0, "Lokasi": "Jalan_Satok", "Pemilik": "Dbku", "Tarikh_Dit": null, "Jenis_Poko": "TB2_Bucida", "Tinggi_Pok": 5.0, "Silara_Pok": 0.0, "Catatan": null, "Ukur_Lilit": 16, "Northing": null, "Easthing": null, "Ln_TAGB_": 4.888, "TAGB": 132.688, "CO2_Stock": 66.344 }, "geometry": { "type": "Point", "coordinates": [ 110.328781084747874, 1.553469920521064 ] } },
{ "type": "Feature", "properties": { "fid_1": 225.0, "Lokasi": "Jalan_Satok", "Pemilik": "Dbku", "Tarikh_Dit": null, "Jenis_Poko": "TB2_Bucida", "Tinggi_Pok": 5.0, "Silara_Pok": 0.0, "Catatan": null, "Ukur_Lilit": 11, "Northing": null, "Easthing": null, "Ln_TAGB_": 4.065, "TAGB": 58.265, "CO2_Stock": 29.133 }, "geometry": { "type": "Point", "coordinates": [ 110.328729965062678, 1.553475777984968 ] } },
{ "type": "Feature", "properties": { "fid_1": 226.0, "Lokasi": "Jalan_Satok", "Pemilik": "Dbku", "Tarikh_Dit": null, "Jenis_Poko": "TB2_Bucida", "Tinggi_Pok": 5.0, "Silara_Pok": 0.0, "Catatan": null, "Ukur_Lilit": 14, "Northing": null, "Easthing": null, "Ln_TAGB_": 4.594, "TAGB": 98.889, "CO2_Stock": 49.444 }, "geometry": { "type": "Point", "coordinates": [ 110.328652220541429, 1.553481901697232 ] } },
{ "type": "Feature", "properties": { "fid_1": 227.0, "Lokasi": "Jalan_Satok", "Pemilik": "Dbku", "Tarikh_Dit": null, "Jenis_Poko": "TB2_Bucida", "Tinggi_Pok": 5.0, "Silara_Pok": 0.0, "Catatan": null, "Ukur_Lilit": 10, "Northing": null, "Easthing": null, "Ln_TAGB_": 3.855, "TAGB": 47.229, "CO2_Stock": 23.614 }, "geometry": { "type": "Point", "coordinates": [ 110.328571547288249, 1.55348376543573 ] } },
{ "type": "Feature", "properties": { "fid_1": 228.0, "Lokasi": "Jalan_Satok", "Pemilik": "Dbku", "Tarikh_Dit": null, "Jenis_Poko": "TB2_Bucida", "Tinggi_Pok": 5.0, "Silara_Pok": 0.0, "Catatan": null, "Ukur_Lilit": 12, "Northing": null, "Easthing": null, "Ln_TAGB_": 4.256, "TAGB": 70.527, "CO2_Stock": 35.264 }, "geometry": { "type": "Point", "coordinates": [ 110.328362594216856, 1.553497170630485 ] } },
{ "type": "Feature", "properties": { "fid_1": 229.0, "Lokasi": "Jalan_Satok", "Pemilik": "Dbku", "Tarikh_Dit": null, "Jenis_Poko": "TB2_Bucida", "Tinggi_Pok": 5.0, "Silara_Pok": 0.0, "Catatan": null, "Ukur_Lilit": 12, "Northing": null, "Easthing": null, "Ln_TAGB_": 4.256, "TAGB": 70.527, "CO2_Stock": 35.264 }, "geometry": { "type": "Point", "coordinates": [ 110.328321325720978, 1.553500099362424 ] } },
{ "type": "Feature", "properties": { "fid_1": 230.0, "Lokasi": "Jalan_Satok", "Pemilik": "Dbku", "Tarikh_Dit": null, "Jenis_Poko": "TB2_Bucida", "Tinggi_Pok": 5.0, "Silara_Pok": 0.0, "Catatan": null, "Ukur_Lilit": 12, "Northing": null, "Easthing": null, "Ln_TAGB_": 4.256, "TAGB": 70.527, "CO2_Stock": 35.264 }, "geometry": { "type": "Point", "coordinates": [ 110.3281621092015, 1.553510216800068 ] } },
{ "type": "Feature", "properties": { "fid_1": 231.0, "Lokasi": "Jalan_Satok", "Pemilik": "Dbku", "Tarikh_Dit": null, "Jenis_Poko": "TB2_Bucida", "Tinggi_Pok": 6.0, "Silara_Pok": 0.0, "Catatan": null, "Ukur_Lilit": 12, "Northing": null, "Easthing": null, "Ln_TAGB_": 4.256, "TAGB": 70.527, "CO2_Stock": 35.264 }, "geometry": { "type": "Point", "coordinates": [ 110.328114184496627, 1.553512879283637 ] } },
{ "type": "Feature", "properties": { "fid_1": 232.0, "Lokasi": "Jalan_Satok", "Pemilik": "Dbku", "Tarikh_Dit": null, "Jenis_Poko": "TB2_Bucida", "Tinggi_Pok": 6.0, "Silara_Pok": 0.0, "Catatan": null, "Ukur_Lilit": 16, "Northing": null, "Easthing": null, "Ln_TAGB_": 4.888, "TAGB": 132.688, "CO2_Stock": 66.344 }, "geometry": { "type": "Point", "coordinates": [ 110.328053479870462, 1.553515541767233 ] } },
{ "type": "Feature", "properties": { "fid_1": 233.0, "Lokasi": "Jalan_Satok", "Pemilik": "Dbku", "Tarikh_Dit": null, "Jenis_Poko": "TB2_Bucida", "Tinggi_Pok": 4.0, "Silara_Pok": 0.0, "Catatan": null, "Ukur_Lilit": 15, "Northing": null, "Easthing": null, "Ln_TAGB_": 4.746, "TAGB": 115.123, "CO2_Stock": 57.562 }, "geometry": { "type": "Point", "coordinates": [ 110.327849799874741, 1.553528055440083 ] } },
{ "type": "Feature", "properties": { "fid_1": 234.0, "Lokasi": "Jalan_Satok", "Pemilik": "Dbku", "Tarikh_Dit": null, "Jenis_Poko": "TB2_Bucida", "Tinggi_Pok": 4.0, "Silara_Pok": 0.0, "Catatan": null, "Ukur_Lilit": 12, "Northing": null, "Easthing": null, "Ln_TAGB_": 4.256, "TAGB": 70.527, "CO2_Stock": 35.264 }, "geometry": { "type": "Point", "coordinates": [ 110.327703895773254, 1.553537107884264 ] } },
{ "type": "Feature", "properties": { "fid_1": 235.0, "Lokasi": "Jalan_Satok", "Pemilik": "Dbku", "Tarikh_Dit": null, "Jenis_Poko": "TB2_Bucida", "Tinggi_Pok": 4.0, "Silara_Pok": 0.0, "Catatan": null, "Ukur_Lilit": 11, "Northing": null, "Easthing": null, "Ln_TAGB_": 4.065, "TAGB": 58.265, "CO2_Stock": 29.133 }, "geometry": { "type": "Point", "coordinates": [ 110.327433686559715, 1.553550508967286 ] } },
{ "type": "Feature", "properties": { "fid_1": 236.0, "Lokasi": "Jalan_Satok", "Pemilik": "Dbku", "Tarikh_Dit": null, "Jenis_Poko": "TB2_Bucida", "Tinggi_Pok": 4.0, "Silara_Pok": 0.0, "Catatan": null, "Ukur_Lilit": 14, "Northing": null, "Easthing": null, "Ln_TAGB_": 4.594, "TAGB": 98.889, "CO2_Stock": 49.444 }, "geometry": { "type": "Point", "coordinates": [ 110.327102473599467, 1.553575270064702 ] } },
{ "type": "Feature", "properties": { "fid_1": 237.0, "Lokasi": "Jalan_Satok", "Pemilik": "Dbku", "Tarikh_Dit": null, "Jenis_Poko": "TB2_Bucida", "Tinggi_Pok": 4.0, "Silara_Pok": 0.0, "Catatan": null, "Ukur_Lilit": 14, "Northing": null, "Easthing": null, "Ln_TAGB_": 4.594, "TAGB": 98.889, "CO2_Stock": 49.444 }, "geometry": { "type": "Point", "coordinates": [ 110.326972011902853, 1.553577400051517 ] } },
{ "type": "Feature", "properties": { "fid_1": 238.0, "Lokasi": "Jalan_Satok", "Pemilik": "Dbku", "Tarikh_Dit": null, "Jenis_Poko": "TB2_Bucida", "Tinggi_Pok": 4.0, "Silara_Pok": 0.0, "Catatan": null, "Ukur_Lilit": 12, "Northing": null, "Easthing": null, "Ln_TAGB_": 4.256, "TAGB": 70.527, "CO2_Stock": 35.264 }, "geometry": { "type": "Point", "coordinates": [ 110.326661033817913, 1.553595504939893 ] } },
{ "type": "Feature", "properties": { "fid_1": 239.0, "Lokasi": "Jalan_Satok", "Pemilik": "Dbku", "Tarikh_Dit": null, "Jenis_Poko": "TB2_Bucida", "Tinggi_Pok": 6.0, "Silara_Pok": 0.0, "Catatan": null, "Ukur_Lilit": 13, "Northing": null, "Easthing": null, "Ln_TAGB_": 4.432, "TAGB": 84.099, "CO2_Stock": 42.05 }, "geometry": { "type": "Point", "coordinates": [ 110.326601926681931, 1.553598167423459 ] } },
{ "type": "Feature", "properties": { "fid_1": 240.0, "Lokasi": "Jalan_Satok", "Pemilik": "Dbku", "Tarikh_Dit": null, "Jenis_Poko": "TB2_Bucida", "Tinggi_Pok": 4.0, "Silara_Pok": 0.0, "Catatan": null, "Ukur_Lilit": 14, "Northing": null, "Easthing": null, "Ln_TAGB_": 4.594, "TAGB": 98.889, "CO2_Stock": 49.444 }, "geometry": { "type": "Point", "coordinates": [ 110.326535364591834, 1.553606154874263 ] } },
{ "type": "Feature", "properties": { "fid_1": 241.0, "Lokasi": "Jalan_Satok", "Pemilik": "Dbku", "Tarikh_Dit": null, "Jenis_Poko": "TB2_Bucida", "Tinggi_Pok": 6.0, "Silara_Pok": 0.0, "Catatan": null, "Ukur_Lilit": 14, "Northing": null, "Easthing": null, "Ln_TAGB_": 4.594, "TAGB": 98.889, "CO2_Stock": 49.444 }, "geometry": { "type": "Point", "coordinates": [ 110.326351328609377, 1.553605488483644 ] } },
{ "type": "Feature", "properties": { "fid_1": 242.0, "Lokasi": "Jalan_Satok", "Pemilik": "Dbku", "Tarikh_Dit": null, "Jenis_Poko": "TB2_Bucida", "Tinggi_Pok": 4.0, "Silara_Pok": 0.0, "Catatan": null, "Ukur_Lilit": 14, "Northing": null, "Easthing": null, "Ln_TAGB_": 4.594, "TAGB": 98.889, "CO2_Stock": 49.444 }, "geometry": { "type": "Point", "coordinates": [ 110.326277844061934, 1.553607618470495 ] } },
{ "type": "Feature", "properties": { "fid_1": 243.0, "Lokasi": "Jalan_Satok", "Pemilik": "Dbku", "Tarikh_Dit": null, "Jenis_Poko": "TB2_Bucida", "Tinggi_Pok": 4.0, "Silara_Pok": 0.0, "Catatan": null, "Ukur_Lilit": 12, "Northing": null, "Easthing": null, "Ln_TAGB_": 4.256, "TAGB": 70.527, "CO2_Stock": 35.264 }, "geometry": { "type": "Point", "coordinates": [ 110.326207554494786, 1.553609748457335 ] } },
{ "type": "Feature", "properties": { "fid_1": 250.0, "Lokasi": "Jalan_Satok", "Pemilik": "Dbku", "Tarikh_Dit": null, "Jenis_Poko": "TB2_Bucida", "Tinggi_Pok": 4.0, "Silara_Pok": 0.0, "Catatan": null, "Ukur_Lilit": 10, "Northing": null, "Easthing": null, "Ln_TAGB_": 3.855, "TAGB": 47.229, "CO2_Stock": 23.614 }, "geometry": { "type": "Point", "coordinates": [ 110.335814370219154, 1.553203809779428 ] } },
{ "type": "Feature", "properties": { "fid_1": 251.0, "Lokasi": "Jalan_Satok", "Pemilik": "Dbku", "Tarikh_Dit": null, "Jenis_Poko": "TB2_Bucida", "Tinggi_Pok": 4.0, "Silara_Pok": 0.0, "Catatan": null, "Ukur_Lilit": 10, "Northing": null, "Easthing": null, "Ln_TAGB_": 3.855, "TAGB": 47.229, "CO2_Stock": 23.614 }, "geometry": { "type": "Point", "coordinates": [ 110.335725384100471, 1.553208543083555 ] } },
{ "type": "Feature", "properties": { "fid_1": 252.0, "Lokasi": "Jalan_Satok", "Pemilik": "Dbku", "Tarikh_Dit": null, "Jenis_Poko": "TB2_Bucida", "Tinggi_Pok": 4.0, "Silara_Pok": 0.0, "Catatan": null, "Ukur_Lilit": 14, "Northing": null, "Easthing": null, "Ln_TAGB_": 4.594, "TAGB": 98.889, "CO2_Stock": 49.444 }, "geometry": { "type": "Point", "coordinates": [ 110.335642077946844, 1.553211383066026 ] } },
{ "type": "Feature", "properties": { "fid_1": 253.0, "Lokasi": "Jalan_Satok", "Pemilik": "Dbku", "Tarikh_Dit": null, "Jenis_Poko": "TB2_Bucida", "Tinggi_Pok": 4.0, "Silara_Pok": 0.0, "Catatan": null, "Ukur_Lilit": 11, "Northing": null, "Easthing": null, "Ln_TAGB_": 4.065, "TAGB": 58.265, "CO2_Stock": 29.133 }, "geometry": { "type": "Point", "coordinates": [ 110.335549305184827, 1.553216116370164 ] } },
{ "type": "Feature", "properties": { "fid_1": 254.0, "Lokasi": "Jalan_Satok", "Pemilik": "Dbku", "Tarikh_Dit": null, "Jenis_Poko": "TB2_Bucida", "Tinggi_Pok": 4.0, "Silara_Pok": 0.0, "Catatan": null, "Ukur_Lilit": 10, "Northing": null, "Easthing": null, "Ln_TAGB_": 3.855, "TAGB": 47.229, "CO2_Stock": 23.614 }, "geometry": { "type": "Point", "coordinates": [ 110.335459372405325, 1.553227476300194 ] } },
{ "type": "Feature", "properties": { "fid_1": 255.0, "Lokasi": "Jalan_Satok", "Pemilik": "Dbku", "Tarikh_Dit": null, "Jenis_Poko": "TB2_Bucida", "Tinggi_Pok": 6.0, "Silara_Pok": 0.0, "Catatan": null, "Ukur_Lilit": 14, "Northing": null, "Easthing": null, "Ln_TAGB_": 4.594, "TAGB": 98.889, "CO2_Stock": 49.444 }, "geometry": { "type": "Point", "coordinates": [ 110.335375119590807, 1.553230316282669 ] } },
{ "type": "Feature", "properties": { "fid_1": 256.0, "Lokasi": "Jalan_Satok", "Pemilik": "Dbku", "Tarikh_Dit": null, "Jenis_Poko": "TB2_Bucida", "Tinggi_Pok": 4.0, "Silara_Pok": 0.0, "Catatan": null, "Ukur_Lilit": 15, "Northing": null, "Easthing": null, "Ln_TAGB_": 4.746, "TAGB": 115.123, "CO2_Stock": 57.562 }, "geometry": { "type": "Point", "coordinates": [ 110.335286133472138, 1.553230316282618 ] } },
{ "type": "Feature", "properties": { "fid_1": 257.0, "Lokasi": "Jalan_Satok", "Pemilik": "Dbku", "Tarikh_Dit": null, "Jenis_Poko": "TB2_Bucida", "Tinggi_Pok": 4.0, "Silara_Pok": 0.0, "Catatan": null, "Ukur_Lilit": 14, "Northing": null, "Easthing": null, "Ln_TAGB_": 4.594, "TAGB": 98.889, "CO2_Stock": 49.444 }, "geometry": { "type": "Point", "coordinates": [ 110.335194307370955, 1.55323788956929 ] } },
{ "type": "Feature", "properties": { "fid_1": 258.0, "Lokasi": "Jalan_Satok", "Pemilik": "Dbku", "Tarikh_Dit": null, "Jenis_Poko": "TB2_Bucida", "Tinggi_Pok": 6.0, "Silara_Pok": 0.0, "Catatan": null, "Ukur_Lilit": 14, "Northing": null, "Easthing": null, "Ln_TAGB_": 4.594, "TAGB": 98.889, "CO2_Stock": 49.444 }, "geometry": { "type": "Point", "coordinates": [ 110.335103739449636, 1.553246480448903 ] } },
{ "type": "Feature", "properties": { "fid_1": 259.0, "Lokasi": "Jalan_Satok", "Pemilik": "Dbku", "Tarikh_Dit": null, "Jenis_Poko": "TB2_Bucida", "Tinggi_Pok": 4.0, "Silara_Pok": 0.0, "Catatan": null, "Ukur_Lilit": 10, "Northing": null, "Easthing": null, "Ln_TAGB_": 3.855, "TAGB": 47.229, "CO2_Stock": 23.614 }, "geometry": { "type": "Point", "coordinates": [ 110.335019723300363, 1.553245297122778 ] } },
{ "type": "Feature", "properties": { "fid_1": 260.0, "Lokasi": "Jalan_Satok", "Pemilik": "Dbku", "Tarikh_Dit": null, "Jenis_Poko": "TB2_Bucida", "Tinggi_Pok": 6.0, "Silara_Pok": 0.0, "Catatan": null, "Ukur_Lilit": 14, "Northing": null, "Easthing": null, "Ln_TAGB_": 4.594, "TAGB": 98.889, "CO2_Stock": 49.444 }, "geometry": { "type": "Point", "coordinates": [ 110.334939257129221, 1.553250503757365 ] } },
{ "type": "Feature", "properties": { "fid_1": 261.0, "Lokasi": "Jalan_Satok", "Pemilik": "Dbku", "Tarikh_Dit": null, "Jenis_Poko": "TB2_Bucida", "Tinggi_Pok": 4.0, "Silara_Pok": 0.0, "Catatan": null, "Ukur_Lilit": 13, "Northing": null, "Easthing": null, "Ln_TAGB_": 4.432, "TAGB": 84.099, "CO2_Stock": 42.05 }, "geometry": { "type": "Point", "coordinates": [ 110.33483772775449, 1.553256657052763 ] } },
{ "type": "Feature", "properties": { "fid_1": 262.0, "Lokasi": "Jalan_Satok", "Pemilik": "Dbku", "Tarikh_Dit": null, "Jenis_Poko": "TB2_Bucida", "Tinggi_Pok": 4.0, "Silara_Pok": 0.0, "Catatan": null, "Ukur_Lilit": 10, "Northing": null, "Easthing": null, "Ln_TAGB_": 3.855, "TAGB": 47.229, "CO2_Stock": 23.614 }, "geometry": { "type": "Point", "coordinates": [ 110.334741168349098, 1.553262100352546 ] } },
{ "type": "Feature", "properties": { "fid_1": 263.0, "Lokasi": "Jalan_Satok", "Pemilik": "Dbku", "Tarikh_Dit": null, "Jenis_Poko": "TB2_Bucida", "Tinggi_Pok": 6.0, "Silara_Pok": 0.0, "Catatan": null, "Ukur_Lilit": 14, "Northing": null, "Easthing": null, "Ln_TAGB_": 4.594, "TAGB": 98.889, "CO2_Stock": 49.444 }, "geometry": { "type": "Point", "coordinates": [ 110.33464957891313, 1.553267780317527 ] } },
{ "type": "Feature", "properties": { "fid_1": 264.0, "Lokasi": "Jalan_Satok", "Pemilik": "Dbku", "Tarikh_Dit": null, "Jenis_Poko": "TB2_Bucida", "Tinggi_Pok": 6.0, "Silara_Pok": 0.0, "Catatan": null, "Ukur_Lilit": 14, "Northing": null, "Easthing": null, "Ln_TAGB_": 4.594, "TAGB": 98.889, "CO2_Stock": 49.444 }, "geometry": { "type": "Point", "coordinates": [ 110.334564852768253, 1.55327038363477 ] } },
{ "type": "Feature", "properties": { "fid_1": 265.0, "Lokasi": "Jalan_Satok", "Pemilik": "Dbku", "Tarikh_Dit": null, "Jenis_Poko": "TB2_Bucida", "Tinggi_Pok": 5.0, "Silara_Pok": 0.0, "Catatan": null, "Ukur_Lilit": 17, "Northing": null, "Easthing": null, "Ln_TAGB_": 5.021, "TAGB": 151.563, "CO2_Stock": 75.781 }, "geometry": { "type": "Point", "coordinates": [ 110.334501189826966, 1.553276063599782 ] } },
{ "type": "Feature", "properties": { "fid_1": 266.0, "Lokasi": "Jalan_Satok", "Pemilik": "Dbku", "Tarikh_Dit": null, "Jenis_Poko": "TB2_Bucida", "Tinggi_Pok": 5.0, "Silara_Pok": 0.0, "Catatan": null, "Ukur_Lilit": 12, "Northing": null, "Easthing": null, "Ln_TAGB_": 4.256, "TAGB": 70.527, "CO2_Stock": 35.264 }, "geometry": { "type": "Point", "coordinates": [ 110.334421829323219, 1.553284227579555 ] } },
{ "type": "Feature", "properties": { "fid_1": 267.0, "Lokasi": "Jalan_Satok", "Pemilik": "Dbku", "Tarikh_Dit": null, "Jenis_Poko": "TB2_Bucida", "Tinggi_Pok": 5.0, "Silara_Pok": 0.0, "Catatan": null, "Ukur_Lilit": 10, "Northing": null, "Easthing": null, "Ln_TAGB_": 3.855, "TAGB": 47.229, "CO2_Stock": 23.614 }, "geometry": { "type": "Point", "coordinates": [ 110.334347989777939, 1.553285174240343 ] } },
{ "type": "Feature", "properties": { "fid_1": 268.0, "Lokasi": "Jalan_Satok", "Pemilik": "Dbku", "Tarikh_Dit": null, "Jenis_Poko": "TB2_Bucida", "Tinggi_Pok": 2.0, "Silara_Pok": 0.0, "Catatan": null, "Ukur_Lilit": 10, "Northing": null, "Easthing": null, "Ln_TAGB_": 3.855, "TAGB": 47.229, "CO2_Stock": 23.614 }, "geometry": { "type": "Point", "coordinates": [ 110.334261843641798, 1.55328896088366 ] } },
{ "type": "Feature", "properties": { "fid_1": 269.0, "Lokasi": "Jalan_Satok", "Pemilik": "Dbku", "Tarikh_Dit": null, "Jenis_Poko": "TB2_Bucida", "Tinggi_Pok": 5.0, "Silara_Pok": 0.0, "Catatan": null, "Ukur_Lilit": 15, "Northing": null, "Easthing": null, "Ln_TAGB_": 4.746, "TAGB": 115.123, "CO2_Stock": 57.562 }, "geometry": { "type": "Point", "coordinates": [ 110.334196050713629, 1.553293457522611 ] } },
{ "type": "Feature", "properties": { "fid_1": 270.0, "Lokasi": "Jalan_Satok", "Pemilik": "Dbku", "Tarikh_Dit": null, "Jenis_Poko": "Leopard Tree", "Tinggi_Pok": 4.0, "Silara_Pok": 0.0, "Catatan": null, "Ukur_Lilit": 8, "Northing": null, "Easthing": null, "Ln_TAGB_": 3.365, "TAGB": 28.933, "CO2_Stock": 14.466 }, "geometry": { "type": "Point", "coordinates": [ 110.333928654851533, 1.553354798302587 ] } },
{ "type": "Feature", "properties": { "fid_1": 271.0, "Lokasi": "Jalan_Satok", "Pemilik": "Dbku", "Tarikh_Dit": null, "Jenis_Poko": "Leopard Tree", "Tinggi_Pok": 4.0, "Silara_Pok": 0.0, "Catatan": null, "Ukur_Lilit": 6, "Northing": null, "Easthing": null, "Ln_TAGB_": 2.734, "TAGB": 15.394, "CO2_Stock": 7.697 }, "geometry": { "type": "Point", "coordinates": [ 110.333923132663358, 1.553409625742925 ] } },
{ "type": "Feature", "properties": { "fid_1": 272.0, "Lokasi": "Jalan_Satok", "Pemilik": "Dbku", "Tarikh_Dit": null, "Jenis_Poko": "Leopard Tree", "Tinggi_Pok": 4.0, "Silara_Pok": 0.0, "Catatan": null, "Ukur_Lilit": 10, "Northing": null, "Easthing": null, "Ln_TAGB_": 3.855, "TAGB": 47.229, "CO2_Stock": 23.614 }, "geometry": { "type": "Point", "coordinates": [ 110.333925104873416, 1.553448675502579 ] } },
{ "type": "Feature", "properties": { "fid_1": 273.0, "Lokasi": "Jalan_Satok", "Pemilik": "Dbku", "Tarikh_Dit": null, "Jenis_Poko": "Leopard Tree", "Tinggi_Pok": 5.0, "Silara_Pok": 0.0, "Catatan": null, "Ukur_Lilit": 11, "Northing": null, "Easthing": null, "Ln_TAGB_": 4.065, "TAGB": 58.265, "CO2_Stock": 29.133 }, "geometry": { "type": "Point", "coordinates": [ 110.333925893757481, 1.553486541936228 ] } },
{ "type": "Feature", "properties": { "fid_1": 274.0, "Lokasi": "Jalan_Satok", "Pemilik": "Dbku", "Tarikh_Dit": null, "Jenis_Poko": "Leopard Tree", "Tinggi_Pok": 4.0, "Silara_Pok": 0.0, "Catatan": null, "Ukur_Lilit": 7, "Northing": null, "Easthing": null, "Ln_TAGB_": 3.072, "TAGB": 21.585, "CO2_Stock": 10.793 }, "geometry": { "type": "Point", "coordinates": [ 110.33392589375751, 1.553518886181593 ] } },
{ "type": "Feature", "properties": { "fid_1": 275.0, "Lokasi": "Jalan_Satok", "Pemilik": "Dbku", "Tarikh_Dit": null, "Jenis_Poko": "Leopard Tree", "Tinggi_Pok": 4.0, "Silara_Pok": 0.0, "Catatan": null, "Ukur_Lilit": 8, "Northing": null, "Easthing": null, "Ln_TAGB_": 3.365, "TAGB": 28.933, "CO2_Stock": 14.466 }, "geometry": { "type": "Point", "coordinates": [ 110.333929838177681, 1.553565430339595 ] } },
{ "type": "Feature", "properties": { "fid_1": 276.0, "Lokasi": "Jalan_Satok", "Pemilik": "Dbku", "Tarikh_Dit": null, "Jenis_Poko": "Leopard Tree", "Tinggi_Pok": 4.0, "Silara_Pok": 0.0, "Catatan": null, "Ukur_Lilit": 7, "Northing": null, "Easthing": null, "Ln_TAGB_": 3.072, "TAGB": 21.585, "CO2_Stock": 10.793 }, "geometry": { "type": "Point", "coordinates": [ 110.333933782597853, 1.55362538552616 ] } },
{ "type": "Feature", "properties": { "fid_1": 277.0, "Lokasi": "Jalan_Satok", "Pemilik": "Dbku", "Tarikh_Dit": null, "Jenis_Poko": "TB2_Bucida", "Tinggi_Pok": 2.0, "Silara_Pok": 0.0, "Catatan": null, "Ukur_Lilit": 14, "Northing": null, "Easthing": null, "Ln_TAGB_": 4.594, "TAGB": 98.889, "CO2_Stock": 49.444 }, "geometry": { "type": "Point", "coordinates": [ 110.333695607347423, 1.553319512940763 ] } },
{ "type": "Feature", "properties": { "fid_1": 278.0, "Lokasi": "Jalan_Satok", "Pemilik": "Dbku", "Tarikh_Dit": null, "Jenis_Poko": "TB2_Bucida", "Tinggi_Pok": 2.0, "Silara_Pok": 0.0, "Catatan": null, "Ukur_Lilit": 16, "Northing": null, "Easthing": null, "Ln_TAGB_": 4.888, "TAGB": 132.688, "CO2_Stock": 66.344 }, "geometry": { "type": "Point", "coordinates": [ 110.333649852073634, 1.553324246244938 ] } },
{ "type": "Feature", "properties": { "fid_1": 279.0, "Lokasi": "Jalan_Satok", "Pemilik": "Dbku", "Tarikh_Dit": null, "Jenis_Poko": "TB2_Bucida", "Tinggi_Pok": 3.0, "Silara_Pok": 0.0, "Catatan": null, "Ukur_Lilit": 13, "Northing": null, "Easthing": null, "Ln_TAGB_": 4.432, "TAGB": 84.099, "CO2_Stock": 42.05 }, "geometry": { "type": "Point", "coordinates": [ 110.333507327025416, 1.553332135085194 ] } },
{ "type": "Feature", "properties": { "fid_1": 280.0, "Lokasi": "Jalan_Satok", "Pemilik": "Dbku", "Tarikh_Dit": null, "Jenis_Poko": "TB2_Bucida", "Tinggi_Pok": 3.0, "Silara_Pok": 0.0, "Catatan": null, "Ukur_Lilit": 16, "Northing": null, "Easthing": null, "Ln_TAGB_": 4.888, "TAGB": 132.688, "CO2_Stock": 66.344 }, "geometry": { "type": "Point", "coordinates": [ 110.333454208833999, 1.553333186930542 ] } },
{ "type": "Feature", "properties": { "fid_1": 281.0, "Lokasi": "Jalan_Satok", "Pemilik": "Dbku", "Tarikh_Dit": null, "Jenis_Poko": "TB2_Bucida", "Tinggi_Pok": 3.0, "Silara_Pok": 0.0, "Catatan": null, "Ukur_Lilit": 12, "Northing": null, "Easthing": null, "Ln_TAGB_": 4.256, "TAGB": 70.527, "CO2_Stock": 35.264 }, "geometry": { "type": "Point", "coordinates": [ 110.333383384578795, 1.553342302923771 ] } },
{ "type": "Feature", "properties": { "fid_1": 282.0, "Lokasi": "Jalan_Satok", "Pemilik": "Dbku", "Tarikh_Dit": null, "Jenis_Poko": "TB2_Bucida", "Tinggi_Pok": 3.0, "Silara_Pok": 0.0, "Catatan": null, "Ukur_Lilit": 15, "Northing": null, "Easthing": null, "Ln_TAGB_": 4.746, "TAGB": 115.123, "CO2_Stock": 57.562 }, "geometry": { "type": "Point", "coordinates": [ 110.333331844155452, 1.553341601693481 ] } },
{ "type": "Feature", "properties": { "fid_1": 283.0, "Lokasi": "Jalan_Satok", "Pemilik": "Dbku", "Tarikh_Dit": null, "Jenis_Poko": "TB2_Bucida", "Tinggi_Pok": 3.0, "Silara_Pok": 0.0, "Catatan": null, "Ukur_Lilit": 14, "Northing": null, "Easthing": null, "Ln_TAGB_": 4.594, "TAGB": 98.889, "CO2_Stock": 49.444 }, "geometry": { "type": "Point", "coordinates": [ 110.33326312359101, 1.553346159690096 ] } },
{ "type": "Feature", "properties": { "fid_1": 284.0, "Lokasi": "Jalan_Satok", "Pemilik": "Dbku", "Tarikh_Dit": null, "Jenis_Poko": "TB2_Bucida", "Tinggi_Pok": 3.0, "Silara_Pok": 0.0, "Catatan": null, "Ukur_Lilit": 14, "Northing": null, "Easthing": null, "Ln_TAGB_": 4.594, "TAGB": 98.889, "CO2_Stock": 49.444 }, "geometry": { "type": "Point", "coordinates": [ 110.333204921480274, 1.553349665841301 ] } },
{ "type": "Feature", "properties": { "fid_1": 285.0, "Lokasi": "Jalan_Satok", "Pemilik": "Dbku", "Tarikh_Dit": null, "Jenis_Poko": "TB2_Bucida", "Tinggi_Pok": 3.0, "Silara_Pok": 0.0, "Catatan": null, "Ukur_Lilit": 16, "Northing": null, "Easthing": null, "Ln_TAGB_": 4.888, "TAGB": 132.688, "CO2_Stock": 66.344 }, "geometry": { "type": "Point", "coordinates": [ 110.333138655221688, 1.553351418916885 ] } },
{ "type": "Feature", "properties": { "fid_1": 286.0, "Lokasi": "Jalan_Satok", "Pemilik": "Dbku", "Tarikh_Dit": null, "Jenis_Poko": "TB2_Bucida", "Tinggi_Pok": 3.0, "Silara_Pok": 0.0, "Catatan": null, "Ukur_Lilit": 15, "Northing": null, "Easthing": null, "Ln_TAGB_": 4.746, "TAGB": 115.123, "CO2_Stock": 57.562 }, "geometry": { "type": "Point", "coordinates": [ 110.333091672794978, 1.553354223837881 ] } },
{ "type": "Feature", "properties": { "fid_1": 287.0, "Lokasi": "Jalan_Satok", "Pemilik": "Dbku", "Tarikh_Dit": null, "Jenis_Poko": "TB2_Bucida", "Tinggi_Pok": 3.0, "Silara_Pok": 0.0, "Catatan": null, "Ukur_Lilit": 14, "Northing": null, "Easthing": null, "Ln_TAGB_": 4.594, "TAGB": 98.889, "CO2_Stock": 49.444 }, "geometry": { "type": "Point", "coordinates": [ 110.333038729911109, 1.553357028758862 ] } },
{ "type": "Feature", "properties": { "fid_1": 288.0, "Lokasi": "Jalan_Satok", "Pemilik": "Dbku", "Tarikh_Dit": null, "Jenis_Poko": "TB2_Bucida", "Tinggi_Pok": 3.0, "Silara_Pok": 0.0, "Catatan": null, "Ukur_Lilit": 11, "Northing": null, "Easthing": null, "Ln_TAGB_": 4.065, "TAGB": 58.265, "CO2_Stock": 29.133 }, "geometry": { "type": "Point", "coordinates": [ 110.33299805855664, 1.553358431219323 ] } },
{ "type": "Feature", "properties": { "fid_1": 289.0, "Lokasi": "Jalan_Satok", "Pemilik": "Dbku", "Tarikh_Dit": null, "Jenis_Poko": "TB2_Bucida", "Tinggi_Pok": 3.0, "Silara_Pok": 0.0, "Catatan": null, "Ukur_Lilit": 12, "Northing": null, "Easthing": null, "Ln_TAGB_": 4.256, "TAGB": 70.527, "CO2_Stock": 35.264 }, "geometry": { "type": "Point", "coordinates": [ 110.332949323054279, 1.553366495367213 ] } },
{ "type": "Feature", "properties": { "fid_1": 290.0, "Lokasi": "Jalan_Satok", "Pemilik": "Dbku", "Tarikh_Dit": null, "Jenis_Poko": "TB2_Bucida", "Tinggi_Pok": 3.0, "Silara_Pok": 0.0, "Catatan": null, "Ukur_Lilit": 12, "Northing": null, "Easthing": null, "Ln_TAGB_": 4.256, "TAGB": 70.527, "CO2_Stock": 35.264 }, "geometry": { "type": "Point", "coordinates": [ 110.332904093703206, 1.553364742291535 ] } },
{ "type": "Feature", "properties": { "fid_1": 291.0, "Lokasi": "Jalan_Satok", "Pemilik": "Dbku", "Tarikh_Dit": null, "Jenis_Poko": "TB2_Bucida", "Tinggi_Pok": 3.0, "Silara_Pok": 0.0, "Catatan": null, "Ukur_Lilit": 12, "Northing": null, "Easthing": null, "Ln_TAGB_": 4.256, "TAGB": 70.527, "CO2_Stock": 35.264 }, "geometry": { "type": "Point", "coordinates": [ 110.332862370503364, 1.553367196597386 ] } },
{ "type": "Feature", "properties": { "fid_1": 292.0, "Lokasi": "Jalan_Satok", "Pemilik": "Dbku", "Tarikh_Dit": null, "Jenis_Poko": "TB2_Bucida", "Tinggi_Pok": 3.0, "Silara_Pok": 0.0, "Catatan": null, "Ukur_Lilit": 13, "Northing": null, "Easthing": null, "Ln_TAGB_": 4.432, "TAGB": 84.099, "CO2_Stock": 42.05 }, "geometry": { "type": "Point", "coordinates": [ 110.33282204976399, 1.553367196597373 ] } },
{ "type": "Feature", "properties": { "fid_1": 293.0, "Lokasi": "Jalan_Satok", "Pemilik": "Dbku", "Tarikh_Dit": null, "Jenis_Poko": "TB2_Bucida", "Tinggi_Pok": 3.0, "Silara_Pok": 0.0, "Catatan": null, "Ukur_Lilit": 10, "Northing": null, "Easthing": null, "Ln_TAGB_": 3.855, "TAGB": 47.229, "CO2_Stock": 23.614 }, "geometry": { "type": "Point", "coordinates": [ 110.332782780870033, 1.553371754593981 ] } },
{ "type": "Feature", "properties": { "fid_1": 294.0, "Lokasi": "Jalan_Satok", "Pemilik": "Dbku", "Tarikh_Dit": null, "Jenis_Poko": "TB2_Bucida", "Tinggi_Pok": 3.0, "Silara_Pok": 0.0, "Catatan": null, "Ukur_Lilit": 11, "Northing": null, "Easthing": null, "Ln_TAGB_": 4.065, "TAGB": 58.265, "CO2_Stock": 29.133 }, "geometry": { "type": "Point", "coordinates": [ 110.332745966281891, 1.553374559514965 ] } },
{ "type": "Feature", "properties": { "fid_1": 295.0, "Lokasi": "Jalan_Satok", "Pemilik": "Dbku", "Tarikh_Dit": null, "Jenis_Poko": "TB2_Bucida", "Tinggi_Pok": 4.0, "Silara_Pok": 0.0, "Catatan": null, "Ukur_Lilit": 14, "Northing": null, "Easthing": null, "Ln_TAGB_": 4.594, "TAGB": 98.889, "CO2_Stock": 49.444 }, "geometry": { "type": "Point", "coordinates": [ 110.332700736930789, 1.553377364435938 ] } },
{ "type": "Feature", "properties": { "fid_1": 296.0, "Lokasi": "Jalan_Satok", "Pemilik": "Dbku", "Tarikh_Dit": null, "Jenis_Poko": "TB2_Bucida", "Tinggi_Pok": 4.0, "Silara_Pok": 0.0, "Catatan": null, "Ukur_Lilit": 11, "Northing": null, "Easthing": null, "Ln_TAGB_": 4.065, "TAGB": 58.265, "CO2_Stock": 29.133 }, "geometry": { "type": "Point", "coordinates": [ 110.332651473261848, 1.55338067648665 ] } },
{ "type": "Feature", "properties": { "fid_1": 297.0, "Lokasi": "Jalan_Satok", "Pemilik": "Dbku", "Tarikh_Dit": null, "Jenis_Poko": "TB2_Bucida", "Tinggi_Pok": 4.0, "Silara_Pok": 0.0, "Catatan": null, "Ukur_Lilit": 10, "Northing": null, "Easthing": null, "Ln_TAGB_": 3.855, "TAGB": 47.229, "CO2_Stock": 23.614 }, "geometry": { "type": "Point", "coordinates": [ 110.332598530378007, 1.553385234483265 ] } },
{ "type": "Feature", "properties": { "fid_1": 298.0, "Lokasi": "Jalan_Satok", "Pemilik": "Dbku", "Tarikh_Dit": null, "Jenis_Poko": "TB2_Bucida", "Tinggi_Pok": 4.0, "Silara_Pok": 0.0, "Catatan": null, "Ukur_Lilit": 13, "Northing": null, "Easthing": null, "Ln_TAGB_": 4.432, "TAGB": 84.099, "CO2_Stock": 42.05 }, "geometry": { "type": "Point", "coordinates": [ 110.332543133188281, 1.553384883868077 ] } },
{ "type": "Feature", "properties": { "fid_1": 299.0, "Lokasi": "Jalan_Satok", "Pemilik": "Dbku", "Tarikh_Dit": null, "Jenis_Poko": "TB2_Bucida", "Tinggi_Pok": 4.0, "Silara_Pok": 0.0, "Catatan": null, "Ukur_Lilit": 9, "Northing": null, "Easthing": null, "Ln_TAGB_": 3.624, "TAGB": 37.487, "CO2_Stock": 18.744 }, "geometry": { "type": "Point", "coordinates": [ 110.332489138459067, 1.553387338173931 ] } },
{ "type": "Feature", "properties": { "fid_1": 300.0, "Lokasi": "Jalan_Satok", "Pemilik": "Dbku", "Tarikh_Dit": null, "Jenis_Poko": "TB2_Bucida", "Tinggi_Pok": 4.0, "Silara_Pok": 0.0, "Catatan": null, "Ukur_Lilit": 15, "Northing": null, "Easthing": null, "Ln_TAGB_": 4.746, "TAGB": 115.123, "CO2_Stock": 57.562 }, "geometry": { "type": "Point", "coordinates": [ 110.332432338808857, 1.553390844325164 ] } },
{ "type": "Feature", "properties": { "fid_1": 301.0, "Lokasi": "Jalan_Satok", "Pemilik": "Dbku", "Tarikh_Dit": null, "Jenis_Poko": "TB2_Bucida", "Tinggi_Pok": 4.0, "Silara_Pok": 0.0, "Catatan": null, "Ukur_Lilit": 9, "Northing": null, "Easthing": null, "Ln_TAGB_": 3.624, "TAGB": 37.487, "CO2_Stock": 18.744 }, "geometry": { "type": "Point", "coordinates": [ 110.332372734237651, 1.553391896170516 ] } },
{ "type": "Feature", "properties": { "fid_1": 302.0, "Lokasi": "Jalan_Satok", "Pemilik": "Dbku", "Tarikh_Dit": null, "Jenis_Poko": "TB2_Bucida", "Tinggi_Pok": 4.0, "Silara_Pok": 0.0, "Catatan": null, "Ukur_Lilit": 14, "Northing": null, "Easthing": null, "Ln_TAGB_": 4.594, "TAGB": 98.889, "CO2_Stock": 49.444 }, "geometry": { "type": "Point", "coordinates": [ 110.33232119381428, 1.553395402321752 ] } },
{ "type": "Feature", "properties": { "fid_1": 303.0, "Lokasi": "Jalan_Satok", "Pemilik": "Dbku", "Tarikh_Dit": null, "Jenis_Poko": "TB2_Bucida", "Tinggi_Pok": 4.0, "Silara_Pok": 0.0, "Catatan": null, "Ukur_Lilit": 12, "Northing": null, "Easthing": null, "Ln_TAGB_": 4.256, "TAGB": 70.527, "CO2_Stock": 35.264 }, "geometry": { "type": "Point", "coordinates": [ 110.33226088801284, 1.553396804782201 ] } },
{ "type": "Feature", "properties": { "fid_1": 304.0, "Lokasi": "Jalan_Satok", "Pemilik": "Dbku", "Tarikh_Dit": null, "Jenis_Poko": "TB2_Bucida", "Tinggi_Pok": 4.0, "Silara_Pok": 0.0, "Catatan": null, "Ukur_Lilit": 10, "Northing": null, "Easthing": null, "Ln_TAGB_": 3.855, "TAGB": 47.229, "CO2_Stock": 23.614 }, "geometry": { "type": "Point", "coordinates": [ 110.332193219293771, 1.55340206400906 ] } },
{ "type": "Feature", "properties": { "fid_1": 305.0, "Lokasi": "Jalan_Satok", "Pemilik": "Dbku", "Tarikh_Dit": null, "Jenis_Poko": "TB2_Bucida", "Tinggi_Pok": 4.0, "Silara_Pok": 0.0, "Catatan": null, "Ukur_Lilit": 10, "Northing": null, "Easthing": null, "Ln_TAGB_": 3.855, "TAGB": 47.229, "CO2_Stock": 23.614 }, "geometry": { "type": "Point", "coordinates": [ 110.331635106351797, 1.553434805807256 ] } },
{ "type": "Feature", "properties": { "fid_1": 306.0, "Lokasi": "Jalan_Satok", "Pemilik": "Dbku", "Tarikh_Dit": null, "Jenis_Poko": "TB2_Bucida", "Tinggi_Pok": 3.0, "Silara_Pok": 0.0, "Catatan": null, "Ukur_Lilit": 14, "Northing": null, "Easthing": null, "Ln_TAGB_": 4.594, "TAGB": 98.889, "CO2_Stock": 49.444 }, "geometry": { "type": "Point", "coordinates": [ 110.331573047474691, 1.553437084805522 ] } },
{ "type": "Feature", "properties": { "fid_1": 307.0, "Lokasi": "Jalan_Satok", "Pemilik": "Dbku", "Tarikh_Dit": null, "Jenis_Poko": "TB2_Bucida", "Tinggi_Pok": 3.0, "Silara_Pok": 0.0, "Catatan": null, "Ukur_Lilit": 14, "Northing": null, "Easthing": null, "Ln_TAGB_": 4.594, "TAGB": 98.889, "CO2_Stock": 49.444 }, "geometry": { "type": "Point", "coordinates": [ 110.331500470143865, 1.55343918849624 ] } },
{ "type": "Feature", "properties": { "fid_1": 308.0, "Lokasi": "Jalan_Satok", "Pemilik": "Dbku", "Tarikh_Dit": null, "Jenis_Poko": "TB2_Bucida", "Tinggi_Pok": 3.0, "Silara_Pok": 0.0, "Catatan": null, "Ukur_Lilit": 16, "Northing": null, "Easthing": null, "Ln_TAGB_": 4.888, "TAGB": 132.688, "CO2_Stock": 66.344 }, "geometry": { "type": "Point", "coordinates": [ 110.33143385327017, 1.553443045262569 ] } },
{ "type": "Feature", "properties": { "fid_1": 309.0, "Lokasi": "Jalan_Satok", "Pemilik": "Dbku", "Tarikh_Dit": null, "Jenis_Poko": "TB2_Bucida", "Tinggi_Pok": 3.0, "Silara_Pok": 0.0, "Catatan": null, "Ukur_Lilit": 16, "Northing": null, "Easthing": null, "Ln_TAGB_": 4.888, "TAGB": 132.688, "CO2_Stock": 66.344 }, "geometry": { "type": "Point", "coordinates": [ 110.33138020915608, 1.553445499568453 ] } },
{ "type": "Feature", "properties": { "fid_1": 310.0, "Lokasi": "Jalan_Satok", "Pemilik": "Dbku", "Tarikh_Dit": null, "Jenis_Poko": "TB2_Bucida", "Tinggi_Pok": 3.0, "Silara_Pok": 0.0, "Catatan": null, "Ukur_Lilit": 12, "Northing": null, "Easthing": null, "Ln_TAGB_": 4.256, "TAGB": 70.527, "CO2_Stock": 35.264 }, "geometry": { "type": "Point", "coordinates": [ 110.331203476115334, 1.553452858782724 ] } },
{ "type": "Feature", "properties": { "fid_1": 311.0, "Lokasi": "Jalan_Satok", "Pemilik": "Dbku", "Tarikh_Dit": null, "Jenis_Poko": "TB2_Bucida", "Tinggi_Pok": 3.0, "Silara_Pok": 0.0, "Catatan": null, "Ukur_Lilit": 10, "Northing": null, "Easthing": null, "Ln_TAGB_": 3.855, "TAGB": 47.229, "CO2_Stock": 23.614 }, "geometry": { "type": "Point", "coordinates": [ 110.331118627255137, 1.553457066164179 ] } },
{ "type": "Feature", "properties": { "fid_1": 312.0, "Lokasi": "Jalan_Satok", "Pemilik": "Dbku", "Tarikh_Dit": null, "Jenis_Poko": "TB2_Bucida", "Tinggi_Pok": 4.0, "Silara_Pok": 0.0, "Catatan": null, "Ukur_Lilit": 13, "Northing": null, "Easthing": null, "Ln_TAGB_": 4.432, "TAGB": 84.099, "CO2_Stock": 42.05 }, "geometry": { "type": "Point", "coordinates": [ 110.331052010381455, 1.553462676006146 ] } },
{ "type": "Feature", "properties": { "fid_1": 313.0, "Lokasi": "Jalan_Satok", "Pemilik": "Dbku", "Tarikh_Dit": null, "Jenis_Poko": "TB2_Bucida", "Tinggi_Pok": 4.0, "Silara_Pok": 0.0, "Catatan": null, "Ukur_Lilit": 14, "Northing": null, "Easthing": null, "Ln_TAGB_": 4.594, "TAGB": 98.889, "CO2_Stock": 49.444 }, "geometry": { "type": "Point", "coordinates": [ 110.330977679974993, 1.553468285848141 ] } },
{ "type": "Feature", "properties": { "fid_1": 314.0, "Lokasi": "Jalan_Satok", "Pemilik": "Dbku", "Tarikh_Dit": null, "Jenis_Poko": "TB2_Bucida", "Tinggi_Pok": 4.0, "Silara_Pok": 0.0, "Catatan": null, "Ukur_Lilit": 11, "Northing": null, "Easthing": null, "Ln_TAGB_": 4.065, "TAGB": 58.265, "CO2_Stock": 29.133 }, "geometry": { "type": "Point", "coordinates": [ 110.330927191397038, 1.553473194459855 ] } },
{ "type": "Feature", "properties": { "fid_1": 315.0, "Lokasi": "Jalan_Satok", "Pemilik": "Dbku", "Tarikh_Dit": null, "Jenis_Poko": "TB2_Bucida", "Tinggi_Pok": 4.0, "Silara_Pok": 0.0, "Catatan": null, "Ukur_Lilit": 11, "Northing": null, "Easthing": null, "Ln_TAGB_": 4.065, "TAGB": 58.265, "CO2_Stock": 29.133 }, "geometry": { "type": "Point", "coordinates": [ 110.330868288056067, 1.553477752456482 ] } },
{ "type": "Feature", "properties": { "fid_1": 316.0, "Lokasi": "Jalan_Satok", "Pemilik": "Dbku", "Tarikh_Dit": null, "Jenis_Poko": "TB2_Bucida", "Tinggi_Pok": 4.0, "Silara_Pok": 0.0, "Catatan": null, "Ukur_Lilit": 11, "Northing": null, "Easthing": null, "Ln_TAGB_": 4.065, "TAGB": 58.265, "CO2_Stock": 29.133 }, "geometry": { "type": "Point", "coordinates": [ 110.330661066255502, 1.553484041195033 ] } },
{ "type": "Feature", "properties": { "fid_1": 318.0, "Lokasi": "Jalan_Satok", "Pemilik": "Dbku", "Tarikh_Dit": null, "Jenis_Poko": "TS1_Adenanthera", "Tinggi_Pok": 14.0, "Silara_Pok": 0.0, "Catatan": null, "Ukur_Lilit": 92, "Northing": null, "Easthing": null, "Ln_TAGB_": 8.729, "TAGB": 6179.545, "CO2_Stock": 3089.773 }, "geometry": { "type": "Point", "coordinates": [ 110.327402001393466, 1.554221983161442 ] } },
{ "type": "Feature", "properties": { "fid_1": 319.0, "Lokasi": "Jalan_Satok", "Pemilik": "Dbku", "Tarikh_Dit": null, "Jenis_Poko": "TS1_Adenanthera", "Tinggi_Pok": 15.0, "Silara_Pok": 0.0, "Catatan": null, "Ukur_Lilit": 91, "Northing": null, "Easthing": null, "Ln_TAGB_": 8.705, "TAGB": 6033.002, "CO2_Stock": 3016.501 }, "geometry": { "type": "Point", "coordinates": [ 110.327325216681132, 1.554194109258876 ] } },
{ "type": "Feature", "properties": { "fid_1": 320.0, "Lokasi": "Jalan_Satok", "Pemilik": "Dbku", "Tarikh_Dit": null, "Jenis_Poko": "TS1_Adenanthera", "Tinggi_Pok": 15.0, "Silara_Pok": 0.0, "Catatan": null, "Ukur_Lilit": 92, "Northing": null, "Easthing": null, "Ln_TAGB_": 8.729, "TAGB": 6179.545, "CO2_Stock": 3089.773 }, "geometry": { "type": "Point", "coordinates": [ 110.3271905804732, 1.554172020505856 ] } },
{ "type": "Feature", "properties": { "fid_1": 321.0, "Lokasi": "Jalan_Satok", "Pemilik": "Dbku", "Tarikh_Dit": null, "Jenis_Poko": "TS1_Adenanthera", "Tinggi_Pok": 16.0, "Silara_Pok": 0.0, "Catatan": null, "Ukur_Lilit": 110, "Northing": null, "Easthing": null, "Ln_TAGB_": 9.121, "TAGB": 9145.342, "CO2_Stock": 4572.671 }, "geometry": { "type": "Point", "coordinates": [ 110.327102225461715, 1.554154139134363 ] } },
{ "type": "Feature", "properties": { "fid_1": 322.0, "Lokasi": "Jalan_Satok", "Pemilik": "Dbku", "Tarikh_Dit": null, "Jenis_Poko": "TS1_Adenanthera", "Tinggi_Pok": 16.0, "Silara_Pok": 0.0, "Catatan": null, "Ukur_Lilit": 120, "Northing": null, "Easthing": null, "Ln_TAGB_": 9.312, "TAGB": 11070.066, "CO2_Stock": 5535.033 }, "geometry": { "type": "Point", "coordinates": [ 110.326991781697402, 1.554126791154448 ] } },
{ "type": "Feature", "properties": { "fid_1": 323.0, "Lokasi": "Jalan_Satok", "Pemilik": "Dbku", "Tarikh_Dit": null, "Jenis_Poko": "TS1_Adenanthera", "Tinggi_Pok": 12.0, "Silara_Pok": 0.0, "Catatan": null, "Ukur_Lilit": 93, "Northing": null, "Easthing": null, "Ln_TAGB_": 8.753, "TAGB": 6329.649, "CO2_Stock": 3164.825 }, "geometry": { "type": "Point", "coordinates": [ 110.326869767633966, 1.554129946690535 ] } },
{ "type": "Feature", "properties": { "fid_1": 324.0, "Lokasi": "Jalan_Satok", "Pemilik": "Dbku", "Tarikh_Dit": null, "Jenis_Poko": "TS1_Adenanthera", "Tinggi_Pok": 12.0, "Silara_Pok": 0.0, "Catatan": null, "Ukur_Lilit": 98, "Northing": null, "Easthing": null, "Ln_TAGB_": 8.868, "TAGB": 7101.065, "CO2_Stock": 3550.532 }, "geometry": { "type": "Point", "coordinates": [ 110.326748805415875, 1.554128894845082 ] } },
{ "type": "Feature", "properties": { "fid_1": 325.0, "Lokasi": "Jalan_Satok", "Pemilik": "Dbku", "Tarikh_Dit": null, "Jenis_Poko": "TA1_Angsana", "Tinggi_Pok": 28.0, "Silara_Pok": 0.0, "Catatan": null, "Ukur_Lilit": 215, "Northing": null, "Easthing": null, "Ln_TAGB_": 10.593, "TAGB": 39854.875, "CO2_Stock": 19927.438 }, "geometry": { "type": "Point", "coordinates": [ 110.327278409561856, 1.55411890231431 ] } },
{ "type": "Feature", "properties": { "fid_1": 326.0, "Lokasi": "Jalan_Satok", "Pemilik": "Dbku", "Tarikh_Dit": null, "Jenis_Poko": "TA1_Angsana", "Tinggi_Pok": 22.0, "Silara_Pok": 0.0, "Catatan": null, "Ukur_Lilit": 201, "Northing": null, "Easthing": null, "Ln_TAGB_": 10.445, "TAGB": 34372.084, "CO2_Stock": 17186.042 }, "geometry": { "type": "Point", "coordinates": [ 110.327265787417318, 1.554041065756286 ] } },
{ "type": "Feature", "properties": { "fid_1": 327.0, "Lokasi": "Jalan_Satok", "Pemilik": "Dbku", "Tarikh_Dit": null, "Jenis_Poko": "TA1_Angsana", "Tinggi_Pok": 26.0, "Silara_Pok": 0.0, "Catatan": null, "Ukur_Lilit": 230, "Northing": null, "Easthing": null, "Ln_TAGB_": 10.741, "TAGB": 46212.241, "CO2_Stock": 23106.121 }, "geometry": { "type": "Point", "coordinates": [ 110.327263683726528, 1.553942192290727 ] } },
{ "type": "Feature", "properties": { "fid_1": 328.0, "Lokasi": "Jalan_Satok", "Pemilik": "Dbku", "Tarikh_Dit": null, "Jenis_Poko": "TA1_Angsana", "Tinggi_Pok": 27.0, "Silara_Pok": 0.0, "Catatan": null, "Ukur_Lilit": 238, "Northing": null, "Easthing": null, "Ln_TAGB_": 10.816, "TAGB": 49811.442, "CO2_Stock": 24905.721 }, "geometry": { "type": "Point", "coordinates": [ 110.327274202180192, 1.553839111443673 ] } },
{ "type": "Feature", "properties": { "fid_1": 329.0, "Lokasi": "Jalan_Satok", "Pemilik": "Dbku", "Tarikh_Dit": null, "Jenis_Poko": "TA1_Angsana", "Tinggi_Pok": 8.0, "Silara_Pok": 0.0, "Catatan": null, "Ukur_Lilit": 35, "Northing": null, "Easthing": null, "Ln_TAGB_": 6.607, "TAGB": 740.259, "CO2_Stock": 370.13 }, "geometry": { "type": "Point", "coordinates": [ 110.327318379685863, 1.55375706750419 ] } },
{ "type": "Feature", "properties": { "fid_1": 338.0, "Lokasi": "Jalan_Satok", "Pemilik": "Dbku", "Tarikh_Dit": null, "Jenis_Poko": "TI1_Ironwood", "Tinggi_Pok": 6.0, "Silara_Pok": 0.0, "Catatan": null, "Ukur_Lilit": 22, "Northing": null, "Easthing": null, "Ln_TAGB_": 5.587, "TAGB": 266.934, "CO2_Stock": 133.467 }, "geometry": { "type": "Point", "coordinates": [ 110.327244950905055, 1.553658006231798 ] } },
{ "type": "Feature", "properties": { "fid_1": 339.0, "Lokasi": "Jalan_Satok", "Pemilik": "Dbku", "Tarikh_Dit": null, "Jenis_Poko": "TI1_Ironwood", "Tinggi_Pok": 6.0, "Silara_Pok": 0.0, "Catatan": null, "Ukur_Lilit": 21, "Northing": null, "Easthing": null, "Ln_TAGB_": 5.485, "TAGB": 241.049, "CO2_Stock": 120.525 }, "geometry": { "type": "Point", "coordinates": [ 110.327186047564084, 1.553666420994789 ] } },
{ "type": "Feature", "properties": { "fid_1": 340.0, "Lokasi": "Jalan_Satok", "Pemilik": "Dbku", "Tarikh_Dit": null, "Jenis_Poko": "TI1_Ironwood", "Tinggi_Pok": 4.0, "Silara_Pok": 0.0, "Catatan": null, "Ukur_Lilit": 19, "Northing": null, "Easthing": null, "Ln_TAGB_": 5.265, "TAGB": 193.446, "CO2_Stock": 96.723 }, "geometry": { "type": "Point", "coordinates": [ 110.327106107315643, 1.553690262823328 ] } },
{ "type": "Feature", "properties": { "fid_1": 341.0, "Lokasi": "Jalan_Satok", "Pemilik": "Dbku", "Tarikh_Dit": null, "Jenis_Poko": "TI1_Ironwood", "Tinggi_Pok": 5.0, "Silara_Pok": 0.0, "Catatan": null, "Ukur_Lilit": 16, "Northing": null, "Easthing": null, "Ln_TAGB_": 4.888, "TAGB": 132.688, "CO2_Stock": 66.344 }, "geometry": { "type": "Point", "coordinates": [ 110.327006979862162, 1.553728576955001 ] } },
{ "type": "Feature", "properties": { "fid_1": 342.0, "Lokasi": "Jalan_Satok", "Pemilik": "Dbku", "Tarikh_Dit": null, "Jenis_Poko": "TI1_Ironwood", "Tinggi_Pok": 4.0, "Silara_Pok": 0.0, "Catatan": null, "Ukur_Lilit": 18, "Northing": null, "Easthing": null, "Ln_TAGB_": 5.146, "TAGB": 171.743, "CO2_Stock": 85.871 }, "geometry": { "type": "Point", "coordinates": [ 110.326942466679228, 1.553758028625527 ] } },
{ "type": "Feature", "properties": { "fid_1": 343.0, "Lokasi": "Jalan_Satok", "Pemilik": "Dbku", "Tarikh_Dit": null, "Jenis_Poko": "TI1_Ironwood", "Tinggi_Pok": 5.0, "Silara_Pok": 0.0, "Catatan": null, "Ukur_Lilit": 18, "Northing": null, "Easthing": null, "Ln_TAGB_": 5.146, "TAGB": 171.743, "CO2_Stock": 85.871 }, "geometry": { "type": "Point", "coordinates": [ 110.326778035307143, 1.553834433039838 ] } },
{ "type": "Feature", "properties": { "fid_1": 344.0, "Lokasi": "Jalan_Satok", "Pemilik": "Dbku", "Tarikh_Dit": null, "Jenis_Poko": "TI1_Ironwood", "Tinggi_Pok": 4.0, "Silara_Pok": 0.0, "Catatan": null, "Ukur_Lilit": 16, "Northing": null, "Easthing": null, "Ln_TAGB_": 4.888, "TAGB": 132.688, "CO2_Stock": 66.344 }, "geometry": { "type": "Point", "coordinates": [ 110.326723339347708, 1.553863884710389 ] } },
{ "type": "Feature", "properties": { "fid_1": 345.0, "Lokasi": "Jalan_Satok", "Pemilik": "Dbku", "Tarikh_Dit": null, "Jenis_Poko": "TI1_Ironwood", "Tinggi_Pok": 4.0, "Silara_Pok": 0.0, "Catatan": null, "Ukur_Lilit": 18, "Northing": null, "Easthing": null, "Ln_TAGB_": 5.146, "TAGB": 171.743, "CO2_Stock": 85.871 }, "geometry": { "type": "Point", "coordinates": [ 110.326612544968299, 1.553915775749007 ] } },
{ "type": "Feature", "properties": { "fid_1": 346.0, "Lokasi": "Jalan_Satok", "Pemilik": "Dbku", "Tarikh_Dit": null, "Jenis_Poko": "TT2_Tecoma", "Tinggi_Pok": 17.0, "Silara_Pok": 0.0, "Catatan": null, "Ukur_Lilit": 121, "Northing": null, "Easthing": null, "Ln_TAGB_": 9.331, "TAGB": 11282.408, "CO2_Stock": 5641.204 }, "geometry": { "type": "Point", "coordinates": [ 110.326810038309404, 1.553711344568937 ] } },
{ "type": "Feature", "properties": { "fid_1": 347.0, "Lokasi": "Jalan_Satok", "Pemilik": "Dbku", "Tarikh_Dit": null, "Jenis_Poko": "TT2_Tecoma", "Tinggi_Pok": 14.0, "Silara_Pok": 0.0, "Catatan": null, "Ukur_Lilit": 95, "Northing": null, "Easthing": null, "Ln_TAGB_": 8.799, "TAGB": 6627.613, "CO2_Stock": 3313.807 }, "geometry": { "type": "Point", "coordinates": [ 110.326652962733533, 1.553740796239418 ] } },
{ "type": "Feature", "properties": { "fid_1": 348.0, "Lokasi": "Jalan_Satok", "Pemilik": "Dbku", "Tarikh_Dit": null, "Jenis_Poko": "TT2_Tecoma", "Tinggi_Pok": 16.0, "Silara_Pok": 0.0, "Catatan": null, "Ukur_Lilit": 102, "Northing": null, "Easthing": null, "Ln_TAGB_": 8.955, "TAGB": 7746.528, "CO2_Stock": 3873.264 }, "geometry": { "type": "Point", "coordinates": [ 110.326556192959103, 1.553754820844403 ] } },
{ "type": "Feature", "properties": { "fid_1": 349.0, "Lokasi": "Jalan_Satok", "Pemilik": "Dbku", "Tarikh_Dit": null, "Jenis_Poko": "TT2_Tecoma", "Tinggi_Pok": 17.0, "Silara_Pok": 0.0, "Catatan": null, "Ukur_Lilit": 98, "Northing": null, "Easthing": null, "Ln_TAGB_": 8.868, "TAGB": 7101.065, "CO2_Stock": 3550.532 }, "geometry": { "type": "Point", "coordinates": [ 110.326500094539142, 1.553752015923372 ] } },
{ "type": "Feature", "properties": { "fid_1": 350.0, "Lokasi": "Jalan_Satok", "Pemilik": "Dbku", "Tarikh_Dit": null, "Jenis_Poko": "TT2_Tecoma", "Tinggi_Pok": 16.0, "Silara_Pok": 0.0, "Catatan": null, "Ukur_Lilit": 104, "Northing": null, "Easthing": null, "Ln_TAGB_": 8.998, "TAGB": 8086.894, "CO2_Stock": 4043.447 }, "geometry": { "type": "Point", "coordinates": [ 110.326415946909165, 1.553762534377088 ] } },
{ "type": "Feature", "properties": { "fid_1": 351.0, "Lokasi": "Jalan_Satok", "Pemilik": "Dbku", "Tarikh_Dit": null, "Jenis_Poko": "TT2_Tecoma", "Tinggi_Pok": 16.0, "Silara_Pok": 0.0, "Catatan": null, "Ukur_Lilit": 150, "Northing": null, "Easthing": null, "Ln_TAGB_": 9.802, "TAGB": 18069.849, "CO2_Stock": 9034.924 }, "geometry": { "type": "Point", "coordinates": [ 110.326323428556194, 1.553795044728846 ] } },
{ "type": "Feature", "properties": { "fid_1": 352.0, "Lokasi": "Jalan_Satok", "Pemilik": "Dbku", "Tarikh_Dit": null, "Jenis_Poko": "TT2_Tecoma", "Tinggi_Pok": 14.0, "Silara_Pok": 0.0, "Catatan": null, "Ukur_Lilit": 85, "Northing": null, "Easthing": null, "Ln_TAGB_": 8.555, "TAGB": 5192.653, "CO2_Stock": 2596.327 }, "geometry": { "type": "Point", "coordinates": [ 110.326253305531239, 1.553828002550667 ] } },
{ "type": "Feature", "properties": { "fid_1": 353.0, "Lokasi": "Jalan_Satok", "Pemilik": "Dbku", "Tarikh_Dit": null, "Jenis_Poko": "TT2_Tecoma", "Tinggi_Pok": 14.0, "Silara_Pok": 0.0, "Catatan": null, "Ukur_Lilit": 120, "Northing": null, "Easthing": null, "Ln_TAGB_": 9.312, "TAGB": 11070.066, "CO2_Stock": 5535.033 }, "geometry": { "type": "Point", "coordinates": [ 110.32618528619706, 1.553872180056506 ] } },
{ "type": "Feature", "properties": { "fid_1": 354.0, "Lokasi": "Jalan_Satok", "Pemilik": "Dbku", "Tarikh_Dit": null, "Jenis_Poko": "TT2_Tecoma", "Tinggi_Pok": 16.0, "Silara_Pok": 0.0, "Catatan": null, "Ukur_Lilit": 123, "Northing": null, "Easthing": null, "Ln_TAGB_": 9.367, "TAGB": 11695.974, "CO2_Stock": 5847.987 }, "geometry": { "type": "Point", "coordinates": [ 110.326148822224113, 1.553937394469947 ] } },
{ "type": "Feature", "properties": { "fid_1": 355.0, "Lokasi": "Jalan_Satok", "Pemilik": "Dbku", "Tarikh_Dit": null, "Jenis_Poko": "TT2_Tecoma", "Tinggi_Pok": 16.0, "Silara_Pok": 0.0, "Catatan": null, "Ukur_Lilit": 120, "Northing": null, "Easthing": null, "Ln_TAGB_": 9.312, "TAGB": 11070.066, "CO2_Stock": 5535.033 }, "geometry": { "type": "Point", "coordinates": [ 110.326113059481429, 1.553994895350617 ] } },
{ "type": "Feature", "properties": { "fid_1": 356.0, "Lokasi": "Jalan_Satok", "Pemilik": "Dbku", "Tarikh_Dit": null, "Jenis_Poko": "TT2_Tecoma", "Tinggi_Pok": 16.0, "Silara_Pok": 0.0, "Catatan": null, "Ukur_Lilit": 122, "Northing": null, "Easthing": null, "Ln_TAGB_": 9.349, "TAGB": 11487.33, "CO2_Stock": 5743.665 }, "geometry": { "type": "Point", "coordinates": [ 110.32609062011349, 1.554054499922003 ] } },
{ "type": "Feature", "properties": { "fid_1": 357.0, "Lokasi": "Jalan_Satok", "Pemilik": "Dbku", "Tarikh_Dit": null, "Jenis_Poko": "TT2_Tecoma", "Tinggi_Pok": 16.0, "Silara_Pok": 0.0, "Catatan": null, "Ukur_Lilit": 96, "Northing": null, "Easthing": null, "Ln_TAGB_": 8.822, "TAGB": 6781.815, "CO2_Stock": 3390.907 }, "geometry": { "type": "Point", "coordinates": [ 110.32673150052149, 1.553745704851252 ] } },
{ "type": "Feature", "properties": { "fid_1": 358.0, "Lokasi": "Jalan_Satok", "Pemilik": "Dbku", "Tarikh_Dit": null, "Jenis_Poko": "TM1_Musk Tree", "Tinggi_Pok": 19.0, "Silara_Pok": 0.0, "Catatan": null, "Ukur_Lilit": 68, "Northing": null, "Easthing": null, "Ln_TAGB_": 8.065, "TAGB": 3181.156, "CO2_Stock": 1590.578 }, "geometry": { "type": "Point", "coordinates": [ 110.326022319189988, 1.553811518032466 ] } },
{ "type": "Feature", "properties": { "fid_1": 359.0, "Lokasi": "Jalan_Satok", "Pemilik": "Dbku", "Tarikh_Dit": null, "Jenis_Poko": "TM1_Musk Tree", "Tinggi_Pok": 18.0, "Silara_Pok": 0.0, "Catatan": null, "Ukur_Lilit": 70, "Northing": null, "Easthing": null, "Ln_TAGB_": 8.129, "TAGB": 3391.406, "CO2_Stock": 1695.703 }, "geometry": { "type": "Point", "coordinates": [ 110.326002871737757, 1.553841437189879 ] } },
{ "type": "Feature", "properties": { "fid_1": 360.0, "Lokasi": "Jalan_Satok", "Pemilik": "Dbku", "Tarikh_Dit": null, "Jenis_Poko": "TJ1_Jambu Laut", "Tinggi_Pok": 12.0, "Silara_Pok": 0.0, "Catatan": null, "Ukur_Lilit": 51, "Northing": null, "Easthing": null, "Ln_TAGB_": 7.433, "TAGB": 1690.873, "CO2_Stock": 845.437 }, "geometry": { "type": "Point", "coordinates": [ 110.337155362290304, 1.553761777440201 ] } },
{ "type": "Feature", "properties": { "fid_1": 361.0, "Lokasi": "Jalan_Satok", "Pemilik": "Dbku", "Tarikh_Dit": null, "Jenis_Poko": "TJ1_Jambu Laut", "Tinggi_Pok": 10.0, "Silara_Pok": 0.0, "Catatan": null, "Ukur_Lilit": 39, "Northing": null, "Easthing": null, "Ln_TAGB_": 6.844, "TAGB": 938.235, "CO2_Stock": 469.118 }, "geometry": { "type": "Point", "coordinates": [ 110.337200989005211, 1.553727370409206 ] } },
{ "type": "Feature", "properties": { "fid_1": 362.0, "Lokasi": "Jalan_Satok", "Pemilik": "Dbku", "Tarikh_Dit": null, "Jenis_Poko": "TJ1_Jambu Laut", "Tinggi_Pok": 12.0, "Silara_Pok": 0.0, "Catatan": null, "Ukur_Lilit": 51, "Northing": null, "Easthing": null, "Ln_TAGB_": 7.433, "TAGB": 1690.873, "CO2_Stock": 845.437 }, "geometry": { "type": "Point", "coordinates": [ 110.337166581974259, 1.553673515925797 ] } },
{ "type": "Feature", "properties": { "fid_1": 363.0, "Lokasi": "Jalan_Satok", "Pemilik": "Dbku", "Tarikh_Dit": null, "Jenis_Poko": "TJ1_Jambu Laut", "Tinggi_Pok": 12.0, "Silara_Pok": 0.0, "Catatan": null, "Ukur_Lilit": 40, "Northing": null, "Easthing": null, "Ln_TAGB_": 6.9, "TAGB": 992.275, "CO2_Stock": 496.137 }, "geometry": { "type": "Point", "coordinates": [ 110.337123199196142, 1.553685483588743 ] } },
{ "type": "Feature", "properties": { "fid_1": 364.0, "Lokasi": "Jalan_Satok", "Pemilik": "Dbku", "Tarikh_Dit": null, "Jenis_Poko": "TJ1_Jambu Laut", "Tinggi_Pok": 12.0, "Silara_Pok": 0.0, "Catatan": null, "Ukur_Lilit": 57, "Northing": null, "Easthing": null, "Ln_TAGB_": 7.678, "TAGB": 2160.295, "CO2_Stock": 1080.148 }, "geometry": { "type": "Point", "coordinates": [ 110.337129931006558, 1.553735598177436 ] } },
{ "type": "Feature", "properties": { "fid_1": 365.0, "Lokasi": "Jalan_Satok", "Pemilik": "Dbku", "Tarikh_Dit": null, "Jenis_Poko": "TJ1_Jambu Laut", "Tinggi_Pok": 9.0, "Silara_Pok": 0.0, "Catatan": null, "Ukur_Lilit": 56, "Northing": null, "Easthing": null, "Ln_TAGB_": 7.639, "TAGB": 2077.665, "CO2_Stock": 1038.832 }, "geometry": { "type": "Point", "coordinates": [ 110.337261949288163, 1.55364621469471 ] } },
{ "type": "Feature", "properties": { "fid_1": 366.0, "Lokasi": "Jalan_Satok", "Pemilik": "Dbku", "Tarikh_Dit": null, "Jenis_Poko": "TJ1_Jambu Laut", "Tinggi_Pok": 9.0, "Silara_Pok": 0.0, "Catatan": null, "Ukur_Lilit": 53, "Northing": null, "Easthing": null, "Ln_TAGB_": 7.518, "TAGB": 1840.882, "CO2_Stock": 920.441 }, "geometry": { "type": "Point", "coordinates": [ 110.337280274772041, 1.553638734905377 ] } },
{ "type": "Feature", "properties": { "fid_1": 367.0, "Lokasi": "Jalan_Satok", "Pemilik": "Dbku", "Tarikh_Dit": null, "Jenis_Poko": "TJ1_Jambu Laut", "Tinggi_Pok": 9.0, "Silara_Pok": 0.0, "Catatan": null, "Ukur_Lilit": 41, "Northing": null, "Easthing": null, "Ln_TAGB_": 6.954, "TAGB": 1047.331, "CO2_Stock": 523.665 }, "geometry": { "type": "Point", "coordinates": [ 110.337174435752956, 1.553563563022257 ] } },
{ "type": "Feature", "properties": { "fid_1": 368.0, "Lokasi": "Jalan_Satok", "Pemilik": "Dbku", "Tarikh_Dit": null, "Jenis_Poko": "TJ1_Jambu Laut", "Tinggi_Pok": 9.0, "Silara_Pok": 0.0, "Catatan": null, "Ukur_Lilit": 42, "Northing": null, "Easthing": null, "Ln_TAGB_": 7.007, "TAGB": 1104.337, "CO2_Stock": 552.168 }, "geometry": { "type": "Point", "coordinates": [ 110.337187899373717, 1.553535139822727 ] } },
{ "type": "Feature", "properties": { "fid_1": 369.0, "Lokasi": "Jalan_Satok", "Pemilik": "Dbku", "Tarikh_Dit": null, "Jenis_Poko": "TJ1_Jambu Laut", "Tinggi_Pok": 10.0, "Silara_Pok": 0.0, "Catatan": null, "Ukur_Lilit": 56, "Northing": null, "Easthing": null, "Ln_TAGB_": 7.639, "TAGB": 2077.665, "CO2_Stock": 1038.832 }, "geometry": { "type": "Point", "coordinates": [ 110.337116841375078, 1.553494748960125 ] } },
{ "type": "Feature", "properties": { "fid_1": 370.0, "Lokasi": "Jalan_Satok", "Pemilik": "Dbku", "Tarikh_Dit": null, "Jenis_Poko": "TJ1_Jambu Laut", "Tinggi_Pok": 9.0, "Silara_Pok": 0.0, "Catatan": null, "Ukur_Lilit": 43, "Northing": null, "Easthing": null, "Ln_TAGB_": 7.059, "TAGB": 1163.281, "CO2_Stock": 581.64 }, "geometry": { "type": "Point", "coordinates": [ 110.337089166154584, 1.553529155991173 ] } },
{ "type": "Feature", "properties": { "fid_1": 371.0, "Lokasi": "Jalan_Satok", "Pemilik": "Dbku", "Tarikh_Dit": null, "Jenis_Poko": "TJ1_Jambu Laut", "Tinggi_Pok": 9.0, "Silara_Pok": 0.0, "Catatan": null, "Ukur_Lilit": 40, "Northing": null, "Easthing": null, "Ln_TAGB_": 6.9, "TAGB": 992.275, "CO2_Stock": 496.137 }, "geometry": { "type": "Point", "coordinates": [ 110.337120581269801, 1.553553091317119 ] } },
{ "type": "Feature", "properties": { "fid_1": 372.0, "Lokasi": "Jalan_Satok", "Pemilik": "Dbku", "Tarikh_Dit": null, "Jenis_Poko": "TJ1_Jambu Laut", "Tinggi_Pok": 9.0, "Silara_Pok": 0.0, "Catatan": null, "Ukur_Lilit": 61, "Northing": null, "Easthing": null, "Ln_TAGB_": 7.826, "TAGB": 2504.89, "CO2_Stock": 1252.445 }, "geometry": { "type": "Point", "coordinates": [ 110.337123573185522, 1.553587498348162 ] } },
{ "type": "Feature", "properties": { "fid_1": 373.0, "Lokasi": "Jalan_Satok", "Pemilik": "Dbku", "Tarikh_Dit": null, "Jenis_Poko": "TJ1_Jambu Laut", "Tinggi_Pok": 9.0, "Silara_Pok": 0.0, "Catatan": null, "Ukur_Lilit": 50, "Northing": null, "Easthing": null, "Ln_TAGB_": 7.39, "TAGB": 1619.706, "CO2_Stock": 809.853 }, "geometry": { "type": "Point", "coordinates": [ 110.337070466681283, 1.553571042811549 ] } },
{ "type": "Feature", "properties": { "fid_1": 374.0, "Lokasi": "Jalan_Satok", "Pemilik": "Dbku", "Tarikh_Dit": null, "Jenis_Poko": "TJ1_Jambu Laut", "Tinggi_Pok": 10.0, "Silara_Pok": 0.0, "Catatan": null, "Ukur_Lilit": 50, "Northing": null, "Easthing": null, "Ln_TAGB_": 7.39, "TAGB": 1619.706, "CO2_Stock": 809.853 }, "geometry": { "type": "Point", "coordinates": [ 110.337054011144801, 1.55365556443128 ] } },
{ "type": "Feature", "properties": { "fid_1": 375.0, "Lokasi": "Jalan_Satok", "Pemilik": "Dbku", "Tarikh_Dit": null, "Jenis_Poko": "TJ1_Jambu Laut", "Tinggi_Pok": 8.0, "Silara_Pok": 0.0, "Catatan": null, "Ukur_Lilit": 37, "Northing": null, "Easthing": null, "Ln_TAGB_": 6.729, "TAGB": 836.311, "CO2_Stock": 418.156 }, "geometry": { "type": "Point", "coordinates": [ 110.337280648761251, 1.553327201678656 ] } },
{ "type": "Feature", "properties": { "fid_1": 376.0, "Lokasi": "Jalan_Satok", "Pemilik": "Dbku", "Tarikh_Dit": null, "Jenis_Poko": "TJ1_Jambu Laut", "Tinggi_Pok": 11.0, "Silara_Pok": 0.0, "Catatan": null, "Ukur_Lilit": 67, "Northing": null, "Easthing": null, "Ln_TAGB_": 8.033, "TAGB": 3080.971, "CO2_Stock": 1540.486 }, "geometry": { "type": "Point", "coordinates": [ 110.337309819939648, 1.553324209762915 ] } },
{ "type": "Feature", "properties": { "fid_1": 377.0, "Lokasi": "Jalan_Satok", "Pemilik": "Dbku", "Tarikh_Dit": null, "Jenis_Poko": "TJ1_Jambu Laut", "Tinggi_Pok": 9.0, "Silara_Pok": 0.0, "Catatan": null, "Ukur_Lilit": 44, "Northing": null, "Easthing": null, "Ln_TAGB_": 7.109, "TAGB": 1222.924, "CO2_Stock": 611.462 }, "geometry": { "type": "Point", "coordinates": [ 110.337338243139072, 1.553303266352727 ] } },
{ "type": "Feature", "properties": { "fid_1": 378.0, "Lokasi": "Jalan_Satok", "Pemilik": "Dbku", "Tarikh_Dit": null, "Jenis_Poko": "TJ1_Jambu Laut", "Tinggi_Pok": 8.0, "Silara_Pok": 0.0, "Catatan": null, "Ukur_Lilit": 49, "Northing": null, "Easthing": null, "Ln_TAGB_": 7.345, "TAGB": 1548.435, "CO2_Stock": 774.217 }, "geometry": { "type": "Point", "coordinates": [ 110.337321787602519, 1.553280826984666 ] } },
{ "type": "Feature", "properties": { "fid_1": 379.0, "Lokasi": "Jalan_Satok", "Pemilik": "Dbku", "Tarikh_Dit": null, "Jenis_Poko": "TJ1_Jambu Laut", "Tinggi_Pok": 8.0, "Silara_Pok": 0.0, "Catatan": null, "Ukur_Lilit": 40, "Northing": null, "Easthing": null, "Ln_TAGB_": 6.9, "TAGB": 992.275, "CO2_Stock": 496.137 }, "geometry": { "type": "Point", "coordinates": [ 110.337278404824431, 1.553292046668685 ] } },
{ "type": "Feature", "properties": { "fid_1": 380.0, "Lokasi": "Jalan_Satok", "Pemilik": "Dbku", "Tarikh_Dit": null, "Jenis_Poko": "TJ1_Jambu Laut", "Tinggi_Pok": 4.0, "Silara_Pok": 0.0, "Catatan": null, "Ukur_Lilit": 40, "Northing": null, "Easthing": null, "Ln_TAGB_": 6.9, "TAGB": 992.275, "CO2_Stock": 496.137 }, "geometry": null },
{ "type": "Feature", "properties": { "fid_1": 381.0, "Lokasi": "Jalan Muda Hashim", "Pemilik": null, "Tarikh_Dit": null, "Jenis_Poko": "Kopsia singapurensis", "Tinggi_Pok": 7.0, "Silara_Pok": 4.0, "Catatan": null, "Ukur_Lilit": 8, "Northing": null, "Easthing": null, "Ln_TAGB_": 3.365, "TAGB": 28.933, "CO2_Stock": 14.466 }, "geometry": { "type": "Point", "coordinates": [ 110.333856713163172, 1.554480991766293 ] } },
{ "type": "Feature", "properties": { "fid_1": 382.0, "Lokasi": "Jalan Muda Hashim", "Pemilik": null, "Tarikh_Dit": null, "Jenis_Poko": "Kopsia singapurensis", "Tinggi_Pok": 6.0, "Silara_Pok": 2.0, "Catatan": null, "Ukur_Lilit": 115, "Northing": null, "Easthing": null, "Ln_TAGB_": 9.219, "TAGB": 10086.972, "CO2_Stock": 5043.486 }, "geometry": { "type": "Point", "coordinates": [ 110.333869572386561, 1.554593068320119 ] } },
{ "type": "Feature", "properties": { "fid_1": 383.0, "Lokasi": "Jalan Muda Hashim", "Pemilik": null, "Tarikh_Dit": null, "Jenis_Poko": "Callistemon citrinus", "Tinggi_Pok": 7.0, "Silara_Pok": 3.0, "Catatan": null, "Ukur_Lilit": 60, "Northing": null, "Easthing": null, "Ln_TAGB_": 7.79, "TAGB": 2416.318, "CO2_Stock": 1208.159 }, "geometry": { "type": "Point", "coordinates": [ 110.334045178605038, 1.555601573192052 ] } },
{ "type": "Feature", "properties": { "fid_1": 384.0, "Lokasi": "Jalan Muda Hshim", "Pemilik": null, "Tarikh_Dit": null, "Jenis_Poko": "Callistemon citrinus", "Tinggi_Pok": 5.0, "Silara_Pok": 2.0, "Catatan": null, "Ukur_Lilit": 59, "Northing": null, "Easthing": null, "Ln_TAGB_": 7.753, "TAGB": 2328.548, "CO2_Stock": 1164.274 }, "geometry": { "type": "Point", "coordinates": [ 110.334032846956077, 1.555744826896579 ] } },
{ "type": "Feature", "properties": { "fid_1": 385.0, "Lokasi": "Jalan Muda Hshim", "Pemilik": null, "Tarikh_Dit": null, "Jenis_Poko": "Callistemon citrnus", "Tinggi_Pok": 7.0, "Silara_Pok": 3.0, "Catatan": null, "Ukur_Lilit": 60, "Northing": null, "Easthing": null, "Ln_TAGB_": 7.79, "TAGB": 2416.318, "CO2_Stock": 1208.159 }, "geometry": { "type": "Point", "coordinates": [ 110.334033504296571, 1.5557844316612 ] } },
{ "type": "Feature", "properties": { "fid_1": 386.0, "Lokasi": "Jalan Muda Hshim", "Pemilik": null, "Tarikh_Dit": null, "Jenis_Poko": "Callistemon citrnus", "Tinggi_Pok": 5.0, "Silara_Pok": 3.0, "Catatan": null, "Ukur_Lilit": 60, "Northing": null, "Easthing": null, "Ln_TAGB_": 7.79, "TAGB": 2416.318, "CO2_Stock": 1208.159 }, "geometry": { "type": "Point", "coordinates": [ 110.334034818977599, 1.555833403527831 ] } },
{ "type": "Feature", "properties": { "fid_1": 387.0, "Lokasi": "Jalan Muda Hashim", "Pemilik": null, "Tarikh_Dit": null, "Jenis_Poko": "Callistemon citrnus", "Tinggi_Pok": 5.0, "Silara_Pok": 3.0, "Catatan": null, "Ukur_Lilit": 60, "Northing": null, "Easthing": null, "Ln_TAGB_": 7.79, "TAGB": 2416.318, "CO2_Stock": 1208.159 }, "geometry": { "type": "Point", "coordinates": [ 110.334040242036721, 1.555892399836962 ] } },
{ "type": "Feature", "properties": { "fid_1": 388.0, "Lokasi": "Jalan Muda Hashim", "Pemilik": null, "Tarikh_Dit": null, "Jenis_Poko": "Callistemon citrnus", "Tinggi_Pok": 7.0, "Silara_Pok": 3.0, "Catatan": null, "Ukur_Lilit": 105, "Northing": null, "Easthing": null, "Ln_TAGB_": 9.019, "TAGB": 8258.514, "CO2_Stock": 4129.257 }, "geometry": { "type": "Point", "coordinates": [ 110.3340478014524, 1.555969308674495 ] } },
{ "type": "Feature", "properties": { "fid_1": 389.0, "Lokasi": "Jalan Muda Hashim", "Pemilik": null, "Tarikh_Dit": null, "Jenis_Poko": "Callistemon citrnus", "Tinggi_Pok": 7.0, "Silara_Pok": 3.0, "Catatan": null, "Ukur_Lilit": 62, "Northing": null, "Easthing": null, "Ln_TAGB_": 7.862, "TAGB": 2596.709, "CO2_Stock": 1298.354 }, "geometry": { "type": "Point", "coordinates": [ 110.334048787463146, 1.556010063784964 ] } },
{ "type": "Feature", "properties": { "fid_1": 390.0, "Lokasi": "Jalan Muda Hashim", "Pemilik": null, "Tarikh_Dit": null, "Jenis_Poko": "Callistemon citrnus", "Tinggi_Pok": 7.0, "Silara_Pok": 3.0, "Catatan": null, "Ukur_Lilit": 62, "Northing": null, "Easthing": null, "Ln_TAGB_": 7.862, "TAGB": 2596.709, "CO2_Stock": 1298.354 }, "geometry": { "type": "Point", "coordinates": [ 110.334051745495429, 1.55616979752441 ] } },
{ "type": "Feature", "properties": { "fid_1": 391.0, "Lokasi": "Jalan Muda Hashim", "Pemilik": null, "Tarikh_Dit": null, "Jenis_Poko": "Callistemon citrnus", "Tinggi_Pok": 7.0, "Silara_Pok": 3.0, "Catatan": null, "Ukur_Lilit": 66, "Northing": null, "Easthing": null, "Ln_TAGB_": 7.999, "TAGB": 2977.979, "CO2_Stock": 1488.989 }, "geometry": { "type": "Point", "coordinates": [ 110.334050102144246, 1.556226657476948 ] } },
{ "type": "Feature", "properties": { "fid_1": 392.0, "Lokasi": "Jalan Muda Hashim", "Pemilik": null, "Tarikh_Dit": null, "Jenis_Poko": "Callistemon citrnus", "Tinggi_Pok": 7.0, "Silara_Pok": 3.0, "Catatan": null, "Ukur_Lilit": 71, "Northing": null, "Easthing": null, "Ln_TAGB_": 8.16, "TAGB": 3498.187, "CO2_Stock": 1749.093 }, "geometry": { "type": "Point", "coordinates": [ 110.334142008203003, 1.55756421886111 ] } },
{ "type": "Feature", "properties": { "fid_1": 393.0, "Lokasi": "Jalan Muda Hashim", "Pemilik": null, "Tarikh_Dit": null, "Jenis_Poko": "Callistemon citrnus", "Tinggi_Pok": 6.0, "Silara_Pok": 4.0, "Catatan": null, "Ukur_Lilit": 50, "Northing": null, "Easthing": null, "Ln_TAGB_": 7.39, "TAGB": 1619.706, "CO2_Stock": 809.853 }, "geometry": { "type": "Point", "coordinates": [ 110.334184687559883, 1.558676035149057 ] } },
{ "type": "Feature", "properties": { "fid_1": 394.0, "Lokasi": "Jalan Muda Hashim", "Pemilik": null, "Tarikh_Dit": null, "Jenis_Poko": "Callistemon citrnus", "Tinggi_Pok": 7.0, "Silara_Pok": 3.0, "Catatan": null, "Ukur_Lilit": 71, "Northing": null, "Easthing": null, "Ln_TAGB_": 8.16, "TAGB": 3498.187, "CO2_Stock": 1749.093 }, "geometry": { "type": "Point", "coordinates": [ 110.334181400857432, 1.558651056210371 ] } },
{ "type": "Feature", "properties": { "fid_1": 395.0, "Lokasi": "Jalan Muda Hashim", "Pemilik": null, "Tarikh_Dit": null, "Jenis_Poko": "Callistemon citrnus", "Tinggi_Pok": 7.0, "Silara_Pok": 3.0, "Catatan": null, "Ukur_Lilit": 66, "Northing": null, "Easthing": null, "Ln_TAGB_": 7.999, "TAGB": 2977.979, "CO2_Stock": 1488.989 }, "geometry": { "type": "Point", "coordinates": [ 110.334178114154923, 1.558614573813077 ] } },
{ "type": "Feature", "properties": { "fid_1": 396.0, "Lokasi": "Jalan Muda Hashim", "Pemilik": null, "Tarikh_Dit": null, "Jenis_Poko": "Callistemon citrnus", "Tinggi_Pok": 7.0, "Silara_Pok": 3.0, "Catatan": null, "Ukur_Lilit": 62, "Northing": null, "Easthing": null, "Ln_TAGB_": 7.862, "TAGB": 2596.709, "CO2_Stock": 1298.354 }, "geometry": { "type": "Point", "coordinates": [ 110.334167861125508, 1.558372407596865 ] } },
{ "type": "Feature", "properties": { "fid_1": 397.0, "Lokasi": "Jalan Muda Hashim", "Pemilik": null, "Tarikh_Dit": null, "Jenis_Poko": "Callistemon citrnus", "Tinggi_Pok": 7.0, "Silara_Pok": 3.0, "Catatan": null, "Ukur_Lilit": 62, "Northing": null, "Easthing": null, "Ln_TAGB_": 7.862, "TAGB": 2596.709, "CO2_Stock": 1298.354 }, "geometry": { "type": "Point", "coordinates": [ 110.334166546444507, 1.558329023124415 ] } },
{ "type": "Feature", "properties": { "fid_1": 398.0, "Lokasi": "Jalan Muda Hashim", "Pemilik": null, "Tarikh_Dit": null, "Jenis_Poko": "Callistemon citrnus", "Tinggi_Pok": 7.0, "Silara_Pok": 3.0, "Catatan": null, "Ukur_Lilit": 105, "Northing": null, "Easthing": null, "Ln_TAGB_": 9.019, "TAGB": 8258.514, "CO2_Stock": 4129.257 }, "geometry": { "type": "Point", "coordinates": [ 110.334164574422999, 1.55828695333294 ] } },
{ "type": "Feature", "properties": { "fid_1": 399.0, "Lokasi": "Jalan Patingan", "Pemilik": null, "Tarikh_Dit": null, "Jenis_Poko": "Arfeuillea arboresce", "Tinggi_Pok": 8.0, "Silara_Pok": 5.0, "Catatan": null, "Ukur_Lilit": 48, "Northing": null, "Easthing": null, "Ln_TAGB_": 7.3, "TAGB": 1480.3, "CO2_Stock": 740.15 }, "geometry": { "type": "Point", "coordinates": [ 110.329926638390148, 1.567424631117336 ] } },
{ "type": "Feature", "properties": { "fid_1": 400.0, "Lokasi": "Jalan Patingan", "Pemilik": null, "Tarikh_Dit": null, "Jenis_Poko": "Arfeuillea arboresce", "Tinggi_Pok": 9.0, "Silara_Pok": 5.0, "Catatan": null, "Ukur_Lilit": 52, "Northing": null, "Easthing": null, "Ln_TAGB_": 7.476, "TAGB": 1765.166, "CO2_Stock": 882.583 }, "geometry": { "type": "Point", "coordinates": [ 110.329925323709219, 1.567478533037659 ] } },
{ "type": "Feature", "properties": { "fid_1": 401.0, "Lokasi": "Jalan Tanjung", "Pemilik": null, "Tarikh_Dit": null, "Jenis_Poko": "Arfeuillea arboresce", "Tinggi_Pok": 7.0, "Silara_Pok": 4.0, "Catatan": null, "Ukur_Lilit": 51, "Northing": null, "Easthing": null, "Ln_TAGB_": 7.433, "TAGB": 1690.873, "CO2_Stock": 845.437 }, "geometry": { "type": "Point", "coordinates": [ 110.329854401940509, 1.56768595729309 ] } },
{ "type": "Feature", "properties": { "fid_1": 402.0, "Lokasi": "Jalan Tanjung", "Pemilik": null, "Tarikh_Dit": null, "Jenis_Poko": "Arfeuillea arboresce", "Tinggi_Pok": 7.0, "Silara_Pok": 3.0, "Catatan": null, "Ukur_Lilit": 48, "Northing": null, "Easthing": null, "Ln_TAGB_": 7.3, "TAGB": 1480.3, "CO2_Stock": 740.15 }, "geometry": { "type": "Point", "coordinates": [ 110.329918821308453, 1.567682013250187 ] } },
{ "type": "Feature", "properties": { "fid_1": 403.0, "Lokasi": "Jalan Tanjung", "Pemilik": null, "Tarikh_Dit": null, "Jenis_Poko": "Arfeuillea arboresce", "Tinggi_Pok": 7.0, "Silara_Pok": 4.0, "Catatan": null, "Ukur_Lilit": 47, "Northing": null, "Easthing": null, "Ln_TAGB_": 7.254, "TAGB": 1413.749, "CO2_Stock": 706.875 }, "geometry": { "type": "Point", "coordinates": [ 110.329960891099759, 1.567685957293148 ] } },
{ "type": "Feature", "properties": { "fid_1": 404.0, "Lokasi": "JaLAN tANJUNG", "Pemilik": null, "Tarikh_Dit": null, "Jenis_Poko": "Arfeuillea arboresce", "Tinggi_Pok": 7.0, "Silara_Pok": 4.0, "Catatan": null, "Ukur_Lilit": 52, "Northing": null, "Easthing": null, "Ln_TAGB_": 7.476, "TAGB": 1765.166, "CO2_Stock": 882.583 }, "geometry": { "type": "Point", "coordinates": [ 110.330048974725301, 1.567680698569289 ] } },
{ "type": "Feature", "properties": { "fid_1": 405.0, "Lokasi": "Jalan Tanjung", "Pemilik": null, "Tarikh_Dit": null, "Jenis_Poko": "Arfeuillea arboresce", "Tinggi_Pok": 6.0, "Silara_Pok": 4.0, "Catatan": null, "Ukur_Lilit": 47, "Northing": null, "Easthing": null, "Ln_TAGB_": 7.254, "TAGB": 1413.749, "CO2_Stock": 706.875 }, "geometry": { "type": "Point", "coordinates": [ 110.330133114307912, 1.567684642612292 ] } },
{ "type": "Feature", "properties": { "fid_1": 406.0, "Lokasi": "Jalan Tanjung", "Pemilik": null, "Tarikh_Dit": null, "Jenis_Poko": "Arfeuillea arboresce", "Tinggi_Pok": 6.0, "Silara_Pok": 5.0, "Catatan": null, "Ukur_Lilit": 47, "Northing": null, "Easthing": null, "Ln_TAGB_": 7.254, "TAGB": 1413.749, "CO2_Stock": 706.875 }, "geometry": { "type": "Point", "coordinates": [ 110.33021856857151, 1.567678069207434 ] } },
{ "type": "Feature", "properties": { "fid_1": 407.0, "Lokasi": "Jalan Tanjung", "Pemilik": null, "Tarikh_Dit": null, "Jenis_Poko": "Arfeuillea arboresce", "Tinggi_Pok": 6.0, "Silara_Pok": 4.0, "Catatan": null, "Ukur_Lilit": 45, "Northing": null, "Easthing": null, "Ln_TAGB_": 7.158, "TAGB": 1284.34, "CO2_Stock": 642.17 }, "geometry": { "type": "Point", "coordinates": [ 110.330269841129663, 1.567672810483528 ] } },
{ "type": "Feature", "properties": { "fid_1": 408.0, "Lokasi": "Jalan Tanjung", "Pemilik": null, "Tarikh_Dit": null, "Jenis_Poko": "Arfeuillea arboresce", "Tinggi_Pok": 6.0, "Silara_Pok": 4.0, "Catatan": null, "Ukur_Lilit": 50, "Northing": null, "Easthing": null, "Ln_TAGB_": 7.39, "TAGB": 1619.706, "CO2_Stock": 809.853 }, "geometry": { "type": "Point", "coordinates": [ 110.330315854963885, 1.567663607716657 ] } },
{ "type": "Feature", "properties": { "fid_1": 409.0, "Lokasi": "Jalan Tanjung", "Pemilik": null, "Tarikh_Dit": null, "Jenis_Poko": "Arfeuillea arboresce", "Tinggi_Pok": 7.0, "Silara_Pok": 4.0, "Catatan": null, "Ukur_Lilit": 47, "Northing": null, "Easthing": null, "Ln_TAGB_": 7.254, "TAGB": 1413.749, "CO2_Stock": 706.875 }, "geometry": { "type": "Point", "coordinates": [ 110.330369756883997, 1.567647831544897 ] } },
{ "type": "Feature", "properties": { "fid_1": 410.0, "Lokasi": "Jalan Tanjung", "Pemilik": null, "Tarikh_Dit": null, "Jenis_Poko": "Arfeuillea arboresce", "Tinggi_Pok": 8.0, "Silara_Pok": 5.0, "Catatan": null, "Ukur_Lilit": 50, "Northing": null, "Easthing": null, "Ln_TAGB_": 7.39, "TAGB": 1619.706, "CO2_Stock": 809.853 }, "geometry": { "type": "Point", "coordinates": [ 110.330057097345701, 1.567598278344157 ] } },
{ "type": "Feature", "properties": { "fid_1": 411.0, "Lokasi": "Jalan Tanjung", "Pemilik": null, "Tarikh_Dit": null, "Jenis_Poko": "Arfeuillea arboresce", "Tinggi_Pok": 9.0, "Silara_Pok": 6.0, "Catatan": null, "Ukur_Lilit": 50, "Northing": null, "Easthing": null, "Ln_TAGB_": 7.39, "TAGB": 1619.706, "CO2_Stock": 809.853 }, "geometry": { "type": "Point", "coordinates": [ 110.330113628627771, 1.567596963663208 ] } },
{ "type": "Feature", "properties": { "fid_1": 412.0, "Lokasi": "Jalan Tanjung", "Pemilik": null, "Tarikh_Dit": null, "Jenis_Poko": "Arfeuillea arboresce", "Tinggi_Pok": 10.0, "Silara_Pok": 6.0, "Catatan": null, "Ukur_Lilit": 54, "Northing": null, "Easthing": null, "Ln_TAGB_": 7.559, "TAGB": 1917.927, "CO2_Stock": 958.963 }, "geometry": { "type": "Point", "coordinates": [ 110.330192509486466, 1.567590390258365 ] } },
{ "type": "Feature", "properties": { "fid_1": 413.0, "Lokasi": "Jalan Tanjung", "Pemilik": null, "Tarikh_Dit": null, "Jenis_Poko": "Arfeuillea arboresce", "Tinggi_Pok": 8.0, "Silara_Pok": 5.0, "Catatan": null, "Ukur_Lilit": 50, "Northing": null, "Easthing": null, "Ln_TAGB_": 7.39, "TAGB": 1619.706, "CO2_Stock": 809.853 }, "geometry": { "type": "Point", "coordinates": [ 110.330367693654551, 1.567546263374421 ] } },
{ "type": "Feature", "properties": { "fid_1": 414.0, "Lokasi": "Jalan Tanjung", "Pemilik": null, "Tarikh_Dit": null, "Jenis_Poko": "Arfeuillea arboresce", "Tinggi_Pok": 7.0, "Silara_Pok": 4.0, "Catatan": null, "Ukur_Lilit": 51, "Northing": null, "Easthing": null, "Ln_TAGB_": 7.433, "TAGB": 1690.873, "CO2_Stock": 845.437 }, "geometry": { "type": "Point", "coordinates": [ 110.330438686427385, 1.56753048720265 ] } },
{ "type": "Feature", "properties": { "fid_1": 415.0, "Lokasi": "Jalan Tanjung", "Pemilik": null, "Tarikh_Dit": null, "Jenis_Poko": "Arfeuillea arboresce", "Tinggi_Pok": 6.0, "Silara_Pok": 3.0, "Catatan": null, "Ukur_Lilit": 45, "Northing": null, "Easthing": null, "Ln_TAGB_": 7.158, "TAGB": 1284.34, "CO2_Stock": 642.17 }, "geometry": { "type": "Point", "coordinates": [ 110.330690607496976, 1.567574799052371 ] } },
{ "type": "Feature", "properties": { "fid_1": 416.0, "Lokasi": "Jalan Tanjung", "Pemilik": null, "Tarikh_Dit": null, "Jenis_Poko": "Arfeuillea arboresce", "Tinggi_Pok": 8.0, "Silara_Pok": 3.0, "Catatan": null, "Ukur_Lilit": 45, "Northing": null, "Easthing": null, "Ln_TAGB_": 7.158, "TAGB": 1284.34, "CO2_Stock": 642.17 }, "geometry": { "type": "Point", "coordinates": [ 110.331127161272164, 1.567464019428801 ] } },
{ "type": "Feature", "properties": { "fid_1": 417.0, "Lokasi": "Jln. Ajibah Abol", "Pemilik": null, "Tarikh_Dit": null, "Jenis_Poko": "Arfeuillea arboresce", "Tinggi_Pok": 6.0, "Silara_Pok": 4.0, "Catatan": null, "Ukur_Lilit": 31, "Northing": null, "Easthing": null, "Ln_TAGB_": 6.34, "TAGB": 566.796, "CO2_Stock": 283.398 }, "geometry": { "type": "Point", "coordinates": [ 110.332327684153825, 1.566839550587016 ] } },
{ "type": "Feature", "properties": { "fid_1": 418.0, "Lokasi": "Jln. Ajibah Abol", "Pemilik": null, "Tarikh_Dit": null, "Jenis_Poko": "Arfeuillea arboresce", "Tinggi_Pok": 7.0, "Silara_Pok": 4.0, "Catatan": null, "Ukur_Lilit": 30, "Northing": null, "Easthing": null, "Ln_TAGB_": 6.268, "TAGB": 527.421, "CO2_Stock": 263.711 }, "geometry": { "type": "Point", "coordinates": [ 110.332244899616086, 1.566760464839859 ] } },
{ "type": "Feature", "properties": { "fid_1": 419.0, "Lokasi": "Jln. Ajibah Abol", "Pemilik": null, "Tarikh_Dit": null, "Jenis_Poko": "Arfeuillea arboresce", "Tinggi_Pok": 6.0, "Silara_Pok": 3.0, "Catatan": null, "Ukur_Lilit": 31, "Northing": null, "Easthing": null, "Ln_TAGB_": 6.34, "TAGB": 566.796, "CO2_Stock": 283.398 }, "geometry": { "type": "Point", "coordinates": [ 110.332301430898141, 1.566753891434989 ] } },
{ "type": "Feature", "properties": { "fid_1": 420.0, "Lokasi": "Jln. Ajibah Abol", "Pemilik": null, "Tarikh_Dit": null, "Jenis_Poko": "Arfeuillea arboresce", "Tinggi_Pok": 6.0, "Silara_Pok": 3.0, "Catatan": null, "Ukur_Lilit": 30, "Northing": null, "Easthing": null, "Ln_TAGB_": 6.268, "TAGB": 527.421, "CO2_Stock": 263.711 }, "geometry": { "type": "Point", "coordinates": [ 110.332359276861183, 1.566746003349141 ] } },
{ "type": "Feature", "properties": { "fid_1": 421.0, "Lokasi": "Jln. Ajibah Abol", "Pemilik": null, "Tarikh_Dit": null, "Jenis_Poko": "Tabebuia chrysantha", "Tinggi_Pok": 6.0, "Silara_Pok": 4.0, "Catatan": null, "Ukur_Lilit": 29, "Northing": null, "Easthing": null, "Ln_TAGB_": 6.194, "TAGB": 489.801, "CO2_Stock": 244.9 }, "geometry": { "type": "Point", "coordinates": [ 110.332939846025738, 1.565931634398647 ] } },
{ "type": "Feature", "properties": { "fid_1": 422.0, "Lokasi": null, "Pemilik": null, "Tarikh_Dit": null, "Jenis_Poko": "Tabebuia crysantha", "Tinggi_Pok": 7.0, "Silara_Pok": 4.0, "Catatan": null, "Ukur_Lilit": 32, "Northing": null, "Easthing": null, "Ln_TAGB_": 6.41, "TAGB": 607.894, "CO2_Stock": 303.947 }, "geometry": { "type": "Point", "coordinates": [ 110.332959948596624, 1.565901616438902 ] } },
{ "type": "Feature", "properties": { "fid_1": 423.0, "Lokasi": "Jln. Ajibah Abol", "Pemilik": null, "Tarikh_Dit": null, "Jenis_Poko": "Tabebuia crysantha", "Tinggi_Pok": 7.0, "Silara_Pok": 3.0, "Catatan": null, "Ukur_Lilit": 33, "Northing": null, "Easthing": null, "Ln_TAGB_": 6.477, "TAGB": 650.018, "CO2_Stock": 325.009 }, "geometry": { "type": "Point", "coordinates": [ 110.333045255190342, 1.565991439345267 ] } },
{ "type": "Feature", "properties": { "fid_1": 424.0, "Lokasi": "Jln. Ajibah Abol", "Pemilik": null, "Tarikh_Dit": null, "Jenis_Poko": "Tabebuia crysantha", "Tinggi_Pok": 7.0, "Silara_Pok": 2.0, "Catatan": null, "Ukur_Lilit": 30, "Northing": null, "Easthing": null, "Ln_TAGB_": 6.268, "TAGB": 527.421, "CO2_Stock": 263.711 }, "geometry": { "type": "Point", "coordinates": [ 110.333071548809883, 1.565953313596777 ] } },
{ "type": "Feature", "properties": { "fid_1": 425.0, "Lokasi": "Jln. Ajibah Abol", "Pemilik": null, "Tarikh_Dit": null, "Jenis_Poko": "Tabebuia crysantha", "Tinggi_Pok": 6.0, "Silara_Pok": 2.0, "Catatan": null, "Ukur_Lilit": 33, "Northing": null, "Easthing": null, "Ln_TAGB_": 6.477, "TAGB": 650.018, "CO2_Stock": 325.009 }, "geometry": { "type": "Point", "coordinates": [ 110.333116681249024, 1.565886435527602 ] } },
{ "type": "Feature", "properties": { "fid_1": 426.0, "Lokasi": "Jln. Ajibah Abol", "Pemilik": null, "Tarikh_Dit": null, "Jenis_Poko": "Tabebuia crysantha", "Tinggi_Pok": 6.0, "Silara_Pok": 2.0, "Catatan": null, "Ukur_Lilit": 33, "Northing": null, "Easthing": null, "Ln_TAGB_": 6.477, "TAGB": 650.018, "CO2_Stock": 325.009 }, "geometry": { "type": "Point", "coordinates": [ 110.333317930638685, 1.565561164671014 ] } },
{ "type": "Feature", "properties": { "fid_1": 427.0, "Lokasi": null, "Pemilik": null, "Tarikh_Dit": null, "Jenis_Poko": "Mimusops elengi", "Tinggi_Pok": 5.0, "Silara_Pok": 3.0, "Catatan": null, "Ukur_Lilit": 30, "Northing": null, "Easthing": null, "Ln_TAGB_": 6.268, "TAGB": 527.421, "CO2_Stock": 263.711 }, "geometry": { "type": "Point", "coordinates": [ 110.333239049779934, 1.565483598492946 ] } },
{ "type": "Feature", "properties": { "fid_1": 428.0, "Lokasi": "Jln. Ajibah Abol", "Pemilik": null, "Tarikh_Dit": null, "Jenis_Poko": "Tabebuia crysantha", "Tinggi_Pok": 7.0, "Silara_Pok": 4.0, "Catatan": null, "Ukur_Lilit": 36, "Northing": null, "Easthing": null, "Ln_TAGB_": 6.668, "TAGB": 786.82, "CO2_Stock": 393.41 }, "geometry": { "type": "Point", "coordinates": [ 110.333411272988045, 1.565366591885551 ] } },
{ "type": "Feature", "properties": { "fid_1": 429.0, "Lokasi": "Jln. Ajibah Abol", "Pemilik": null, "Tarikh_Dit": null, "Jenis_Poko": "Tabebuia crysantha", "Tinggi_Pok": 7.0, "Silara_Pok": 4.0, "Catatan": null, "Ukur_Lilit": 37, "Northing": null, "Easthing": null, "Ln_TAGB_": 6.729, "TAGB": 836.311, "CO2_Stock": 418.156 }, "geometry": { "type": "Point", "coordinates": [ 110.333623779687372, 1.564888266206875 ] } },
{ "type": "Feature", "properties": { "fid_1": 430.0, "Lokasi": "Jln. Ajibah Abol", "Pemilik": null, "Tarikh_Dit": null, "Jenis_Poko": "Tabebuia crysantha", "Tinggi_Pok": 9.0, "Silara_Pok": 4.0, "Catatan": null, "Ukur_Lilit": 33, "Northing": null, "Easthing": null, "Ln_TAGB_": 6.477, "TAGB": 650.018, "CO2_Stock": 325.009 }, "geometry": { "type": "Point", "coordinates": [ 110.33364349990201, 1.564829105562627 ] } },
{ "type": "Feature", "properties": { "fid_1": 431.0, "Lokasi": "Jln. Ajibah Abol", "Pemilik": null, "Tarikh_Dit": null, "Jenis_Poko": "Mimusops elengi", "Tinggi_Pok": 8.0, "Silara_Pok": 4.0, "Catatan": null, "Ukur_Lilit": 32, "Northing": null, "Easthing": null, "Ln_TAGB_": 6.41, "TAGB": 607.894, "CO2_Stock": 303.947 }, "geometry": { "type": "Point", "coordinates": [ 110.333292951699988, 1.565373165290382 ] } },
{ "type": "Feature", "properties": { "fid_1": 432.0, "Lokasi": "Jln. Ajibah Abol", "Pemilik": null, "Tarikh_Dit": null, "Jenis_Poko": "Tabebuia crysantha", "Tinggi_Pok": 6.0, "Silara_Pok": 3.0, "Catatan": null, "Ukur_Lilit": 33, "Northing": null, "Easthing": null, "Ln_TAGB_": 6.477, "TAGB": 650.018, "CO2_Stock": 325.009 }, "geometry": { "type": "Point", "coordinates": [ 110.333321874681488, 1.565316634008123 ] } },
{ "type": "Feature", "properties": { "fid_1": 433.0, "Lokasi": "Jln. Ajibah Abol", "Pemilik": null, "Tarikh_Dit": null, "Jenis_Poko": "Tabebuia crysantha", "Tinggi_Pok": 8.0, "Silara_Pok": 4.0, "Catatan": null, "Ukur_Lilit": 34, "Northing": null, "Easthing": null, "Ln_TAGB_": 6.543, "TAGB": 694.367, "CO2_Stock": 347.183 }, "geometry": { "type": "Point", "coordinates": [ 110.333418025221491, 1.565141612332593 ] } },
{ "type": "Feature", "properties": { "fid_1": 434.0, "Lokasi": "Jln. Ajibah Abol", "Pemilik": null, "Tarikh_Dit": null, "Jenis_Poko": "Tabebuia crysantha", "Tinggi_Pok": 8.0, "Silara_Pok": 4.0, "Catatan": null, "Ukur_Lilit": 34, "Northing": null, "Easthing": null, "Ln_TAGB_": 6.543, "TAGB": 694.367, "CO2_Stock": 347.183 }, "geometry": { "type": "Point", "coordinates": [ 110.333444318841032, 1.565085081050319 ] } },
{ "type": "Feature", "properties": { "fid_1": 435.0, "Lokasi": "Jln. Ajibah Abol", "Pemilik": null, "Tarikh_Dit": null, "Jenis_Poko": "Tabebuia crysantha", "Tinggi_Pok": 9.0, "Silara_Pok": 4.0, "Catatan": null, "Ukur_Lilit": 36, "Northing": null, "Easthing": null, "Ln_TAGB_": 6.668, "TAGB": 786.82, "CO2_Stock": 393.41 }, "geometry": { "type": "Point", "coordinates": [ 110.333483759270322, 1.564990424019579 ] } },
{ "type": "Feature", "properties": { "fid_1": 436.0, "Lokasi": "Jln. Ajibah Abol", "Pemilik": null, "Tarikh_Dit": null, "Jenis_Poko": "Tabebuia crysantha", "Tinggi_Pok": 8.0, "Silara_Pok": 4.0, "Catatan": null, "Ukur_Lilit": 40, "Northing": null, "Easthing": null, "Ln_TAGB_": 6.9, "TAGB": 992.275, "CO2_Stock": 496.137 }, "geometry": { "type": "Point", "coordinates": [ 110.333495591399085, 1.564947039547115 ] } },
{ "type": "Feature", "properties": { "fid_1": 437.0, "Lokasi": "Jln. Ajibah Abol", "Pemilik": null, "Tarikh_Dit": null, "Jenis_Poko": "Tabebuia crysantha", "Tinggi_Pok": 8.0, "Silara_Pok": 5.0, "Catatan": null, "Ukur_Lilit": 39, "Northing": null, "Easthing": null, "Ln_TAGB_": 6.844, "TAGB": 938.235, "CO2_Stock": 469.118 }, "geometry": { "type": "Point", "coordinates": [ 110.333524514380571, 1.564873417412087 ] } },
{ "type": "Feature", "properties": { "fid_1": 438.0, "Lokasi": "Jln. Ajibah Abol", "Pemilik": null, "Tarikh_Dit": null, "Jenis_Poko": "Tabebuia crysantha", "Tinggi_Pok": 7.0, "Silara_Pok": 3.0, "Catatan": null, "Ukur_Lilit": 40, "Northing": null, "Easthing": null, "Ln_TAGB_": 6.9, "TAGB": 992.275, "CO2_Stock": 496.137 }, "geometry": { "type": "Point", "coordinates": [ 110.332695282704165, 1.566522611771381 ] } },
{ "type": "Feature", "properties": { "fid_1": 439.0, "Lokasi": "Jln. Ajibah Abol", "Pemilik": null, "Tarikh_Dit": null, "Jenis_Poko": "Tabebuia crysantha", "Tinggi_Pok": 7.0, "Silara_Pok": 4.0, "Catatan": null, "Ukur_Lilit": 40, "Northing": null, "Easthing": null, "Ln_TAGB_": 6.9, "TAGB": 992.275, "CO2_Stock": 496.137 }, "geometry": { "type": "Point", "coordinates": [ 110.332716974940297, 1.566482020996042 ] } },
{ "type": "Feature", "properties": { "fid_1": 440.0, "Lokasi": "Jln. Ajibah Abol", "Pemilik": null, "Tarikh_Dit": null, "Jenis_Poko": "Tabebuia crysantha", "Tinggi_Pok": 7.0, "Silara_Pok": 4.0, "Catatan": null, "Ukur_Lilit": 42, "Northing": null, "Easthing": null, "Ln_TAGB_": 7.007, "TAGB": 1104.337, "CO2_Stock": 552.168 }, "geometry": { "type": "Point", "coordinates": [ 110.332745240581289, 1.566430748437714 ] } },
{ "type": "Feature", "properties": { "fid_1": 441.0, "Lokasi": "Jln. Ajibah Abol", "Pemilik": null, "Tarikh_Dit": null, "Jenis_Poko": "Tabebuia crysantha", "Tinggi_Pok": 6.0, "Silara_Pok": 4.0, "Catatan": null, "Ukur_Lilit": 31, "Northing": null, "Easthing": null, "Ln_TAGB_": 6.34, "TAGB": 566.796, "CO2_Stock": 283.398 }, "geometry": { "type": "Point", "coordinates": [ 110.332838911600902, 1.566294678955994 ] } },
{ "type": "Feature", "properties": { "fid_1": 442.0, "Lokasi": "Jln. Ajibah Abol", "Pemilik": null, "Tarikh_Dit": null, "Jenis_Poko": "Tabebuia crysantha", "Tinggi_Pok": 6.0, "Silara_Pok": 3.0, "Catatan": null, "Ukur_Lilit": 30, "Northing": null, "Easthing": null, "Ln_TAGB_": 6.268, "TAGB": 527.421, "CO2_Stock": 263.711 }, "geometry": { "type": "Point", "coordinates": [ 110.332939844146608, 1.566141228662308 ] } },
{ "type": "Feature", "properties": { "fid_1": 443.0, "Lokasi": "Jln. Ajibah Abol", "Pemilik": null, "Tarikh_Dit": null, "Jenis_Poko": "Tabebuia crysantha", "Tinggi_Pok": 6.0, "Silara_Pok": 3.0, "Catatan": null, "Ukur_Lilit": 30, "Northing": null, "Easthing": null, "Ln_TAGB_": 6.268, "TAGB": 527.421, "CO2_Stock": 263.711 }, "geometry": { "type": "Point", "coordinates": [ 110.332897173476766, 1.566023884320012 ] } },
{ "type": "Feature", "properties": { "fid_1": 444.0, "Lokasi": "Jln. Ajibah Abol", "Pemilik": null, "Tarikh_Dit": null, "Jenis_Poko": "Tabebuia crysantha", "Tinggi_Pok": 7.0, "Silara_Pok": 4.0, "Catatan": null, "Ukur_Lilit": 30, "Northing": null, "Easthing": null, "Ln_TAGB_": 6.268, "TAGB": 527.421, "CO2_Stock": 263.711 }, "geometry": { "type": "Point", "coordinates": [ 110.332776546775818, 1.566212619975345 ] } }
]
}
