{
"type": "FeatureCollection",
"name": "Trees_ReprojWGS",
"crs": { "type": "name", "properties": { "name": "urn:ogc:def:crs:OGC:1.3:CRS84" } },
"features": [
{ "type": "Feature", "properties": { "fid_1": 163.0, "Lokasi": "Jalan_Satok", "Pemilik": "Dbku", "Tarikh_Dit": null, "Jenis_Poko": "TB2_Bucida", "Tinggi_Pok": 4.0, "Silara_Pok": 0.0, "Catatan": null, "Ukur_Lilit": 11, "Northing": null, "Easthing": null, "Ln_TAGB_": 4.065, "TAGB": 58.265, "CO2_Stock": 29.133 }, "geometry": { "type": "Point", "coordinates": [ 110.335380936254978, 1.553108943100842 ] } },
{ "type": "Feature", "properties": { "fid_1": 164.0, "Lokasi": "Jalan_Satok", "Pemilik": "Dbku", "Tarikh_Dit": null, "Jenis_Poko": "TB2_Bucida", "Tinggi_Pok": 4.0, "Silara_Pok": 0.0, "Catatan": null, "Ukur_Lilit": 10, "Northing": null, "Easthing": null, "Ln_TAGB_": 3.855, "TAGB": 47.229, "CO2_Stock": 23.614 }, "geometry": { "type": "Point", "coordinates": [ 110.335301347232047, 1.553109994949087 ] } },
{ "type": "Feature", "properties": { "fid_1": 165.0, "Lokasi": "Jalan_Satok", "Pemilik": "Dbku", "Tarikh_Dit": null, "Jenis_Poko": "TB2_Bucida", "Tinggi_Pok": 5.0, "Silara_Pok": 0.0, "Catatan": null, "Ukur_Lilit": 14, "Northing": null, "Easthing": null, "Ln_TAGB_": 4.594, "TAGB": 98.889, "CO2_Stock": 49.444 }, "geometry": { "type": "Point", "coordinates": [ 110.335230874133174, 1.553116305982384 ] } },
{ "type": "Feature", "properties": { "fid_1": 166.0, "Lokasi": "Jalan_Satok", "Pemilik": "Dbku", "Tarikh_Dit": null, "Jenis_Poko": "TB2_Bucida", "Tinggi_Pok": 5.0, "Silara_Pok": 0.0, "Catatan": null, "Ukur_Lilit": 10, "Northing": null, "Easthing": null, "Ln_TAGB_": 3.855, "TAGB": 47.229, "CO2_Stock": 23.614 }, "geometry": { "type": "Point", "coordinates": [ 110.335126391627441, 1.553118760283713 ] } },
{ "type": "Feature", "properties": { "fid_1": 167.0, "Lokasi": "Jalan_Satok", "Pemilik": "Dbku", "Tarikh_Dit": null, "Jenis_Poko": "TB2_Bucida", "Tinggi_Pok": 4.0, "Silara_Pok": 0.0, "Catatan": null, "Ukur_Lilit": 15, "Northing": null, "Easthing": null, "Ln_TAGB_": 4.746, "TAGB": 115.123, "CO2_Stock": 57.562 }, "geometry": { "type": "Point", "coordinates": [ 110.335025941165483, 1.553126649077063 ] } },
{ "type": "Feature", "properties": { "fid_1": 168.0, "Lokasi": "Jalan_Satok", "Pemilik": "Dbku", "Tarikh_Dit": null, "Jenis_Poko": "TM1_Mahogany", "Tinggi_Pok": 2.0, "Silara_Pok": 0.0, "Catatan": null, "Ukur_Lilit": 13, "Northing": null, "Easthing": null, "Ln_TAGB_": 4.432, "TAGB": 84.099, "CO2_Stock": 42.05 }, "geometry": { "type": "Point", "coordinates": [ 110.3347211871165, 1.553142587114312 ] } },
{ "type": "Feature", "properties": { "fid_1": 169.0, "Lokasi": "Jalan_Satok", "Pemilik": "Dbku", "Tarikh_Dit": null, "Jenis_Poko": "TM1_Mahogany", "Tinggi_Pok": 13.0, "Silara_Pok": 0.0, "Catatan": null, "Ukur_Lilit": 74, "Northing": null, "Easthing": null, "Ln_TAGB_": 8.251, "TAGB": 3831.455, "CO2_Stock": 1915.727 }, "geometry": { "type": "Point", "coordinates": [ 110.334663686676976, 1.553142762428429 ] } },
{ "type": "Feature", "properties": { "fid_1": 170.0, "Lokasi": "Jalan_Satok", "Pemilik": "Dbku", "Tarikh_Dit": null, "Jenis_Poko": "TM1_Mahogany", "Tinggi_Pok": 14.0, "Silara_Pok": 0.0, "Catatan": null, "Ukur_Lilit": 90, "Northing": null, "Easthing": null, "Ln_TAGB_": 8.681, "TAGB": 5889.934, "CO2_Stock": 2944.967 }, "geometry": { "type": "Point", "coordinates": [ 110.334605835625482, 1.553146443866834 ] } },
{ "type": "Feature", "properties": { "fid_1": 171.0, "Lokasi": "Jalan_Satok", "Pemilik": "Dbku", "Tarikh_Dit": null, "Jenis_Poko": "TM1_Mahogany", "Tinggi_Pok": 13.0, "Silara_Pok": 0.0, "Catatan": null, "Ukur_Lilit": 86, "Northing": null, "Easthing": null, "Ln_TAGB_": 8.581, "TAGB": 5329.432, "CO2_Stock": 2664.716 }, "geometry": { "type": "Point", "coordinates": [ 110.334542199468686, 1.553149599387406 ] } },
{ "type": "Feature", "properties": { "fid_1": 172.0, "Lokasi": "Jalan_Satok", "Pemilik": "Dbku", "Tarikh_Dit": null, "Jenis_Poko": "TM1_Mahogany", "Tinggi_Pok": 15.0, "Silara_Pok": 0.0, "Catatan": null, "Ukur_Lilit": 90, "Northing": null, "Easthing": null, "Ln_TAGB_": 8.681, "TAGB": 5889.934, "CO2_Stock": 2944.967 }, "geometry": { "type": "Point", "coordinates": [ 110.334495392708902, 1.553153280824286 ] } },
{ "type": "Feature", "properties": { "fid_1": 173.0, "Lokasi": "Jalan_Satok", "Pemilik": "Dbku", "Tarikh_Dit": null, "Jenis_Poko": "TM1_Mahogany", "Tinggi_Pok": 15.0, "Silara_Pok": 0.0, "Catatan": null, "Ukur_Lilit": 85, "Northing": null, "Easthing": null, "Ln_TAGB_": 8.555, "TAGB": 5192.653, "CO2_Stock": 2596.327 }, "geometry": { "type": "Point", "coordinates": [ 110.334437541657479, 1.553157488181341 ] } },
{ "type": "Feature", "properties": { "fid_1": 174.0, "Lokasi": "Jalan_Satok", "Pemilik": "Dbku", "Tarikh_Dit": null, "Jenis_Poko": "TM1_Mahogany", "Tinggi_Pok": 14.0, "Silara_Pok": 0.0, "Catatan": null, "Ukur_Lilit": 73, "Northing": null, "Easthing": null, "Ln_TAGB_": 8.221, "TAGB": 3718.219, "CO2_Stock": 1859.11 }, "geometry": { "type": "Point", "coordinates": [ 110.334367068558606, 1.55316379921464 ] } },
{ "type": "Feature", "properties": { "fid_1": 175.0, "Lokasi": "Jalan_Satok", "Pemilik": "Dbku", "Tarikh_Dit": null, "Jenis_Poko": "TM1_Mahogany", "Tinggi_Pok": 14.0, "Silara_Pok": 0.0, "Catatan": null, "Ukur_Lilit": 70, "Northing": null, "Easthing": null, "Ln_TAGB_": 8.129, "TAGB": 3391.406, "CO2_Stock": 1695.703 }, "geometry": { "type": "Point", "coordinates": [ 110.334281343817892, 1.553163799226446 ] } },
{ "type": "Feature", "properties": { "fid_1": 176.0, "Lokasi": "Jalan_Satok", "Pemilik": "Dbku", "Tarikh_Dit": null, "Jenis_Poko": "TB2_Bucida", "Tinggi_Pok": 4.0, "Silara_Pok": 0.0, "Catatan": null, "Ukur_Lilit": 10, "Northing": null, "Easthing": null, "Ln_TAGB_": 3.855, "TAGB": 47.229, "CO2_Stock": 23.614 }, "geometry": { "type": "Point", "coordinates": [ 110.334117647947934, 1.553172128202631 ] } },
{ "type": "Feature", "properties": { "fid_1": 177.0, "Lokasi": "Jalan_Satok", "Pemilik": "Dbku", "Tarikh_Dit": null, "Jenis_Poko": "TB2_Bucida", "Tinggi_Pok": 5.0, "Silara_Pok": 0.0, "Catatan": null, "Ukur_Lilit": 13, "Northing": null, "Easthing": null, "Ln_TAGB_": 4.432, "TAGB": 84.099, "CO2_Stock": 42.05 }, "geometry": { "type": "Point", "coordinates": [ 110.334071367106247, 1.553171777596586 ] } },
{ "type": "Feature", "properties": { "fid_1": 178.0, "Lokasi": "Jalan_Satok", "Pemilik": "Dbku", "Tarikh_Dit": null, "Jenis_Poko": "TB2_Bucida", "Tinggi_Pok": 5.0, "Silara_Pok": 0.0, "Catatan": null, "Ukur_Lilit": 11, "Northing": null, "Easthing": null, "Ln_TAGB_": 4.065, "TAGB": 58.265, "CO2_Stock": 29.133 }, "geometry": { "type": "Point", "coordinates": [ 110.33402508626537, 1.553177036789303 ] } },
{ "type": "Feature", "properties": { "fid_1": 179.0, "Lokasi": "Jalan_Satok", "Pemilik": "Dbku", "Tarikh_Dit": null, "Jenis_Poko": "TB2_Bucida", "Tinggi_Pok": 4.0, "Silara_Pok": 0.0, "Catatan": null, "Ukur_Lilit": 12, "Northing": null, "Easthing": null, "Ln_TAGB_": 4.256, "TAGB": 70.527, "CO2_Stock": 35.264 }, "geometry": { "type": "Point", "coordinates": [ 110.333965482151356, 1.553178439247212 ] } },
{ "type": "Feature", "properties": { "fid_1": 180.0, "Lokasi": "Jalan_Satok", "Pemilik": "Dbku", "Tarikh_Dit": null, "Jenis_Poko": "TB2_Bucida", "Tinggi_Pok": 5.0, "Silara_Pok": 0.0, "Catatan": null, "Ukur_Lilit": 12, "Northing": null, "Easthing": null, "Ln_TAGB_": 4.256, "TAGB": 70.527, "CO2_Stock": 35.264 }, "geometry": { "type": "Point", "coordinates": [ 110.333913240899335, 1.553185802115276 ] } },
{ "type": "Feature", "properties": { "fid_1": 181.0, "Lokasi": "Jalan_Satok", "Pemilik": "Dbku", "Tarikh_Dit": null, "Jenis_Poko": "TB2_Bucida", "Tinggi_Pok": 5.0, "Silara_Pok": 0.0, "Catatan": null, "Ukur_Lilit": 12, "Northing": null, "Easthing": null, "Ln_TAGB_": 4.256, "TAGB": 70.527, "CO2_Stock": 35.264 }, "geometry": { "type": "Point", "coordinates": [ 110.333860824340221, 1.553186678653545 ] } },
{ "type": "Feature", "properties": { "fid_1": 182.0, "Lokasi": "Jalan_Satok", "Pemilik": "Dbku", "Tarikh_Dit": null, "Jenis_Poko": "TB2_Bucida", "Tinggi_Pok": 4.0, "Silara_Pok": 0.0, "Catatan": null, "Ukur_Lilit": 15, "Northing": null, "Easthing": null, "Ln_TAGB_": 4.746, "TAGB": 115.123, "CO2_Stock": 57.562 }, "geometry": { "type": "Point", "coordinates": [ 110.333810160843655, 1.553190360090973 ] } },
{ "type": "Feature", "properties": { "fid_1": 183.0, "Lokasi": "Jalan_Satok", "Pemilik": "Dbku", "Tarikh_Dit": null, "Jenis_Poko": "TB2_Bucida", "Tinggi_Pok": 4.0, "Silara_Pok": 0.0, "Catatan": null, "Ukur_Lilit": 10, "Northing": null, "Easthing": null, "Ln_TAGB_": 3.855, "TAGB": 47.229, "CO2_Stock": 23.614 }, "geometry": { "type": "Point", "coordinates": [ 110.333663044685537, 1.553193463435693 ] } },
{ "type": "Feature", "properties": { "fid_1": 184.0, "Lokasi": "Jalan_Satok", "Pemilik": "Dbku", "Tarikh_Dit": null, "Jenis_Poko": "TB2_Bucida", "Tinggi_Pok": 4.0, "Silara_Pok": 0.0, "Catatan": null, "Ukur_Lilit": 13, "Northing": null, "Easthing": null, "Ln_TAGB_": 4.432, "TAGB": 84.099, "CO2_Stock": 42.05 }, "geometry": { "type": "Point", "coordinates": [ 110.333609400982951, 1.553194865892765 ] } },
{ "type": "Feature", "properties": { "fid_1": 185.0, "Lokasi": "Jalan_Satok", "Pemilik": "Dbku", "Tarikh_Dit": null, "Jenis_Poko": "TB2_Bucida", "Tinggi_Pok": 4.0, "Silara_Pok": 0.0, "Catatan": null, "Ukur_Lilit": 16, "Northing": null, "Easthing": null, "Ln_TAGB_": 4.888, "TAGB": 132.688, "CO2_Stock": 66.344 }, "geometry": { "type": "Point", "coordinates": [ 110.333558562180428, 1.553200475698536 ] } },
{ "type": "Feature", "properties": { "fid_1": 186.0, "Lokasi": "Jalan_Satok", "Pemilik": "Dbku", "Tarikh_Dit": null, "Jenis_Poko": "TB2_Bucida", "Tinggi_Pok": 4.0, "Silara_Pok": 0.0, "Catatan": null, "Ukur_Lilit": 14, "Northing": null, "Easthing": null, "Ln_TAGB_": 4.594, "TAGB": 98.889, "CO2_Stock": 49.444 }, "geometry": { "type": "Point", "coordinates": [ 110.333241264765178, 1.553226286832935 ] } },
{ "type": "Feature", "properties": { "fid_1": 187.0, "Lokasi": "Jalan_Satok", "Pemilik": "Dbku", "Tarikh_Dit": null, "Jenis_Poko": "TB2_Bucida", "Tinggi_Pok": 4.0, "Silara_Pok": 0.0, "Catatan": null, "Ukur_Lilit": 14, "Northing": null, "Easthing": null, "Ln_TAGB_": 4.594, "TAGB": 98.889, "CO2_Stock": 49.444 }, "geometry": { "type": "Point", "coordinates": [ 110.333182361876126, 1.553228390515564 ] } },
{ "type": "Feature", "properties": { "fid_1": 188.0, "Lokasi": "Jalan_Satok", "Pemilik": "Dbku", "Tarikh_Dit": null, "Jenis_Poko": "TB2_Bucida", "Tinggi_Pok": 4.0, "Silara_Pok": 0.0, "Catatan": null, "Ukur_Lilit": 11, "Northing": null, "Easthing": null, "Ln_TAGB_": 4.065, "TAGB": 58.265, "CO2_Stock": 29.133 }, "geometry": { "type": "Point", "coordinates": [ 110.333124861437298, 1.553234000322246 ] } },
{ "type": "Feature", "properties": { "fid_1": 189.0, "Lokasi": "Jalan_Satok", "Pemilik": "Dbku", "Tarikh_Dit": null, "Jenis_Poko": "TB2_Bucida", "Tinggi_Pok": 4.0, "Silara_Pok": 0.0, "Catatan": null, "Ukur_Lilit": 14, "Northing": null, "Easthing": null, "Ln_TAGB_": 4.594, "TAGB": 98.889, "CO2_Stock": 49.444 }, "geometry": { "type": "Point", "coordinates": [ 110.3329169482639, 1.553244518723582 ] } },
{ "type": "Feature", "properties": { "fid_1": 190.0, "Lokasi": "Jalan_Satok", "Pemilik": "Dbku", "Tarikh_Dit": null, "Jenis_Poko": "TB2_Bucida", "Tinggi_Pok": 4.0, "Silara_Pok": 0.0, "Catatan": null, "Ukur_Lilit": 12, "Northing": null, "Easthing": null, "Ln_TAGB_": 4.256, "TAGB": 70.527, "CO2_Stock": 35.264 }, "geometry": { "type": "Point", "coordinates": [ 110.332865758848257, 1.55324521995546 ] } },
{ "type": "Feature", "properties": { "fid_1": 191.0, "Lokasi": "Jalan_Satok", "Pemilik": "Dbku", "Tarikh_Dit": null, "Jenis_Poko": "TB2_Bucida", "Tinggi_Pok": 4.0, "Silara_Pok": 0.0, "Catatan": null, "Ukur_Lilit": 10, "Northing": null, "Easthing": null, "Ln_TAGB_": 3.855, "TAGB": 47.229, "CO2_Stock": 23.614 }, "geometry": { "type": "Point", "coordinates": [ 110.332809310246788, 1.553251180374425 ] } },
{ "type": "Feature", "properties": { "fid_1": 192.0, "Lokasi": "Jalan_Satok", "Pemilik": "Dbku", "Tarikh_Dit": null, "Jenis_Poko": "TB2_Bucida", "Tinggi_Pok": 4.0, "Silara_Pok": 0.0, "Catatan": null, "Ukur_Lilit": 11, "Northing": null, "Easthing": null, "Ln_TAGB_": 4.065, "TAGB": 58.265, "CO2_Stock": 29.133 }, "geometry": { "type": "Point", "coordinates": [ 110.332754965319467, 1.553253634668879 ] } },
{ "type": "Feature", "properties": { "fid_1": 193.0, "Lokasi": "Jalan_Satok", "Pemilik": "Dbku", "Tarikh_Dit": null, "Jenis_Poko": "TB2_Bucida", "Tinggi_Pok": 4.0, "Silara_Pok": 0.0, "Catatan": null, "Ukur_Lilit": 13, "Northing": null, "Easthing": null, "Ln_TAGB_": 4.432, "TAGB": 84.099, "CO2_Stock": 42.05 }, "geometry": { "type": "Point", "coordinates": [ 110.33260285079821, 1.553262392593925 ] } },
{ "type": "Feature", "properties": { "fid_1": 194.0, "Lokasi": "Jalan_Satok", "Pemilik": "Dbku", "Tarikh_Dit": null, "Jenis_Poko": "TB2_Bucida", "Tinggi_Pok": 4.0, "Silara_Pok": 0.0, "Catatan": null, "Ukur_Lilit": 15, "Northing": null, "Easthing": null, "Ln_TAGB_": 4.746, "TAGB": 115.123, "CO2_Stock": 57.562 }, "geometry": { "type": "Point", "coordinates": [ 110.332535533210702, 1.553264671583945 ] } },
{ "type": "Feature", "properties": { "fid_1": 195.0, "Lokasi": "Jalan_Satok", "Pemilik": "Dbku", "Tarikh_Dit": null, "Jenis_Poko": "TB2_Bucida", "Tinggi_Pok": 4.0, "Silara_Pok": 0.0, "Catatan": null, "Ukur_Lilit": 10, "Northing": null, "Easthing": null, "Ln_TAGB_": 3.855, "TAGB": 47.229, "CO2_Stock": 23.614 }, "geometry": { "type": "Point", "coordinates": [ 110.332484869714335, 1.553269755471035 ] } },
{ "type": "Feature", "properties": { "fid_1": 196.0, "Lokasi": "Jalan_Satok", "Pemilik": "Dbku", "Tarikh_Dit": null, "Jenis_Poko": "TB2_Bucida", "Tinggi_Pok": 4.0, "Silara_Pok": 0.0, "Catatan": null, "Ukur_Lilit": 14, "Northing": null, "Easthing": null, "Ln_TAGB_": 4.594, "TAGB": 98.889, "CO2_Stock": 49.444 }, "geometry": { "type": "Point", "coordinates": [ 110.332429158715087, 1.553270025844468 ] } },
{ "type": "Feature", "properties": { "fid_1": 197.0, "Lokasi": "Jalan_Satok", "Pemilik": "Dbku", "Tarikh_Dit": null, "Jenis_Poko": "TB2_Bucida", "Tinggi_Pok": 4.0, "Silara_Pok": 0.0, "Catatan": null, "Ukur_Lilit": 14, "Northing": null, "Easthing": null, "Ln_TAGB_": 4.594, "TAGB": 98.889, "CO2_Stock": 49.444 }, "geometry": { "type": "Point", "coordinates": [ 110.332378056952635, 1.553271428301212 ] } },
{ "type": "Feature", "properties": { "fid_1": 198.0, "Lokasi": "Jalan_Satok", "Pemilik": "Dbku", "Tarikh_Dit": null, "Jenis_Poko": "TB2_Bucida", "Tinggi_Pok": 5.0, "Silara_Pok": 0.0, "Catatan": null, "Ukur_Lilit": 14, "Northing": null, "Easthing": null, "Ln_TAGB_": 4.594, "TAGB": 98.889, "CO2_Stock": 49.444 }, "geometry": { "type": "Point", "coordinates": [ 110.332203636922202, 1.553279214610221 ] } },
{ "type": "Feature", "properties": { "fid_1": 199.0, "Lokasi": "Jalan_Satok", "Pemilik": "Dbku", "Tarikh_Dit": null, "Jenis_Poko": "TB2_Bucida", "Tinggi_Pok": 5.0, "Silara_Pok": 0.0, "Catatan": null, "Ukur_Lilit": 13, "Northing": null, "Easthing": null, "Ln_TAGB_": 4.432, "TAGB": 84.099, "CO2_Stock": 42.05 }, "geometry": { "type": "Point", "coordinates": [ 110.332147013014193, 1.553282896048461 ] } },
{ "type": "Feature", "properties": { "fid_1": 200.0, "Lokasi": "Jalan_Satok", "Pemilik": "Dbku", "Tarikh_Dit": null, "Jenis_Poko": "TB2_Bucida", "Tinggi_Pok": 5.0, "Silara_Pok": 0.0, "Catatan": null, "Ukur_Lilit": 12, "Northing": null, "Easthing": null, "Ln_TAGB_": 4.256, "TAGB": 70.527, "CO2_Stock": 35.264 }, "geometry": { "type": "Point", "coordinates": [ 110.331978797041486, 1.553289882226421 ] } },
{ "type": "Feature", "properties": { "fid_1": 201.0, "Lokasi": "Jalan_Satok", "Pemilik": "Dbku", "Tarikh_Dit": null, "Jenis_Poko": "TB2_Bucida", "Tinggi_Pok": 5.0, "Silara_Pok": 0.0, "Catatan": null, "Ukur_Lilit": 12, "Northing": null, "Easthing": null, "Ln_TAGB_": 4.256, "TAGB": 70.527, "CO2_Stock": 35.264 }, "geometry": { "type": "Point", "coordinates": [ 110.331906921492504, 1.553293563666742 ] } },
{ "type": "Feature", "properties": { "fid_1": 202.0, "Lokasi": "Jalan_Satok", "Pemilik": "Dbku", "Tarikh_Dit": null, "Jenis_Poko": "TB2_Bucida", "Tinggi_Pok": 5.0, "Silara_Pok": 0.0, "Catatan": null, "Ukur_Lilit": 10, "Northing": null, "Easthing": null, "Ln_TAGB_": 3.855, "TAGB": 47.229, "CO2_Stock": 23.614 }, "geometry": { "type": "Point", "coordinates": [ 110.331835571862186, 1.553297245107005 ] } },
{ "type": "Feature", "properties": { "fid_1": 203.0, "Lokasi": "Jalan_Satok", "Pemilik": "Dbku", "Tarikh_Dit": null, "Jenis_Poko": "TB2_Bucida", "Tinggi_Pok": 5.0, "Silara_Pok": 0.0, "Catatan": null, "Ukur_Lilit": 13, "Northing": null, "Easthing": null, "Ln_TAGB_": 4.432, "TAGB": 84.099, "CO2_Stock": 42.05 }, "geometry": { "type": "Point", "coordinates": [ 110.331763871619358, 1.553300575934884 ] } },
{ "type": "Feature", "properties": { "fid_1": 204.0, "Lokasi": "Jalan_Satok", "Pemilik": "Dbku", "Tarikh_Dit": null, "Jenis_Poko": "TB2_Bucida", "Tinggi_Pok": 5.0, "Silara_Pok": 0.0, "Catatan": null, "Ukur_Lilit": 10, "Northing": null, "Easthing": null, "Ln_TAGB_": 3.855, "TAGB": 47.229, "CO2_Stock": 23.614 }, "geometry": { "type": "Point", "coordinates": [ 110.331695940460179, 1.553304345027788 ] } },
{ "type": "Feature", "properties": { "fid_1": 205.0, "Lokasi": "Jalan_Satok", "Pemilik": "Dbku", "Tarikh_Dit": null, "Jenis_Poko": "TB2_Bucida", "Tinggi_Pok": 5.0, "Silara_Pok": 0.0, "Catatan": null, "Ukur_Lilit": 16, "Northing": null, "Easthing": null, "Ln_TAGB_": 4.888, "TAGB": 132.688, "CO2_Stock": 66.344 }, "geometry": { "type": "Point", "coordinates": [ 110.331626880767331, 1.553308650996108 ] } },
{ "type": "Feature", "properties": { "fid_1": 206.0, "Lokasi": "Jalan_Satok", "Pemilik": "Dbku", "Tarikh_Dit": null, "Jenis_Poko": "TB2_Bucida", "Tinggi_Pok": 5.0, "Silara_Pok": 0.0, "Catatan": null, "Ukur_Lilit": 13, "Northing": null, "Easthing": null, "Ln_TAGB_": 4.432, "TAGB": 84.099, "CO2_Stock": 42.05 }, "geometry": { "type": "Point", "coordinates": [ 110.331490549856937, 1.553325167383246 ] } },
{ "type": "Feature", "properties": { "fid_1": 207.0, "Lokasi": "Jalan_Satok", "Pemilik": "Dbku", "Tarikh_Dit": null, "Jenis_Poko": "TB2_Bucida", "Tinggi_Pok": 5.0, "Silara_Pok": 0.0, "Catatan": null, "Ukur_Lilit": 13, "Northing": null, "Easthing": null, "Ln_TAGB_": 4.432, "TAGB": 84.099, "CO2_Stock": 42.05 }, "geometry": { "type": "Point", "coordinates": [ 110.331408900986091, 1.55332738611373 ] } },
{ "type": "Feature", "properties": { "fid_1": 208.0, "Lokasi": "Jalan_Satok", "Pemilik": "Dbku", "Tarikh_Dit": null, "Jenis_Poko": "TB2_Bucida", "Tinggi_Pok": 4.0, "Silara_Pok": 0.0, "Catatan": null, "Ukur_Lilit": 12, "Northing": null, "Easthing": null, "Ln_TAGB_": 4.256, "TAGB": 70.527, "CO2_Stock": 35.264 }, "geometry": { "type": "Point", "coordinates": [ 110.331358314186005, 1.553331157943399 ] } },
{ "type": "Feature", "properties": { "fid_1": 209.0, "Lokasi": "Jalan_Satok", "Pemilik": "Dbku", "Tarikh_Dit": null, "Jenis_Poko": "TB2_Bucida", "Tinggi_Pok": 5.0, "Silara_Pok": 0.0, "Catatan": null, "Ukur_Lilit": 14, "Northing": null, "Easthing": null, "Ln_TAGB_": 4.594, "TAGB": 98.889, "CO2_Stock": 49.444 }, "geometry": { "type": "Point", "coordinates": [ 110.331315714775258, 1.55333337666849 ] } },
{ "type": "Feature", "properties": { "fid_1": 210.0, "Lokasi": "Jalan_Satok", "Pemilik": "Dbku", "Tarikh_Dit": null, "Jenis_Poko": "TB2_Bucida", "Tinggi_Pok": 5.0, "Silara_Pok": 0.0, "Catatan": null, "Ukur_Lilit": 10, "Northing": null, "Easthing": null, "Ln_TAGB_": 3.855, "TAGB": 47.229, "CO2_Stock": 23.614 }, "geometry": { "type": "Point", "coordinates": [ 110.331224081667898, 1.553338923479227 ] } },
{ "type": "Feature", "properties": { "fid_1": 211.0, "Lokasi": "Jalan_Satok", "Pemilik": "Dbku", "Tarikh_Dit": null, "Jenis_Poko": "TB2_Bucida", "Tinggi_Pok": 5.0, "Silara_Pok": 0.0, "Catatan": null, "Ukur_Lilit": 16, "Northing": null, "Easthing": null, "Ln_TAGB_": 4.888, "TAGB": 132.688, "CO2_Stock": 66.344 }, "geometry": { "type": "Point", "coordinates": [ 110.331185697823727, 1.553340254716043 ] } },
{ "type": "Feature", "properties": { "fid_1": 212.0, "Lokasi": "Jalan_Satok", "Pemilik": "Dbku", "Tarikh_Dit": null, "Jenis_Poko": "TB2_Bucida", "Tinggi_Pok": 5.0, "Silara_Pok": 0.0, "Catatan": null, "Ukur_Lilit": 13, "Northing": null, "Easthing": null, "Ln_TAGB_": 4.432, "TAGB": 84.099, "CO2_Stock": 42.05 }, "geometry": { "type": "Point", "coordinates": [ 110.331026920175745, 1.553345682034073 ] } },
{ "type": "Feature", "properties": { "fid_1": 213.0, "Lokasi": "Jalan_Satok", "Pemilik": "Dbku", "Tarikh_Dit": null, "Jenis_Poko": "TB2_Bucida", "Tinggi_Pok": 5.0, "Silara_Pok": 0.0, "Catatan": null, "Ukur_Lilit": 14, "Northing": null, "Easthing": null, "Ln_TAGB_": 4.594, "TAGB": 98.889, "CO2_Stock": 49.444 }, "geometry": { "type": "Point", "coordinates": [ 110.330952814951004, 1.553351006970434 ] } },
{ "type": "Feature", "properties": { "fid_1": 214.0, "Lokasi": "Jalan_Satok", "Pemilik": "Dbku", "Tarikh_Dit": null, "Jenis_Poko": "TB2_Bucida", "Tinggi_Pok": 5.0, "Silara_Pok": 0.0, "Catatan": null, "Ukur_Lilit": 12, "Northing": null, "Easthing": null, "Ln_TAGB_": 4.256, "TAGB": 70.527, "CO2_Stock": 35.264 }, "geometry": { "type": "Point", "coordinates": [ 110.330121816569715, 1.553399020084865 ] } },
{ "type": "Feature", "properties": { "fid_1": 215.0, "Lokasi": "Jalan_Satok", "Pemilik": "Dbku", "Tarikh_Dit": null, "Jenis_Poko": "TB2_Bucida", "Tinggi_Pok": 5.0, "Silara_Pok": 0.0, "Catatan": null, "Ukur_Lilit": 10, "Northing": null, "Easthing": null, "Ln_TAGB_": 3.855, "TAGB": 47.229, "CO2_Stock": 23.614 }, "geometry": { "type": "Point", "coordinates": [ 110.330021308584406, 1.553400018522364 ] } },
{ "type": "Feature", "properties": { "fid_1": 216.0, "Lokasi": "Jalan_Satok", "Pemilik": "Dbku", "Tarikh_Dit": null, "Jenis_Poko": "TB2_Bucida", "Tinggi_Pok": 5.0, "Silara_Pok": 0.0, "Catatan": null, "Ukur_Lilit": 12, "Northing": null, "Easthing": null, "Ln_TAGB_": 4.256, "TAGB": 70.527, "CO2_Stock": 35.264 }, "geometry": { "type": "Point", "coordinates": [ 110.329966728089929, 1.553406674687604 ] } },
{ "type": "Feature", "properties": { "fid_1": 217.0, "Lokasi": "Jalan_Satok", "Pemilik": "Dbku", "Tarikh_Dit": null, "Jenis_Poko": "TB2_Bucida", "Tinggi_Pok": 5.0, "Silara_Pok": 0.0, "Catatan": null, "Ukur_Lilit": 14, "Northing": null, "Easthing": null, "Ln_TAGB_": 4.594, "TAGB": 98.889, "CO2_Stock": 49.444 }, "geometry": { "type": "Point", "coordinates": [ 110.329911481978741, 1.553406674695209 ] } },
{ "type": "Feature", "properties": { "fid_1": 218.0, "Lokasi": "Jalan_Satok", "Pemilik": "Dbku", "Tarikh_Dit": null, "Jenis_Poko": "TB2_Bucida", "Tinggi_Pok": 5.0, "Silara_Pok": 0.0, "Catatan": null, "Ukur_Lilit": 16, "Northing": null, "Easthing": null, "Ln_TAGB_": 4.888, "TAGB": 132.688, "CO2_Stock": 66.344 }, "geometry": { "type": "Point", "coordinates": [ 110.32985357340533, 1.553413996476684 ] } },
{ "type": "Feature", "properties": { "fid_1": 219.0, "Lokasi": "Jalan_Satok", "Pemilik": "Dbku", "Tarikh_Dit": null, "Jenis_Poko": "TB2_Bucida", "Tinggi_Pok": 4.0, "Silara_Pok": 0.0, "Catatan": null, "Ukur_Lilit": 15, "Northing": null, "Easthing": null, "Ln_TAGB_": 4.746, "TAGB": 115.123, "CO2_Stock": 57.562 }, "geometry": { "type": "Point", "coordinates": [ 110.329803652220647, 1.5534149949072 ] } },
{ "type": "Feature", "properties": { "fid_1": 220.0, "Lokasi": "Jalan_Satok", "Pemilik": "Dbku", "Tarikh_Dit": null, "Jenis_Poko": "TB2_Bucida", "Tinggi_Pok": 4.0, "Silara_Pok": 0.0, "Catatan": null, "Ukur_Lilit": 11, "Northing": null, "Easthing": null, "Ln_TAGB_": 4.065, "TAGB": 58.265, "CO2_Stock": 29.133 }, "geometry": { "type": "Point", "coordinates": [ 110.329754396652305, 1.553419987032281 ] } },
{ "type": "Feature", "properties": { "fid_1": 221.0, "Lokasi": "Jalan_Satok", "Pemilik": "Dbku", "Tarikh_Dit": null, "Jenis_Poko": "TB2_Bucida", "Tinggi_Pok": 5.0, "Silara_Pok": 0.0, "Catatan": null, "Ukur_Lilit": 13, "Northing": null, "Easthing": null, "Ln_TAGB_": 4.432, "TAGB": 84.099, "CO2_Stock": 42.05 }, "geometry": { "type": "Point", "coordinates": [ 110.329521149443778, 1.553432664090264 ] } },
{ "type": "Feature", "properties": { "fid_1": 222.0, "Lokasi": "Jalan_Satok", "Pemilik": "Dbku", "Tarikh_Dit": null, "Jenis_Poko": "TB2_Bucida", "Tinggi_Pok": 4.0, "Silara_Pok": 0.0, "Catatan": null, "Ukur_Lilit": 14, "Northing": null, "Easthing": null, "Ln_TAGB_": 4.594, "TAGB": 98.889, "CO2_Stock": 49.444 }, "geometry": { "type": "Point", "coordinates": [ 110.329461244022397, 1.553435592807902 ] } },
{ "type": "Feature", "properties": { "fid_1": 223.0, "Lokasi": "Jalan_Satok", "Pemilik": "Dbku", "Tarikh_Dit": null, "Jenis_Poko": "TB2_Bucida", "Tinggi_Pok": 5.0, "Silara_Pok": 0.0, "Catatan": null, "Ukur_Lilit": 12, "Northing": null, "Easthing": null, "Ln_TAGB_": 4.256, "TAGB": 70.527, "CO2_Stock": 35.264 }, "geometry": { "type": "Point", "coordinates": [ 110.329128968617894, 1.553448106430164 ] } },
{ "type": "Feature", "properties": { "fid_1": 224.0, "Lokasi": "Jalan_Satok", "Pemilik": "Dbku", "Tarikh_Dit": null, "Jenis_Poko": "TB2_Bucida", "Tinggi_Pok": 5.0, "Silara_Pok": 0.0, "Catatan": null, "Ukur_Lilit": 16, "Northing": null, "Easthing": null, "Ln_TAGB_": 4.888, "TAGB": 132.688, "CO2_Stock": 66.344 }, "geometry": { "type": "Point", "coordinates": [ 110.3290714594131, 1.553448905177003 ] } },
{ "type": "Feature", "properties": { "fid_1": 225.0, "Lokasi": "Jalan_Satok", "Pemilik": "Dbku", "Tarikh_Dit": null, "Jenis_Poko": "TB2_Bucida", "Tinggi_Pok": 5.0, "Silara_Pok": 0.0, "Catatan": null, "Ukur_Lilit": 11, "Northing": null, "Easthing": null, "Ln_TAGB_": 4.065, "TAGB": 58.265, "CO2_Stock": 29.133 }, "geometry": { "type": "Point", "coordinates": [ 110.329020340120636, 1.553454762602823 ] } },
{ "type": "Feature", "properties": { "fid_1": 226.0, "Lokasi": "Jalan_Satok", "Pemilik": "Dbku", "Tarikh_Dit": null, "Jenis_Poko": "TB2_Bucida", "Tinggi_Pok": 5.0, "Silara_Pok": 0.0, "Catatan": null, "Ukur_Lilit": 14, "Northing": null, "Easthing": null, "Ln_TAGB_": 4.594, "TAGB": 98.889, "CO2_Stock": 49.444 }, "geometry": { "type": "Point", "coordinates": [ 110.328942596196285, 1.553460886278633 ] } },
{ "type": "Feature", "properties": { "fid_1": 227.0, "Lokasi": "Jalan_Satok", "Pemilik": "Dbku", "Tarikh_Dit": null, "Jenis_Poko": "TB2_Bucida", "Tinggi_Pok": 5.0, "Silara_Pok": 0.0, "Catatan": null, "Ukur_Lilit": 10, "Northing": null, "Easthing": null, "Ln_TAGB_": 3.855, "TAGB": 47.229, "CO2_Stock": 23.614 }, "geometry": { "type": "Point", "coordinates": [ 110.328861923561874, 1.553462750013917 ] } },
{ "type": "Feature", "properties": { "fid_1": 228.0, "Lokasi": "Jalan_Satok", "Pemilik": "Dbku", "Tarikh_Dit": null, "Jenis_Poko": "TB2_Bucida", "Tinggi_Pok": 5.0, "Silara_Pok": 0.0, "Catatan": null, "Ukur_Lilit": 12, "Northing": null, "Easthing": null, "Ln_TAGB_": 4.256, "TAGB": 70.527, "CO2_Stock": 35.264 }, "geometry": { "type": "Point", "coordinates": [ 110.328652972094332, 1.55347615513423 ] } },
{ "type": "Feature", "properties": { "fid_1": 229.0, "Lokasi": "Jalan_Satok", "Pemilik": "Dbku", "Tarikh_Dit": null, "Jenis_Poko": "TB2_Bucida", "Tinggi_Pok": 5.0, "Silara_Pok": 0.0, "Catatan": null, "Ukur_Lilit": 12, "Northing": null, "Easthing": null, "Ln_TAGB_": 4.256, "TAGB": 70.527, "CO2_Stock": 35.264 }, "geometry": { "type": "Point", "coordinates": [ 110.328611703915257, 1.553479083849299 ] } },
{ "type": "Feature", "properties": { "fid_1": 230.0, "Lokasi": "Jalan_Satok", "Pemilik": "Dbku", "Tarikh_Dit": null, "Jenis_Poko": "TB2_Bucida", "Tinggi_Pok": 5.0, "Silara_Pok": 0.0, "Catatan": null, "Ukur_Lilit": 12, "Northing": null, "Easthing": null, "Ln_TAGB_": 4.256, "TAGB": 70.527, "CO2_Stock": 35.264 }, "geometry": { "type": "Point", "coordinates": [ 110.328452488617856, 1.553489201230968 ] } },
{ "type": "Feature", "properties": { "fid_1": 231.0, "Lokasi": "Jalan_Satok", "Pemilik": "Dbku", "Tarikh_Dit": null, "Jenis_Poko": "TB2_Bucida", "Tinggi_Pok": 6.0, "Silara_Pok": 0.0, "Catatan": null, "Ukur_Lilit": 12, "Northing": null, "Easthing": null, "Ln_TAGB_": 4.256, "TAGB": 70.527, "CO2_Stock": 35.264 }, "geometry": { "type": "Point", "coordinates": [ 110.328404564280788, 1.55349186370064 ] } },
{ "type": "Feature", "properties": { "fid_1": 232.0, "Lokasi": "Jalan_Satok", "Pemilik": "Dbku", "Tarikh_Dit": null, "Jenis_Poko": "TB2_Bucida", "Tinggi_Pok": 6.0, "Silara_Pok": 0.0, "Catatan": null, "Ukur_Lilit": 16, "Northing": null, "Easthing": null, "Ln_TAGB_": 4.888, "TAGB": 132.688, "CO2_Stock": 66.344 }, "geometry": { "type": "Point", "coordinates": [ 110.328343860120384, 1.553494526172106 ] } },
{ "type": "Feature", "properties": { "fid_1": 233.0, "Lokasi": "Jalan_Satok", "Pemilik": "Dbku", "Tarikh_Dit": null, "Jenis_Poko": "TB2_Bucida", "Tinggi_Pok": 4.0, "Silara_Pok": 0.0, "Catatan": null, "Ukur_Lilit": 15, "Northing": null, "Easthing": null, "Ln_TAGB_": 4.746, "TAGB": 115.123, "CO2_Stock": 57.562 }, "geometry": { "type": "Point", "coordinates": [ 110.328140181687985, 1.553507039776659 ] } },
{ "type": "Feature", "properties": { "fid_1": 234.0, "Lokasi": "Jalan_Satok", "Pemilik": "Dbku", "Tarikh_Dit": null, "Jenis_Poko": "TB2_Bucida", "Tinggi_Pok": 4.0, "Silara_Pok": 0.0, "Catatan": null, "Ukur_Lilit": 12, "Northing": null, "Easthing": null, "Ln_TAGB_": 4.256, "TAGB": 70.527, "CO2_Stock": 35.264 }, "geometry": { "type": "Point", "coordinates": [ 110.327994278706356, 1.553516092171235 ] } },
{ "type": "Feature", "properties": { "fid_1": 235.0, "Lokasi": "Jalan_Satok", "Pemilik": "Dbku", "Tarikh_Dit": null, "Jenis_Poko": "TB2_Bucida", "Tinggi_Pok": 4.0, "Silara_Pok": 0.0, "Catatan": null, "Ukur_Lilit": 11, "Northing": null, "Easthing": null, "Ln_TAGB_": 4.065, "TAGB": 58.265, "CO2_Stock": 29.133 }, "geometry": { "type": "Point", "coordinates": [ 110.32772407156628, 1.553529493188318 ] } },
{ "type": "Feature", "properties": { "fid_1": 236.0, "Lokasi": "Jalan_Satok", "Pemilik": "Dbku", "Tarikh_Dit": null, "Jenis_Poko": "TB2_Bucida", "Tinggi_Pok": 4.0, "Silara_Pok": 0.0, "Catatan": null, "Ukur_Lilit": 14, "Northing": null, "Easthing": null, "Ln_TAGB_": 4.594, "TAGB": 98.889, "CO2_Stock": 49.444 }, "geometry": { "type": "Point", "coordinates": [ 110.32739286114878, 1.553554254140669 ] } },
{ "type": "Feature", "properties": { "fid_1": 237.0, "Lokasi": "Jalan_Satok", "Pemilik": "Dbku", "Tarikh_Dit": null, "Jenis_Poko": "TB2_Bucida", "Tinggi_Pok": 4.0, "Silara_Pok": 0.0, "Catatan": null, "Ukur_Lilit": 14, "Northing": null, "Easthing": null, "Ln_TAGB_": 4.594, "TAGB": 98.889, "CO2_Stock": 49.444 }, "geometry": { "type": "Point", "coordinates": [ 110.327262400452668, 1.553556384129102 ] } },
{ "type": "Feature", "properties": { "fid_1": 238.0, "Lokasi": "Jalan_Satok", "Pemilik": "Dbku", "Tarikh_Dit": null, "Jenis_Poko": "TB2_Bucida", "Tinggi_Pok": 4.0, "Silara_Pok": 0.0, "Catatan": null, "Ukur_Lilit": 12, "Northing": null, "Easthing": null, "Ln_TAGB_": 4.256, "TAGB": 70.527, "CO2_Stock": 35.264 }, "geometry": { "type": "Point", "coordinates": [ 110.326951424754412, 1.553574488920923 ] } },
{ "type": "Feature", "properties": { "fid_1": 239.0, "Lokasi": "Jalan_Satok", "Pemilik": "Dbku", "Tarikh_Dit": null, "Jenis_Poko": "TB2_Bucida", "Tinggi_Pok": 6.0, "Silara_Pok": 0.0, "Catatan": null, "Ukur_Lilit": 13, "Northing": null, "Easthing": null, "Ln_TAGB_": 4.432, "TAGB": 84.099, "CO2_Stock": 42.05 }, "geometry": { "type": "Point", "coordinates": [ 110.326892318071955, 1.553577151392138 ] } },
{ "type": "Feature", "properties": { "fid_1": 240.0, "Lokasi": "Jalan_Satok", "Pemilik": "Dbku", "Tarikh_Dit": null, "Jenis_Poko": "TB2_Bucida", "Tinggi_Pok": 4.0, "Silara_Pok": 0.0, "Catatan": null, "Ukur_Lilit": 14, "Northing": null, "Easthing": null, "Ln_TAGB_": 4.594, "TAGB": 98.889, "CO2_Stock": 49.444 }, "geometry": { "type": "Point", "coordinates": [ 110.326825756493264, 1.553585138790579 ] } },
{ "type": "Feature", "properties": { "fid_1": 241.0, "Lokasi": "Jalan_Satok", "Pemilik": "Dbku", "Tarikh_Dit": null, "Jenis_Poko": "TB2_Bucida", "Tinggi_Pok": 6.0, "Silara_Pok": 0.0, "Catatan": null, "Ukur_Lilit": 14, "Northing": null, "Easthing": null, "Ln_TAGB_": 4.594, "TAGB": 98.889, "CO2_Stock": 49.444 }, "geometry": { "type": "Point", "coordinates": [ 110.326641721921675, 1.553584472430542 ] } },
{ "type": "Feature", "properties": { "fid_1": 242.0, "Lokasi": "Jalan_Satok", "Pemilik": "Dbku", "Tarikh_Dit": null, "Jenis_Poko": "TB2_Bucida", "Tinggi_Pok": 4.0, "Silara_Pok": 0.0, "Catatan": null, "Ukur_Lilit": 14, "Northing": null, "Easthing": null, "Ln_TAGB_": 4.594, "TAGB": 98.889, "CO2_Stock": 49.444 }, "geometry": { "type": "Point", "coordinates": [ 110.326568237937892, 1.553586602411135 ] } },
{ "type": "Feature", "properties": { "fid_1": 243.0, "Lokasi": "Jalan_Satok", "Pemilik": "Dbku", "Tarikh_Dit": null, "Jenis_Poko": "TB2_Bucida", "Tinggi_Pok": 4.0, "Silara_Pok": 0.0, "Catatan": null, "Ukur_Lilit": 12, "Northing": null, "Easthing": null, "Ln_TAGB_": 4.256, "TAGB": 70.527, "CO2_Stock": 35.264 }, "geometry": { "type": "Point", "coordinates": [ 110.326497948909932, 1.553588732391276 ] } },
{ "type": "Feature", "properties": { "fid_1": 250.0, "Lokasi": "Jalan_Satok", "Pemilik": "Dbku", "Tarikh_Dit": null, "Jenis_Poko": "TB2_Bucida", "Tinggi_Pok": 4.0, "Silara_Pok": 0.0, "Catatan": null, "Ukur_Lilit": 10, "Northing": null, "Easthing": null, "Ln_TAGB_": 3.855, "TAGB": 47.229, "CO2_Stock": 23.614 }, "geometry": { "type": "Point", "coordinates": [ 110.336104690922028, 1.553182795514545 ] } },
{ "type": "Feature", "properties": { "fid_1": 251.0, "Lokasi": "Jalan_Satok", "Pemilik": "Dbku", "Tarikh_Dit": null, "Jenis_Poko": "TB2_Bucida", "Tinggi_Pok": 4.0, "Silara_Pok": 0.0, "Catatan": null, "Ukur_Lilit": 10, "Northing": null, "Easthing": null, "Ln_TAGB_": 3.855, "TAGB": 47.229, "CO2_Stock": 23.614 }, "geometry": { "type": "Point", "coordinates": [ 110.336015705486304, 1.553187528794482 ] } },
{ "type": "Feature", "properties": { "fid_1": 252.0, "Lokasi": "Jalan_Satok", "Pemilik": "Dbku", "Tarikh_Dit": null, "Jenis_Poko": "TB2_Bucida", "Tinggi_Pok": 4.0, "Silara_Pok": 0.0, "Catatan": null, "Ukur_Lilit": 14, "Northing": null, "Easthing": null, "Ln_TAGB_": 4.594, "TAGB": 98.889, "CO2_Stock": 49.444 }, "geometry": { "type": "Point", "coordinates": [ 110.33593239997181, 1.553190368766573 ] } },
{ "type": "Feature", "properties": { "fid_1": 253.0, "Lokasi": "Jalan_Satok", "Pemilik": "Dbku", "Tarikh_Dit": null, "Jenis_Poko": "TB2_Bucida", "Tinggi_Pok": 4.0, "Silara_Pok": 0.0, "Catatan": null, "Ukur_Lilit": 11, "Northing": null, "Easthing": null, "Ln_TAGB_": 4.065, "TAGB": 58.265, "CO2_Stock": 29.133 }, "geometry": { "type": "Point", "coordinates": [ 110.335839627921786, 1.553195102047044 ] } },
{ "type": "Feature", "properties": { "fid_1": 254.0, "Lokasi": "Jalan_Satok", "Pemilik": "Dbku", "Tarikh_Dit": null, "Jenis_Poko": "TB2_Bucida", "Tinggi_Pok": 4.0, "Silara_Pok": 0.0, "Catatan": null, "Ukur_Lilit": 10, "Northing": null, "Easthing": null, "Ln_TAGB_": 3.855, "TAGB": 47.229, "CO2_Stock": 23.614 }, "geometry": { "type": "Point", "coordinates": [ 110.3357496958334, 1.553206461901931 ] } },
{ "type": "Feature", "properties": { "fid_1": 255.0, "Lokasi": "Jalan_Satok", "Pemilik": "Dbku", "Tarikh_Dit": null, "Jenis_Poko": "TB2_Bucida", "Tinggi_Pok": 6.0, "Silara_Pok": 0.0, "Catatan": null, "Ukur_Lilit": 14, "Northing": null, "Easthing": null, "Ln_TAGB_": 4.594, "TAGB": 98.889, "CO2_Stock": 49.444 }, "geometry": { "type": "Point", "coordinates": [ 110.335665443665278, 1.553209301874157 ] } },
{ "type": "Feature", "properties": { "fid_1": 256.0, "Lokasi": "Jalan_Satok", "Pemilik": "Dbku", "Tarikh_Dit": null, "Jenis_Poko": "TB2_Bucida", "Tinggi_Pok": 4.0, "Silara_Pok": 0.0, "Catatan": null, "Ukur_Lilit": 15, "Northing": null, "Easthing": null, "Ln_TAGB_": 4.746, "TAGB": 115.123, "CO2_Stock": 57.562 }, "geometry": { "type": "Point", "coordinates": [ 110.3355764582289, 1.553209301886404 ] } },
{ "type": "Feature", "properties": { "fid_1": 257.0, "Lokasi": "Jalan_Satok", "Pemilik": "Dbku", "Tarikh_Dit": null, "Jenis_Poko": "TB2_Bucida", "Tinggi_Pok": 4.0, "Silara_Pok": 0.0, "Catatan": null, "Ukur_Lilit": 14, "Northing": null, "Easthing": null, "Ln_TAGB_": 4.594, "TAGB": 98.889, "CO2_Stock": 49.444 }, "geometry": { "type": "Point", "coordinates": [ 110.335484632832845, 1.553216875127385 ] } },
{ "type": "Feature", "properties": { "fid_1": 258.0, "Lokasi": "Jalan_Satok", "Pemilik": "Dbku", "Tarikh_Dit": null, "Jenis_Poko": "TB2_Bucida", "Tinggi_Pok": 6.0, "Silara_Pok": 0.0, "Catatan": null, "Ukur_Lilit": 14, "Northing": null, "Easthing": null, "Ln_TAGB_": 4.594, "TAGB": 98.889, "CO2_Stock": 49.444 }, "geometry": { "type": "Point", "coordinates": [ 110.335394065607119, 1.55322546595329 ] } },
{ "type": "Feature", "properties": { "fid_1": 259.0, "Lokasi": "Jalan_Satok", "Pemilik": "Dbku", "Tarikh_Dit": null, "Jenis_Poko": "TB2_Bucida", "Tinggi_Pok": 4.0, "Silara_Pok": 0.0, "Catatan": null, "Ukur_Lilit": 10, "Northing": null, "Easthing": null, "Ln_TAGB_": 3.855, "TAGB": 47.229, "CO2_Stock": 23.614 }, "geometry": { "type": "Point", "coordinates": [ 110.335310050101896, 1.553224282647898 ] } },
{ "type": "Feature", "properties": { "fid_1": 260.0, "Lokasi": "Jalan_Satok", "Pemilik": "Dbku", "Tarikh_Dit": null, "Jenis_Poko": "TB2_Bucida", "Tinggi_Pok": 6.0, "Silara_Pok": 0.0, "Catatan": null, "Ukur_Lilit": 14, "Northing": null, "Easthing": null, "Ln_TAGB_": 4.594, "TAGB": 98.889, "CO2_Stock": 49.444 }, "geometry": { "type": "Point", "coordinates": [ 110.335229584548443, 1.55322948925347 ] } },
{ "type": "Feature", "properties": { "fid_1": 261.0, "Lokasi": "Jalan_Satok", "Pemilik": "Dbku", "Tarikh_Dit": null, "Jenis_Poko": "TB2_Bucida", "Tinggi_Pok": 4.0, "Silara_Pok": 0.0, "Catatan": null, "Ukur_Lilit": 13, "Northing": null, "Easthing": null, "Ln_TAGB_": 4.432, "TAGB": 84.099, "CO2_Stock": 42.05 }, "geometry": { "type": "Point", "coordinates": [ 110.335128055953007, 1.553235642515465 ] } },
{ "type": "Feature", "properties": { "fid_1": 262.0, "Lokasi": "Jalan_Satok", "Pemilik": "Dbku", "Tarikh_Dit": null, "Jenis_Poko": "TB2_Bucida", "Tinggi_Pok": 4.0, "Silara_Pok": 0.0, "Catatan": null, "Ukur_Lilit": 10, "Northing": null, "Easthing": null, "Ln_TAGB_": 3.855, "TAGB": 47.229, "CO2_Stock": 23.614 }, "geometry": { "type": "Point", "coordinates": [ 110.335031497288739, 1.553241085786632 ] } },
{ "type": "Feature", "properties": { "fid_1": 263.0, "Lokasi": "Jalan_Satok", "Pemilik": "Dbku", "Tarikh_Dit": null, "Jenis_Poko": "TB2_Bucida", "Tinggi_Pok": 6.0, "Silara_Pok": 0.0, "Catatan": null, "Ukur_Lilit": 14, "Northing": null, "Easthing": null, "Ln_TAGB_": 4.594, "TAGB": 98.889, "CO2_Stock": 49.444 }, "geometry": { "type": "Point", "coordinates": [ 110.334939908555796, 1.553246765720486 ] } },
{ "type": "Feature", "properties": { "fid_1": 264.0, "Lokasi": "Jalan_Satok", "Pemilik": "Dbku", "Tarikh_Dit": null, "Jenis_Poko": "TB2_Bucida", "Tinggi_Pok": 6.0, "Silara_Pok": 0.0, "Catatan": null, "Ukur_Lilit": 14, "Northing": null, "Easthing": null, "Ln_TAGB_": 4.594, "TAGB": 98.889, "CO2_Stock": 49.444 }, "geometry": { "type": "Point", "coordinates": [ 110.33485518306091, 1.553249369029371 ] } },
{ "type": "Feature", "properties": { "fid_1": 265.0, "Lokasi": "Jalan_Satok", "Pemilik": "Dbku", "Tarikh_Dit": null, "Jenis_Poko": "TB2_Bucida", "Tinggi_Pok": 5.0, "Silara_Pok": 0.0, "Catatan": null, "Ukur_Lilit": 17, "Northing": null, "Easthing": null, "Ln_TAGB_": 5.021, "TAGB": 151.563, "CO2_Stock": 75.781 }, "geometry": { "type": "Point", "coordinates": [ 110.334791520608533, 1.553255048959396 ] } },
{ "type": "Feature", "properties": { "fid_1": 266.0, "Lokasi": "Jalan_Satok", "Pemilik": "Dbku", "Tarikh_Dit": null, "Jenis_Poko": "TB2_Bucida", "Tinggi_Pok": 5.0, "Silara_Pok": 0.0, "Catatan": null, "Ukur_Lilit": 12, "Northing": null, "Easthing": null, "Ln_TAGB_": 4.256, "TAGB": 70.527, "CO2_Stock": 35.264 }, "geometry": { "type": "Point", "coordinates": [ 110.334712160714389, 1.553263212887204 ] } },
{ "type": "Feature", "properties": { "fid_1": 267.0, "Lokasi": "Jalan_Satok", "Pemilik": "Dbku", "Tarikh_Dit": null, "Jenis_Poko": "TB2_Bucida", "Tinggi_Pok": 5.0, "Silara_Pok": 0.0, "Catatan": null, "Ukur_Lilit": 10, "Northing": null, "Easthing": null, "Ln_TAGB_": 3.855, "TAGB": 47.229, "CO2_Stock": 23.614 }, "geometry": { "type": "Point", "coordinates": [ 110.334638321735412, 1.553264159550899 ] } },
{ "type": "Feature", "properties": { "fid_1": 268.0, "Lokasi": "Jalan_Satok", "Pemilik": "Dbku", "Tarikh_Dit": null, "Jenis_Poko": "TB2_Bucida", "Tinggi_Pok": 2.0, "Silara_Pok": 0.0, "Catatan": null, "Ukur_Lilit": 10, "Northing": null, "Easthing": null, "Ln_TAGB_": 3.855, "TAGB": 47.229, "CO2_Stock": 23.614 }, "geometry": { "type": "Point", "coordinates": [ 110.334552176260289, 1.553267946176933 ] } },
{ "type": "Feature", "properties": { "fid_1": 269.0, "Lokasi": "Jalan_Satok", "Pemilik": "Dbku", "Tarikh_Dit": null, "Jenis_Poko": "TB2_Bucida", "Tinggi_Pok": 5.0, "Silara_Pok": 0.0, "Catatan": null, "Ukur_Lilit": 15, "Northing": null, "Easthing": null, "Ln_TAGB_": 4.746, "TAGB": 115.123, "CO2_Stock": 57.562 }, "geometry": { "type": "Point", "coordinates": [ 110.334486383837216, 1.553272442790314 ] } },
{ "type": "Feature", "properties": { "fid_1": 270.0, "Lokasi": "Jalan_Satok", "Pemilik": "Dbku", "Tarikh_Dit": null, "Jenis_Poko": "Leopard Tree", "Tinggi_Pok": 4.0, "Silara_Pok": 0.0, "Catatan": null, "Ukur_Lilit": 8, "Northing": null, "Easthing": null, "Ln_TAGB_": 3.365, "TAGB": 28.933, "CO2_Stock": 14.466 }, "geometry": { "type": "Point", "coordinates": [ 110.334218990033733, 1.553333783134396 ] } },
{ "type": "Feature", "properties": { "fid_1": 271.0, "Lokasi": "Jalan_Satok", "Pemilik": "Dbku", "Tarikh_Dit": null, "Jenis_Poko": "Leopard Tree", "Tinggi_Pok": 4.0, "Silara_Pok": 0.0, "Catatan": null, "Ukur_Lilit": 6, "Northing": null, "Easthing": null, "Ln_TAGB_": 2.734, "TAGB": 15.394, "CO2_Stock": 7.697 }, "geometry": { "type": "Point", "coordinates": [ 110.334213467895381, 1.553388610152857 ] } },
{ "type": "Feature", "properties": { "fid_1": 272.0, "Lokasi": "Jalan_Satok", "Pemilik": "Dbku", "Tarikh_Dit": null, "Jenis_Poko": "Leopard Tree", "Tinggi_Pok": 4.0, "Silara_Pok": 0.0, "Catatan": null, "Ukur_Lilit": 10, "Northing": null, "Easthing": null, "Ln_TAGB_": 3.855, "TAGB": 47.229, "CO2_Stock": 23.614 }, "geometry": { "type": "Point", "coordinates": [ 110.334215440095647, 1.553427659611221 ] } },
{ "type": "Feature", "properties": { "fid_1": 273.0, "Lokasi": "Jalan_Satok", "Pemilik": "Dbku", "Tarikh_Dit": null, "Jenis_Poko": "Leopard Tree", "Tinggi_Pok": 5.0, "Silara_Pok": 0.0, "Catatan": null, "Ukur_Lilit": 11, "Northing": null, "Easthing": null, "Ln_TAGB_": 4.065, "TAGB": 58.265, "CO2_Stock": 29.133 }, "geometry": { "type": "Point", "coordinates": [ 110.334216228978832, 1.553465525752866 ] } },
{ "type": "Feature", "properties": { "fid_1": 274.0, "Lokasi": "Jalan_Satok", "Pemilik": "Dbku", "Tarikh_Dit": null, "Jenis_Poko": "Leopard Tree", "Tinggi_Pok": 4.0, "Silara_Pok": 0.0, "Catatan": null, "Ukur_Lilit": 7, "Northing": null, "Easthing": null, "Ln_TAGB_": 3.072, "TAGB": 21.585, "CO2_Stock": 10.793 }, "geometry": { "type": "Point", "coordinates": [ 110.334216228983266, 1.553497869748903 ] } },
{ "type": "Feature", "properties": { "fid_1": 275.0, "Lokasi": "Jalan_Satok", "Pemilik": "Dbku", "Tarikh_Dit": null, "Jenis_Poko": "Leopard Tree", "Tinggi_Pok": 4.0, "Silara_Pok": 0.0, "Catatan": null, "Ukur_Lilit": 8, "Northing": null, "Easthing": null, "Ln_TAGB_": 3.365, "TAGB": 28.933, "CO2_Stock": 14.466 }, "geometry": { "type": "Point", "coordinates": [ 110.334220173379549, 1.553544413547572 ] } },
{ "type": "Feature", "properties": { "fid_1": 276.0, "Lokasi": "Jalan_Satok", "Pemilik": "Dbku", "Tarikh_Dit": null, "Jenis_Poko": "Leopard Tree", "Tinggi_Pok": 4.0, "Silara_Pok": 0.0, "Catatan": null, "Ukur_Lilit": 7, "Northing": null, "Easthing": null, "Ln_TAGB_": 3.072, "TAGB": 21.585, "CO2_Stock": 10.793 }, "geometry": { "type": "Point", "coordinates": [ 110.33422411777768, 1.553604368271424 ] } },
{ "type": "Feature", "properties": { "fid_1": 277.0, "Lokasi": "Jalan_Satok", "Pemilik": "Dbku", "Tarikh_Dit": null, "Jenis_Poko": "TB2_Bucida", "Tinggi_Pok": 2.0, "Silara_Pok": 0.0, "Catatan": null, "Ukur_Lilit": 14, "Northing": null, "Easthing": null, "Ln_TAGB_": 4.594, "TAGB": 98.889, "CO2_Stock": 49.444 }, "geometry": { "type": "Point", "coordinates": [ 110.333985944311664, 1.553298498076781 ] } },
{ "type": "Feature", "properties": { "fid_1": 278.0, "Lokasi": "Jalan_Satok", "Pemilik": "Dbku", "Tarikh_Dit": null, "Jenis_Poko": "TB2_Bucida", "Tinggi_Pok": 2.0, "Silara_Pok": 0.0, "Catatan": null, "Ukur_Lilit": 16, "Northing": null, "Easthing": null, "Ln_TAGB_": 4.888, "TAGB": 132.688, "CO2_Stock": 66.344 }, "geometry": { "type": "Point", "coordinates": [ 110.333940189389352, 1.553303231350792 ] } },
{ "type": "Feature", "properties": { "fid_1": 279.0, "Lokasi": "Jalan_Satok", "Pemilik": "Dbku", "Tarikh_Dit": null, "Jenis_Poko": "TB2_Bucida", "Tinggi_Pok": 3.0, "Silara_Pok": 0.0, "Catatan": null, "Ukur_Lilit": 13, "Northing": null, "Easthing": null, "Ln_TAGB_": 4.432, "TAGB": 84.099, "CO2_Stock": 42.05 }, "geometry": { "type": "Point", "coordinates": [ 110.333797665435, 1.553311120149936 ] } },
{ "type": "Feature", "properties": { "fid_1": 280.0, "Lokasi": "Jalan_Satok", "Pemilik": "Dbku", "Tarikh_Dit": null, "Jenis_Poko": "TB2_Bucida", "Tinggi_Pok": 3.0, "Silara_Pok": 0.0, "Catatan": null, "Ukur_Lilit": 16, "Northing": null, "Easthing": null, "Ln_TAGB_": 4.888, "TAGB": 132.688, "CO2_Stock": 66.344 }, "geometry": { "type": "Point", "coordinates": [ 110.333744547650994, 1.553312171994517 ] } },
{ "type": "Feature", "properties": { "fid_1": 281.0, "Lokasi": "Jalan_Satok", "Pemilik": "Dbku", "Tarikh_Dit": null, "Jenis_Poko": "TB2_Bucida", "Tinggi_Pok": 3.0, "Silara_Pok": 0.0, "Catatan": null, "Ukur_Lilit": 12, "Northing": null, "Easthing": null, "Ln_TAGB_": 4.256, "TAGB": 70.527, "CO2_Stock": 35.264 }, "geometry": { "type": "Point", "coordinates": [ 110.333673723940066, 1.553321287927264 ] } },
{ "type": "Feature", "properties": { "fid_1": 282.0, "Lokasi": "Jalan_Satok", "Pemilik": "Dbku", "Tarikh_Dit": null, "Jenis_Poko": "TB2_Bucida", "Tinggi_Pok": 3.0, "Silara_Pok": 0.0, "Catatan": null, "Ukur_Lilit": 15, "Northing": null, "Easthing": null, "Ln_TAGB_": 4.746, "TAGB": 115.123, "CO2_Stock": 57.562 }, "geometry": { "type": "Point", "coordinates": [ 110.333622183911814, 1.553320586709503 ] } },
{ "type": "Feature", "properties": { "fid_1": 283.0, "Lokasi": "Jalan_Satok", "Pemilik": "Dbku", "Tarikh_Dit": null, "Jenis_Poko": "TB2_Bucida", "Tinggi_Pok": 3.0, "Silara_Pok": 0.0, "Catatan": null, "Ukur_Lilit": 14, "Northing": null, "Easthing": null, "Ln_TAGB_": 4.594, "TAGB": 98.889, "CO2_Stock": 49.444 }, "geometry": { "type": "Point", "coordinates": [ 110.333553463874892, 1.553325144680481 ] } },
{ "type": "Feature", "properties": { "fid_1": 284.0, "Lokasi": "Jalan_Satok", "Pemilik": "Dbku", "Tarikh_Dit": null, "Jenis_Poko": "TB2_Bucida", "Tinggi_Pok": 3.0, "Silara_Pok": 0.0, "Catatan": null, "Ukur_Lilit": 14, "Northing": null, "Easthing": null, "Ln_TAGB_": 4.594, "TAGB": 98.889, "CO2_Stock": 49.444 }, "geometry": { "type": "Point", "coordinates": [ 110.333495262210889, 1.553328650812702 ] } },
{ "type": "Feature", "properties": { "fid_1": 285.0, "Lokasi": "Jalan_Satok", "Pemilik": "Dbku", "Tarikh_Dit": null, "Jenis_Poko": "TB2_Bucida", "Tinggi_Pok": 3.0, "Silara_Pok": 0.0, "Catatan": null, "Ukur_Lilit": 16, "Northing": null, "Easthing": null, "Ln_TAGB_": 4.888, "TAGB": 132.688, "CO2_Stock": 66.344 }, "geometry": { "type": "Point", "coordinates": [ 110.333428996460626, 1.553330403883933 ] } },
{ "type": "Feature", "properties": { "fid_1": 286.0, "Lokasi": "Jalan_Satok", "Pemilik": "Dbku", "Tarikh_Dit": null, "Jenis_Poko": "TB2_Bucida", "Tinggi_Pok": 3.0, "Silara_Pok": 0.0, "Catatan": null, "Ukur_Lilit": 15, "Northing": null, "Easthing": null, "Ln_TAGB_": 4.746, "TAGB": 115.123, "CO2_Stock": 57.562 }, "geometry": { "type": "Point", "coordinates": [ 110.33338201439453, 1.5533332087898 ] } },
{ "type": "Feature", "properties": { "fid_1": 287.0, "Lokasi": "Jalan_Satok", "Pemilik": "Dbku", "Tarikh_Dit": null, "Jenis_Poko": "TB2_Bucida", "Tinggi_Pok": 3.0, "Silara_Pok": 0.0, "Catatan": null, "Ukur_Lilit": 14, "Northing": null, "Easthing": null, "Ln_TAGB_": 4.594, "TAGB": 98.889, "CO2_Stock": 49.444 }, "geometry": { "type": "Point", "coordinates": [ 110.333329071916992, 1.553336013696478 ] } },
{ "type": "Feature", "properties": { "fid_1": 288.0, "Lokasi": "Jalan_Satok", "Pemilik": "Dbku", "Tarikh_Dit": null, "Jenis_Poko": "TB2_Bucida", "Tinggi_Pok": 3.0, "Silara_Pok": 0.0, "Catatan": null, "Ukur_Lilit": 11, "Northing": null, "Easthing": null, "Ln_TAGB_": 4.065, "TAGB": 58.265, "CO2_Stock": 29.133 }, "geometry": { "type": "Point", "coordinates": [ 110.333288400874537, 1.553337416151749 ] } },
{ "type": "Feature", "properties": { "fid_1": 289.0, "Lokasi": "Jalan_Satok", "Pemilik": "Dbku", "Tarikh_Dit": null, "Jenis_Poko": "TB2_Bucida", "Tinggi_Pok": 3.0, "Silara_Pok": 0.0, "Catatan": null, "Ukur_Lilit": 12, "Northing": null, "Easthing": null, "Ln_TAGB_": 4.256, "TAGB": 70.527, "CO2_Stock": 35.264 }, "geometry": { "type": "Point", "coordinates": [ 110.333239665746973, 1.553345480244213 ] } },
{ "type": "Feature", "properties": { "fid_1": 290.0, "Lokasi": "Jalan_Satok", "Pemilik": "Dbku", "Tarikh_Dit": null, "Jenis_Poko": "TB2_Bucida", "Tinggi_Pok": 3.0, "Silara_Pok": 0.0, "Catatan": null, "Ukur_Lilit": 12, "Northing": null, "Easthing": null, "Ln_TAGB_": 4.256, "TAGB": 70.527, "CO2_Stock": 35.264 }, "geometry": { "type": "Point", "coordinates": [ 110.333194436742417, 1.553343727188299 ] } },
{ "type": "Feature", "properties": { "fid_1": 291.0, "Lokasi": "Jalan_Satok", "Pemilik": "Dbku", "Tarikh_Dit": null, "Jenis_Poko": "TB2_Bucida", "Tinggi_Pok": 3.0, "Silara_Pok": 0.0, "Catatan": null, "Ukur_Lilit": 12, "Northing": null, "Easthing": null, "Ln_TAGB_": 4.256, "TAGB": 70.527, "CO2_Stock": 35.264 }, "geometry": { "type": "Point", "coordinates": [ 110.333152713862816, 1.553346181480999 ] } },
{ "type": "Feature", "properties": { "fid_1": 292.0, "Lokasi": "Jalan_Satok", "Pemilik": "Dbku", "Tarikh_Dit": null, "Jenis_Poko": "TB2_Bucida", "Tinggi_Pok": 3.0, "Silara_Pok": 0.0, "Catatan": null, "Ukur_Lilit": 13, "Northing": null, "Easthing": null, "Ln_TAGB_": 4.432, "TAGB": 84.099, "CO2_Stock": 42.05 }, "geometry": { "type": "Point", "coordinates": [ 110.3331123934326, 1.553346181486558 ] } },
{ "type": "Feature", "properties": { "fid_1": 293.0, "Lokasi": "Jalan_Satok", "Pemilik": "Dbku", "Tarikh_Dit": null, "Jenis_Poko": "TB2_Bucida", "Tinggi_Pok": 3.0, "Silara_Pok": 0.0, "Catatan": null, "Ukur_Lilit": 10, "Northing": null, "Easthing": null, "Ln_TAGB_": 3.855, "TAGB": 47.229, "CO2_Stock": 23.614 }, "geometry": { "type": "Point", "coordinates": [ 110.33307312484034, 1.553350739453459 ] } },
{ "type": "Feature", "properties": { "fid_1": 294.0, "Lokasi": "Jalan_Satok", "Pemilik": "Dbku", "Tarikh_Dit": null, "Jenis_Poko": "TB2_Bucida", "Tinggi_Pok": 3.0, "Silara_Pok": 0.0, "Catatan": null, "Ukur_Lilit": 11, "Northing": null, "Easthing": null, "Ln_TAGB_": 4.065, "TAGB": 58.265, "CO2_Stock": 29.133 }, "geometry": { "type": "Point", "coordinates": [ 110.333036310534865, 1.55335354435791 ] } },
{ "type": "Feature", "properties": { "fid_1": 295.0, "Lokasi": "Jalan_Satok", "Pemilik": "Dbku", "Tarikh_Dit": null, "Jenis_Poko": "TB2_Bucida", "Tinggi_Pok": 4.0, "Silara_Pok": 0.0, "Catatan": null, "Ukur_Lilit": 14, "Northing": null, "Easthing": null, "Ln_TAGB_": 4.594, "TAGB": 98.889, "CO2_Stock": 49.444 }, "geometry": { "type": "Point", "coordinates": [ 110.332991081530935, 1.553356349263513 ] } },
{ "type": "Feature", "properties": { "fid_1": 296.0, "Lokasi": "Jalan_Satok", "Pemilik": "Dbku", "Tarikh_Dit": null, "Jenis_Poko": "TB2_Bucida", "Tinggi_Pok": 4.0, "Silara_Pok": 0.0, "Catatan": null, "Ukur_Lilit": 11, "Northing": null, "Easthing": null, "Ln_TAGB_": 4.065, "TAGB": 58.265, "CO2_Stock": 29.133 }, "geometry": { "type": "Point", "coordinates": [ 110.332941818240172, 1.553359661295503 ] } },
{ "type": "Feature", "properties": { "fid_1": 297.0, "Lokasi": "Jalan_Satok", "Pemilik": "Dbku", "Tarikh_Dit": null, "Jenis_Poko": "TB2_Bucida", "Tinggi_Pok": 4.0, "Silara_Pok": 0.0, "Catatan": null, "Ukur_Lilit": 10, "Northing": null, "Easthing": null, "Ln_TAGB_": 3.855, "TAGB": 47.229, "CO2_Stock": 23.614 }, "geometry": { "type": "Point", "coordinates": [ 110.332888875762876, 1.5533642192643 ] } },
{ "type": "Feature", "properties": { "fid_1": 298.0, "Lokasi": "Jalan_Satok", "Pemilik": "Dbku", "Tarikh_Dit": null, "Jenis_Poko": "TB2_Bucida", "Tinggi_Pok": 4.0, "Silara_Pok": 0.0, "Catatan": null, "Ukur_Lilit": 13, "Northing": null, "Easthing": null, "Ln_TAGB_": 4.432, "TAGB": 84.099, "CO2_Stock": 42.05 }, "geometry": { "type": "Point", "coordinates": [ 110.332833478997841, 1.553363868659472 ] } },
{ "type": "Feature", "properties": { "fid_1": 299.0, "Lokasi": "Jalan_Satok", "Pemilik": "Dbku", "Tarikh_Dit": null, "Jenis_Poko": "TB2_Bucida", "Tinggi_Pok": 4.0, "Silara_Pok": 0.0, "Catatan": null, "Ukur_Lilit": 9, "Northing": null, "Easthing": null, "Ln_TAGB_": 3.624, "TAGB": 37.487, "CO2_Stock": 18.744 }, "geometry": { "type": "Point", "coordinates": [ 110.332779484682945, 1.55336632295387 ] } },
{ "type": "Feature", "properties": { "fid_1": 300.0, "Lokasi": "Jalan_Satok", "Pemilik": "Dbku", "Tarikh_Dit": null, "Jenis_Poko": "TB2_Bucida", "Tinggi_Pok": 4.0, "Silara_Pok": 0.0, "Catatan": null, "Ukur_Lilit": 15, "Northing": null, "Easthing": null, "Ln_TAGB_": 4.746, "TAGB": 115.123, "CO2_Stock": 57.562 }, "geometry": { "type": "Point", "coordinates": [ 110.332722685468724, 1.553369829085927 ] } },
{ "type": "Feature", "properties": { "fid_1": 301.0, "Lokasi": "Jalan_Satok", "Pemilik": "Dbku", "Tarikh_Dit": null, "Jenis_Poko": "TB2_Bucida", "Tinggi_Pok": 4.0, "Silara_Pok": 0.0, "Catatan": null, "Ukur_Lilit": 9, "Northing": null, "Easthing": null, "Ln_TAGB_": 3.624, "TAGB": 37.487, "CO2_Stock": 18.744 }, "geometry": { "type": "Point", "coordinates": [ 110.332663081354667, 1.553370880931411 ] } },
{ "type": "Feature", "properties": { "fid_1": 302.0, "Lokasi": "Jalan_Satok", "Pemilik": "Dbku", "Tarikh_Dit": null, "Jenis_Poko": "TB2_Bucida", "Tinggi_Pok": 4.0, "Silara_Pok": 0.0, "Catatan": null, "Ukur_Lilit": 14, "Northing": null, "Easthing": null, "Ln_TAGB_": 4.594, "TAGB": 98.889, "CO2_Stock": 49.444 }, "geometry": { "type": "Point", "coordinates": [ 110.332611541326941, 1.553374387062743 ] } },
{ "type": "Feature", "properties": { "fid_1": 303.0, "Lokasi": "Jalan_Satok", "Pemilik": "Dbku", "Tarikh_Dit": null, "Jenis_Poko": "TB2_Bucida", "Tinggi_Pok": 4.0, "Silara_Pok": 0.0, "Catatan": null, "Ukur_Lilit": 12, "Northing": null, "Easthing": null, "Ln_TAGB_": 4.256, "TAGB": 70.527, "CO2_Stock": 35.264 }, "geometry": { "type": "Point", "coordinates": [ 110.332551235988063, 1.553375789520717 ] } },
{ "type": "Feature", "properties": { "fid_1": 304.0, "Lokasi": "Jalan_Satok", "Pemilik": "Dbku", "Tarikh_Dit": null, "Jenis_Poko": "TB2_Bucida", "Tinggi_Pok": 4.0, "Silara_Pok": 0.0, "Catatan": null, "Ukur_Lilit": 10, "Northing": null, "Easthing": null, "Ln_TAGB_": 3.855, "TAGB": 47.229, "CO2_Stock": 23.614 }, "geometry": { "type": "Point", "coordinates": [ 110.332483567788557, 1.55338104871639 ] } },
{ "type": "Feature", "properties": { "fid_1": 305.0, "Lokasi": "Jalan_Satok", "Pemilik": "Dbku", "Tarikh_Dit": null, "Jenis_Poko": "TB2_Bucida", "Tinggi_Pok": 4.0, "Silara_Pok": 0.0, "Catatan": null, "Ukur_Lilit": 10, "Northing": null, "Easthing": null, "Ln_TAGB_": 3.855, "TAGB": 47.229, "CO2_Stock": 23.614 }, "geometry": { "type": "Point", "coordinates": [ 110.331925459130218, 1.553413790339343 ] } },
{ "type": "Feature", "properties": { "fid_1": 306.0, "Lokasi": "Jalan_Satok", "Pemilik": "Dbku", "Tarikh_Dit": null, "Jenis_Poko": "TB2_Bucida", "Tinggi_Pok": 3.0, "Silara_Pok": 0.0, "Catatan": null, "Ukur_Lilit": 14, "Northing": null, "Easthing": null, "Ln_TAGB_": 4.594, "TAGB": 98.889, "CO2_Stock": 49.444 }, "geometry": { "type": "Point", "coordinates": [ 110.331863400729262, 1.553416069328621 ] } },
{ "type": "Feature", "properties": { "fid_1": 307.0, "Lokasi": "Jalan_Satok", "Pemilik": "Dbku", "Tarikh_Dit": null, "Jenis_Poko": "TB2_Bucida", "Tinggi_Pok": 3.0, "Silara_Pok": 0.0, "Catatan": null, "Ukur_Lilit": 14, "Northing": null, "Easthing": null, "Ln_TAGB_": 4.594, "TAGB": 98.889, "CO2_Stock": 49.444 }, "geometry": { "type": "Point", "coordinates": [ 110.331790823955188, 1.553418173013154 ] } },
{ "type": "Feature", "properties": { "fid_1": 308.0, "Lokasi": "Jalan_Satok", "Pemilik": "Dbku", "Tarikh_Dit": null, "Jenis_Poko": "TB2_Bucida", "Tinggi_Pok": 3.0, "Silara_Pok": 0.0, "Catatan": null, "Ukur_Lilit": 16, "Northing": null, "Easthing": null, "Ln_TAGB_": 4.888, "TAGB": 132.688, "CO2_Stock": 66.344 }, "geometry": { "type": "Point", "coordinates": [ 110.331724207592771, 1.553422029758963 ] } },
{ "type": "Feature", "properties": { "fid_1": 309.0, "Lokasi": "Jalan_Satok", "Pemilik": "Dbku", "Tarikh_Dit": null, "Jenis_Poko": "TB2_Bucida", "Tinggi_Pok": 3.0, "Silara_Pok": 0.0, "Catatan": null, "Ukur_Lilit": 16, "Northing": null, "Easthing": null, "Ln_TAGB_": 4.888, "TAGB": 132.688, "CO2_Stock": 66.344 }, "geometry": { "type": "Point", "coordinates": [ 110.331670563890313, 1.553424484053344 ] } },
{ "type": "Feature", "properties": { "fid_1": 310.0, "Lokasi": "Jalan_Satok", "Pemilik": "Dbku", "Tarikh_Dit": null, "Jenis_Poko": "TB2_Bucida", "Tinggi_Pok": 3.0, "Silara_Pok": 0.0, "Catatan": null, "Ukur_Lilit": 12, "Northing": null, "Easthing": null, "Ln_TAGB_": 4.256, "TAGB": 70.527, "CO2_Stock": 35.264 }, "geometry": { "type": "Point", "coordinates": [ 110.331493832205624, 1.553431843235317 ] } },
{ "type": "Feature", "properties": { "fid_1": 311.0, "Lokasi": "Jalan_Satok", "Pemilik": "Dbku", "Tarikh_Dit": null, "Jenis_Poko": "TB2_Bucida", "Tinggi_Pok": 3.0, "Silara_Pok": 0.0, "Catatan": null, "Ukur_Lilit": 10, "Northing": null, "Easthing": null, "Ln_TAGB_": 3.855, "TAGB": 47.229, "CO2_Stock": 23.614 }, "geometry": { "type": "Point", "coordinates": [ 110.331408983996553, 1.553436050596068 ] } },
{ "type": "Feature", "properties": { "fid_1": 312.0, "Lokasi": "Jalan_Satok", "Pemilik": "Dbku", "Tarikh_Dit": null, "Jenis_Poko": "TB2_Bucida", "Tinggi_Pok": 4.0, "Silara_Pok": 0.0, "Catatan": null, "Ukur_Lilit": 13, "Northing": null, "Easthing": null, "Ln_TAGB_": 4.432, "TAGB": 84.099, "CO2_Stock": 42.05 }, "geometry": { "type": "Point", "coordinates": [ 110.331342367634377, 1.553441660404002 ] } },
{ "type": "Feature", "properties": { "fid_1": 313.0, "Lokasi": "Jalan_Satok", "Pemilik": "Dbku", "Tarikh_Dit": null, "Jenis_Poko": "TB2_Bucida", "Tinggi_Pok": 4.0, "Silara_Pok": 0.0, "Catatan": null, "Ukur_Lilit": 14, "Northing": null, "Easthing": null, "Ln_TAGB_": 4.594, "TAGB": 98.889, "CO2_Stock": 49.444 }, "geometry": { "type": "Point", "coordinates": [ 110.331268037798594, 1.55344727021303 ] } },
{ "type": "Feature", "properties": { "fid_1": 314.0, "Lokasi": "Jalan_Satok", "Pemilik": "Dbku", "Tarikh_Dit": null, "Jenis_Poko": "TB2_Bucida", "Tinggi_Pok": 4.0, "Silara_Pok": 0.0, "Catatan": null, "Ukur_Lilit": 11, "Northing": null, "Easthing": null, "Ln_TAGB_": 4.065, "TAGB": 58.265, "CO2_Stock": 29.133 }, "geometry": { "type": "Point", "coordinates": [ 110.331217549608411, 1.553452178793886 ] } },
{ "type": "Feature", "properties": { "fid_1": 315.0, "Lokasi": "Jalan_Satok", "Pemilik": "Dbku", "Tarikh_Dit": null, "Jenis_Poko": "TB2_Bucida", "Tinggi_Pok": 4.0, "Silara_Pok": 0.0, "Catatan": null, "Ukur_Lilit": 11, "Northing": null, "Easthing": null, "Ln_TAGB_": 4.065, "TAGB": 58.265, "CO2_Stock": 29.133 }, "geometry": { "type": "Point", "coordinates": [ 110.3311586467197, 1.553456736763521 ] } },
{ "type": "Feature", "properties": { "fid_1": 316.0, "Lokasi": "Jalan_Satok", "Pemilik": "Dbku", "Tarikh_Dit": null, "Jenis_Poko": "TB2_Bucida", "Tinggi_Pok": 4.0, "Silara_Pok": 0.0, "Catatan": null, "Ukur_Lilit": 11, "Northing": null, "Easthing": null, "Ln_TAGB_": 4.065, "TAGB": 58.265, "CO2_Stock": 29.133 }, "geometry": { "type": "Point", "coordinates": [ 110.330951426508776, 1.553463025482242 ] } },
{ "type": "Feature", "properties": { "fid_1": 318.0, "Lokasi": "Jalan_Satok", "Pemilik": "Dbku", "Tarikh_Dit": null, "Jenis_Poko": "TS1_Adenanthera", "Tinggi_Pok": 14.0, "Silara_Pok": 0.0, "Catatan": null, "Ukur_Lilit": 92, "Northing": null, "Easthing": null, "Ln_TAGB_": 8.729, "TAGB": 6179.545, "CO2_Stock": 3089.773 }, "geometry": { "type": "Point", "coordinates": [ 110.327692386734697, 1.554200962211149 ] } },
{ "type": "Feature", "properties": { "fid_1": 319.0, "Lokasi": "Jalan_Satok", "Pemilik": "Dbku", "Tarikh_Dit": null, "Jenis_Poko": "TS1_Adenanthera", "Tinggi_Pok": 15.0, "Silara_Pok": 0.0, "Catatan": null, "Ukur_Lilit": 91, "Northing": null, "Easthing": null, "Ln_TAGB_": 8.705, "TAGB": 6033.002, "CO2_Stock": 3016.501 }, "geometry": { "type": "Point", "coordinates": [ 110.327615602607239, 1.554173088534054 ] } },
{ "type": "Feature", "properties": { "fid_1": 320.0, "Lokasi": "Jalan_Satok", "Pemilik": "Dbku", "Tarikh_Dit": null, "Jenis_Poko": "TS1_Adenanthera", "Tinggi_Pok": 15.0, "Silara_Pok": 0.0, "Catatan": null, "Ukur_Lilit": 92, "Northing": null, "Easthing": null, "Ln_TAGB_": 8.729, "TAGB": 6179.545, "CO2_Stock": 3089.773 }, "geometry": { "type": "Point", "coordinates": [ 110.327480967428528, 1.554150999969915 ] } },
{ "type": "Feature", "properties": { "fid_1": 321.0, "Lokasi": "Jalan_Satok", "Pemilik": "Dbku", "Tarikh_Dit": null, "Jenis_Poko": "TS1_Adenanthera", "Tinggi_Pok": 16.0, "Silara_Pok": 0.0, "Catatan": null, "Ukur_Lilit": 110, "Northing": null, "Easthing": null, "Ln_TAGB_": 9.121, "TAGB": 9145.342, "CO2_Stock": 4572.671 }, "geometry": { "type": "Point", "coordinates": [ 110.327392613092016, 1.55413311874847 ] } },
{ "type": "Feature", "properties": { "fid_1": 322.0, "Lokasi": "Jalan_Satok", "Pemilik": "Dbku", "Tarikh_Dit": null, "Jenis_Poko": "TS1_Adenanthera", "Tinggi_Pok": 16.0, "Silara_Pok": 0.0, "Catatan": null, "Ukur_Lilit": 120, "Northing": null, "Easthing": null, "Ln_TAGB_": 9.312, "TAGB": 11070.066, "CO2_Stock": 5535.033 }, "geometry": { "type": "Point", "coordinates": [ 110.327282170170704, 1.554105770994628 ] } },
{ "type": "Feature", "properties": { "fid_1": 323.0, "Lokasi": "Jalan_Satok", "Pemilik": "Dbku", "Tarikh_Dit": null, "Jenis_Poko": "TS1_Adenanthera", "Tinggi_Pok": 12.0, "Silara_Pok": 0.0, "Catatan": null, "Ukur_Lilit": 93, "Northing": null, "Easthing": null, "Ln_TAGB_": 8.753, "TAGB": 6329.649, "CO2_Stock": 3164.825 }, "geometry": { "type": "Point", "coordinates": [ 110.327160157043153, 1.554108926523267 ] } },
{ "type": "Feature", "properties": { "fid_1": 324.0, "Lokasi": "Jalan_Satok", "Pemilik": "Dbku", "Tarikh_Dit": null, "Jenis_Poko": "TS1_Adenanthera", "Tinggi_Pok": 12.0, "Silara_Pok": 0.0, "Catatan": null, "Ukur_Lilit": 98, "Northing": null, "Easthing": null, "Ln_TAGB_": 8.868, "TAGB": 7101.065, "CO2_Stock": 3550.532 }, "geometry": { "type": "Point", "coordinates": [ 110.327039195752306, 1.554107874702651 ] } },
{ "type": "Feature", "properties": { "fid_1": 325.0, "Lokasi": "Jalan_Satok", "Pemilik": "Dbku", "Tarikh_Dit": null, "Jenis_Poko": "TA1_Angsana", "Tinggi_Pok": 28.0, "Silara_Pok": 0.0, "Catatan": null, "Ukur_Lilit": 215, "Northing": null, "Easthing": null, "Ln_TAGB_": 10.593, "TAGB": 39854.875, "CO2_Stock": 19927.438 }, "geometry": { "type": "Point", "coordinates": [ 110.327568795836555, 1.554097882175654 ] } },
{ "type": "Feature", "properties": { "fid_1": 326.0, "Lokasi": "Jalan_Satok", "Pemilik": "Dbku", "Tarikh_Dit": null, "Jenis_Poko": "TA1_Angsana", "Tinggi_Pok": 22.0, "Silara_Pok": 0.0, "Catatan": null, "Ukur_Lilit": 201, "Northing": null, "Easthing": null, "Ln_TAGB_": 10.445, "TAGB": 34372.084, "CO2_Stock": 17186.042 }, "geometry": { "type": "Point", "coordinates": [ 110.327556173778163, 1.554020046219337 ] } },
{ "type": "Feature", "properties": { "fid_1": 327.0, "Lokasi": "Jalan_Satok", "Pemilik": "Dbku", "Tarikh_Dit": null, "Jenis_Poko": "TA1_Angsana", "Tinggi_Pok": 26.0, "Silara_Pok": 0.0, "Catatan": null, "Ukur_Lilit": 230, "Northing": null, "Easthing": null, "Ln_TAGB_": 10.741, "TAGB": 46212.241, "CO2_Stock": 23106.121 }, "geometry": { "type": "Point", "coordinates": [ 110.327554070089988, 1.553921173516182 ] } },
{ "type": "Feature", "properties": { "fid_1": 328.0, "Lokasi": "Jalan_Satok", "Pemilik": "Dbku", "Tarikh_Dit": null, "Jenis_Poko": "TA1_Angsana", "Tinggi_Pok": 27.0, "Silara_Pok": 0.0, "Catatan": null, "Ukur_Lilit": 238, "Northing": null, "Easthing": null, "Ln_TAGB_": 10.816, "TAGB": 49811.442, "CO2_Stock": 24905.721 }, "geometry": { "type": "Point", "coordinates": [ 110.327564588448936, 1.553818093462217 ] } },
{ "type": "Feature", "properties": { "fid_1": 329.0, "Lokasi": "Jalan_Satok", "Pemilik": "Dbku", "Tarikh_Dit": null, "Jenis_Poko": "TA1_Angsana", "Tinggi_Pok": 8.0, "Silara_Pok": 0.0, "Catatan": null, "Ukur_Lilit": 35, "Northing": null, "Easthing": null, "Ln_TAGB_": 6.607, "TAGB": 740.259, "CO2_Stock": 370.13 }, "geometry": { "type": "Point", "coordinates": [ 110.327608765604708, 1.553736050149017 ] } },
{ "type": "Feature", "properties": { "fid_1": 338.0, "Lokasi": "Jalan_Satok", "Pemilik": "Dbku", "Tarikh_Dit": null, "Jenis_Poko": "TI1_Ironwood", "Tinggi_Pok": 6.0, "Silara_Pok": 0.0, "Catatan": null, "Ukur_Lilit": 22, "Northing": null, "Easthing": null, "Ln_TAGB_": 5.587, "TAGB": 266.934, "CO2_Stock": 133.467 }, "geometry": { "type": "Point", "coordinates": [ 110.32753533737332, 1.553636989650339 ] } },
{ "type": "Feature", "properties": { "fid_1": 339.0, "Lokasi": "Jalan_Satok", "Pemilik": "Dbku", "Tarikh_Dit": null, "Jenis_Poko": "TI1_Ironwood", "Tinggi_Pok": 6.0, "Silara_Pok": 0.0, "Catatan": null, "Ukur_Lilit": 21, "Northing": null, "Easthing": null, "Ln_TAGB_": 5.485, "TAGB": 241.049, "CO2_Stock": 120.525 }, "geometry": { "type": "Point", "coordinates": [ 110.327476434485092, 1.553645404356613 ] } },
{ "type": "Feature", "properties": { "fid_1": 340.0, "Lokasi": "Jalan_Satok", "Pemilik": "Dbku", "Tarikh_Dit": null, "Jenis_Poko": "TI1_Ironwood", "Tinggi_Pok": 4.0, "Silara_Pok": 0.0, "Catatan": null, "Ukur_Lilit": 19, "Northing": null, "Easthing": null, "Ln_TAGB_": 5.265, "TAGB": 193.446, "CO2_Stock": 96.723 }, "geometry": { "type": "Point", "coordinates": [ 110.327396494852806, 1.553669246012434 ] } },
{ "type": "Feature", "properties": { "fid_1": 341.0, "Lokasi": "Jalan_Satok", "Pemilik": "Dbku", "Tarikh_Dit": null, "Jenis_Poko": "TI1_Ironwood", "Tinggi_Pok": 5.0, "Silara_Pok": 0.0, "Catatan": null, "Ukur_Lilit": 16, "Northing": null, "Easthing": null, "Ln_TAGB_": 4.888, "TAGB": 132.688, "CO2_Stock": 66.344 }, "geometry": { "type": "Point", "coordinates": [ 110.327297368164537, 1.55370755986249 ] } },
{ "type": "Feature", "properties": { "fid_1": 342.0, "Lokasi": "Jalan_Satok", "Pemilik": "Dbku", "Tarikh_Dit": null, "Jenis_Poko": "TI1_Ironwood", "Tinggi_Pok": 4.0, "Silara_Pok": 0.0, "Catatan": null, "Ukur_Lilit": 18, "Northing": null, "Easthing": null, "Ln_TAGB_": 5.146, "TAGB": 171.743, "CO2_Stock": 85.871 }, "geometry": { "type": "Point", "coordinates": [ 110.327232855480247, 1.553737011314924 ] } },
{ "type": "Feature", "properties": { "fid_1": 343.0, "Lokasi": "Jalan_Satok", "Pemilik": "Dbku", "Tarikh_Dit": null, "Jenis_Poko": "TI1_Ironwood", "Tinggi_Pok": 5.0, "Silara_Pok": 0.0, "Catatan": null, "Ukur_Lilit": 18, "Northing": null, "Easthing": null, "Ln_TAGB_": 5.146, "TAGB": 171.743, "CO2_Stock": 85.871 }, "geometry": { "type": "Point", "coordinates": [ 110.327068425379252, 1.553813415163053 ] } },
{ "type": "Feature", "properties": { "fid_1": 344.0, "Lokasi": "Jalan_Satok", "Pemilik": "Dbku", "Tarikh_Dit": null, "Jenis_Poko": "TI1_Ironwood", "Tinggi_Pok": 4.0, "Silara_Pok": 0.0, "Catatan": null, "Ukur_Lilit": 16, "Northing": null, "Easthing": null, "Ln_TAGB_": 4.888, "TAGB": 132.688, "CO2_Stock": 66.344 }, "geometry": { "type": "Point", "coordinates": [ 110.327013729843173, 1.553842866614156 ] } },
{ "type": "Feature", "properties": { "fid_1": 345.0, "Lokasi": "Jalan_Satok", "Pemilik": "Dbku", "Tarikh_Dit": null, "Jenis_Poko": "TI1_Ironwood", "Tinggi_Pok": 4.0, "Silara_Pok": 0.0, "Catatan": null, "Ukur_Lilit": 18, "Northing": null, "Easthing": null, "Ln_TAGB_": 5.146, "TAGB": 171.743, "CO2_Stock": 85.871 }, "geometry": { "type": "Point", "coordinates": [ 110.326902936320295, 1.553894757268124 ] } },
{ "type": "Feature", "properties": { "fid_1": 346.0, "Lokasi": "Jalan_Satok", "Pemilik": "Dbku", "Tarikh_Dit": null, "Jenis_Poko": "TT2_Tecoma", "Tinggi_Pok": 17.0, "Silara_Pok": 0.0, "Catatan": null, "Ukur_Lilit": 121, "Northing": null, "Easthing": null, "Ln_TAGB_": 9.331, "TAGB": 11282.408, "CO2_Stock": 5641.204 }, "geometry": { "type": "Point", "coordinates": [ 110.327100428119323, 1.553690327636483 ] } },
{ "type": "Feature", "properties": { "fid_1": 347.0, "Lokasi": "Jalan_Satok", "Pemilik": "Dbku", "Tarikh_Dit": null, "Jenis_Poko": "TT2_Tecoma", "Tinggi_Pok": 14.0, "Silara_Pok": 0.0, "Catatan": null, "Ukur_Lilit": 95, "Northing": null, "Easthing": null, "Ln_TAGB_": 8.799, "TAGB": 6627.613, "CO2_Stock": 3313.807 }, "geometry": { "type": "Point", "coordinates": [ 110.326943353751759, 1.553719779101671 ] } },
{ "type": "Feature", "properties": { "fid_1": 348.0, "Lokasi": "Jalan_Satok", "Pemilik": "Dbku", "Tarikh_Dit": null, "Jenis_Poko": "TT2_Tecoma", "Tinggi_Pok": 16.0, "Silara_Pok": 0.0, "Catatan": null, "Ukur_Lilit": 102, "Northing": null, "Easthing": null, "Ln_TAGB_": 8.955, "TAGB": 7746.528, "CO2_Stock": 3873.264 }, "geometry": { "type": "Point", "coordinates": [ 110.326846584721153, 1.553733803611937 ] } },
{ "type": "Feature", "properties": { "fid_1": 349.0, "Lokasi": "Jalan_Satok", "Pemilik": "Dbku", "Tarikh_Dit": null, "Jenis_Poko": "TT2_Tecoma", "Tinggi_Pok": 17.0, "Silara_Pok": 0.0, "Catatan": null, "Ukur_Lilit": 98, "Northing": null, "Easthing": null, "Ln_TAGB_": 8.868, "TAGB": 7101.065, "CO2_Stock": 3550.532 }, "geometry": { "type": "Point", "coordinates": [ 110.326790486730886, 1.553730998720283 ] } },
{ "type": "Feature", "properties": { "fid_1": 350.0, "Lokasi": "Jalan_Satok", "Pemilik": "Dbku", "Tarikh_Dit": null, "Jenis_Poko": "TT2_Tecoma", "Tinggi_Pok": 16.0, "Silara_Pok": 0.0, "Catatan": null, "Ukur_Lilit": 104, "Northing": null, "Easthing": null, "Ln_TAGB_": 8.998, "TAGB": 8086.894, "CO2_Stock": 4043.447 }, "geometry": { "type": "Point", "coordinates": [ 110.326706339747517, 1.553741517104559 ] } },
{ "type": "Feature", "properties": { "fid_1": 351.0, "Lokasi": "Jalan_Satok", "Pemilik": "Dbku", "Tarikh_Dit": null, "Jenis_Poko": "TT2_Tecoma", "Tinggi_Pok": 16.0, "Silara_Pok": 0.0, "Catatan": null, "Ukur_Lilit": 150, "Northing": null, "Easthing": null, "Ln_TAGB_": 9.802, "TAGB": 18069.849, "CO2_Stock": 9034.924 }, "geometry": { "type": "Point", "coordinates": [ 110.326613822108271, 1.553774027218525 ] } },
{ "type": "Feature", "properties": { "fid_1": 352.0, "Lokasi": "Jalan_Satok", "Pemilik": "Dbku", "Tarikh_Dit": null, "Jenis_Poko": "TT2_Tecoma", "Tinggi_Pok": 14.0, "Silara_Pok": 0.0, "Catatan": null, "Ukur_Lilit": 85, "Northing": null, "Easthing": null, "Ln_TAGB_": 8.555, "TAGB": 5192.653, "CO2_Stock": 2596.327 }, "geometry": { "type": "Point", "coordinates": [ 110.326543699625446, 1.553806984796007 ] } },
{ "type": "Feature", "properties": { "fid_1": 353.0, "Lokasi": "Jalan_Satok", "Pemilik": "Dbku", "Tarikh_Dit": null, "Jenis_Poko": "TT2_Tecoma", "Tinggi_Pok": 14.0, "Silara_Pok": 0.0, "Catatan": null, "Ukur_Lilit": 120, "Northing": null, "Easthing": null, "Ln_TAGB_": 9.312, "TAGB": 11070.066, "CO2_Stock": 5535.033 }, "geometry": { "type": "Point", "coordinates": [ 110.326475680818788, 1.553851161970738 ] } },
{ "type": "Feature", "properties": { "fid_1": 354.0, "Lokasi": "Jalan_Satok", "Pemilik": "Dbku", "Tarikh_Dit": null, "Jenis_Poko": "TT2_Tecoma", "Tinggi_Pok": 16.0, "Silara_Pok": 0.0, "Catatan": null, "Ukur_Lilit": 123, "Northing": null, "Easthing": null, "Ln_TAGB_": 9.367, "TAGB": 11695.974, "CO2_Stock": 5847.987 }, "geometry": { "type": "Point", "coordinates": [ 110.326439217134308, 1.553916375886558 ] } },
{ "type": "Feature", "properties": { "fid_1": 355.0, "Lokasi": "Jalan_Satok", "Pemilik": "Dbku", "Tarikh_Dit": null, "Jenis_Poko": "TT2_Tecoma", "Tinggi_Pok": 16.0, "Silara_Pok": 0.0, "Catatan": null, "Ukur_Lilit": 120, "Northing": null, "Easthing": null, "Ln_TAGB_": 9.312, "TAGB": 11070.066, "CO2_Stock": 5535.033 }, "geometry": { "type": "Point", "coordinates": [ 110.326403454673653, 1.553973876328965 ] } },
{ "type": "Feature", "properties": { "fid_1": 356.0, "Lokasi": "Jalan_Satok", "Pemilik": "Dbku", "Tarikh_Dit": null, "Jenis_Poko": "TT2_Tecoma", "Tinggi_Pok": 16.0, "Silara_Pok": 0.0, "Catatan": null, "Ukur_Lilit": 122, "Northing": null, "Easthing": null, "Ln_TAGB_": 9.349, "TAGB": 11487.33, "CO2_Stock": 5743.665 }, "geometry": { "type": "Point", "coordinates": [ 110.326381015485893, 1.55403348044403 ] } },
{ "type": "Feature", "properties": { "fid_1": 357.0, "Lokasi": "Jalan_Satok", "Pemilik": "Dbku", "Tarikh_Dit": null, "Jenis_Poko": "TT2_Tecoma", "Tinggi_Pok": 16.0, "Silara_Pok": 0.0, "Catatan": null, "Ukur_Lilit": 96, "Northing": null, "Easthing": null, "Ln_TAGB_": 8.822, "TAGB": 6781.815, "CO2_Stock": 3390.907 }, "geometry": { "type": "Point", "coordinates": [ 110.327021890938255, 1.553724687664811 ] } },
{ "type": "Feature", "properties": { "fid_1": 358.0, "Lokasi": "Jalan_Satok", "Pemilik": "Dbku", "Tarikh_Dit": null, "Jenis_Poko": "TM1_Musk Tree", "Tinggi_Pok": 19.0, "Silara_Pok": 0.0, "Catatan": null, "Ukur_Lilit": 68, "Northing": null, "Easthing": null, "Ln_TAGB_": 8.065, "TAGB": 3181.156, "CO2_Stock": 1590.578 }, "geometry": { "type": "Point", "coordinates": [ 110.326312715052836, 1.553790500436807 ] } },
{ "type": "Feature", "properties": { "fid_1": 359.0, "Lokasi": "Jalan_Satok", "Pemilik": "Dbku", "Tarikh_Dit": null, "Jenis_Poko": "TM1_Musk Tree", "Tinggi_Pok": 18.0, "Silara_Pok": 0.0, "Catatan": null, "Ukur_Lilit": 70, "Northing": null, "Easthing": null, "Ln_TAGB_": 8.129, "TAGB": 3391.406, "CO2_Stock": 1695.703 }, "geometry": { "type": "Point", "coordinates": [ 110.326293267753798, 1.553820419366297 ] } },
{ "type": "Feature", "properties": { "fid_1": 360.0, "Lokasi": "Jalan_Satok", "Pemilik": "Dbku", "Tarikh_Dit": null, "Jenis_Poko": "TJ1_Jambu Laut", "Tinggi_Pok": 12.0, "Silara_Pok": 0.0, "Catatan": null, "Ukur_Lilit": 51, "Northing": null, "Easthing": null, "Ln_TAGB_": 7.433, "TAGB": 1690.873, "CO2_Stock": 845.437 }, "geometry": { "type": "Point", "coordinates": [ 110.337445672787155, 1.553740758688722 ] } },
{ "type": "Feature", "properties": { "fid_1": 361.0, "Lokasi": "Jalan_Satok", "Pemilik": "Dbku", "Tarikh_Dit": null, "Jenis_Poko": "TJ1_Jambu Laut", "Tinggi_Pok": 10.0, "Silara_Pok": 0.0, "Catatan": null, "Ukur_Lilit": 39, "Northing": null, "Easthing": null, "Ln_TAGB_": 6.844, "TAGB": 938.235, "CO2_Stock": 469.118 }, "geometry": { "type": "Point", "coordinates": [ 110.337491299147501, 1.553706351916658 ] } },
{ "type": "Feature", "properties": { "fid_1": 362.0, "Lokasi": "Jalan_Satok", "Pemilik": "Dbku", "Tarikh_Dit": null, "Jenis_Poko": "TJ1_Jambu Laut", "Tinggi_Pok": 12.0, "Silara_Pok": 0.0, "Catatan": null, "Ukur_Lilit": 51, "Northing": null, "Easthing": null, "Ln_TAGB_": 7.433, "TAGB": 1690.873, "CO2_Stock": 845.437 }, "geometry": { "type": "Point", "coordinates": [ 110.337456892373012, 1.553652497853161 ] } },
{ "type": "Feature", "properties": { "fid_1": 363.0, "Lokasi": "Jalan_Satok", "Pemilik": "Dbku", "Tarikh_Dit": null, "Jenis_Poko": "TJ1_Jambu Laut", "Tinggi_Pok": 12.0, "Silara_Pok": 0.0, "Catatan": null, "Ukur_Lilit": 40, "Northing": null, "Easthing": null, "Ln_TAGB_": 6.9, "TAGB": 992.275, "CO2_Stock": 496.137 }, "geometry": { "type": "Point", "coordinates": [ 110.337413509929178, 1.553664465429847 ] } },
{ "type": "Feature", "properties": { "fid_1": 364.0, "Lokasi": "Jalan_Satok", "Pemilik": "Dbku", "Tarikh_Dit": null, "Jenis_Poko": "TJ1_Jambu Laut", "Tinggi_Pok": 12.0, "Silara_Pok": 0.0, "Catatan": null, "Ukur_Lilit": 57, "Northing": null, "Easthing": null, "Ln_TAGB_": 7.678, "TAGB": 2160.295, "CO2_Stock": 1080.148 }, "geometry": { "type": "Point", "coordinates": [ 110.337420241694829, 1.553714579631285 ] } },
{ "type": "Feature", "properties": { "fid_1": 365.0, "Lokasi": "Jalan_Satok", "Pemilik": "Dbku", "Tarikh_Dit": null, "Jenis_Poko": "TJ1_Jambu Laut", "Tinggi_Pok": 9.0, "Silara_Pok": 0.0, "Catatan": null, "Ukur_Lilit": 56, "Northing": null, "Easthing": null, "Ln_TAGB_": 7.639, "TAGB": 2077.665, "CO2_Stock": 1038.832 }, "geometry": { "type": "Point", "coordinates": [ 110.337552258951945, 1.553625196819353 ] } },
{ "type": "Feature", "properties": { "fid_1": 366.0, "Lokasi": "Jalan_Satok", "Pemilik": "Dbku", "Tarikh_Dit": null, "Jenis_Poko": "TJ1_Jambu Laut", "Tinggi_Pok": 9.0, "Silara_Pok": 0.0, "Catatan": null, "Ukur_Lilit": 53, "Northing": null, "Easthing": null, "Ln_TAGB_": 7.518, "TAGB": 1840.882, "CO2_Stock": 920.441 }, "geometry": { "type": "Point", "coordinates": [ 110.337570584294284, 1.553617717085148 ] } },
{ "type": "Feature", "properties": { "fid_1": 367.0, "Lokasi": "Jalan_Satok", "Pemilik": "Dbku", "Tarikh_Dit": null, "Jenis_Poko": "TJ1_Jambu Laut", "Tinggi_Pok": 9.0, "Silara_Pok": 0.0, "Catatan": null, "Ukur_Lilit": 41, "Northing": null, "Easthing": null, "Ln_TAGB_": 6.954, "TAGB": 1047.331, "CO2_Stock": 523.665 }, "geometry": { "type": "Point", "coordinates": [ 110.337464746076463, 1.553542545796146 ] } },
{ "type": "Feature", "properties": { "fid_1": 368.0, "Lokasi": "Jalan_Satok", "Pemilik": "Dbku", "Tarikh_Dit": null, "Jenis_Poko": "TJ1_Jambu Laut", "Tinggi_Pok": 9.0, "Silara_Pok": 0.0, "Catatan": null, "Ukur_Lilit": 42, "Northing": null, "Easthing": null, "Ln_TAGB_": 7.007, "TAGB": 1104.337, "CO2_Stock": 552.168 }, "geometry": { "type": "Point", "coordinates": [ 110.337478209590131, 1.553514122813865 ] } },
{ "type": "Feature", "properties": { "fid_1": 369.0, "Lokasi": "Jalan_Satok", "Pemilik": "Dbku", "Tarikh_Dit": null, "Jenis_Poko": "TJ1_Jambu Laut", "Tinggi_Pok": 10.0, "Silara_Pok": 0.0, "Catatan": null, "Ukur_Lilit": 56, "Northing": null, "Easthing": null, "Ln_TAGB_": 7.639, "TAGB": 2077.665, "CO2_Stock": 1038.832 }, "geometry": { "type": "Point", "coordinates": [ 110.337407152130822, 1.553473732272451 ] } },
{ "type": "Feature", "properties": { "fid_1": 370.0, "Lokasi": "Jalan_Satok", "Pemilik": "Dbku", "Tarikh_Dit": null, "Jenis_Poko": "TJ1_Jambu Laut", "Tinggi_Pok": 9.0, "Silara_Pok": 0.0, "Catatan": null, "Ukur_Lilit": 43, "Northing": null, "Easthing": null, "Ln_TAGB_": 7.059, "TAGB": 1163.281, "CO2_Stock": 581.64 }, "geometry": { "type": "Point", "coordinates": [ 110.337379477127214, 1.553508139042086 ] } },
{ "type": "Feature", "properties": { "fid_1": 371.0, "Lokasi": "Jalan_Satok", "Pemilik": "Dbku", "Tarikh_Dit": null, "Jenis_Poko": "TJ1_Jambu Laut", "Tinggi_Pok": 9.0, "Silara_Pok": 0.0, "Catatan": null, "Ukur_Lilit": 40, "Northing": null, "Easthing": null, "Ln_TAGB_": 6.9, "TAGB": 992.275, "CO2_Stock": 496.137 }, "geometry": { "type": "Point", "coordinates": [ 110.337410892004826, 1.553532074179176 ] } },
{ "type": "Feature", "properties": { "fid_1": 372.0, "Lokasi": "Jalan_Satok", "Pemilik": "Dbku", "Tarikh_Dit": null, "Jenis_Poko": "TJ1_Jambu Laut", "Tinggi_Pok": 9.0, "Silara_Pok": 0.0, "Catatan": null, "Ukur_Lilit": 61, "Northing": null, "Easthing": null, "Ln_TAGB_": 7.826, "TAGB": 2504.89, "CO2_Stock": 1252.445 }, "geometry": { "type": "Point", "coordinates": [ 110.337413883902315, 1.553566480944568 ] } },
{ "type": "Feature", "properties": { "fid_1": 373.0, "Lokasi": "Jalan_Satok", "Pemilik": "Dbku", "Tarikh_Dit": null, "Jenis_Poko": "TJ1_Jambu Laut", "Tinggi_Pok": 9.0, "Silara_Pok": 0.0, "Catatan": null, "Ukur_Lilit": 50, "Northing": null, "Easthing": null, "Ln_TAGB_": 7.39, "TAGB": 1619.706, "CO2_Stock": 809.853 }, "geometry": { "type": "Point", "coordinates": [ 110.337360777803028, 1.553550025542147 ] } },
{ "type": "Feature", "properties": { "fid_1": 374.0, "Lokasi": "Jalan_Satok", "Pemilik": "Dbku", "Tarikh_Dit": null, "Jenis_Poko": "TJ1_Jambu Laut", "Tinggi_Pok": 10.0, "Silara_Pok": 0.0, "Catatan": null, "Ukur_Lilit": 50, "Northing": null, "Easthing": null, "Ln_TAGB_": 7.39, "TAGB": 1619.706, "CO2_Stock": 809.853 }, "geometry": { "type": "Point", "coordinates": [ 110.337344322404263, 1.55363454651259 ] } },
{ "type": "Feature", "properties": { "fid_1": 375.0, "Lokasi": "Jalan_Satok", "Pemilik": "Dbku", "Tarikh_Dit": null, "Jenis_Poko": "TJ1_Jambu Laut", "Tinggi_Pok": 8.0, "Silara_Pok": 0.0, "Catatan": null, "Ukur_Lilit": 37, "Northing": null, "Easthing": null, "Ln_TAGB_": 6.729, "TAGB": 836.311, "CO2_Stock": 418.156 }, "geometry": { "type": "Point", "coordinates": [ 110.337570958238089, 1.55330618625994 ] } },
{ "type": "Feature", "properties": { "fid_1": 376.0, "Lokasi": "Jalan_Satok", "Pemilik": "Dbku", "Tarikh_Dit": null, "Jenis_Poko": "TJ1_Jambu Laut", "Tinggi_Pok": 11.0, "Silara_Pok": 0.0, "Catatan": null, "Ukur_Lilit": 67, "Northing": null, "Easthing": null, "Ln_TAGB_": 8.033, "TAGB": 3080.971, "CO2_Stock": 1540.486 }, "geometry": { "type": "Point", "coordinates": [ 110.337600129192396, 1.553303194363232 ] } },
{ "type": "Feature", "properties": { "fid_1": 377.0, "Lokasi": "Jalan_Satok", "Pemilik": "Dbku", "Tarikh_Dit": null, "Jenis_Poko": "TJ1_Jambu Laut", "Tinggi_Pok": 9.0, "Silara_Pok": 0.0, "Catatan": null, "Ukur_Lilit": 44, "Northing": null, "Easthing": null, "Ln_TAGB_": 7.109, "TAGB": 1222.924, "CO2_Stock": 611.462 }, "geometry": { "type": "Point", "coordinates": [ 110.337628552171026, 1.553282251110565 ] } },
{ "type": "Feature", "properties": { "fid_1": 378.0, "Lokasi": "Jalan_Satok", "Pemilik": "Dbku", "Tarikh_Dit": null, "Jenis_Poko": "TJ1_Jambu Laut", "Tinggi_Pok": 8.0, "Silara_Pok": 0.0, "Catatan": null, "Ukur_Lilit": 49, "Northing": null, "Easthing": null, "Ln_TAGB_": 7.345, "TAGB": 1548.435, "CO2_Stock": 774.217 }, "geometry": { "type": "Point", "coordinates": [ 110.337612096757596, 1.553259811917761 ] } },
{ "type": "Feature", "properties": { "fid_1": 379.0, "Lokasi": "Jalan_Satok", "Pemilik": "Dbku", "Tarikh_Dit": null, "Jenis_Poko": "TJ1_Jambu Laut", "Tinggi_Pok": 8.0, "Silara_Pok": 0.0, "Catatan": null, "Ukur_Lilit": 40, "Northing": null, "Easthing": null, "Ln_TAGB_": 6.9, "TAGB": 992.275, "CO2_Stock": 496.137 }, "geometry": { "type": "Point", "coordinates": [ 110.337568714313676, 1.553271031521284 ] } },
{ "type": "Feature", "properties": { "fid_1": 380.0, "Lokasi": "Jalan_Satok", "Pemilik": "Dbku", "Tarikh_Dit": null, "Jenis_Poko": "TJ1_Jambu Laut", "Tinggi_Pok": 4.0, "Silara_Pok": 0.0, "Catatan": null, "Ukur_Lilit": 40, "Northing": null, "Easthing": null, "Ln_TAGB_": 6.9, "TAGB": 992.275, "CO2_Stock": 496.137 }, "geometry": null },
{ "type": "Feature", "properties": { "fid_1": 381.0, "Lokasi": "Jalan Muda Hashim", "Pemilik": null, "Tarikh_Dit": null, "Jenis_Poko": "Kopsia singapurensis", "Tinggi_Pok": 7.0, "Silara_Pok": 4.0, "Catatan": null, "Ukur_Lilit": 8, "Northing": null, "Easthing": null, "Ln_TAGB_": 3.365, "TAGB": 28.933, "CO2_Stock": 14.466 }, "geometry": { "type": "Point", "coordinates": [ 110.334147049050785, 1.554459967926729 ] } },
{ "type": "Feature", "properties": { "fid_1": 382.0, "Lokasi": "Jalan Muda Hashim", "Pemilik": null, "Tarikh_Dit": null, "Jenis_Poko": "Kopsia singapurensis", "Tinggi_Pok": 6.0, "Silara_Pok": 2.0, "Catatan": null, "Ukur_Lilit": 115, "Northing": null, "Easthing": null, "Ln_TAGB_": 9.219, "TAGB": 10086.972, "CO2_Stock": 5043.486 }, "geometry": { "type": "Point", "coordinates": [ 110.334159908190898, 1.554572043614829 ] } },
{ "type": "Feature", "properties": { "fid_1": 383.0, "Lokasi": "Jalan Muda Hashim", "Pemilik": null, "Tarikh_Dit": null, "Jenis_Poko": "Callistemon citrinus", "Tinggi_Pok": 7.0, "Silara_Pok": 3.0, "Catatan": null, "Ukur_Lilit": 60, "Northing": null, "Easthing": null, "Ln_TAGB_": 7.79, "TAGB": 2416.318, "CO2_Stock": 1208.159 }, "geometry": { "type": "Point", "coordinates": [ 110.334335513200784, 1.555580540688354 ] } },
{ "type": "Feature", "properties": { "fid_1": 384.0, "Lokasi": "Jalan Muda Hshim", "Pemilik": null, "Tarikh_Dit": null, "Jenis_Poko": "Callistemon citrinus", "Tinggi_Pok": 5.0, "Silara_Pok": 2.0, "Catatan": null, "Ukur_Lilit": 59, "Northing": null, "Easthing": null, "Ln_TAGB_": 7.753, "TAGB": 2328.548, "CO2_Stock": 1164.274 }, "geometry": { "type": "Point", "coordinates": [ 110.334323181665965, 1.55572379329031 ] } },
{ "type": "Feature", "properties": { "fid_1": 385.0, "Lokasi": "Jalan Muda Hshim", "Pemilik": null, "Tarikh_Dit": null, "Jenis_Poko": "Callistemon citrnus", "Tinggi_Pok": 7.0, "Silara_Pok": 3.0, "Catatan": null, "Ukur_Lilit": 60, "Northing": null, "Easthing": null, "Ln_TAGB_": 7.79, "TAGB": 2416.318, "CO2_Stock": 1208.159 }, "geometry": { "type": "Point", "coordinates": [ 110.334323839006842, 1.555763397749544 ] } },
{ "type": "Feature", "properties": { "fid_1": 386.0, "Lokasi": "Jalan Muda Hshim", "Pemilik": null, "Tarikh_Dit": null, "Jenis_Poko": "Callistemon citrnus", "Tinggi_Pok": 5.0, "Silara_Pok": 3.0, "Catatan": null, "Ukur_Lilit": 60, "Northing": null, "Easthing": null, "Ln_TAGB_": 7.79, "TAGB": 2416.318, "CO2_Stock": 1208.159 }, "geometry": { "type": "Point", "coordinates": [ 110.334325153684489, 1.555812369238491 ] } },
{ "type": "Feature", "properties": { "fid_1": 387.0, "Lokasi": "Jalan Muda Hashim", "Pemilik": null, "Tarikh_Dit": null, "Jenis_Poko": "Callistemon citrnus", "Tinggi_Pok": 5.0, "Silara_Pok": 3.0, "Catatan": null, "Ukur_Lilit": 60, "Northing": null, "Easthing": null, "Ln_TAGB_": 7.79, "TAGB": 2416.318, "CO2_Stock": 1208.159 }, "geometry": { "type": "Point", "coordinates": [ 110.334330576710087, 1.555871365092095 ] } },
{ "type": "Feature", "properties": { "fid_1": 388.0, "Lokasi": "Jalan Muda Hashim", "Pemilik": null, "Tarikh_Dit": null, "Jenis_Poko": "Callistemon citrnus", "Tinggi_Pok": 7.0, "Silara_Pok": 3.0, "Catatan": null, "Ukur_Lilit": 105, "Northing": null, "Easthing": null, "Ln_TAGB_": 9.019, "TAGB": 8258.514, "CO2_Stock": 4129.257 }, "geometry": { "type": "Point", "coordinates": [ 110.33433813607833, 1.555948273335725 ] } },
{ "type": "Feature", "properties": { "fid_1": 389.0, "Lokasi": "Jalan Muda Hashim", "Pemilik": null, "Tarikh_Dit": null, "Jenis_Poko": "Callistemon citrnus", "Tinggi_Pok": 7.0, "Silara_Pok": 3.0, "Catatan": null, "Ukur_Lilit": 62, "Northing": null, "Easthing": null, "Ln_TAGB_": 7.862, "TAGB": 2596.709, "CO2_Stock": 1298.354 }, "geometry": { "type": "Point", "coordinates": [ 110.334339122087087, 1.555989028131895 ] } },
{ "type": "Feature", "properties": { "fid_1": 390.0, "Lokasi": "Jalan Muda Hashim", "Pemilik": null, "Tarikh_Dit": null, "Jenis_Poko": "Callistemon citrnus", "Tinggi_Pok": 7.0, "Silara_Pok": 3.0, "Catatan": null, "Ukur_Lilit": 62, "Northing": null, "Easthing": null, "Ln_TAGB_": 7.862, "TAGB": 2596.709, "CO2_Stock": 1298.354 }, "geometry": { "type": "Point", "coordinates": [ 110.334342080118546, 1.556148760639616 ] } },
{ "type": "Feature", "properties": { "fid_1": 391.0, "Lokasi": "Jalan Muda Hashim", "Pemilik": null, "Tarikh_Dit": null, "Jenis_Poko": "Callistemon citrnus", "Tinggi_Pok": 7.0, "Silara_Pok": 3.0, "Catatan": null, "Ukur_Lilit": 66, "Northing": null, "Easthing": null, "Ln_TAGB_": 7.999, "TAGB": 2977.979, "CO2_Stock": 1488.989 }, "geometry": { "type": "Point", "coordinates": [ 110.334340436787741, 1.556205620154073 ] } },
{ "type": "Feature", "properties": { "fid_1": 392.0, "Lokasi": "Jalan Muda Hashim", "Pemilik": null, "Tarikh_Dit": null, "Jenis_Poko": "Callistemon citrnus", "Tinggi_Pok": 7.0, "Silara_Pok": 3.0, "Catatan": null, "Ukur_Lilit": 71, "Northing": null, "Easthing": null, "Ln_TAGB_": 8.16, "TAGB": 3498.187, "CO2_Stock": 1749.093 }, "geometry": { "type": "Point", "coordinates": [ 110.334432342324874, 1.557543171214846 ] } },
{ "type": "Feature", "properties": { "fid_1": 393.0, "Lokasi": "Jalan Muda Hashim", "Pemilik": null, "Tarikh_Dit": null, "Jenis_Poko": "Callistemon citrnus", "Tinggi_Pok": 6.0, "Silara_Pok": 4.0, "Catatan": null, "Ukur_Lilit": 50, "Northing": null, "Easthing": null, "Ln_TAGB_": 7.39, "TAGB": 1619.706, "CO2_Stock": 809.853 }, "geometry": { "type": "Point", "coordinates": [ 110.334475021506776, 1.558654978926388 ] } },
{ "type": "Feature", "properties": { "fid_1": 394.0, "Lokasi": "Jalan Muda Hashim", "Pemilik": null, "Tarikh_Dit": null, "Jenis_Poko": "Callistemon citrnus", "Tinggi_Pok": 7.0, "Silara_Pok": 3.0, "Catatan": null, "Ukur_Lilit": 71, "Northing": null, "Easthing": null, "Ln_TAGB_": 8.16, "TAGB": 3498.187, "CO2_Stock": 1749.093 }, "geometry": { "type": "Point", "coordinates": [ 110.33447173482611, 1.558630000180708 ] } },
{ "type": "Feature", "properties": { "fid_1": 395.0, "Lokasi": "Jalan Muda Hashim", "Pemilik": null, "Tarikh_Dit": null, "Jenis_Poko": "Callistemon citrnus", "Tinggi_Pok": 7.0, "Silara_Pok": 3.0, "Catatan": null, "Ukur_Lilit": 66, "Northing": null, "Easthing": null, "Ln_TAGB_": 7.999, "TAGB": 2977.979, "CO2_Stock": 1488.989 }, "geometry": { "type": "Point", "coordinates": [ 110.334468448143809, 1.558593518065096 ] } },
{ "type": "Feature", "properties": { "fid_1": 396.0, "Lokasi": "Jalan Muda Hashim", "Pemilik": null, "Tarikh_Dit": null, "Jenis_Poko": "Callistemon citrnus", "Tinggi_Pok": 7.0, "Silara_Pok": 3.0, "Catatan": null, "Ukur_Lilit": 62, "Northing": null, "Easthing": null, "Ln_TAGB_": 7.862, "TAGB": 2596.709, "CO2_Stock": 1298.354 }, "geometry": { "type": "Point", "coordinates": [ 110.334458195159812, 1.558351353717056 ] } },
{ "type": "Feature", "properties": { "fid_1": 397.0, "Lokasi": "Jalan Muda Hashim", "Pemilik": null, "Tarikh_Dit": null, "Jenis_Poko": "Callistemon citrnus", "Tinggi_Pok": 7.0, "Silara_Pok": 3.0, "Catatan": null, "Ukur_Lilit": 62, "Northing": null, "Easthing": null, "Ln_TAGB_": 7.862, "TAGB": 2596.709, "CO2_Stock": 1298.354 }, "geometry": { "type": "Point", "coordinates": [ 110.334456880482961, 1.558307969579219 ] } },
{ "type": "Feature", "properties": { "fid_1": 398.0, "Lokasi": "Jalan Muda Hashim", "Pemilik": null, "Tarikh_Dit": null, "Jenis_Poko": "Callistemon citrnus", "Tinggi_Pok": 7.0, "Silara_Pok": 3.0, "Catatan": null, "Ukur_Lilit": 105, "Northing": null, "Easthing": null, "Ln_TAGB_": 9.019, "TAGB": 8258.514, "CO2_Stock": 4129.257 }, "geometry": { "type": "Point", "coordinates": [ 110.334454908470832, 1.558265900112314 ] } },
{ "type": "Feature", "properties": { "fid_1": 399.0, "Lokasi": "Jalan Patingan", "Pemilik": null, "Tarikh_Dit": null, "Jenis_Poko": "Arfeuillea arboresce", "Tinggi_Pok": 8.0, "Silara_Pok": 5.0, "Catatan": null, "Ukur_Lilit": 48, "Northing": null, "Easthing": null, "Ln_TAGB_": 7.3, "TAGB": 1480.3, "CO2_Stock": 740.15 }, "geometry": { "type": "Point", "coordinates": [ 110.330217006186743, 1.56740350804984 ] } },
{ "type": "Feature", "properties": { "fid_1": 400.0, "Lokasi": "Jalan Patingan", "Pemilik": null, "Tarikh_Dit": null, "Jenis_Poko": "Arfeuillea arboresce", "Tinggi_Pok": 9.0, "Silara_Pok": 5.0, "Catatan": null, "Ukur_Lilit": 52, "Northing": null, "Easthing": null, "Ln_TAGB_": 7.476, "TAGB": 1765.166, "CO2_Stock": 882.583 }, "geometry": { "type": "Point", "coordinates": [ 110.330215691523321, 1.567457409554865 ] } },
{ "type": "Feature", "properties": { "fid_1": 401.0, "Lokasi": "Jalan Tanjung", "Pemilik": null, "Tarikh_Dit": null, "Jenis_Poko": "Arfeuillea arboresce", "Tinggi_Pok": 7.0, "Silara_Pok": 4.0, "Catatan": null, "Ukur_Lilit": 51, "Northing": null, "Easthing": null, "Ln_TAGB_": 7.433, "TAGB": 1690.873, "CO2_Stock": 845.437 }, "geometry": { "type": "Point", "coordinates": [ 110.330144770326967, 1.56766483222134 ] } },
{ "type": "Feature", "properties": { "fid_1": 402.0, "Lokasi": "Jalan Tanjung", "Pemilik": null, "Tarikh_Dit": null, "Jenis_Poko": "Arfeuillea arboresce", "Tinggi_Pok": 7.0, "Silara_Pok": 3.0, "Catatan": null, "Ukur_Lilit": 48, "Northing": null, "Easthing": null, "Ln_TAGB_": 7.3, "TAGB": 1480.3, "CO2_Stock": 740.15 }, "geometry": { "type": "Point", "coordinates": [ 110.330209189200446, 1.567660888199852 ] } },
{ "type": "Feature", "properties": { "fid_1": 403.0, "Lokasi": "Jalan Tanjung", "Pemilik": null, "Tarikh_Dit": null, "Jenis_Poko": "Arfeuillea arboresce", "Tinggi_Pok": 7.0, "Silara_Pok": 4.0, "Catatan": null, "Ukur_Lilit": 47, "Northing": null, "Easthing": null, "Ln_TAGB_": 7.254, "TAGB": 1413.749, "CO2_Stock": 706.875 }, "geometry": { "type": "Point", "coordinates": [ 110.330251258669733, 1.567664832206544 ] } },
{ "type": "Feature", "properties": { "fid_1": 404.0, "Lokasi": "JaLAN tANJUNG", "Pemilik": null, "Tarikh_Dit": null, "Jenis_Poko": "Arfeuillea arboresce", "Tinggi_Pok": 7.0, "Silara_Pok": 4.0, "Catatan": null, "Ukur_Lilit": 52, "Northing": null, "Easthing": null, "Ln_TAGB_": 7.476, "TAGB": 1765.166, "CO2_Stock": 882.583 }, "geometry": { "type": "Point", "coordinates": [ 110.330339341619222, 1.567659573510932 ] } },
{ "type": "Feature", "properties": { "fid_1": 405.0, "Lokasi": "Jalan Tanjung", "Pemilik": null, "Tarikh_Dit": null, "Jenis_Poko": "Arfeuillea arboresce", "Tinggi_Pok": 6.0, "Silara_Pok": 4.0, "Catatan": null, "Ukur_Lilit": 47, "Northing": null, "Easthing": null, "Ln_TAGB_": 7.254, "TAGB": 1413.749, "CO2_Stock": 706.875 }, "geometry": { "type": "Point", "coordinates": [ 110.330423480557258, 1.567663517511796 ] } },
{ "type": "Feature", "properties": { "fid_1": 406.0, "Lokasi": "Jalan Tanjung", "Pemilik": null, "Tarikh_Dit": null, "Jenis_Poko": "Arfeuillea arboresce", "Tinggi_Pok": 6.0, "Silara_Pok": 5.0, "Catatan": null, "Ukur_Lilit": 47, "Northing": null, "Easthing": null, "Ln_TAGB_": 7.254, "TAGB": 1413.749, "CO2_Stock": 706.875 }, "geometry": { "type": "Point", "coordinates": [ 110.330508934164754, 1.567656944145686 ] } },
{ "type": "Feature", "properties": { "fid_1": 407.0, "Lokasi": "Jalan Tanjung", "Pemilik": null, "Tarikh_Dit": null, "Jenis_Poko": "Arfeuillea arboresce", "Tinggi_Pok": 6.0, "Silara_Pok": 4.0, "Catatan": null, "Ukur_Lilit": 45, "Northing": null, "Easthing": null, "Ln_TAGB_": 7.158, "TAGB": 1284.34, "CO2_Stock": 642.17 }, "geometry": { "type": "Point", "coordinates": [ 110.330560206329082, 1.567651685455163 ] } },
{ "type": "Feature", "properties": { "fid_1": 408.0, "Lokasi": "Jalan Tanjung", "Pemilik": null, "Tarikh_Dit": null, "Jenis_Poko": "Arfeuillea arboresce", "Tinggi_Pok": 6.0, "Silara_Pok": 4.0, "Catatan": null, "Ukur_Lilit": 50, "Northing": null, "Easthing": null, "Ln_TAGB_": 7.39, "TAGB": 1619.706, "CO2_Stock": 809.853 }, "geometry": { "type": "Point", "coordinates": [ 110.330606219809241, 1.567642482752809 ] } },
{ "type": "Feature", "properties": { "fid_1": 409.0, "Lokasi": "Jalan Tanjung", "Pemilik": null, "Tarikh_Dit": null, "Jenis_Poko": "Arfeuillea arboresce", "Tinggi_Pok": 7.0, "Silara_Pok": 4.0, "Catatan": null, "Ukur_Lilit": 47, "Northing": null, "Easthing": null, "Ln_TAGB_": 7.254, "TAGB": 1413.749, "CO2_Stock": 706.875 }, "geometry": { "type": "Point", "coordinates": [ 110.330660121313912, 1.567626706695135 ] } },
{ "type": "Feature", "properties": { "fid_1": 410.0, "Lokasi": "Jalan Tanjung", "Pemilik": null, "Tarikh_Dit": null, "Jenis_Poko": "Arfeuillea arboresce", "Tinggi_Pok": 8.0, "Silara_Pok": 5.0, "Catatan": null, "Ukur_Lilit": 50, "Northing": null, "Easthing": null, "Ln_TAGB_": 7.39, "TAGB": 1619.706, "CO2_Stock": 809.853 }, "geometry": { "type": "Point", "coordinates": [ 110.330347464165968, 1.567577153919972 ] } },
{ "type": "Feature", "properties": { "fid_1": 411.0, "Lokasi": "Jalan Tanjung", "Pemilik": null, "Tarikh_Dit": null, "Jenis_Poko": "Arfeuillea arboresce", "Tinggi_Pok": 9.0, "Silara_Pok": 6.0, "Catatan": null, "Ukur_Lilit": 50, "Northing": null, "Easthing": null, "Ln_TAGB_": 7.39, "TAGB": 1619.706, "CO2_Stock": 809.853 }, "geometry": { "type": "Point", "coordinates": [ 110.33040399501445, 1.56757583924127 ] } },
{ "type": "Feature", "properties": { "fid_1": 412.0, "Lokasi": "Jalan Tanjung", "Pemilik": null, "Tarikh_Dit": null, "Jenis_Poko": "Arfeuillea arboresce", "Tinggi_Pok": 10.0, "Silara_Pok": 6.0, "Catatan": null, "Ukur_Lilit": 54, "Northing": null, "Easthing": null, "Ln_TAGB_": 7.559, "TAGB": 1917.927, "CO2_Stock": 958.963 }, "geometry": { "type": "Point", "coordinates": [ 110.330482875267435, 1.567569265876093 ] } },
{ "type": "Feature", "properties": { "fid_1": 413.0, "Lokasi": "Jalan Tanjung", "Pemilik": null, "Tarikh_Dit": null, "Jenis_Poko": "Arfeuillea arboresce", "Tinggi_Pok": 8.0, "Silara_Pok": 5.0, "Catatan": null, "Ukur_Lilit": 50, "Northing": null, "Easthing": null, "Ln_TAGB_": 7.39, "TAGB": 1619.706, "CO2_Stock": 809.853 }, "geometry": { "type": "Point", "coordinates": [ 110.330658058086286, 1.567525139307849 ] } },
{ "type": "Feature", "properties": { "fid_1": 414.0, "Lokasi": "Jalan Tanjung", "Pemilik": null, "Tarikh_Dit": null, "Jenis_Poko": "Arfeuillea arboresce", "Tinggi_Pok": 7.0, "Silara_Pok": 4.0, "Catatan": null, "Ukur_Lilit": 51, "Northing": null, "Easthing": null, "Ln_TAGB_": 7.433, "TAGB": 1690.873, "CO2_Stock": 845.437 }, "geometry": { "type": "Point", "coordinates": [ 110.330729050312627, 1.56750936324778 ] } },
{ "type": "Feature", "properties": { "fid_1": 415.0, "Lokasi": "Jalan Tanjung", "Pemilik": null, "Tarikh_Dit": null, "Jenis_Poko": "Arfeuillea arboresce", "Tinggi_Pok": 6.0, "Silara_Pok": 3.0, "Catatan": null, "Ukur_Lilit": 45, "Northing": null, "Easthing": null, "Ln_TAGB_": 7.158, "TAGB": 1284.34, "CO2_Stock": 642.17 }, "geometry": { "type": "Point", "coordinates": [ 110.330980969456803, 1.567553674720799 ] } },
{ "type": "Feature", "properties": { "fid_1": 416.0, "Lokasi": "Jalan Tanjung", "Pemilik": null, "Tarikh_Dit": null, "Jenis_Poko": "Arfeuillea arboresce", "Tinggi_Pok": 8.0, "Silara_Pok": 3.0, "Catatan": null, "Ukur_Lilit": 45, "Northing": null, "Easthing": null, "Ln_TAGB_": 7.158, "TAGB": 1284.34, "CO2_Stock": 642.17 }, "geometry": { "type": "Point", "coordinates": [ 110.331417519869589, 1.567442895890247 ] } },
{ "type": "Feature", "properties": { "fid_1": 417.0, "Lokasi": "Jln. Ajibah Abol", "Pemilik": null, "Tarikh_Dit": null, "Jenis_Poko": "Arfeuillea arboresce", "Tinggi_Pok": 6.0, "Silara_Pok": 4.0, "Catatan": null, "Ukur_Lilit": 31, "Northing": null, "Easthing": null, "Ln_TAGB_": 6.34, "TAGB": 566.796, "CO2_Stock": 283.398 }, "geometry": { "type": "Point", "coordinates": [ 110.332618033460506, 1.566818431694629 ] } },
{ "type": "Feature", "properties": { "fid_1": 418.0, "Lokasi": "Jln. Ajibah Abol", "Pemilik": null, "Tarikh_Dit": null, "Jenis_Poko": "Arfeuillea arboresce", "Tinggi_Pok": 7.0, "Silara_Pok": 4.0, "Catatan": null, "Ukur_Lilit": 30, "Northing": null, "Easthing": null, "Ln_TAGB_": 6.268, "TAGB": 527.421, "CO2_Stock": 263.711 }, "geometry": { "type": "Point", "coordinates": [ 110.332535249546623, 1.566739346568631 ] } },
{ "type": "Feature", "properties": { "fid_1": 419.0, "Lokasi": "Jln. Ajibah Abol", "Pemilik": null, "Tarikh_Dit": null, "Jenis_Poko": "Arfeuillea arboresce", "Tinggi_Pok": 6.0, "Silara_Pok": 3.0, "Catatan": null, "Ukur_Lilit": 31, "Northing": null, "Easthing": null, "Ln_TAGB_": 6.34, "TAGB": 566.796, "CO2_Stock": 283.398 }, "geometry": { "type": "Point", "coordinates": [ 110.332591780394324, 1.56673277320655 ] } },
{ "type": "Feature", "properties": { "fid_1": 420.0, "Lokasi": "Jln. Ajibah Abol", "Pemilik": null, "Tarikh_Dit": null, "Jenis_Poko": "Arfeuillea arboresce", "Tinggi_Pok": 6.0, "Silara_Pok": 3.0, "Catatan": null, "Ukur_Lilit": 30, "Northing": null, "Easthing": null, "Ln_TAGB_": 6.268, "TAGB": 527.421, "CO2_Stock": 263.711 }, "geometry": { "type": "Point", "coordinates": [ 110.332649625912751, 1.566724885173441 ] } },
{ "type": "Feature", "properties": { "fid_1": 421.0, "Lokasi": "Jln. Ajibah Abol", "Pemilik": null, "Tarikh_Dit": null, "Jenis_Poko": "Tabebuia chrysantha", "Tinggi_Pok": 6.0, "Silara_Pok": 4.0, "Catatan": null, "Ukur_Lilit": 29, "Northing": null, "Easthing": null, "Ln_TAGB_": 6.194, "TAGB": 489.801, "CO2_Stock": 244.9 }, "geometry": { "type": "Point", "coordinates": [ 110.33323019051376, 1.56591052241948 ] } },
{ "type": "Feature", "properties": { "fid_1": 422.0, "Lokasi": null, "Pemilik": null, "Tarikh_Dit": null, "Jenis_Poko": "Tabebuia crysantha", "Tinggi_Pok": 7.0, "Silara_Pok": 4.0, "Catatan": null, "Ukur_Lilit": 32, "Northing": null, "Easthing": null, "Ln_TAGB_": 6.41, "TAGB": 607.894, "CO2_Stock": 303.947 }, "geometry": { "type": "Point", "coordinates": [ 110.333250292926365, 1.565880504688324 ] } },
{ "type": "Feature", "properties": { "fid_1": 423.0, "Lokasi": "Jln. Ajibah Abol", "Pemilik": null, "Tarikh_Dit": null, "Jenis_Poko": "Tabebuia crysantha", "Tinggi_Pok": 7.0, "Silara_Pok": 3.0, "Catatan": null, "Ukur_Lilit": 33, "Northing": null, "Easthing": null, "Ln_TAGB_": 6.477, "TAGB": 650.018, "CO2_Stock": 325.009 }, "geometry": { "type": "Point", "coordinates": [ 110.333335598878378, 1.565970326890413 ] } },
{ "type": "Feature", "properties": { "fid_1": 424.0, "Lokasi": "Jln. Ajibah Abol", "Pemilik": null, "Tarikh_Dit": null, "Jenis_Poko": "Tabebuia crysantha", "Tinggi_Pok": 7.0, "Silara_Pok": 2.0, "Catatan": null, "Ukur_Lilit": 30, "Northing": null, "Easthing": null, "Ln_TAGB_": 6.268, "TAGB": 527.421, "CO2_Stock": 263.711 }, "geometry": { "type": "Point", "coordinates": [ 110.33336189229108, 1.565932201432147 ] } },
{ "type": "Feature", "properties": { "fid_1": 425.0, "Lokasi": "Jln. Ajibah Abol", "Pemilik": null, "Tarikh_Dit": null, "Jenis_Poko": "Tabebuia crysantha", "Tinggi_Pok": 6.0, "Silara_Pok": 2.0, "Catatan": null, "Ukur_Lilit": 33, "Northing": null, "Easthing": null, "Ln_TAGB_": 6.477, "TAGB": 650.018, "CO2_Stock": 325.009 }, "geometry": { "type": "Point", "coordinates": [ 110.333407024374964, 1.565865323872207 ] } },
{ "type": "Feature", "properties": { "fid_1": 426.0, "Lokasi": "Jln. Ajibah Abol", "Pemilik": null, "Tarikh_Dit": null, "Jenis_Poko": "Tabebuia crysantha", "Tinggi_Pok": 6.0, "Silara_Pok": 2.0, "Catatan": null, "Ukur_Lilit": 33, "Northing": null, "Easthing": null, "Ln_TAGB_": 6.477, "TAGB": 650.018, "CO2_Stock": 325.009 }, "geometry": { "type": "Point", "coordinates": [ 110.333608272176789, 1.565540055494904 ] } },
{ "type": "Feature", "properties": { "fid_1": 427.0, "Lokasi": null, "Pemilik": null, "Tarikh_Dit": null, "Jenis_Poko": "Mimusops elengi", "Tinggi_Pok": 5.0, "Silara_Pok": 3.0, "Catatan": null, "Ukur_Lilit": 30, "Northing": null, "Easthing": null, "Ln_TAGB_": 6.268, "TAGB": 527.421, "CO2_Stock": 263.711 }, "geometry": { "type": "Point", "coordinates": [ 110.33352939191218, 1.565462489925737 ] } },
{ "type": "Feature", "properties": { "fid_1": 428.0, "Lokasi": "Jln. Ajibah Abol", "Pemilik": null, "Tarikh_Dit": null, "Jenis_Poko": "Tabebuia crysantha", "Tinggi_Pok": 7.0, "Silara_Pok": 4.0, "Catatan": null, "Ukur_Lilit": 36, "Northing": null, "Easthing": null, "Ln_TAGB_": 6.668, "TAGB": 786.82, "CO2_Stock": 393.41 }, "geometry": { "type": "Point", "coordinates": [ 110.333701613783688, 1.56534548419629 ] } },
{ "type": "Feature", "properties": { "fid_1": 429.0, "Lokasi": "Jln. Ajibah Abol", "Pemilik": null, "Tarikh_Dit": null, "Jenis_Poko": "Tabebuia crysantha", "Tinggi_Pok": 7.0, "Silara_Pok": 4.0, "Catatan": null, "Ukur_Lilit": 37, "Northing": null, "Easthing": null, "Ln_TAGB_": 6.729, "TAGB": 836.311, "CO2_Stock": 418.156 }, "geometry": { "type": "Point", "coordinates": [ 110.333914118787845, 1.564867162175166 ] } },
{ "type": "Feature", "properties": { "fid_1": 430.0, "Lokasi": "Jln. Ajibah Abol", "Pemilik": null, "Tarikh_Dit": null, "Jenis_Poko": "Tabebuia crysantha", "Tinggi_Pok": 9.0, "Silara_Pok": 4.0, "Catatan": null, "Ukur_Lilit": 33, "Northing": null, "Easthing": null, "Ln_TAGB_": 6.477, "TAGB": 650.018, "CO2_Stock": 325.009 }, "geometry": { "type": "Point", "coordinates": [ 110.333933838843123, 1.56480800198421 ] } },
{ "type": "Feature", "properties": { "fid_1": 431.0, "Lokasi": "Jln. Ajibah Abol", "Pemilik": null, "Tarikh_Dit": null, "Jenis_Poko": "Mimusops elengi", "Tinggi_Pok": 8.0, "Silara_Pok": 4.0, "Catatan": null, "Ukur_Lilit": 32, "Northing": null, "Easthing": null, "Ln_TAGB_": 6.41, "TAGB": 607.894, "CO2_Stock": 303.947 }, "geometry": { "type": "Point", "coordinates": [ 110.333583293403748, 1.56535205756693 ] } },
{ "type": "Feature", "properties": { "fid_1": 432.0, "Lokasi": "Jln. Ajibah Abol", "Pemilik": null, "Tarikh_Dit": null, "Jenis_Poko": "Tabebuia crysantha", "Tinggi_Pok": 6.0, "Silara_Pok": 3.0, "Catatan": null, "Ukur_Lilit": 33, "Northing": null, "Easthing": null, "Ln_TAGB_": 6.477, "TAGB": 650.018, "CO2_Stock": 325.009 }, "geometry": { "type": "Point", "coordinates": [ 110.333612216155714, 1.56529552671641 ] } },
{ "type": "Feature", "properties": { "fid_1": 433.0, "Lokasi": "Jln. Ajibah Abol", "Pemilik": null, "Tarikh_Dit": null, "Jenis_Poko": "Tabebuia crysantha", "Tinggi_Pok": 8.0, "Silara_Pok": 4.0, "Catatan": null, "Ukur_Lilit": 34, "Northing": null, "Easthing": null, "Ln_TAGB_": 6.543, "TAGB": 694.367, "CO2_Stock": 347.183 }, "geometry": { "type": "Point", "coordinates": [ 110.333708365934413, 1.565120506376631 ] } },
{ "type": "Feature", "properties": { "fid_1": 434.0, "Lokasi": "Jln. Ajibah Abol", "Pemilik": null, "Tarikh_Dit": null, "Jenis_Poko": "Tabebuia crysantha", "Tinggi_Pok": 8.0, "Silara_Pok": 4.0, "Catatan": null, "Ukur_Lilit": 34, "Northing": null, "Easthing": null, "Ln_TAGB_": 6.543, "TAGB": 694.367, "CO2_Stock": 347.183 }, "geometry": { "type": "Point", "coordinates": [ 110.333734659344557, 1.565063975526463 ] } },
{ "type": "Feature", "properties": { "fid_1": 435.0, "Lokasi": "Jln. Ajibah Abol", "Pemilik": null, "Tarikh_Dit": null, "Jenis_Poko": "Tabebuia crysantha", "Tinggi_Pok": 9.0, "Silara_Pok": 4.0, "Catatan": null, "Ukur_Lilit": 36, "Northing": null, "Easthing": null, "Ln_TAGB_": 6.668, "TAGB": 786.82, "CO2_Stock": 393.41 }, "geometry": { "type": "Point", "coordinates": [ 110.333774099458424, 1.564969319219889 ] } },
{ "type": "Feature", "properties": { "fid_1": 436.0, "Lokasi": "Jln. Ajibah Abol", "Pemilik": null, "Tarikh_Dit": null, "Jenis_Poko": "Tabebuia crysantha", "Tinggi_Pok": 8.0, "Silara_Pok": 4.0, "Catatan": null, "Ukur_Lilit": 40, "Northing": null, "Easthing": null, "Ln_TAGB_": 6.9, "TAGB": 992.275, "CO2_Stock": 496.137 }, "geometry": { "type": "Point", "coordinates": [ 110.33378593149051, 1.564925935080204 ] } },
{ "type": "Feature", "properties": { "fid_1": 437.0, "Lokasi": "Jln. Ajibah Abol", "Pemilik": null, "Tarikh_Dit": null, "Jenis_Poko": "Tabebuia crysantha", "Tinggi_Pok": 8.0, "Silara_Pok": 5.0, "Catatan": null, "Ukur_Lilit": 39, "Northing": null, "Easthing": null, "Ln_TAGB_": 6.844, "TAGB": 938.235, "CO2_Stock": 469.118 }, "geometry": { "type": "Point", "coordinates": [ 110.333814854240089, 1.564852313508661 ] } },
{ "type": "Feature", "properties": { "fid_1": 438.0, "Lokasi": "Jln. Ajibah Abol", "Pemilik": null, "Tarikh_Dit": null, "Jenis_Poko": "Tabebuia crysantha", "Tinggi_Pok": 7.0, "Silara_Pok": 3.0, "Catatan": null, "Ukur_Lilit": 40, "Northing": null, "Easthing": null, "Ln_TAGB_": 6.9, "TAGB": 992.275, "CO2_Stock": 496.137 }, "geometry": { "type": "Point", "coordinates": [ 110.332985629148695, 1.566501495270822 ] } },
{ "type": "Feature", "properties": { "fid_1": 439.0, "Lokasi": "Jln. Ajibah Abol", "Pemilik": null, "Tarikh_Dit": null, "Jenis_Poko": "Tabebuia crysantha", "Tinggi_Pok": 7.0, "Silara_Pok": 4.0, "Catatan": null, "Ukur_Lilit": 40, "Northing": null, "Easthing": null, "Ln_TAGB_": 6.9, "TAGB": 992.275, "CO2_Stock": 496.137 }, "geometry": { "type": "Point", "coordinates": [ 110.333007321212904, 1.566460904805348 ] } },
{ "type": "Feature", "properties": { "fid_1": 440.0, "Lokasi": "Jln. Ajibah Abol", "Pemilik": null, "Tarikh_Dit": null, "Jenis_Poko": "Tabebuia crysantha", "Tinggi_Pok": 7.0, "Silara_Pok": 4.0, "Catatan": null, "Ukur_Lilit": 42, "Northing": null, "Easthing": null, "Ln_TAGB_": 7.007, "TAGB": 1104.337, "CO2_Stock": 552.168 }, "geometry": { "type": "Point", "coordinates": [ 110.333035586630132, 1.566409632638308 ] } },
{ "type": "Feature", "properties": { "fid_1": 441.0, "Lokasi": "Jln. Ajibah Abol", "Pemilik": null, "Tarikh_Dit": null, "Jenis_Poko": "Tabebuia crysantha", "Tinggi_Pok": 6.0, "Silara_Pok": 4.0, "Catatan": null, "Ukur_Lilit": 31, "Northing": null, "Easthing": null, "Ln_TAGB_": 6.34, "TAGB": 566.796, "CO2_Stock": 283.398 }, "geometry": { "type": "Point", "coordinates": [ 110.333129256912784, 1.566273564192406 ] } },
{ "type": "Feature", "properties": { "fid_1": 442.0, "Lokasi": "Jln. Ajibah Abol", "Pemilik": null, "Tarikh_Dit": null, "Jenis_Poko": "Tabebuia crysantha", "Tinggi_Pok": 6.0, "Silara_Pok": 3.0, "Catatan": null, "Ukur_Lilit": 30, "Northing": null, "Easthing": null, "Ln_TAGB_": 6.268, "TAGB": 527.421, "CO2_Stock": 263.711 }, "geometry": { "type": "Point", "coordinates": [ 110.333230188663492, 1.566120115067507 ] } },
{ "type": "Feature", "properties": { "fid_1": 443.0, "Lokasi": "Jln. Ajibah Abol", "Pemilik": null, "Tarikh_Dit": null, "Jenis_Poko": "Tabebuia crysantha", "Tinggi_Pok": 6.0, "Silara_Pok": 3.0, "Catatan": null, "Ukur_Lilit": 30, "Northing": null, "Easthing": null, "Ln_TAGB_": 6.268, "TAGB": 527.421, "CO2_Stock": 263.711 }, "geometry": { "type": "Point", "coordinates": [ 110.333187518304669, 1.566002771635693 ] } },
{ "type": "Feature", "properties": { "fid_1": 444.0, "Lokasi": "Jln. Ajibah Abol", "Pemilik": null, "Tarikh_Dit": null, "Jenis_Poko": "Tabebuia crysantha", "Tinggi_Pok": 7.0, "Silara_Pok": 4.0, "Catatan": null, "Ukur_Lilit": 30, "Northing": null, "Easthing": null, "Ln_TAGB_": 6.268, "TAGB": 527.421, "CO2_Stock": 263.711 }, "geometry": { "type": "Point", "coordinates": [ 110.333066892554584, 1.56619150585299 ] } }
]
}
