{
"type": "FeatureCollection",
"name": "Tree_Int_WGS2",
"crs": { "type": "name", "properties": { "name": "urn:ogc:def:crs:OGC:1.3:CRS84" } },
"features": [
{ "type": "Feature", "properties": { "fid_1": 163.0, "Lokasi": "Jalan_Satok", "Pemilik": "Dbku", "Tarikh_Dit": null, "Jenis_Poko": "TB2_Bucida", "Tinggi_Pok": 4.0, "Silara_Pok": 0.0, "Catatan": null, "Ukur_Lilit": 11, "Northing": null, "Easthing": null, "Ln_TAGB_": 4.065, "TAGB": 58.265, "CO2_Stock": 29.133, "NAMA JALAN": "JALAN SATOK", "KTG JLN": "JRB", "PJG JLN": 1.351, "LBR JLN": 12.9, "JENIS SRT": "SRT1", "CON OF RD": "C1", "TARIKH": null, "NORTHING_2": 1.553103, "EASTING": 110.337785, "CATATAN_2": null, "NORTH AKK": 1.553661, "EAST AKHR": 110.325951, "Road_type": "Main road" }, "geometry": { "type": "MultiPolygon", "coordinates": [ [ [ [ 110.335193175110547, 1.553096422918403 ], [ 110.335179631275636, 1.55306967029302 ], [ 110.335174516477935, 1.553071952734142 ], [ 110.335158007909484, 1.553075467174927 ], [ 110.334993846603382, 1.55308496246952 ], [ 110.334988047106478, 1.553096416135913 ], [ 110.334982767838966, 1.553129953128521 ], [ 110.334988044914539, 1.553163490470291 ], [ 110.335003361776572, 1.553193745292696 ], [ 110.335027219104219, 1.553217756042934 ], [ 110.335057281576141, 1.553233172381523 ], [ 110.335090606468114, 1.553238485249676 ], [ 110.335123931707301, 1.553233174586694 ], [ 110.335153995186815, 1.553217760237132 ], [ 110.33517785408354, 1.553193751064848 ], [ 110.335193172922217, 1.553163497254916 ], [ 110.335198452188266, 1.55312996026118 ], [ 110.335193175110547, 1.553096422918403 ] ] ] ] } },
{ "type": "Feature", "properties": { "fid_1": 164.0, "Lokasi": "Jalan_Satok", "Pemilik": "Dbku", "Tarikh_Dit": null, "Jenis_Poko": "TB2_Bucida", "Tinggi_Pok": 4.0, "Silara_Pok": 0.0, "Catatan": null, "Ukur_Lilit": 10, "Northing": null, "Easthing": null, "Ln_TAGB_": 3.855, "TAGB": 47.229, "CO2_Stock": 23.614, "NAMA JALAN": "JALAN SATOK", "KTG JLN": "JRB", "PJG JLN": 1.351, "LBR JLN": 12.9, "JENIS SRT": "SRT1", "CON OF RD": "C1", "TARIKH": null, "NORTHING_2": 1.553103, "EASTING": 110.337785, "CATATAN_2": null, "NORTH AKK": 1.553661, "EAST AKHR": 110.325951, "Road_type": "Main road" }, "geometry": { "type": "MultiPolygon", "coordinates": [ [ [ [ 110.335113585476691, 1.553097474766354 ], [ 110.335104024654484, 1.553078589634519 ], [ 110.3349124043214, 1.55308967318986 ], [ 110.334908457475109, 1.553097467979468 ], [ 110.334903178206929, 1.553131004971563 ], [ 110.334908455281735, 1.553164542313018 ], [ 110.334923772142957, 1.553194797135344 ], [ 110.334947629469781, 1.55321880788582 ], [ 110.334977691941035, 1.553234224224845 ], [ 110.335011016832482, 1.553239537093656 ], [ 110.335044342071399, 1.553234226431459 ], [ 110.335074405550884, 1.553218812082745 ], [ 110.335098264447808, 1.55319480291126 ], [ 110.33511358328694, 1.553164549102037 ], [ 110.335118862553657, 1.553131012108834 ], [ 110.335113585476691, 1.553097474766354 ] ] ] ] } },
{ "type": "Feature", "properties": { "fid_1": 165.0, "Lokasi": "Jalan_Satok", "Pemilik": "Dbku", "Tarikh_Dit": null, "Jenis_Poko": "TB2_Bucida", "Tinggi_Pok": 5.0, "Silara_Pok": 0.0, "Catatan": null, "Ukur_Lilit": 14, "Northing": null, "Easthing": null, "Ln_TAGB_": 4.594, "TAGB": 98.889, "CO2_Stock": 49.444, "NAMA JALAN": "JALAN SATOK", "KTG JLN": "JRB", "PJG JLN": 1.351, "LBR JLN": 12.9, "JENIS SRT": "SRT1", "CON OF RD": "C1", "TARIKH": null, "NORTHING_2": 1.553103, "EASTING": 110.337785, "CATATAN_2": null, "NORTH AKK": 1.553661, "EAST AKHR": 110.325951, "Road_type": "Main road" }, "geometry": { "type": "MultiPolygon", "coordinates": [ [ [ [ 110.335043111836299, 1.55310378584101 ], [ 110.335032451812538, 1.553082729496769 ], [ 110.334843096397705, 1.55309368204273 ], [ 110.334837983836621, 1.553103779050062 ], [ 110.334832704567845, 1.553137316041629 ], [ 110.33483798164194, 1.553170853382793 ], [ 110.334853298502438, 1.553201108205056 ], [ 110.334877155828579, 1.553225118955687 ], [ 110.33490721829925, 1.553240535295143 ], [ 110.334940543190285, 1.553245848164533 ], [ 110.334973868428989, 1.553240537503055 ], [ 110.335003931908489, 1.553225123155125 ], [ 110.335027790805654, 1.553201113984409 ], [ 110.33504310964527, 1.553170860175866 ], [ 110.335048388912568, 1.553137323183172 ], [ 110.335043111836299, 1.55310378584101 ] ] ] ] } },
{ "type": "Feature", "properties": { "fid_1": 166.0, "Lokasi": "Jalan_Satok", "Pemilik": "Dbku", "Tarikh_Dit": null, "Jenis_Poko": "TB2_Bucida", "Tinggi_Pok": 5.0, "Silara_Pok": 0.0, "Catatan": null, "Ukur_Lilit": 10, "Northing": null, "Easthing": null, "Ln_TAGB_": 3.855, "TAGB": 47.229, "CO2_Stock": 23.614, "NAMA JALAN": "JALAN SATOK", "KTG JLN": "JRB", "PJG JLN": 1.351, "LBR JLN": 12.9, "JENIS SRT": "SRT1", "CON OF RD": "C1", "TARIKH": null, "NORTHING_2": 1.553103, "EASTING": 110.337785, "CATATAN_2": null, "NORTH AKK": 1.553661, "EAST AKHR": 110.325951, "Road_type": "Main road" }, "geometry": { "type": "MultiPolygon", "coordinates": [ [ [ [ 110.334938628528462, 1.553106240150287 ], [ 110.334929733851951, 1.553088670828955 ], [ 110.334736740925507, 1.553099833767358 ], [ 110.334733500531954, 1.553106233353512 ], [ 110.334728221262338, 1.553139770344374 ], [ 110.33473349833541, 1.55317330768512 ], [ 110.334748815194814, 1.553203562507316 ], [ 110.334772672519918, 1.553227573258254 ], [ 110.33480273498968, 1.553242989598275 ], [ 110.334836059880061, 1.553248302468536 ], [ 110.334869385118395, 1.553242991808087 ], [ 110.334899448597852, 1.553227577461253 ], [ 110.33492330749533, 1.55320356829161 ], [ 110.334938626335543, 1.553173314484016 ], [ 110.334943905603694, 1.553139777492032 ], [ 110.334938628528462, 1.553106240150287 ] ] ] ] } },
{ "type": "Feature", "properties": { "fid_1": 167.0, "Lokasi": "Jalan_Satok", "Pemilik": "Dbku", "Tarikh_Dit": null, "Jenis_Poko": "TB2_Bucida", "Tinggi_Pok": 4.0, "Silara_Pok": 0.0, "Catatan": null, "Ukur_Lilit": 15, "Northing": null, "Easthing": null, "Ln_TAGB_": 4.746, "TAGB": 115.123, "CO2_Stock": 57.562, "NAMA JALAN": "JALAN SATOK", "KTG JLN": "JRB", "PJG JLN": 1.351, "LBR JLN": 12.9, "JENIS SRT": "SRT1", "CON OF RD": "C1", "TARIKH": null, "NORTHING_2": 1.553103, "EASTING": 110.337785, "CATATAN_2": null, "NORTH AKK": 1.553661, "EAST AKHR": 110.325951, "Road_type": "Main road" }, "geometry": { "type": "MultiPolygon", "coordinates": [ [ [ [ 110.33483817729477, 1.553114128994029 ], [ 110.334828260229017, 1.553094540184228 ], [ 110.334637373949533, 1.553105581266348 ], [ 110.334633049301033, 1.553114122191514 ], [ 110.334627770030522, 1.553147659181664 ], [ 110.334633047102614, 1.553181196521973 ], [ 110.33464836396098, 1.553211451344064 ], [ 110.334672221285103, 1.553235462095233 ], [ 110.334702283754012, 1.553250878435852 ], [ 110.334735608643825, 1.55325619130694 ], [ 110.334768933881847, 1.553250880647531 ], [ 110.334798997361318, 1.553235466301806 ], [ 110.334822856259166, 1.553211457133257 ], [ 110.334838175099989, 1.553181203326609 ], [ 110.334843454368993, 1.55314766633536 ], [ 110.33483817729477, 1.553114128994029 ] ] ] ] } },
{ "type": "Feature", "properties": { "fid_1": 168.0, "Lokasi": "Jalan_Satok", "Pemilik": "Dbku", "Tarikh_Dit": null, "Jenis_Poko": "TM1_Mahogany", "Tinggi_Pok": 2.0, "Silara_Pok": 0.0, "Catatan": null, "Ukur_Lilit": 13, "Northing": null, "Easthing": null, "Ln_TAGB_": 4.432, "TAGB": 84.099, "CO2_Stock": 42.05, "NAMA JALAN": "JALAN SATOK", "KTG JLN": "JRB", "PJG JLN": 1.351, "LBR JLN": 12.9, "JENIS SRT": "SRT1", "CON OF RD": "C1", "TARIKH": null, "NORTHING_2": 1.553103, "EASTING": 110.337785, "CATATAN_2": null, "NORTH AKK": 1.553661, "EAST AKHR": 110.325951, "Road_type": "Main road" }, "geometry": { "type": "MultiPolygon", "coordinates": [ [ [ [ 110.33453342090526, 1.553130067122308 ], [ 110.334524334751734, 1.553112119578863 ], [ 110.33443996120694, 1.553116999835926 ], [ 110.334331914335891, 1.553122908222525 ], [ 110.334328292920333, 1.553130060302605 ], [ 110.334323013647293, 1.553163597290605 ], [ 110.334328290716371, 1.553197134629649 ], [ 110.334343607571569, 1.553227389451511 ], [ 110.334367464892679, 1.553251400203479 ], [ 110.33439752735903, 1.553266816545829 ], [ 110.334430852246953, 1.553272129419443 ], [ 110.33446417748398, 1.553266818763078 ], [ 110.334494240963451, 1.55325140442067 ], [ 110.334518099862237, 1.553227395255337 ], [ 110.334533418704922, 1.553197141451505 ], [ 110.334538697976498, 1.553163604462386 ], [ 110.33453342090526, 1.553130067122308 ] ] ] ] } },
{ "type": "Feature", "properties": { "fid_1": 169.0, "Lokasi": "Jalan_Satok", "Pemilik": "Dbku", "Tarikh_Dit": null, "Jenis_Poko": "TM1_Mahogany", "Tinggi_Pok": 13.0, "Silara_Pok": 0.0, "Catatan": null, "Ukur_Lilit": 74, "Northing": null, "Easthing": null, "Ln_TAGB_": 8.251, "TAGB": 3831.455, "CO2_Stock": 1915.727, "NAMA JALAN": "JALAN SATOK", "KTG JLN": "JRB", "PJG JLN": 1.351, "LBR JLN": 12.9, "JENIS SRT": "SRT1", "CON OF RD": "C1", "TARIKH": null, "NORTHING_2": 1.553103, "EASTING": 110.337785, "CATATAN_2": null, "NORTH AKK": 1.553661, "EAST AKHR": 110.325951, "Road_type": "Main road" }, "geometry": { "type": "MultiPolygon", "coordinates": [ [ [ [ 110.334475920024445, 1.553130242431714 ], [ 110.334468383523202, 1.553115355858633 ], [ 110.33443996120694, 1.553116999835926 ], [ 110.334272867286458, 1.553126137123477 ], [ 110.334270792041337, 1.553130235608847 ], [ 110.334265512767843, 1.553163772596457 ], [ 110.334270789836353, 1.5531973099353 ], [ 110.334286106690968, 1.553227564757123 ], [ 110.334309964011496, 1.553251575509226 ], [ 110.334340026477349, 1.553266991851904 ], [ 110.334373351364874, 1.553272304726002 ], [ 110.334406676601716, 1.553266994070195 ], [ 110.334436740081159, 1.55325157972838 ], [ 110.334460598980101, 1.553227570563614 ], [ 110.334475917823085, 1.553197316760309 ], [ 110.334481197095116, 1.553163779771552 ], [ 110.334475920024445, 1.553130242431714 ] ] ] ] } },
{ "type": "Feature", "properties": { "fid_1": 170.0, "Lokasi": "Jalan_Satok", "Pemilik": "Dbku", "Tarikh_Dit": null, "Jenis_Poko": "TM1_Mahogany", "Tinggi_Pok": 14.0, "Silara_Pok": 0.0, "Catatan": null, "Ukur_Lilit": 90, "Northing": null, "Easthing": null, "Ln_TAGB_": 8.681, "TAGB": 5889.934, "CO2_Stock": 2944.967, "NAMA JALAN": "JALAN SATOK", "KTG JLN": "JRB", "PJG JLN": 1.351, "LBR JLN": 12.9, "JENIS SRT": "SRT1", "CON OF RD": "C1", "TARIKH": null, "NORTHING_2": 1.553103, "EASTING": 110.337785, "CATATAN_2": null, "NORTH AKK": 1.553661, "EAST AKHR": 110.325951, "Road_type": "Main road" }, "geometry": { "type": "MultiPolygon", "coordinates": [ [ [ [ 110.334418068528564, 1.553133923892467 ], [ 110.334410321090502, 1.553118620663063 ], [ 110.334215285513835, 1.553129285897008 ], [ 110.334212940547104, 1.553133917066323 ], [ 110.334207661273126, 1.553167454053527 ], [ 110.334212938341054, 1.553200991392123 ], [ 110.334228255195072, 1.553231246213894 ], [ 110.334252112515017, 1.553255256966158 ], [ 110.334282174980402, 1.553270673309147 ], [ 110.334315499867571, 1.553275986183729 ], [ 110.334348825104229, 1.553270675528514 ], [ 110.334378888583672, 1.553255261187333 ], [ 110.334402747482784, 1.553231252023189 ], [ 110.334418066326165, 1.553200998220401 ], [ 110.33442334559868, 1.553167461232085 ], [ 110.334418068528564, 1.553133923892467 ] ] ] ] } },
{ "type": "Feature", "properties": { "fid_1": 171.0, "Lokasi": "Jalan_Satok", "Pemilik": "Dbku", "Tarikh_Dit": null, "Jenis_Poko": "TM1_Mahogany", "Tinggi_Pok": 13.0, "Silara_Pok": 0.0, "Catatan": null, "Ukur_Lilit": 86, "Northing": null, "Easthing": null, "Ln_TAGB_": 8.581, "TAGB": 5329.432, "CO2_Stock": 2664.716, "NAMA JALAN": "JALAN SATOK", "KTG JLN": "JRB", "PJG JLN": 1.351, "LBR JLN": 12.9, "JENIS SRT": "SRT1", "CON OF RD": "C1", "TARIKH": null, "NORTHING_2": 1.553103, "EASTING": 110.337785, "CATATAN_2": null, "NORTH AKK": 1.553661, "EAST AKHR": 110.325951, "Road_type": "Main road" }, "geometry": { "type": "MultiPolygon", "coordinates": [ [ [ [ 110.334354431883085, 1.553137079430726 ], [ 110.334346844222594, 1.553122091803488 ], [ 110.334151479966138, 1.553132775007338 ], [ 110.334149303903459, 1.553137072600985 ], [ 110.334144024628955, 1.553170609587739 ], [ 110.334149301696272, 1.553204146926074 ], [ 110.334164618549607, 1.553234401747805 ], [ 110.334188475868928, 1.553258412500235 ], [ 110.334218538333786, 1.553273828843601 ], [ 110.334251863220558, 1.553279141718676 ], [ 110.334285188457002, 1.553273831064128 ], [ 110.334315251936445, 1.553258416723617 ], [ 110.334339110835771, 1.55323440756016 ], [ 110.334354429679507, 1.553204153757946 ], [ 110.334359708952562, 1.553170616770074 ], [ 110.334354431883085, 1.553137079430726 ] ] ] ] } },
{ "type": "Feature", "properties": { "fid_1": 172.0, "Lokasi": "Jalan_Satok", "Pemilik": "Dbku", "Tarikh_Dit": null, "Jenis_Poko": "TM1_Mahogany", "Tinggi_Pok": 15.0, "Silara_Pok": 0.0, "Catatan": null, "Ukur_Lilit": 90, "Northing": null, "Easthing": null, "Ln_TAGB_": 8.681, "TAGB": 5889.934, "CO2_Stock": 2944.967, "NAMA JALAN": "JALAN SATOK", "KTG JLN": "JRB", "PJG JLN": 1.351, "LBR JLN": 12.9, "JENIS SRT": "SRT1", "CON OF RD": "C1", "TARIKH": null, "NORTHING_2": 1.553103, "EASTING": 110.337785, "CATATAN_2": null, "NORTH AKK": 1.553661, "EAST AKHR": 110.325951, "Road_type": "Main road" }, "geometry": { "type": "MultiPolygon", "coordinates": [ [ [ [ 110.334307624763696, 1.553140760891118 ], [ 110.334299484437892, 1.553124681603859 ], [ 110.334105257083351, 1.553135302635396 ], [ 110.334102496785363, 1.553140754058723 ], [ 110.334097217510447, 1.553174291045114 ], [ 110.334102494577309, 1.553207828383253 ], [ 110.334117811430161, 1.553238083204938 ], [ 110.334141668749027, 1.553262093957483 ], [ 110.334171731213473, 1.553277510301119 ], [ 110.334205056099989, 1.553282823176604 ], [ 110.334238381336291, 1.553277512522494 ], [ 110.334268444815734, 1.553262098182528 ], [ 110.33429230371523, 1.553238089019575 ], [ 110.334307622559265, 1.553207835217802 ], [ 110.334312901832718, 1.553174298230277 ], [ 110.334307624763696, 1.553140760891118 ] ] ] ] } },
{ "type": "Feature", "properties": { "fid_1": 173.0, "Lokasi": "Jalan_Satok", "Pemilik": "Dbku", "Tarikh_Dit": null, "Jenis_Poko": "TM1_Mahogany", "Tinggi_Pok": 15.0, "Silara_Pok": 0.0, "Catatan": null, "Ukur_Lilit": 85, "Northing": null, "Easthing": null, "Ln_TAGB_": 8.555, "TAGB": 5192.653, "CO2_Stock": 2596.327, "NAMA JALAN": "JALAN SATOK", "KTG JLN": "JRB", "PJG JLN": 1.351, "LBR JLN": 12.9, "JENIS SRT": "SRT1", "CON OF RD": "C1", "TARIKH": null, "NORTHING_2": 1.553103, "EASTING": 110.337785, "CATATAN_2": null, "NORTH AKK": 1.553661, "EAST AKHR": 110.325951, "Road_type": "Main road" }, "geometry": { "type": "MultiPolygon", "coordinates": [ [ [ [ 110.334249773267857, 1.553144968274607 ], [ 110.334241118712086, 1.55312787324712 ], [ 110.334047949193661, 1.553138436429373 ], [ 110.334044645291115, 1.55314496143888 ], [ 110.33403936601573, 1.553178498424883 ], [ 110.334044643081981, 1.553212035762769 ], [ 110.334059959934237, 1.553242290584392 ], [ 110.334083817252548, 1.553266301337081 ], [ 110.334113879716512, 1.553281717681059 ], [ 110.334147204602701, 1.553287030557016 ], [ 110.334180529838804, 1.553281719903524 ], [ 110.334210593318247, 1.553266305564178 ], [ 110.334234452217956, 1.553242296401831 ], [ 110.33424977106236, 1.553212042600614 ], [ 110.334255050336282, 1.55317850561349 ], [ 110.334249773267857, 1.553144968274607 ] ] ] ] } },
{ "type": "Feature", "properties": { "fid_1": 174.0, "Lokasi": "Jalan_Satok", "Pemilik": "Dbku", "Tarikh_Dit": null, "Jenis_Poko": "TM1_Mahogany", "Tinggi_Pok": 14.0, "Silara_Pok": 0.0, "Catatan": null, "Ukur_Lilit": 73, "Northing": null, "Easthing": null, "Ln_TAGB_": 8.221, "TAGB": 3718.219, "CO2_Stock": 1859.11, "NAMA JALAN": "JALAN SATOK", "KTG JLN": "JRB", "PJG JLN": 1.351, "LBR JLN": 12.9, "JENIS SRT": "SRT1", "CON OF RD": "C1", "TARIKH": null, "NORTHING_2": 1.553103, "EASTING": 110.337785, "CATATAN_2": null, "NORTH AKK": 1.553661, "EAST AKHR": 110.325951, "Road_type": "Main road" }, "geometry": { "type": "MultiPolygon", "coordinates": [ [ [ [ 110.334179299627465, 1.553151279349266 ], [ 110.334169434533464, 1.553131793188957 ], [ 110.333978755243294, 1.553142220193121 ], [ 110.333974171652642, 1.553151272509478 ], [ 110.333968892376632, 1.553184809494953 ], [ 110.3339741694422, 1.553218346832547 ], [ 110.333989486293731, 1.553248601654097 ], [ 110.334013343611346, 1.55327261240696 ], [ 110.334043406074713, 1.553288028751349 ], [ 110.334076730960476, 1.553293341627904 ], [ 110.334110056196408, 1.553288030975115 ], [ 110.33414011967588, 1.553272616636554 ], [ 110.334163978575802, 1.553248607474995 ], [ 110.334179297420661, 1.553218353674452 ], [ 110.334184576695208, 1.553184816687852 ], [ 110.334179299627465, 1.553151279349266 ] ] ] ] } },
{ "type": "Feature", "properties": { "fid_1": 175.0, "Lokasi": "Jalan_Satok", "Pemilik": "Dbku", "Tarikh_Dit": null, "Jenis_Poko": "TM1_Mahogany", "Tinggi_Pok": 14.0, "Silara_Pok": 0.0, "Catatan": null, "Ukur_Lilit": 70, "Northing": null, "Easthing": null, "Ln_TAGB_": 8.129, "TAGB": 3391.406, "CO2_Stock": 1695.703, "NAMA JALAN": "JALAN SATOK", "KTG JLN": "JRB", "PJG JLN": 1.351, "LBR JLN": 12.9, "JENIS SRT": "SRT1", "CON OF RD": "C1", "TARIKH": null, "NORTHING_2": 1.553103, "EASTING": 110.337785, "CATATAN_2": null, "NORTH AKK": 1.553661, "EAST AKHR": 110.325951, "Road_type": "Main road" }, "geometry": { "type": "MultiPolygon", "coordinates": [ [ [ [ 110.334093574228859, 1.553151279351997 ], [ 110.334086018437077, 1.553136354671327 ], [ 110.333890588631917, 1.553147041445474 ], [ 110.333888446256751, 1.553151272507534 ], [ 110.333883166980073, 1.553184809492443 ], [ 110.333888444044788, 1.553218346829713 ], [ 110.333903760895424, 1.553248601651215 ], [ 110.333927618212172, 1.55327261240432 ], [ 110.333957680674814, 1.553288028749162 ], [ 110.333991005560023, 1.553293341626415 ], [ 110.3340243307956, 1.553288030974479 ], [ 110.334054394275043, 1.553272616636812 ], [ 110.334078253175193, 1.553248607476101 ], [ 110.334093572020535, 1.553218353676317 ], [ 110.334098851295764, 1.553184816690264 ], [ 110.334093574228859, 1.553151279351997 ] ] ] ] } },
{ "type": "Feature", "properties": { "fid_1": 176.0, "Lokasi": "Jalan_Satok", "Pemilik": "Dbku", "Tarikh_Dit": null, "Jenis_Poko": "TB2_Bucida", "Tinggi_Pok": 4.0, "Silara_Pok": 0.0, "Catatan": null, "Ukur_Lilit": 10, "Northing": null, "Easthing": null, "Ln_TAGB_": 3.855, "TAGB": 47.229, "CO2_Stock": 23.614, "NAMA JALAN": "JALAN SATOK", "KTG JLN": "JRB", "PJG JLN": 1.351, "LBR JLN": 12.9, "JENIS SRT": "SRT1", "CON OF RD": "C1", "TARIKH": null, "NORTHING_2": 1.553103, "EASTING": 110.337785, "CATATAN_2": null, "NORTH AKK": 1.553661, "EAST AKHR": 110.325951, "Road_type": "Main road" }, "geometry": { "type": "MultiPolygon", "coordinates": [ [ [ [ 110.333929877101752, 1.5531596083753 ], [ 110.333922627968718, 1.553145289425027 ], [ 110.333726567334509, 1.553156010686136 ], [ 110.33372474913439, 1.553159601521608 ], [ 110.33371946985632, 1.553193138505369 ], [ 110.333724746919458, 1.553226675841955 ], [ 110.333740063768388, 1.553256930663335 ], [ 110.333763921083516, 1.553280941416841 ], [ 110.33379398354478, 1.553296357762644 ], [ 110.333827308428965, 1.553301670641253 ], [ 110.333860633664031, 1.553296359990955 ], [ 110.333890697143431, 1.553280945655046 ], [ 110.333914556044107, 1.553256936496076 ], [ 110.333929874890444, 1.553226682697797 ], [ 110.333935154167023, 1.553193145712907 ], [ 110.333929877101752, 1.5531596083753 ] ] ] ] } },
{ "type": "Feature", "properties": { "fid_1": 177.0, "Lokasi": "Jalan_Satok", "Pemilik": "Dbku", "Tarikh_Dit": null, "Jenis_Poko": "TB2_Bucida", "Tinggi_Pok": 5.0, "Silara_Pok": 0.0, "Catatan": null, "Ukur_Lilit": 13, "Northing": null, "Easthing": null, "Ln_TAGB_": 4.432, "TAGB": 84.099, "CO2_Stock": 42.05, "NAMA JALAN": "JALAN SATOK", "KTG JLN": "JRB", "PJG JLN": 1.351, "LBR JLN": 12.9, "JENIS SRT": "SRT1", "CON OF RD": "C1", "TARIKH": null, "NORTHING_2": 1.553103, "EASTING": 110.337785, "CATATAN_2": null, "NORTH AKK": 1.553661, "EAST AKHR": 110.325951, "Road_type": "Main road" }, "geometry": { "type": "MultiPolygon", "coordinates": [ [ [ [ 110.333883595904908, 1.553159257761659 ], [ 110.33387776623141, 1.553147742618075 ], [ 110.333722575185519, 1.553156228990284 ], [ 110.333679087766569, 1.55315802678355 ], [ 110.333678467939066, 1.553159250905428 ], [ 110.333673188660626, 1.553192787888888 ], [ 110.33367846572331, 1.553226325225308 ], [ 110.333693782571785, 1.553256580046632 ], [ 110.333717639886416, 1.553280590800288 ], [ 110.333747702347281, 1.55329600714634 ], [ 110.333781027231169, 1.553301320025329 ], [ 110.333814352466035, 1.55329600937546 ], [ 110.333844415945435, 1.553280595040055 ], [ 110.333868274846211, 1.553256585881538 ], [ 110.333883593692789, 1.553226332083661 ], [ 110.333888872969752, 1.553192795099078 ], [ 110.333883595904908, 1.553159257761659 ] ] ] ] } },
{ "type": "Feature", "properties": { "fid_1": 178.0, "Lokasi": "Jalan_Satok", "Pemilik": "Dbku", "Tarikh_Dit": null, "Jenis_Poko": "TB2_Bucida", "Tinggi_Pok": 5.0, "Silara_Pok": 0.0, "Catatan": null, "Ukur_Lilit": 11, "Northing": null, "Easthing": null, "Ln_TAGB_": 4.065, "TAGB": 58.265, "CO2_Stock": 29.133, "NAMA JALAN": "JALAN SATOK", "KTG JLN": "JRB", "PJG JLN": 1.351, "LBR JLN": 12.9, "JENIS SRT": "SRT1", "CON OF RD": "C1", "TARIKH": null, "NORTHING_2": 1.553103, "EASTING": 110.337785, "CATATAN_2": null, "NORTH AKK": 1.553661, "EAST AKHR": 110.325951, "Road_type": "Main road" }, "geometry": { "type": "MultiPolygon", "coordinates": [ [ [ [ 110.333837314708305, 1.553164516990148 ], [ 110.333830140953239, 1.553150346930355 ], [ 110.333722575185519, 1.553156228990284 ], [ 110.333634536990417, 1.553159868536 ], [ 110.333632186743628, 1.553164510131225 ], [ 110.33362690746479, 1.553198047114331 ], [ 110.333632184526991, 1.55323158445055 ], [ 110.333647501374983, 1.553261839271831 ], [ 110.333671358689202, 1.553285850025583 ], [ 110.333701421149669, 1.553301266371921 ], [ 110.333734746033286, 1.553306579251299 ], [ 110.33376807126804, 1.553301268601923 ], [ 110.333798134747468, 1.553285854267028 ], [ 110.333821993648428, 1.553261845109029 ], [ 110.333837312495319, 1.553231591311596 ], [ 110.333842591772694, 1.55319805432736 ], [ 110.333837314708305, 1.553164516990148 ] ] ] ] } },
{ "type": "Feature", "properties": { "fid_1": 179.0, "Lokasi": "Jalan_Satok", "Pemilik": "Dbku", "Tarikh_Dit": null, "Jenis_Poko": "TB2_Bucida", "Tinggi_Pok": 4.0, "Silara_Pok": 0.0, "Catatan": null, "Ukur_Lilit": 12, "Northing": null, "Easthing": null, "Ln_TAGB_": 4.256, "TAGB": 70.527, "CO2_Stock": 35.264, "NAMA JALAN": "JALAN SATOK", "KTG JLN": "JRB", "PJG JLN": 1.351, "LBR JLN": 12.9, "JENIS SRT": "SRT1", "CON OF RD": "C1", "TARIKH": null, "NORTHING_2": 1.553103, "EASTING": 110.337785, "CATATAN_2": null, "NORTH AKK": 1.553661, "EAST AKHR": 110.325951, "Road_type": "Main road" }, "geometry": { "type": "MultiPolygon", "coordinates": [ [ [ [ 110.333777710136715, 1.553165919452589 ], [ 110.333771451143306, 1.553153556288025 ], [ 110.333722575185519, 1.553156228990284 ], [ 110.333574383380196, 1.553162355316967 ], [ 110.333572582173858, 1.553165912590352 ], [ 110.333567302894537, 1.553199449573061 ], [ 110.333572579956169, 1.553232986909033 ], [ 110.333587896803522, 1.553263241730289 ], [ 110.333611754117143, 1.553287252484193 ], [ 110.333641816577128, 1.553302668830843 ], [ 110.333675141460361, 1.553307981710723 ], [ 110.333708466694887, 1.553302671061939 ], [ 110.333738530174287, 1.553287256727678 ], [ 110.333762389075432, 1.553263247570282 ], [ 110.333777707922636, 1.553232993773408 ], [ 110.333782987200507, 1.553199456789564 ], [ 110.333777710136715, 1.553165919452589 ] ] ] ] } },
{ "type": "Feature", "properties": { "fid_1": 180.0, "Lokasi": "Jalan_Satok", "Pemilik": "Dbku", "Tarikh_Dit": null, "Jenis_Poko": "TB2_Bucida", "Tinggi_Pok": 5.0, "Silara_Pok": 0.0, "Catatan": null, "Ukur_Lilit": 12, "Northing": null, "Easthing": null, "Ln_TAGB_": 4.256, "TAGB": 70.527, "CO2_Stock": 35.264, "NAMA JALAN": "JALAN SATOK", "KTG JLN": "JRB", "PJG JLN": 1.351, "LBR JLN": 12.9, "JENIS SRT": "SRT1", "CON OF RD": "C1", "TARIKH": null, "NORTHING_2": 1.553103, "EASTING": 110.337785, "CATATAN_2": null, "NORTH AKK": 1.553661, "EAST AKHR": 110.325951, "Road_type": "Main road" }, "geometry": { "type": "MultiPolygon", "coordinates": [ [ [ [ 110.333725468482996, 1.553173282372077 ], [ 110.333716952687737, 1.553156461427406 ], [ 110.333524832679245, 1.553164403767474 ], [ 110.333520340521403, 1.553173275506742 ], [ 110.333515061241613, 1.553206812489054 ], [ 110.333520338302719, 1.553240349824781 ], [ 110.333535655149532, 1.553270604645975 ], [ 110.333559512462642, 1.553294615400013 ], [ 110.3335895749222, 1.553310031746959 ], [ 110.33362289980515, 1.553315344627292 ], [ 110.333656225039576, 1.553310033979057 ], [ 110.333686288519004, 1.553294619645397 ], [ 110.333710147420362, 1.553270610488602 ], [ 110.33372546626795, 1.553240356692225 ], [ 110.333730745546262, 1.553206819708817 ], [ 110.333725468482996, 1.553173282372077 ] ] ] ] } },
{ "type": "Feature", "properties": { "fid_1": 181.0, "Lokasi": "Jalan_Satok", "Pemilik": "Dbku", "Tarikh_Dit": null, "Jenis_Poko": "TB2_Bucida", "Tinggi_Pok": 5.0, "Silara_Pok": 0.0, "Catatan": null, "Ukur_Lilit": 12, "Northing": null, "Easthing": null, "Ln_TAGB_": 4.256, "TAGB": 70.527, "CO2_Stock": 35.264, "NAMA JALAN": "JALAN SATOK", "KTG JLN": "JRB", "PJG JLN": 1.351, "LBR JLN": 12.9, "JENIS SRT": "SRT1", "CON OF RD": "C1", "TARIKH": null, "NORTHING_2": 1.553103, "EASTING": 110.337785, "CATATAN_2": null, "NORTH AKK": 1.553661, "EAST AKHR": 110.325951, "Road_type": "Main road" }, "geometry": { "type": "MultiPolygon", "coordinates": [ [ [ [ 110.333673051521529, 1.55317415891159 ], [ 110.333665175616773, 1.553158601919173 ], [ 110.333471748359941, 1.553166598298803 ], [ 110.333467923561543, 1.553174152043364 ], [ 110.333462644281326, 1.553207689025313 ], [ 110.333467921341935, 1.553241226360836 ], [ 110.333483238188194, 1.55327148118199 ], [ 110.333507095500778, 1.553295491936169 ], [ 110.333537157959881, 1.553310908283424 ], [ 110.333570482842504, 1.553316221164177 ], [ 110.333603808076745, 1.553310910516454 ], [ 110.333633871556145, 1.553295496183354 ], [ 110.333657730457645, 1.553271487027086 ], [ 110.333673049305531, 1.553241233231202 ], [ 110.333678328584284, 1.553207696248122 ], [ 110.333673051521529, 1.55317415891159 ] ] ] ] } },
{ "type": "Feature", "properties": { "fid_1": 182.0, "Lokasi": "Jalan_Satok", "Pemilik": "Dbku", "Tarikh_Dit": null, "Jenis_Poko": "TB2_Bucida", "Tinggi_Pok": 4.0, "Silara_Pok": 0.0, "Catatan": null, "Ukur_Lilit": 15, "Northing": null, "Easthing": null, "Ln_TAGB_": 4.746, "TAGB": 115.123, "CO2_Stock": 57.562, "NAMA JALAN": "JALAN SATOK", "KTG JLN": "JRB", "PJG JLN": 1.351, "LBR JLN": 12.9, "JENIS SRT": "SRT1", "CON OF RD": "C1", "TARIKH": null, "NORTHING_2": 1.553103, "EASTING": 110.337785, "CATATAN_2": null, "NORTH AKK": 1.553661, "EAST AKHR": 110.325951, "Road_type": "Main road" }, "geometry": { "type": "MultiPolygon", "coordinates": [ [ [ [ 110.333622387635771, 1.55317784037211 ], [ 110.333613724770359, 1.553160728923929 ], [ 110.333421905219453, 1.553168658837512 ], [ 110.333417259677205, 1.553177833501009 ], [ 110.333411980396548, 1.553211370482591 ], [ 110.333417257456631, 1.553244907817886 ], [ 110.333432574302364, 1.553275162639 ], [ 110.333456431614479, 1.553299173393308 ], [ 110.333486494073156, 1.553314589740849 ], [ 110.33351981895548, 1.553319902622032 ], [ 110.333553144189551, 1.553314591974826 ], [ 110.33358320766898, 1.553299177642268 ], [ 110.333607066570622, 1.553275168486562 ], [ 110.333622385418835, 1.55324491469114 ], [ 110.333627664698028, 1.553211377708424 ], [ 110.333622387635771, 1.55317784037211 ] ] ] ] } },
{ "type": "Feature", "properties": { "fid_1": 183.0, "Lokasi": "Jalan_Satok", "Pemilik": "Dbku", "Tarikh_Dit": null, "Jenis_Poko": "TB2_Bucida", "Tinggi_Pok": 4.0, "Silara_Pok": 0.0, "Catatan": null, "Ukur_Lilit": 10, "Northing": null, "Easthing": null, "Ln_TAGB_": 3.855, "TAGB": 47.229, "CO2_Stock": 23.614, "NAMA JALAN": "JALAN SATOK", "KTG JLN": "JRB", "PJG JLN": 1.351, "LBR JLN": 12.9, "JENIS SRT": "SRT1", "CON OF RD": "C1", "TARIKH": null, "NORTHING_2": 1.553103, "EASTING": 110.337785, "CATATAN_2": null, "NORTH AKK": 1.553661, "EAST AKHR": 110.325951, "Road_type": "Main road" }, "geometry": { "type": "MultiPolygon", "coordinates": [ [ [ [ 110.333475270348288, 1.553180943725295 ], [ 110.333468084494868, 1.553166749764701 ], [ 110.333273247519912, 1.55317480441221 ], [ 110.333270142394227, 1.553180936846013 ], [ 110.333264863112362, 1.553214473826616 ], [ 110.333270140171038, 1.553248011161341 ], [ 110.333285457015251, 1.553278265982358 ], [ 110.333309314325902, 1.553302276737038 ], [ 110.333339376783314, 1.553317693085422 ], [ 110.333372701664672, 1.553323005967792 ], [ 110.333406026898217, 1.55331769532205 ], [ 110.333436090377589, 1.553302280991053 ], [ 110.333459949279671, 1.553278271836835 ], [ 110.333475268128709, 1.553248018042744 ], [ 110.33348054740911, 1.553214481061029 ], [ 110.333475270348288, 1.553180943725295 ] ] ] ] } },
{ "type": "Feature", "properties": { "fid_1": 184.0, "Lokasi": "Jalan_Satok", "Pemilik": "Dbku", "Tarikh_Dit": null, "Jenis_Poko": "TB2_Bucida", "Tinggi_Pok": 4.0, "Silara_Pok": 0.0, "Catatan": null, "Ukur_Lilit": 13, "Northing": null, "Easthing": null, "Ln_TAGB_": 4.432, "TAGB": 84.099, "CO2_Stock": 42.05, "NAMA JALAN": "JALAN SATOK", "KTG JLN": "JRB", "PJG JLN": 1.351, "LBR JLN": 12.9, "JENIS SRT": "SRT1", "CON OF RD": "C1", "TARIKH": null, "NORTHING_2": 1.553103, "EASTING": 110.337785, "CATATAN_2": null, "NORTH AKK": 1.553661, "EAST AKHR": 110.325951, "Road_type": "Main road" }, "geometry": { "type": "MultiPolygon", "coordinates": [ [ [ [ 110.333421626233857, 1.553182346187539 ], [ 110.333414844629644, 1.553168950725519 ], [ 110.333219181804481, 1.553177039511162 ], [ 110.333216498281431, 1.553182339305286 ], [ 110.333211218999153, 1.553215876285517 ], [ 110.333216496057275, 1.55324941362004 ], [ 110.333231812900934, 1.553279668441013 ], [ 110.333255670211045, 1.553303679195831 ], [ 110.333285732667989, 1.553319095544518 ], [ 110.333319057549019, 1.55332440842733 ], [ 110.333352382782394, 1.553319097782106 ], [ 110.333382446261723, 1.553303683451679 ], [ 110.333406305163976, 1.553279674298031 ], [ 110.33342162401334, 1.553249420504411 ], [ 110.333426903294168, 1.553215883523071 ], [ 110.333421626233857, 1.553182346187539 ] ] ] ] } },
{ "type": "Feature", "properties": { "fid_1": 185.0, "Lokasi": "Jalan_Satok", "Pemilik": "Dbku", "Tarikh_Dit": null, "Jenis_Poko": "TB2_Bucida", "Tinggi_Pok": 4.0, "Silara_Pok": 0.0, "Catatan": null, "Ukur_Lilit": 16, "Northing": null, "Easthing": null, "Ln_TAGB_": 4.888, "TAGB": 132.688, "CO2_Stock": 66.344, "NAMA JALAN": "JALAN SATOK", "KTG JLN": "JRB", "PJG JLN": 1.351, "LBR JLN": 12.9, "JENIS SRT": "SRT1", "CON OF RD": "C1", "TARIKH": null, "NORTHING_2": 1.553103, "EASTING": 110.337785, "CATATAN_2": null, "NORTH AKK": 1.553661, "EAST AKHR": 110.325951, "Road_type": "Main road" }, "geometry": { "type": "MultiPolygon", "coordinates": [ [ [ [ 110.333370787040593, 1.553187956031318 ], [ 110.333362265815495, 1.553171124357424 ], [ 110.333170156912999, 1.553179066219668 ], [ 110.333165659089474, 1.553187949146095 ], [ 110.333160379806742, 1.553221486125962 ], [ 110.333165656864367, 1.553255023460238 ], [ 110.333180973707499, 1.553285278281151 ], [ 110.333204831017113, 1.553309289036111 ], [ 110.333234893473659, 1.553324705385074 ], [ 110.333268218354391, 1.553330018268329 ], [ 110.333301543587609, 1.553324707623647 ], [ 110.333331607066981, 1.553309293293787 ], [ 110.333355465969404, 1.553285284140707 ], [ 110.33337078481911, 1.553255030347584 ], [ 110.333376064100378, 1.553221493366626 ], [ 110.333370787040593, 1.553187956031318 ] ] ] ] } },
{ "type": "Feature", "properties": { "fid_1": 186.0, "Lokasi": "Jalan_Satok", "Pemilik": "Dbku", "Tarikh_Dit": null, "Jenis_Poko": "TB2_Bucida", "Tinggi_Pok": 4.0, "Silara_Pok": 0.0, "Catatan": null, "Ukur_Lilit": 14, "Northing": null, "Easthing": null, "Ln_TAGB_": 4.594, "TAGB": 98.889, "CO2_Stock": 49.444, "NAMA JALAN": "JALAN SATOK", "KTG JLN": "JRB", "PJG JLN": 1.351, "LBR JLN": 12.9, "JENIS SRT": "SRT1", "CON OF RD": "C1", "TARIKH": null, "NORTHING_2": 1.553103, "EASTING": 110.337785, "CATATAN_2": null, "NORTH AKK": 1.553661, "EAST AKHR": 110.325951, "Road_type": "Main road" }, "geometry": { "type": "MultiPolygon", "coordinates": [ [ [ [ 110.333053487187556, 1.553213767331766 ], [ 110.333040935215664, 1.553188973861432 ], [ 110.33294839139019, 1.553197512881603 ], [ 110.332854006137097, 1.553202608164555 ], [ 110.332848359245133, 1.553213760428373 ], [ 110.332843079959687, 1.553247297405911 ], [ 110.332848357014171, 1.553280834738813 ], [ 110.332863673853993, 1.553311089559451 ], [ 110.332887531160495, 1.553335100315195 ], [ 110.332917593614397, 1.553350516666 ], [ 110.332950918493268, 1.553355829551905 ], [ 110.332984243725534, 1.553350518910462 ], [ 110.333014307204991, 1.553335104584114 ], [ 110.333038166108508, 1.553311095434458 ], [ 110.333053484960203, 1.553280841644357 ], [ 110.333058764244186, 1.553247304665677 ], [ 110.333053487187556, 1.553213767331766 ] ] ] ] } },
{ "type": "Feature", "properties": { "fid_1": 187.0, "Lokasi": "Jalan_Satok", "Pemilik": "Dbku", "Tarikh_Dit": null, "Jenis_Poko": "TB2_Bucida", "Tinggi_Pok": 4.0, "Silara_Pok": 0.0, "Catatan": null, "Ukur_Lilit": 14, "Northing": null, "Easthing": null, "Ln_TAGB_": 4.594, "TAGB": 98.889, "CO2_Stock": 49.444, "NAMA JALAN": "JALAN SATOK", "KTG JLN": "JRB", "PJG JLN": 1.351, "LBR JLN": 12.9, "JENIS SRT": "SRT1", "CON OF RD": "C1", "TARIKH": null, "NORTHING_2": 1.553103, "EASTING": 110.337785, "CATATAN_2": null, "NORTH AKK": 1.553661, "EAST AKHR": 110.325951, "Road_type": "Main road" }, "geometry": { "type": "MultiPolygon", "coordinates": [ [ [ [ 110.332994583846244, 1.553215871024444 ], [ 110.33298364312671, 1.553194260203628 ], [ 110.33294839139019, 1.553197512881603 ], [ 110.332794542586356, 1.553205818236961 ], [ 110.332789455905598, 1.553215864117745 ], [ 110.33278417661964, 1.553249401094882 ], [ 110.332789453673541, 1.55328293842756 ], [ 110.332804770512766, 1.553313193248139 ], [ 110.332828627818671, 1.553337204004054 ], [ 110.33285869027209, 1.553352620355174 ], [ 110.332892015150591, 1.553357933241575 ], [ 110.332925340382658, 1.553352622600705 ], [ 110.332955403862101, 1.553337208275007 ], [ 110.332979262765789, 1.553313199125951 ], [ 110.332994581617839, 1.553282945336397 ], [ 110.332999860902291, 1.553249408358147 ], [ 110.332994583846244, 1.553215871024444 ] ] ] ] } },
{ "type": "Feature", "properties": { "fid_1": 188.0, "Lokasi": "Jalan_Satok", "Pemilik": "Dbku", "Tarikh_Dit": null, "Jenis_Poko": "TB2_Bucida", "Tinggi_Pok": 4.0, "Silara_Pok": 0.0, "Catatan": null, "Ukur_Lilit": 11, "Northing": null, "Easthing": null, "Ln_TAGB_": 4.065, "TAGB": 58.265, "CO2_Stock": 29.133, "NAMA JALAN": "JALAN SATOK", "KTG JLN": "JRB", "PJG JLN": 1.351, "LBR JLN": 12.9, "JENIS SRT": "SRT1", "CON OF RD": "C1", "TARIKH": null, "NORTHING_2": 1.553103, "EASTING": 110.337785, "CATATAN_2": null, "NORTH AKK": 1.553661, "EAST AKHR": 110.325951, "Road_type": "Main road" }, "geometry": { "type": "MultiPolygon", "coordinates": [ [ [ [ 110.332937082965543, 1.553221480868418 ], [ 110.33292557254282, 1.553198744731923 ], [ 110.332738346122426, 1.553208851938471 ], [ 110.332731955026404, 1.553221473958412 ], [ 110.332726675739977, 1.553255010935118 ], [ 110.332731952793296, 1.55328854826755 ], [ 110.332747269631923, 1.553318803088066 ], [ 110.332771126937274, 1.553342813844104 ], [ 110.332801189390196, 1.553358230195572 ], [ 110.33283451426837, 1.553363543082452 ], [ 110.332867839500295, 1.553358232442176 ], [ 110.332897902979752, 1.553342818117119 ], [ 110.33292176188364, 1.553318808968707 ], [ 110.332937080736059, 1.553288555179686 ], [ 110.332942360021022, 1.553255018201858 ], [ 110.332937082965543, 1.553221480868418 ] ] ] ] } },
{ "type": "Feature", "properties": { "fid_1": 189.0, "Lokasi": "Jalan_Satok", "Pemilik": "Dbku", "Tarikh_Dit": null, "Jenis_Poko": "TB2_Bucida", "Tinggi_Pok": 4.0, "Silara_Pok": 0.0, "Catatan": null, "Ukur_Lilit": 14, "Northing": null, "Easthing": null, "Ln_TAGB_": 4.594, "TAGB": 98.889, "CO2_Stock": 49.444, "NAMA JALAN": "JALAN SATOK", "KTG JLN": "JRB", "PJG JLN": 1.351, "LBR JLN": 12.9, "JENIS SRT": "SRT1", "CON OF RD": "C1", "TARIKH": null, "NORTHING_2": 1.553103, "EASTING": 110.337785, "CATATAN_2": null, "NORTH AKK": 1.553661, "EAST AKHR": 110.325951, "Road_type": "Main road" }, "geometry": { "type": "MultiPolygon", "coordinates": [ [ [ [ 110.332729168195456, 1.553231999329102 ], [ 110.332718005480373, 1.553209950004451 ], [ 110.332530064050715, 1.553220095799109 ], [ 110.332524040262356, 1.55323199240739 ], [ 110.332518760974196, 1.553265529382635 ], [ 110.332524038025468, 1.553299066714199 ], [ 110.332539354861922, 1.553329321534557 ], [ 110.332563212165212, 1.553353332291141 ], [ 110.3325932746164, 1.553368748643787 ], [ 110.332626599493281, 1.553374061532375 ], [ 110.332659924724524, 1.5533687508942 ], [ 110.332689988203953, 1.553353336571393 ], [ 110.332713847108508, 1.553329327425156 ], [ 110.332729165962178, 1.553299073638064 ], [ 110.332734445248875, 1.553265536661692 ], [ 110.332729168195456, 1.553231999329102 ] ] ] ] } },
{ "type": "Feature", "properties": { "fid_1": 190.0, "Lokasi": "Jalan_Satok", "Pemilik": "Dbku", "Tarikh_Dit": null, "Jenis_Poko": "TB2_Bucida", "Tinggi_Pok": 4.0, "Silara_Pok": 0.0, "Catatan": null, "Ukur_Lilit": 12, "Northing": null, "Easthing": null, "Ln_TAGB_": 4.256, "TAGB": 70.527, "CO2_Stock": 35.264, "NAMA JALAN": "JALAN SATOK", "KTG JLN": "JRB", "PJG JLN": 1.351, "LBR JLN": 12.9, "JENIS SRT": "SRT1", "CON OF RD": "C1", "TARIKH": null, "NORTHING_2": 1.553103, "EASTING": 110.337785, "CATATAN_2": null, "NORTH AKK": 1.553661, "EAST AKHR": 110.325951, "Road_type": "Main road" }, "geometry": { "type": "MultiPolygon", "coordinates": [ [ [ [ 110.332677978386897, 1.553232700560999 ], [ 110.332667831905155, 1.553212658566218 ], [ 110.332477800720085, 1.553222917171144 ], [ 110.332472850455403, 1.553232693636436 ], [ 110.332467571166802, 1.553266230611363 ], [ 110.332472848217577, 1.553299767942721 ], [ 110.332488165053505, 1.553330022763039 ], [ 110.332512022356283, 1.55335403351975 ], [ 110.332542084807031, 1.553369449872689 ], [ 110.332575409683585, 1.553374762761711 ], [ 110.332608734914629, 1.553369452124037 ], [ 110.332638798394044, 1.553354037801744 ], [ 110.332662657298741, 1.553330028656056 ], [ 110.332677976152709, 1.553299774869404 ], [ 110.332683255439804, 1.553266237893388 ], [ 110.332677978386897, 1.553232700560999 ] ] ] ] } },
{ "type": "Feature", "properties": { "fid_1": 191.0, "Lokasi": "Jalan_Satok", "Pemilik": "Dbku", "Tarikh_Dit": null, "Jenis_Poko": "TB2_Bucida", "Tinggi_Pok": 4.0, "Silara_Pok": 0.0, "Catatan": null, "Ukur_Lilit": 10, "Northing": null, "Easthing": null, "Ln_TAGB_": 3.855, "TAGB": 47.229, "CO2_Stock": 23.614, "NAMA JALAN": "JALAN SATOK", "KTG JLN": "JRB", "PJG JLN": 1.351, "LBR JLN": 12.9, "JENIS SRT": "SRT1", "CON OF RD": "C1", "TARIKH": null, "NORTHING_2": 1.553103, "EASTING": 110.337785, "CATATAN_2": null, "NORTH AKK": 1.553661, "EAST AKHR": 110.325951, "Road_type": "Main road" }, "geometry": { "type": "MultiPolygon", "coordinates": [ [ [ [ 110.332621529351584, 1.553238661020078 ], [ 110.332609947302515, 1.553215783397916 ], [ 110.332422868185276, 1.553225882636103 ], [ 110.332416401421554, 1.553238654092255 ], [ 110.332411122132484, 1.553272191066729 ], [ 110.332416399182691, 1.553305728397862 ], [ 110.33243171601805, 1.553335983218109 ], [ 110.332455573320274, 1.553359993974961 ], [ 110.332485635770553, 1.55337541032824 ], [ 110.33251896064678, 1.553380723217734 ], [ 110.332552285877668, 1.553375412580635 ], [ 110.332582349357125, 1.553359998258986 ], [ 110.332606208262021, 1.553335989113918 ], [ 110.332621527116345, 1.553305735327819 ], [ 110.332626806403951, 1.553272198352207 ], [ 110.332621529351584, 1.553238661020078 ] ] ] ] } },
{ "type": "Feature", "properties": { "fid_1": 192.0, "Lokasi": "Jalan_Satok", "Pemilik": "Dbku", "Tarikh_Dit": null, "Jenis_Poko": "TB2_Bucida", "Tinggi_Pok": 4.0, "Silara_Pok": 0.0, "Catatan": null, "Ukur_Lilit": 11, "Northing": null, "Easthing": null, "Ln_TAGB_": 4.065, "TAGB": 58.265, "CO2_Stock": 29.133, "NAMA JALAN": "JALAN SATOK", "KTG JLN": "JRB", "PJG JLN": 1.351, "LBR JLN": 12.9, "JENIS SRT": "SRT1", "CON OF RD": "C1", "TARIKH": null, "NORTHING_2": 1.553103, "EASTING": 110.337785, "CATATAN_2": null, "NORTH AKK": 1.553661, "EAST AKHR": 110.325951, "Road_type": "Main road" }, "geometry": { "type": "MultiPolygon", "coordinates": [ [ [ [ 110.332567184006933, 1.553241115327769 ], [ 110.332555838233077, 1.5532187044111 ], [ 110.332368273247383, 1.553228829875467 ], [ 110.332362056078509, 1.553241108396888 ], [ 110.332356776788984, 1.553274645370995 ], [ 110.332362053838651, 1.553308182701894 ], [ 110.332377370673456, 1.553338437522115 ], [ 110.332401227975126, 1.553362448279105 ], [ 110.33243129042495, 1.553377864632681 ], [ 110.332464615300836, 1.553383177522627 ], [ 110.332497940531539, 1.553377866886074 ], [ 110.332528004010982, 1.553362452565019 ], [ 110.332551862916048, 1.553338443420501 ], [ 110.332567181770713, 1.553308189634906 ], [ 110.332572461058746, 1.553274652659687 ], [ 110.332567184006933, 1.553241115327769 ] ] ] ] } },
{ "type": "Feature", "properties": { "fid_1": 193.0, "Lokasi": "Jalan_Satok", "Pemilik": "Dbku", "Tarikh_Dit": null, "Jenis_Poko": "TB2_Bucida", "Tinggi_Pok": 4.0, "Silara_Pok": 0.0, "Catatan": null, "Ukur_Lilit": 13, "Northing": null, "Easthing": null, "Ln_TAGB_": 4.432, "TAGB": 84.099, "CO2_Stock": 42.05, "NAMA JALAN": "JALAN SATOK", "KTG JLN": "JRB", "PJG JLN": 1.351, "LBR JLN": 12.9, "JENIS SRT": "SRT1", "CON OF RD": "C1", "TARIKH": null, "NORTHING_2": 1.553103, "EASTING": 110.337785, "CATATAN_2": null, "NORTH AKK": 1.553661, "EAST AKHR": 110.325951, "Road_type": "Main road" }, "geometry": { "type": "MultiPolygon", "coordinates": [ [ [ [ 110.332415068317374, 1.553249873304467 ], [ 110.332403453382, 1.553226930720056 ], [ 110.332216441899575, 1.553237026296327 ], [ 110.332209940393312, 1.553249866364993 ], [ 110.332204661102509, 1.553283403338019 ], [ 110.332209938150683, 1.553316940668278 ], [ 110.332225254983882, 1.553347195488365 ], [ 110.332249112284074, 1.553371206245747 ], [ 110.332279174732619, 1.553386622600196 ], [ 110.332312499607568, 1.553391935491407 ], [ 110.332345824837802, 1.553386624856378 ], [ 110.332375888317245, 1.55337121053697 ], [ 110.332399747222809, 1.553347201394076 ], [ 110.332415066078383, 1.553316947609892 ], [ 110.332420345367709, 1.553283410635744 ], [ 110.332415068317374, 1.553249873304467 ] ] ] ] } },
{ "type": "Feature", "properties": { "fid_1": 194.0, "Lokasi": "Jalan_Satok", "Pemilik": "Dbku", "Tarikh_Dit": null, "Jenis_Poko": "TB2_Bucida", "Tinggi_Pok": 4.0, "Silara_Pok": 0.0, "Catatan": null, "Ukur_Lilit": 15, "Northing": null, "Easthing": null, "Ln_TAGB_": 4.746, "TAGB": 115.123, "CO2_Stock": 57.562, "NAMA JALAN": "JALAN SATOK", "KTG JLN": "JRB", "PJG JLN": 1.351, "LBR JLN": 12.9, "JENIS SRT": "SRT1", "CON OF RD": "C1", "TARIKH": null, "NORTHING_2": 1.553103, "EASTING": 110.337785, "CATATAN_2": null, "NORTH AKK": 1.553661, "EAST AKHR": 110.325951, "Road_type": "Main road" }, "geometry": { "type": "MultiPolygon", "coordinates": [ [ [ [ 110.332347750213003, 1.553252152304998 ], [ 110.332336803053337, 1.553230528754126 ], [ 110.332148418375709, 1.553240698457077 ], [ 110.332142622290959, 1.553252145361764 ], [ 110.332137342999616, 1.553285682334339 ], [ 110.332142620047122, 1.55331921966433 ], [ 110.332157936879625, 1.553349474484367 ], [ 110.332181794179149, 1.553373485241919 ], [ 110.332211856627112, 1.553388901596742 ], [ 110.332245181501648, 1.553394214488498 ], [ 110.33227850673164, 1.553388903854155 ], [ 110.332308570211069, 1.55337348953547 ], [ 110.332332429116818, 1.553349480393272 ], [ 110.33234774797279, 1.553319226609704 ], [ 110.33235302726267, 1.553285689636007 ], [ 110.332347750213003, 1.553252152304998 ] ] ] ] } },
{ "type": "Feature", "properties": { "fid_1": 195.0, "Lokasi": "Jalan_Satok", "Pemilik": "Dbku", "Tarikh_Dit": null, "Jenis_Poko": "TB2_Bucida", "Tinggi_Pok": 4.0, "Silara_Pok": 0.0, "Catatan": null, "Ukur_Lilit": 10, "Northing": null, "Easthing": null, "Ln_TAGB_": 3.855, "TAGB": 47.229, "CO2_Stock": 23.614, "NAMA JALAN": "JALAN SATOK", "KTG JLN": "JRB", "PJG JLN": 1.351, "LBR JLN": 12.9, "JENIS SRT": "SRT1", "CON OF RD": "C1", "TARIKH": null, "NORTHING_2": 1.553103, "EASTING": 110.337785, "CATATAN_2": null, "NORTH AKK": 1.553661, "EAST AKHR": 110.325951, "Road_type": "Main road" }, "geometry": { "type": "MultiPolygon", "coordinates": [ [ [ [ 110.332297086327301, 1.553257236226026 ], [ 110.332284981648598, 1.553233326266552 ], [ 110.332098977267293, 1.553243367469693 ], [ 110.332091958406579, 1.553257229279866 ], [ 110.332086679114809, 1.553290766252057 ], [ 110.332091956161804, 1.553324303581838 ], [ 110.332107272993781, 1.553354558401817 ], [ 110.332131130292808, 1.553378569159495 ], [ 110.332161192740372, 1.553393985514609 ], [ 110.33219451761461, 1.5533992984068 ], [ 110.33222784284446, 1.553393987772964 ], [ 110.332257906323903, 1.553378573454866 ], [ 110.332281765229823, 1.553354564313213 ], [ 110.332297084086122, 1.55332431053014 ], [ 110.332302363376471, 1.553290773556818 ], [ 110.332297086327301, 1.553257236226026 ] ] ] ] } },
{ "type": "Feature", "properties": { "fid_1": 196.0, "Lokasi": "Jalan_Satok", "Pemilik": "Dbku", "Tarikh_Dit": null, "Jenis_Poko": "TB2_Bucida", "Tinggi_Pok": 4.0, "Silara_Pok": 0.0, "Catatan": null, "Ukur_Lilit": 14, "Northing": null, "Easthing": null, "Ln_TAGB_": 4.594, "TAGB": 98.889, "CO2_Stock": 49.444, "NAMA JALAN": "JALAN SATOK", "KTG JLN": "JRB", "PJG JLN": 1.351, "LBR JLN": 12.9, "JENIS SRT": "SRT1", "CON OF RD": "C1", "TARIKH": null, "NORTHING_2": 1.553103, "EASTING": 110.337785, "CATATAN_2": null, "NORTH AKK": 1.553661, "EAST AKHR": 110.325951, "Road_type": "Main road" }, "geometry": { "type": "MultiPolygon", "coordinates": [ [ [ [ 110.332241374900462, 1.553257506595692 ], [ 110.332230619065484, 1.553236260960463 ], [ 110.332041840956506, 1.553246451896731 ], [ 110.332036246981531, 1.553257499646472 ], [ 110.332030967689292, 1.553291036618267 ], [ 110.332036244735733, 1.553324573947829 ], [ 110.33205156156717, 1.553354828767779 ], [ 110.332075418865614, 1.553378839525623 ], [ 110.332105481312695, 1.553394255881037 ], [ 110.332138806186578, 1.553399568773688 ], [ 110.332172131416201, 1.553394258140404 ], [ 110.332202194895629, 1.553378843822848 ], [ 110.332226053801705, 1.553354834681786 ], [ 110.332241372658331, 1.553324580899206 ], [ 110.332246651949106, 1.553291043926241 ], [ 110.332241374900462, 1.553257506595692 ] ] ] ] } },
{ "type": "Feature", "properties": { "fid_1": 197.0, "Lokasi": "Jalan_Satok", "Pemilik": "Dbku", "Tarikh_Dit": null, "Jenis_Poko": "TB2_Bucida", "Tinggi_Pok": 4.0, "Silara_Pok": 0.0, "Catatan": null, "Ukur_Lilit": 14, "Northing": null, "Easthing": null, "Ln_TAGB_": 4.594, "TAGB": 98.889, "CO2_Stock": 49.444, "NAMA JALAN": "JALAN SATOK", "KTG JLN": "JRB", "PJG JLN": 1.351, "LBR JLN": 12.9, "JENIS SRT": "SRT1", "CON OF RD": "C1", "TARIKH": null, "NORTHING_2": 1.553103, "EASTING": 110.337785, "CATATAN_2": null, "NORTH AKK": 1.553661, "EAST AKHR": 110.325951, "Road_type": "Main road" }, "geometry": { "type": "MultiPolygon", "coordinates": [ [ [ [ 110.332190272745692, 1.553258909057867 ], [ 110.332180185247196, 1.553238983564325 ], [ 110.331990032788994, 1.55324924869033 ], [ 110.331985144828309, 1.553258902105803 ], [ 110.331979865535644, 1.553292439077274 ], [ 110.331985142581601, 1.553325976406624 ], [ 110.332000459412484, 1.553356231226543 ], [ 110.332024316710431, 1.553380241984496 ], [ 110.332054379157071, 1.553395658340221 ], [ 110.332087704030641, 1.553400971233267 ], [ 110.332121029260094, 1.553395660600489 ], [ 110.33215109273948, 1.553380246283493 ], [ 110.332174951645698, 1.553356237142961 ], [ 110.332190270502622, 1.553325983360818 ], [ 110.332195549793823, 1.553292446388239 ], [ 110.332190272745692, 1.553258909057867 ] ] ] ] } },
{ "type": "Feature", "properties": { "fid_1": 198.0, "Lokasi": "Jalan_Satok", "Pemilik": "Dbku", "Tarikh_Dit": null, "Jenis_Poko": "TB2_Bucida", "Tinggi_Pok": 5.0, "Silara_Pok": 0.0, "Catatan": null, "Ukur_Lilit": 14, "Northing": null, "Easthing": null, "Ln_TAGB_": 4.594, "TAGB": 98.889, "CO2_Stock": 49.444, "NAMA JALAN": "JALAN SATOK", "KTG JLN": "JRB", "PJG JLN": 1.351, "LBR JLN": 12.9, "JENIS SRT": "SRT1", "CON OF RD": "C1", "TARIKH": null, "NORTHING_2": 1.553103, "EASTING": 110.337785, "CATATAN_2": null, "NORTH AKK": 1.553661, "EAST AKHR": 110.325951, "Road_type": "Main road" }, "geometry": { "type": "MultiPolygon", "coordinates": [ [ [ [ 110.332015851375886, 1.553266695408632 ], [ 110.332006566911105, 1.553248356118269 ], [ 110.331814763120036, 1.553258710379982 ], [ 110.331810723463619, 1.55326668844677 ], [ 110.331805444169518, 1.553300225417031 ], [ 110.33181072121377, 1.55333376274567 ], [ 110.331826038042848, 1.553364017565438 ], [ 110.331849895339062, 1.553388028323858 ], [ 110.33187995778421, 1.553403444680563 ], [ 110.331913282656686, 1.553408757575055 ], [ 110.33194660788557, 1.553403446944029 ], [ 110.331976671364941, 1.553388032628896 ], [ 110.332000530271685, 1.55336402349019 ], [ 110.332015849129647, 1.553333769709665 ], [ 110.332021128422312, 1.553300232738283 ], [ 110.332015851375886, 1.553266695408632 ] ] ] ] } },
{ "type": "Feature", "properties": { "fid_1": 199.0, "Lokasi": "Jalan_Satok", "Pemilik": "Dbku", "Tarikh_Dit": null, "Jenis_Poko": "TB2_Bucida", "Tinggi_Pok": 5.0, "Silara_Pok": 0.0, "Catatan": null, "Ukur_Lilit": 13, "Northing": null, "Easthing": null, "Ln_TAGB_": 4.432, "TAGB": 84.099, "CO2_Stock": 42.05, "NAMA JALAN": "JALAN SATOK", "KTG JLN": "JRB", "PJG JLN": 1.351, "LBR JLN": 12.9, "JENIS SRT": "SRT1", "CON OF RD": "C1", "TARIKH": null, "NORTHING_2": 1.553103, "EASTING": 110.337785, "CATATAN_2": null, "NORTH AKK": 1.553661, "EAST AKHR": 110.325951, "Road_type": "Main road" }, "geometry": { "type": "MultiPolygon", "coordinates": [ [ [ [ 110.331959227032939, 1.553270376869348 ], [ 110.331949634734073, 1.553251429523977 ], [ 110.331758463967859, 1.553261749609738 ], [ 110.331754099122278, 1.55327036990427 ], [ 110.331748819827681, 1.553303906874137 ], [ 110.331754096871379, 1.553337444202536 ], [ 110.33176941369986, 1.553367699022249 ], [ 110.331793270995533, 1.553391709780798 ], [ 110.331823333440227, 1.553407126137846 ], [ 110.331856658312347, 1.553412439032797 ], [ 110.331889983541046, 1.553407128402336 ], [ 110.331920047020418, 1.553391714087837 ], [ 110.331943905927375, 1.553367704949728 ], [ 110.331959224785678, 1.553337451169733 ], [ 110.331964504078812, 1.553303914198753 ], [ 110.331959227032939, 1.553270376869348 ] ] ] ] } },
{ "type": "Feature", "properties": { "fid_1": 200.0, "Lokasi": "Jalan_Satok", "Pemilik": "Dbku", "Tarikh_Dit": null, "Jenis_Poko": "TB2_Bucida", "Tinggi_Pok": 5.0, "Silara_Pok": 0.0, "Catatan": null, "Ukur_Lilit": 12, "Northing": null, "Easthing": null, "Ln_TAGB_": 4.256, "TAGB": 70.527, "CO2_Stock": 35.264, "NAMA JALAN": "JALAN SATOK", "KTG JLN": "JRB", "PJG JLN": 1.351, "LBR JLN": 12.9, "JENIS SRT": "SRT1", "CON OF RD": "C1", "TARIKH": null, "NORTHING_2": 1.553103, "EASTING": 110.337785, "CATATAN_2": null, "NORTH AKK": 1.553661, "EAST AKHR": 110.325951, "Road_type": "Main road" }, "geometry": { "type": "MultiPolygon", "coordinates": [ [ [ [ 110.331791009768551, 1.553277363083559 ], [ 110.331782449753206, 1.553260454771296 ], [ 110.331589156229626, 1.55327088944211 ], [ 110.331585881862864, 1.553277356109063 ], [ 110.331580602566888, 1.553310893077752 ], [ 110.331585879608937, 1.55334443040546 ], [ 110.33160119643567, 1.55337468522506 ], [ 110.331625053729667, 1.553398695984046 ], [ 110.331655116172925, 1.553414112342022 ], [ 110.331688441044008, 1.553419425238377 ], [ 110.331721766272139, 1.553414114609584 ], [ 110.331751829751468, 1.553398700296906 ], [ 110.331775688658951, 1.553374691160537 ], [ 110.331791007518248, 1.553344437382096 ], [ 110.331796286812761, 1.553310900412292 ], [ 110.331791009768551, 1.553277363083559 ] ] ] ] } },
{ "type": "Feature", "properties": { "fid_1": 201.0, "Lokasi": "Jalan_Satok", "Pemilik": "Dbku", "Tarikh_Dit": null, "Jenis_Poko": "TB2_Bucida", "Tinggi_Pok": 5.0, "Silara_Pok": 0.0, "Catatan": null, "Ukur_Lilit": 12, "Northing": null, "Easthing": null, "Ln_TAGB_": 4.256, "TAGB": 70.527, "CO2_Stock": 35.264, "NAMA JALAN": "JALAN SATOK", "KTG JLN": "JRB", "PJG JLN": 1.351, "LBR JLN": 12.9, "JENIS SRT": "SRT1", "CON OF RD": "C1", "TARIKH": null, "NORTHING_2": 1.553103, "EASTING": 110.337785, "CATATAN_2": null, "NORTH AKK": 1.553661, "EAST AKHR": 110.325951, "Road_type": "Main road" }, "geometry": { "type": "MultiPolygon", "coordinates": [ [ [ [ 110.33171913366759, 1.553281044544745 ], [ 110.331710671554418, 1.553264329614575 ], [ 110.33151717670971, 1.553274775149562 ], [ 110.331514005763978, 1.553281037566191 ], [ 110.331508726467405, 1.553314574534369 ], [ 110.331514003508758, 1.553348111861805 ], [ 110.331529320334752, 1.553378366681322 ], [ 110.331553177628024, 1.553402377440514 ], [ 110.331583240070685, 1.553417793798897 ], [ 110.331616564941314, 1.553423106695846 ], [ 110.331649890169203, 1.553417796067784 ], [ 110.331679953648546, 1.553402381755862 ], [ 110.331703812556228, 1.553378372620259 ], [ 110.331719131415966, 1.553348118842477 ], [ 110.331724410711089, 1.553314581873168 ], [ 110.33171913366759, 1.553281044544745 ] ] ] ] } },
{ "type": "Feature", "properties": { "fid_1": 202.0, "Lokasi": "Jalan_Satok", "Pemilik": "Dbku", "Tarikh_Dit": null, "Jenis_Poko": "TB2_Bucida", "Tinggi_Pok": 5.0, "Silara_Pok": 0.0, "Catatan": null, "Ukur_Lilit": 10, "Northing": null, "Easthing": null, "Ln_TAGB_": 3.855, "TAGB": 47.229, "CO2_Stock": 23.614, "NAMA JALAN": "JALAN SATOK", "KTG JLN": "JRB", "PJG JLN": 1.351, "LBR JLN": 12.9, "JENIS SRT": "SRT1", "CON OF RD": "C1", "TARIKH": null, "NORTHING_2": 1.553103, "EASTING": 110.337785, "CATATAN_2": null, "NORTH AKK": 1.553661, "EAST AKHR": 110.325951, "Road_type": "Main road" }, "geometry": { "type": "MultiPolygon", "coordinates": [ [ [ [ 110.331647783489345, 1.553284726005937 ], [ 110.331639405286637, 1.553268176820564 ], [ 110.331445737892963, 1.553278631666531 ], [ 110.331442655587807, 1.553284719023373 ], [ 110.331437376290637, 1.553318255991053 ], [ 110.331442653331266, 1.553351793318176 ], [ 110.331457970156521, 1.553382048137648 ], [ 110.33148182744911, 1.553406058897014 ], [ 110.331511889891146, 1.553421475255812 ], [ 110.331545214761348, 1.553426788153339 ], [ 110.331578539988982, 1.553421477525989 ], [ 110.331608603468339, 1.553406063214846 ], [ 110.331632462376248, 1.55338205408 ], [ 110.331647781236427, 1.553351800302881 ], [ 110.331653060532133, 1.553318263334076 ], [ 110.331647783489345, 1.553284726005937 ] ] ] ] } },
{ "type": "Feature", "properties": { "fid_1": 203.0, "Lokasi": "Jalan_Satok", "Pemilik": "Dbku", "Tarikh_Dit": null, "Jenis_Poko": "TB2_Bucida", "Tinggi_Pok": 5.0, "Silara_Pok": 0.0, "Catatan": null, "Ukur_Lilit": 13, "Northing": null, "Easthing": null, "Ln_TAGB_": 4.432, "TAGB": 84.099, "CO2_Stock": 42.05, "NAMA JALAN": "JALAN SATOK", "KTG JLN": "JRB", "PJG JLN": 1.351, "LBR JLN": 12.9, "JENIS SRT": "SRT1", "CON OF RD": "C1", "TARIKH": null, "NORTHING_2": 1.553103, "EASTING": 110.337785, "CATATAN_2": null, "NORTH AKK": 1.553661, "EAST AKHR": 110.325951, "Road_type": "Main road" }, "geometry": { "type": "MultiPolygon", "coordinates": [ [ [ [ 110.331576082695918, 1.55328805685198 ], [ 110.331567970510932, 1.553272033121813 ], [ 110.331373756087203, 1.553282517494516 ], [ 110.331370954796483, 1.553288049865403 ], [ 110.331365675498716, 1.553321586832583 ], [ 110.331370952538649, 1.553355124159408 ], [ 110.331386269363165, 1.553385378978822 ], [ 110.331410126655044, 1.55340938973836 ], [ 110.331440189096483, 1.553424806097561 ], [ 110.33147351396623, 1.553430118995696 ], [ 110.331506839193636, 1.55342480836907 ], [ 110.331536902672966, 1.553409394058693 ], [ 110.331560761581102, 1.553385384924608 ], [ 110.331576080441707, 1.553355131148126 ], [ 110.331581359737996, 1.553321594179827 ], [ 110.331576082695918, 1.55328805685198 ] ] ] ] } },
{ "type": "Feature", "properties": { "fid_1": 204.0, "Lokasi": "Jalan_Satok", "Pemilik": "Dbku", "Tarikh_Dit": null, "Jenis_Poko": "TB2_Bucida", "Tinggi_Pok": 5.0, "Silara_Pok": 0.0, "Catatan": null, "Ukur_Lilit": 10, "Northing": null, "Easthing": null, "Ln_TAGB_": 3.855, "TAGB": 47.229, "CO2_Stock": 23.614, "NAMA JALAN": "JALAN SATOK", "KTG JLN": "JRB", "PJG JLN": 1.351, "LBR JLN": 12.9, "JENIS SRT": "SRT1", "CON OF RD": "C1", "TARIKH": null, "NORTHING_2": 1.553103, "EASTING": 110.337785, "CATATAN_2": null, "NORTH AKK": 1.553661, "EAST AKHR": 110.325951, "Road_type": "Main road" }, "geometry": { "type": "MultiPolygon", "coordinates": [ [ [ [ 110.331508151015001, 1.553291825966856 ], [ 110.331499988602772, 1.553275703023759 ], [ 110.331305877467628, 1.553286181816929 ], [ 110.331303023117542, 1.553291818976423 ], [ 110.331297743819192, 1.553325355943118 ], [ 110.331303020858471, 1.553358893269685 ], [ 110.331318337682262, 1.553389148089028 ], [ 110.331342194973473, 1.553413158848745 ], [ 110.33137225741433, 1.553428575208345 ], [ 110.331405582283679, 1.553433888107025 ], [ 110.331438907510872, 1.553428577481089 ], [ 110.331468970990201, 1.553413163171457 ], [ 110.331492829898522, 1.553389154038076 ], [ 110.331508148759539, 1.553358900262243 ], [ 110.331513428056425, 1.55332536329442 ], [ 110.331508151015001, 1.553291825966856 ] ] ] ] } },
{ "type": "Feature", "properties": { "fid_1": 205.0, "Lokasi": "Jalan_Satok", "Pemilik": "Dbku", "Tarikh_Dit": null, "Jenis_Poko": "TB2_Bucida", "Tinggi_Pok": 5.0, "Silara_Pok": 0.0, "Catatan": null, "Ukur_Lilit": 16, "Northing": null, "Easthing": null, "Ln_TAGB_": 4.888, "TAGB": 132.688, "CO2_Stock": 66.344, "NAMA JALAN": "JALAN SATOK", "KTG JLN": "JRB", "PJG JLN": 1.351, "LBR JLN": 12.9, "JENIS SRT": "SRT1", "CON OF RD": "C1", "TARIKH": null, "NORTHING_2": 1.553103, "EASTING": 110.337785, "CATATAN_2": null, "NORTH AKK": 1.553661, "EAST AKHR": 110.325951, "Road_type": "Main road" }, "geometry": { "type": "MultiPolygon", "coordinates": [ [ [ [ 110.331439090791733, 1.55329613196117 ], [ 110.331430643603554, 1.553279446508841 ], [ 110.331237118077553, 1.553289893685101 ], [ 110.331233962896206, 1.553296124966832 ], [ 110.331228683597288, 1.553329661933031 ], [ 110.331233960635885, 1.553363199259295 ], [ 110.331249277458966, 1.553393454078596 ], [ 110.33127313474948, 1.553417464838482 ], [ 110.331303197189797, 1.553432881198466 ], [ 110.331336522058692, 1.553438194097722 ], [ 110.331369847285671, 1.553432883472491 ], [ 110.331399910765001, 1.553417469163605 ], [ 110.331423769673563, 1.55339346003096 ], [ 110.331439088535006, 1.55336320625577 ], [ 110.331444367832461, 1.553329669288452 ], [ 110.331439090791733, 1.55329613196117 ] ] ] ] } },
{ "type": "Feature", "properties": { "fid_1": 206.0, "Lokasi": "Jalan_Satok", "Pemilik": "Dbku", "Tarikh_Dit": null, "Jenis_Poko": "TB2_Bucida", "Tinggi_Pok": 5.0, "Silara_Pok": 0.0, "Catatan": null, "Ukur_Lilit": 13, "Northing": null, "Easthing": null, "Ln_TAGB_": 4.432, "TAGB": 84.099, "CO2_Stock": 42.05, "NAMA JALAN": "JALAN SATOK", "KTG JLN": "JRB", "PJG JLN": 1.351, "LBR JLN": 12.9, "JENIS SRT": "SRT1", "CON OF RD": "C1", "TARIKH": null, "NORTHING_2": 1.553103, "EASTING": 110.337785, "CATATAN_2": null, "NORTH AKK": 1.553661, "EAST AKHR": 110.325951, "Road_type": "Main road" }, "geometry": { "type": "MultiPolygon", "coordinates": [ [ [ [ 110.33130275883336, 1.553312648461608 ], [ 110.331289799226838, 1.553287049775747 ], [ 110.33110555293969, 1.553296996019687 ], [ 110.331097630941315, 1.553312641459281 ], [ 110.331092351641189, 1.553346178424465 ], [ 110.331097628678393, 1.553379715750097 ], [ 110.331112945500067, 1.553409970569221 ], [ 110.331136802789246, 1.553433981329463 ], [ 110.331166865228454, 1.553449397690245 ], [ 110.33120019009661, 1.553454710590665 ], [ 110.33123351532322, 1.553449399966853 ], [ 110.331263578802648, 1.553433985659516 ], [ 110.331287437711723, 1.553409976528391 ], [ 110.331302756574061, 1.553379722754552 ], [ 110.331308035872709, 1.553346185788255 ], [ 110.33130275883336, 1.553312648461608 ] ] ] ] } },
{ "type": "Feature", "properties": { "fid_1": 207.0, "Lokasi": "Jalan_Satok", "Pemilik": "Dbku", "Tarikh_Dit": null, "Jenis_Poko": "TB2_Bucida", "Tinggi_Pok": 5.0, "Silara_Pok": 0.0, "Catatan": null, "Ukur_Lilit": 13, "Northing": null, "Easthing": null, "Ln_TAGB_": 4.432, "TAGB": 84.099, "CO2_Stock": 42.05, "NAMA JALAN": "JALAN SATOK", "KTG JLN": "JRB", "PJG JLN": 1.351, "LBR JLN": 12.9, "JENIS SRT": "SRT1", "CON OF RD": "C1", "TARIKH": null, "NORTHING_2": 1.553103, "EASTING": 110.337785, "CATATAN_2": null, "NORTH AKK": 1.553661, "EAST AKHR": 110.325951, "Road_type": "Main road" }, "geometry": { "type": "MultiPolygon", "coordinates": [ [ [ [ 110.331221109335672, 1.553314867200605 ], [ 110.331209228443711, 1.553291399262994 ], [ 110.331022763915897, 1.553301465250932 ], [ 110.331015981446114, 1.553314860193756 ], [ 110.331010702145306, 1.553348397158381 ], [ 110.331015979181728, 1.553381934483673 ], [ 110.33103129600255, 1.553412189302767 ], [ 110.331055153290933, 1.553436200063205 ], [ 110.331085215729431, 1.553451616424438 ], [ 110.33111854059706, 1.553456929325532 ], [ 110.331151865823401, 1.553451618702508 ], [ 110.331181929302787, 1.553436204396062 ], [ 110.331205788212102, 1.553412195265789 ], [ 110.33122110707491, 1.553381941492675 ], [ 110.331226386374254, 1.553348404526933 ], [ 110.331221109335672, 1.553314867200605 ] ] ] ] } },
{ "type": "Feature", "properties": { "fid_1": 208.0, "Lokasi": "Jalan_Satok", "Pemilik": "Dbku", "Tarikh_Dit": null, "Jenis_Poko": "TB2_Bucida", "Tinggi_Pok": 4.0, "Silara_Pok": 0.0, "Catatan": null, "Ukur_Lilit": 12, "Northing": null, "Easthing": null, "Ln_TAGB_": 4.256, "TAGB": 70.527, "CO2_Stock": 35.264, "NAMA JALAN": "JALAN SATOK", "KTG JLN": "JRB", "PJG JLN": 1.351, "LBR JLN": 12.9, "JENIS SRT": "SRT1", "CON OF RD": "C1", "TARIKH": null, "NORTHING_2": 1.553103, "EASTING": 110.337785, "CATATAN_2": null, "NORTH AKK": 1.553661, "EAST AKHR": 110.325951, "Road_type": "Main road" }, "geometry": { "type": "MultiPolygon", "coordinates": [ [ [ [ 110.331170522146977, 1.553318639054096 ], [ 110.331158128265841, 1.55329415782496 ], [ 110.330972718639316, 1.553304166863132 ], [ 110.330965394258811, 1.553318632044369 ], [ 110.330960114957605, 1.553352169008609 ], [ 110.330965391993502, 1.553385706333695 ], [ 110.330980708813797, 1.553415961152725 ], [ 110.331004566101683, 1.553439971913305 ], [ 110.331034628539769, 1.553455388274822 ], [ 110.3310679534071, 1.553460701176332 ], [ 110.331101278633284, 1.553455390553855 ], [ 110.33113134211267, 1.553439976247943 ], [ 110.331155201022156, 1.553415967118214 ], [ 110.331170519885291, 1.553385713345562 ], [ 110.331175799185047, 1.553352176380199 ], [ 110.331170522146977, 1.553318639054096 ] ] ] ] } },
{ "type": "Feature", "properties": { "fid_1": 209.0, "Lokasi": "Jalan_Satok", "Pemilik": "Dbku", "Tarikh_Dit": null, "Jenis_Poko": "TB2_Bucida", "Tinggi_Pok": 5.0, "Silara_Pok": 0.0, "Catatan": null, "Ukur_Lilit": 14, "Northing": null, "Easthing": null, "Ln_TAGB_": 4.594, "TAGB": 98.889, "CO2_Stock": 49.444, "NAMA JALAN": "JALAN SATOK", "KTG JLN": "JRB", "PJG JLN": 1.351, "LBR JLN": 12.9, "JENIS SRT": "SRT1", "CON OF RD": "C1", "TARIKH": null, "NORTHING_2": 1.553103, "EASTING": 110.337785, "CATATAN_2": null, "NORTH AKK": 1.553661, "EAST AKHR": 110.325951, "Road_type": "Main road" }, "geometry": { "type": "MultiPolygon", "coordinates": [ [ [ [ 110.331127922409067, 1.553320857791846 ], [ 110.331115568415356, 1.55329645535033 ], [ 110.330930076766975, 1.553306468814158 ], [ 110.330922794522138, 1.553320850779705 ], [ 110.330917515220577, 1.553354387743656 ], [ 110.330922792256061, 1.55338792506857 ], [ 110.330938109075916, 1.55341817988757 ], [ 110.330961966363375, 1.553442190648235 ], [ 110.330992028801106, 1.553457607010018 ], [ 110.331025353668167, 1.553462919911875 ], [ 110.331058678894209, 1.553457609289818 ], [ 110.331088742373595, 1.553442194984376 ], [ 110.331112601283209, 1.5534181858551 ], [ 110.331127920146614, 1.553387932082832 ], [ 110.331133199446711, 1.553354395117772 ], [ 110.331127922409067, 1.553320857791846 ] ] ] ] } },
{ "type": "Feature", "properties": { "fid_1": 210.0, "Lokasi": "Jalan_Satok", "Pemilik": "Dbku", "Tarikh_Dit": null, "Jenis_Poko": "TB2_Bucida", "Tinggi_Pok": 5.0, "Silara_Pok": 0.0, "Catatan": null, "Ukur_Lilit": 10, "Northing": null, "Easthing": null, "Ln_TAGB_": 3.855, "TAGB": 47.229, "CO2_Stock": 23.614, "NAMA JALAN": "JALAN SATOK", "KTG JLN": "JRB", "PJG JLN": 1.351, "LBR JLN": 12.9, "JENIS SRT": "SRT1", "CON OF RD": "C1", "TARIKH": null, "NORTHING_2": 1.553103, "EASTING": 110.337785, "CATATAN_2": null, "NORTH AKK": 1.553661, "EAST AKHR": 110.325951, "Road_type": "Main road" }, "geometry": { "type": "MultiPolygon", "coordinates": [ [ [ [ 110.331036288597915, 1.553326404635774 ], [ 110.33102363885979, 1.553301418018501 ], [ 110.330838755377243, 1.553311398646792 ], [ 110.330831160713601, 1.553326397618456 ], [ 110.330825881411272, 1.553359934581749 ], [ 110.330831158445832, 1.553393471906291 ], [ 110.33084647526475, 1.553423726725205 ], [ 110.330870332551299, 1.553447737486101 ], [ 110.330900394988248, 1.553463153848402 ], [ 110.330933719854769, 1.553468466751036 ], [ 110.330967045080513, 1.553463156129888 ], [ 110.330997108559899, 1.553447741825447 ], [ 110.331020967469826, 1.553423732697142 ], [ 110.33103628633377, 1.553393478925746 ], [ 110.331041565634649, 1.553359941961319 ], [ 110.331036288597915, 1.553326404635774 ] ] ] ] } },
{ "type": "Feature", "properties": { "fid_1": 211.0, "Lokasi": "Jalan_Satok", "Pemilik": "Dbku", "Tarikh_Dit": null, "Jenis_Poko": "TB2_Bucida", "Tinggi_Pok": 5.0, "Silara_Pok": 0.0, "Catatan": null, "Ukur_Lilit": 16, "Northing": null, "Easthing": null, "Ln_TAGB_": 4.888, "TAGB": 132.688, "CO2_Stock": 66.344, "NAMA JALAN": "JALAN SATOK", "KTG JLN": "JRB", "PJG JLN": 1.351, "LBR JLN": 12.9, "JENIS SRT": "SRT1", "CON OF RD": "C1", "TARIKH": null, "NORTHING_2": 1.553103, "EASTING": 110.337785, "CATATAN_2": null, "NORTH AKK": 1.553661, "EAST AKHR": 110.325951, "Road_type": "Main road" }, "geometry": { "type": "MultiPolygon", "coordinates": [ [ [ [ 110.330997904459053, 1.553327735878841 ], [ 110.330985619812495, 1.553303470414521 ], [ 110.330799985565449, 1.553313491569593 ], [ 110.33079277657589, 1.553327728859387 ], [ 110.330787497273221, 1.553361265822409 ], [ 110.33079277430744, 1.553394803146795 ], [ 110.330808091125945, 1.553425057965688 ], [ 110.330831948412111, 1.553449068726689 ], [ 110.330862010848733, 1.553464485089202 ], [ 110.330895335714999, 1.553469797992151 ], [ 110.330928660940629, 1.553464487371371 ], [ 110.33095872442, 1.553449073067342 ], [ 110.330982583330041, 1.553425063939434 ], [ 110.330997902194198, 1.553394810168402 ], [ 110.331003181495404, 1.553361273204237 ], [ 110.330997904459053, 1.553327735878841 ] ] ] ] } },
{ "type": "Feature", "properties": { "fid_1": 212.0, "Lokasi": "Jalan_Satok", "Pemilik": "Dbku", "Tarikh_Dit": null, "Jenis_Poko": "TB2_Bucida", "Tinggi_Pok": 5.0, "Silara_Pok": 0.0, "Catatan": null, "Ukur_Lilit": 13, "Northing": null, "Easthing": null, "Ln_TAGB_": 4.432, "TAGB": 84.099, "CO2_Stock": 42.05, "NAMA JALAN": "JALAN SATOK", "KTG JLN": "JRB", "PJG JLN": 1.351, "LBR JLN": 12.9, "JENIS SRT": "SRT1", "CON OF RD": "C1", "TARIKH": null, "NORTHING_2": 1.553103, "EASTING": 110.337785, "CATATAN_2": null, "NORTH AKK": 1.553661, "EAST AKHR": 110.325951, "Road_type": "Main road" }, "geometry": { "type": "MultiPolygon", "coordinates": [ [ [ [ 110.330839125591993, 1.553333163222041 ], [ 110.330828390321003, 1.553311958186868 ], [ 110.330639569979112, 1.553322151329646 ], [ 110.330633997713591, 1.553333156193721 ], [ 110.330628718409628, 1.553366693155658 ], [ 110.330633995442284, 1.553400230479411 ], [ 110.330649312259141, 1.553430485298173 ], [ 110.330673169543758, 1.553454496059585 ], [ 110.330703231979015, 1.553469912422994 ], [ 110.330736556844272, 1.553475225327244 ], [ 110.330769882069333, 1.553469914708058 ], [ 110.330799945548691, 1.553454500405708 ], [ 110.330823804459186, 1.55343049127945 ], [ 110.330839123324296, 1.553400237509861 ], [ 110.330844402626795, 1.55336670054679 ], [ 110.330839125591993, 1.553333163222041 ] ] ] ] } },
{ "type": "Feature", "properties": { "fid_1": 213.0, "Lokasi": "Jalan_Satok", "Pemilik": "Dbku", "Tarikh_Dit": null, "Jenis_Poko": "TB2_Bucida", "Tinggi_Pok": 5.0, "Silara_Pok": 0.0, "Catatan": null, "Ukur_Lilit": 14, "Northing": null, "Easthing": null, "Ln_TAGB_": 4.594, "TAGB": 98.889, "CO2_Stock": 49.444, "NAMA JALAN": "JALAN SATOK", "KTG JLN": "JRB", "PJG JLN": 1.351, "LBR JLN": 12.9, "JENIS SRT": "SRT1", "CON OF RD": "C1", "TARIKH": null, "NORTHING_2": 1.553103, "EASTING": 110.337785, "CATATAN_2": null, "NORTH AKK": 1.553661, "EAST AKHR": 110.325951, "Road_type": "Main road" }, "geometry": { "type": "MultiPolygon", "coordinates": [ [ [ [ 110.330765019797994, 1.553338488191731 ], [ 110.330753631826568, 1.553315993897349 ], [ 110.330566153686206, 1.553326114579815 ], [ 110.330559891921666, 1.553338481159191 ], [ 110.330554612617064, 1.553372018120607 ], [ 110.330559889648995, 1.553405555444033 ], [ 110.330575206465099, 1.553435810262728 ], [ 110.330599063748963, 1.553459821024341 ], [ 110.330629126183595, 1.553475237388172 ], [ 110.330662451048426, 1.553480550293026 ], [ 110.330695776273274, 1.553475239674591 ], [ 110.330725839752617, 1.553459825373066 ], [ 110.330749698663368, 1.553435816247605 ], [ 110.330765017528947, 1.553405562478701 ], [ 110.330770296832071, 1.553372025516183 ], [ 110.330765019797994, 1.553338488191731 ] ] ] ] } },
{ "type": "Feature", "properties": { "fid_1": 214.0, "Lokasi": "Jalan_Satok", "Pemilik": "Dbku", "Tarikh_Dit": null, "Jenis_Poko": "TB2_Bucida", "Tinggi_Pok": 5.0, "Silara_Pok": 0.0, "Catatan": null, "Ukur_Lilit": 12, "Northing": null, "Easthing": null, "Ln_TAGB_": 4.256, "TAGB": 70.527, "CO2_Stock": 35.264, "NAMA JALAN": "JALAN SATOK", "KTG JLN": "JRB", "PJG JLN": 1.351, "LBR JLN": 12.9, "JENIS SRT": "SRT1", "CON OF RD": "C1", "TARIKH": null, "NORTHING_2": 1.553103, "EASTING": 110.337785, "CATATAN_2": null, "NORTH AKK": 1.553661, "EAST AKHR": 110.325951, "Road_type": "Main road" }, "geometry": { "type": "MultiPolygon", "coordinates": [ [ [ [ 110.329934015034411, 1.55338650158957 ], [ 110.329923801543885, 1.553366327198665 ], [ 110.329732914065403, 1.553378541680782 ], [ 110.329728887181972, 1.553386494510056 ], [ 110.329723607870434, 1.553420031465576 ], [ 110.329728884894138, 1.553453568785542 ], [ 110.329744201701629, 1.553483823603524 ], [ 110.32976805897728, 1.553507834367248 ], [ 110.329798121404949, 1.553523250735793 ], [ 110.329831446264691, 1.55352856364755 ], [ 110.329864771486854, 1.553523253037478 ], [ 110.329894834966197, 1.553507838744985 ], [ 110.329918693879563, 1.55348382962835 ], [ 110.329934012750201, 1.553453575867164 ], [ 110.329939292060303, 1.553420038910522 ], [ 110.329934015034411, 1.55338650158957 ] ] ] ] } },
{ "type": "Feature", "properties": { "fid_1": 215.0, "Lokasi": "Jalan_Satok", "Pemilik": "Dbku", "Tarikh_Dit": null, "Jenis_Poko": "TB2_Bucida", "Tinggi_Pok": 5.0, "Silara_Pok": 0.0, "Catatan": null, "Ukur_Lilit": 10, "Northing": null, "Easthing": null, "Ln_TAGB_": 3.855, "TAGB": 47.229, "CO2_Stock": 23.614, "NAMA JALAN": "JALAN SATOK", "KTG JLN": "JRB", "PJG JLN": 1.351, "LBR JLN": 12.9, "JENIS SRT": "SRT1", "CON OF RD": "C1", "TARIKH": null, "NORTHING_2": 1.553103, "EASTING": 110.337785, "CATATAN_2": null, "NORTH AKK": 1.553661, "EAST AKHR": 110.325951, "Road_type": "Main road" }, "geometry": { "type": "MultiPolygon", "coordinates": [ [ [ [ 110.329833506277652, 1.553387500024159 ], [ 110.329825956948056, 1.553372588066684 ], [ 110.329629562266291, 1.553385154937446 ], [ 110.329628378428382, 1.553387492939138 ], [ 110.329623099116006, 1.553421029893987 ], [ 110.329628376138771, 1.553454567213549 ], [ 110.329643692945211, 1.553484822031478 ], [ 110.329667550219867, 1.55350883279545 ], [ 110.329697612646655, 1.553524249164583 ], [ 110.329730937505744, 1.553529562077142 ], [ 110.329764262727522, 1.553524251468059 ], [ 110.329794326206823, 1.553508837176616 ], [ 110.329818185120487, 1.553484828060977 ], [ 110.329833503991665, 1.553454574300702 ], [ 110.329838783302563, 1.553421037344734 ], [ 110.329833506277652, 1.553387500024159 ] ] ] ] } },
{ "type": "Feature", "properties": { "fid_1": 216.0, "Lokasi": "Jalan_Satok", "Pemilik": "Dbku", "Tarikh_Dit": null, "Jenis_Poko": "TB2_Bucida", "Tinggi_Pok": 5.0, "Silara_Pok": 0.0, "Catatan": null, "Ukur_Lilit": 12, "Northing": null, "Easthing": null, "Ln_TAGB_": 4.256, "TAGB": 70.527, "CO2_Stock": 35.264, "NAMA JALAN": "JALAN SATOK", "KTG JLN": "JRB", "PJG JLN": 1.351, "LBR JLN": 12.9, "JENIS SRT": "SRT1", "CON OF RD": "C1", "TARIKH": null, "NORTHING_2": 1.553103, "EASTING": 110.337785, "CATATAN_2": null, "NORTH AKK": 1.553661, "EAST AKHR": 110.325951, "Road_type": "Main road" }, "geometry": { "type": "MultiPolygon", "coordinates": [ [ [ [ 110.329778925363641, 1.553394156235082 ], [ 110.329769824638234, 1.553376179852842 ], [ 110.32957663691856, 1.553388541514103 ], [ 110.329573797515735, 1.553394149146882 ], [ 110.329568518202876, 1.553427686101298 ], [ 110.329573795225087, 1.553461223420616 ], [ 110.329589112030959, 1.553491478238483 ], [ 110.329612969305089, 1.5535154890026 ], [ 110.329643031731436, 1.553530905372046 ], [ 110.329676356590227, 1.553536218285061 ], [ 110.329709681811863, 1.553530907676548 ], [ 110.329739745291178, 1.553515493385726 ], [ 110.329763604205056, 1.553491484270703 ], [ 110.329778923076617, 1.553461230510972 ], [ 110.329784202387998, 1.553427693555409 ], [ 110.329778925363641, 1.553394156235082 ] ] ] ] } },
{ "type": "Feature", "properties": { "fid_1": 217.0, "Lokasi": "Jalan_Satok", "Pemilik": "Dbku", "Tarikh_Dit": null, "Jenis_Poko": "TB2_Bucida", "Tinggi_Pok": 5.0, "Silara_Pok": 0.0, "Catatan": null, "Ukur_Lilit": 14, "Northing": null, "Easthing": null, "Ln_TAGB_": 4.594, "TAGB": 98.889, "CO2_Stock": 49.444, "NAMA JALAN": "JALAN SATOK", "KTG JLN": "JRB", "PJG JLN": 1.351, "LBR JLN": 12.9, "JENIS SRT": "SRT1", "CON OF RD": "C1", "TARIKH": null, "NORTHING_2": 1.553103, "EASTING": 110.337785, "CATATAN_2": null, "NORTH AKK": 1.553661, "EAST AKHR": 110.325951, "Road_type": "Main road" }, "geometry": { "type": "MultiPolygon", "coordinates": [ [ [ [ 110.329723678828472, 1.553394156236839 ], [ 110.32971631162917, 1.553379604034743 ], [ 110.329567955523331, 1.553389097017427 ], [ 110.329519899828924, 1.553391485262913 ], [ 110.329518550982328, 1.553394149145617 ], [ 110.329513271669043, 1.553427686099683 ], [ 110.329518548690714, 1.553461223418792 ], [ 110.329533865496003, 1.553491478236604 ], [ 110.329557722769579, 1.553515489000856 ], [ 110.329587785195457, 1.553530905370613 ], [ 110.329621110053864, 1.553536218284089 ], [ 110.329654435275302, 1.553530907676113 ], [ 110.329684498754574, 1.553515493385882 ], [ 110.329708357668608, 1.55349148427142 ], [ 110.329723676540468, 1.553461230512148 ], [ 110.329728955852289, 1.553427693556957 ], [ 110.329723678828472, 1.553394156236839 ] ] ] ] } },
{ "type": "Feature", "properties": { "fid_1": 218.0, "Lokasi": "Jalan_Satok", "Pemilik": "Dbku", "Tarikh_Dit": null, "Jenis_Poko": "TB2_Bucida", "Tinggi_Pok": 5.0, "Silara_Pok": 0.0, "Catatan": null, "Ukur_Lilit": 16, "Northing": null, "Easthing": null, "Ln_TAGB_": 4.888, "TAGB": 132.688, "CO2_Stock": 66.344, "NAMA JALAN": "JALAN SATOK", "KTG JLN": "JRB", "PJG JLN": 1.351, "LBR JLN": 12.9, "JENIS SRT": "SRT1", "CON OF RD": "C1", "TARIKH": null, "NORTHING_2": 1.553103, "EASTING": 110.337785, "CATATAN_2": null, "NORTH AKK": 1.553661, "EAST AKHR": 110.325951, "Road_type": "Main road" }, "geometry": { "type": "MultiPolygon", "coordinates": [ [ [ [ 110.329665769809907, 1.553401478068815 ], [ 110.329656629239707, 1.553383422981022 ], [ 110.329567955523331, 1.553389097017427 ], [ 110.329464299047473, 1.553394248479208 ], [ 110.329460641965213, 1.553401470974191 ], [ 110.329455362651416, 1.553435007927798 ], [ 110.32946063967249, 1.553468545246656 ], [ 110.329475956477182, 1.55349880006441 ], [ 110.329499813750203, 1.553522810828795 ], [ 110.329529876175599, 1.553538227198896 ], [ 110.329563201033693, 1.55354354011286 ], [ 110.329596526255003, 1.553538229505478 ], [ 110.329626589734318, 1.553522815215898 ], [ 110.32965044864855, 1.553498806102088 ], [ 110.329665767520794, 1.553468552343414 ], [ 110.329671046833155, 1.553435015388658 ], [ 110.329665769809907, 1.553401478068815 ] ] ] ] } },
{ "type": "Feature", "properties": { "fid_1": 219.0, "Lokasi": "Jalan_Satok", "Pemilik": "Dbku", "Tarikh_Dit": null, "Jenis_Poko": "TB2_Bucida", "Tinggi_Pok": 4.0, "Silara_Pok": 0.0, "Catatan": null, "Ukur_Lilit": 15, "Northing": null, "Easthing": null, "Ln_TAGB_": 4.746, "TAGB": 115.123, "CO2_Stock": 57.562, "NAMA JALAN": "JALAN SATOK", "KTG JLN": "JRB", "PJG JLN": 1.351, "LBR JLN": 12.9, "JENIS SRT": "SRT1", "CON OF RD": "C1", "TARIKH": null, "NORTHING_2": 1.553103, "EASTING": 110.337785, "CATATAN_2": null, "NORTH AKK": 1.553661, "EAST AKHR": 110.325951, "Road_type": "Main road" }, "geometry": { "type": "MultiPolygon", "coordinates": [ [ [ [ 110.329615848242, 1.553402476501771 ], [ 110.329607784504816, 1.55338654844863 ], [ 110.329567955523331, 1.553389097017427 ], [ 110.329413607423575, 1.553396767722213 ], [ 110.329410720398869, 1.553402469404388 ], [ 110.329405441084646, 1.553436006357682 ], [ 110.329410718105251, 1.553469543676306 ], [ 110.329426034909432, 1.553499798494034 ], [ 110.329449892181955, 1.553523809258554 ], [ 110.329479954606924, 1.553539225628943 ], [ 110.329513279464692, 1.553544538543288 ], [ 110.329546604685802, 1.553539227936421 ], [ 110.329576668165103, 1.553523813647369 ], [ 110.329600527079492, 1.553499804534068 ], [ 110.32961584595202, 1.553469550775824 ], [ 110.329621125264765, 1.553436013821418 ], [ 110.329615848242, 1.553402476501771 ] ] ] ] } },
{ "type": "Feature", "properties": { "fid_1": 220.0, "Lokasi": "Jalan_Satok", "Pemilik": "Dbku", "Tarikh_Dit": null, "Jenis_Poko": "TB2_Bucida", "Tinggi_Pok": 4.0, "Silara_Pok": 0.0, "Catatan": null, "Ukur_Lilit": 11, "Northing": null, "Easthing": null, "Ln_TAGB_": 4.065, "TAGB": 58.265, "CO2_Stock": 29.133, "NAMA JALAN": "JALAN SATOK", "KTG JLN": "JRB", "PJG JLN": 1.351, "LBR JLN": 12.9, "JENIS SRT": "SRT1", "CON OF RD": "C1", "TARIKH": null, "NORTHING_2": 1.553103, "EASTING": 110.337785, "CATATAN_2": null, "NORTH AKK": 1.553661, "EAST AKHR": 110.325951, "Road_type": "Main road" }, "geometry": { "type": "MultiPolygon", "coordinates": [ [ [ [ 110.329566592295166, 1.553407468660232 ], [ 110.329557553187456, 1.553389613987056 ], [ 110.32936567301094, 1.553399149938268 ], [ 110.329361464453314, 1.553407461560003 ], [ 110.329356185138664, 1.553440998512926 ], [ 110.329361462158772, 1.553474535831346 ], [ 110.329376778962441, 1.553504790649021 ], [ 110.329400636234482, 1.553528801413659 ], [ 110.329430698659053, 1.553544217784302 ], [ 110.329464023516536, 1.553549530699105 ], [ 110.329497348737519, 1.553544220092734 ], [ 110.329527412216834, 1.553528805804242 ], [ 110.329551271131393, 1.553504796691473 ], [ 110.329566590004234, 1.553474542933702 ], [ 110.329571869317419, 1.55344100597967 ], [ 110.329566592295166, 1.553407468660232 ] ] ] ] } },
{ "type": "Feature", "properties": { "fid_1": 221.0, "Lokasi": "Jalan_Satok", "Pemilik": "Dbku", "Tarikh_Dit": null, "Jenis_Poko": "TB2_Bucida", "Tinggi_Pok": 5.0, "Silara_Pok": 0.0, "Catatan": null, "Ukur_Lilit": 13, "Northing": null, "Easthing": null, "Ln_TAGB_": 4.432, "TAGB": 84.099, "CO2_Stock": 42.05, "NAMA JALAN": "JALAN SATOK", "KTG JLN": "JRB", "PJG JLN": 1.351, "LBR JLN": 12.9, "JENIS SRT": "SRT1", "CON OF RD": "C1", "TARIKH": null, "NORTHING_2": 1.553103, "EASTING": 110.337785, "CATATAN_2": null, "NORTH AKK": 1.553661, "EAST AKHR": 110.325951, "Road_type": "Main road" }, "geometry": { "type": "MultiPolygon", "coordinates": [ [ [ [ 110.329333343295318, 1.553420145791568 ], [ 110.329323768250703, 1.553401232495718 ], [ 110.329175564916099, 1.553408597811561 ], [ 110.329133789445493, 1.553409130429404 ], [ 110.32912821546023, 1.553420138678203 ], [ 110.329122936143648, 1.553453675629459 ], [ 110.329128213161454, 1.553487212946925 ], [ 110.329143529962707, 1.553517467764401 ], [ 110.329167387232445, 1.55354147852964 ], [ 110.329197449655041, 1.55355689490161 ], [ 110.329230774511103, 1.55356220781833 ], [ 110.329264099731319, 1.553556897214296 ], [ 110.329294163210605, 1.553541482928332 ], [ 110.329318022125918, 1.553517473818036 ], [ 110.329333341000165, 1.553487220062437 ], [ 110.329338620315298, 1.553453683110034 ], [ 110.329333343295318, 1.553420145791568 ] ] ] ] } },
{ "type": "Feature", "properties": { "fid_1": 222.0, "Lokasi": "Jalan_Satok", "Pemilik": "Dbku", "Tarikh_Dit": null, "Jenis_Poko": "TB2_Bucida", "Tinggi_Pok": 4.0, "Silara_Pok": 0.0, "Catatan": null, "Ukur_Lilit": 14, "Northing": null, "Easthing": null, "Ln_TAGB_": 4.594, "TAGB": 98.889, "CO2_Stock": 49.444, "NAMA JALAN": "JALAN SATOK", "KTG JLN": "JRB", "PJG JLN": 1.351, "LBR JLN": 12.9, "JENIS SRT": "SRT1", "CON OF RD": "C1", "TARIKH": null, "NORTHING_2": 1.553103, "EASTING": 110.337785, "CATATAN_2": null, "NORTH AKK": 1.553661, "EAST AKHR": 110.325951, "Road_type": "Main road" }, "geometry": { "type": "MultiPolygon", "coordinates": [ [ [ [ 110.329273437413903, 1.553423074525516 ], [ 110.329263886286839, 1.553404208472519 ], [ 110.329175564916099, 1.553408597811561 ], [ 110.329074986907884, 1.553409880133613 ], [ 110.329068309580563, 1.553423067408777 ], [ 110.329063030263498, 1.553456604359623 ], [ 110.329068307280707, 1.553490141676835 ], [ 110.329083624081335, 1.553520396494267 ], [ 110.329107481350462, 1.553544407259648 ], [ 110.329137543772575, 1.553559823631961 ], [ 110.329170868628253, 1.553565136549179 ], [ 110.329204193848255, 1.553559825945749 ], [ 110.32923425732757, 1.553544411660428 ], [ 110.329258116243039, 1.553520402550754 ], [ 110.32927343511767, 1.553490148795711 ], [ 110.329278714433286, 1.553456611843744 ], [ 110.329273437413903, 1.553423074525516 ] ] ] ] } },
{ "type": "Feature", "properties": { "fid_1": 223.0, "Lokasi": "Jalan_Satok", "Pemilik": "Dbku", "Tarikh_Dit": null, "Jenis_Poko": "TB2_Bucida", "Tinggi_Pok": 5.0, "Silara_Pok": 0.0, "Catatan": null, "Ukur_Lilit": 12, "Northing": null, "Easthing": null, "Ln_TAGB_": 4.256, "TAGB": 70.527, "CO2_Stock": 35.264, "NAMA JALAN": "JALAN SATOK", "KTG JLN": "JRB", "PJG JLN": 1.351, "LBR JLN": 12.9, "JENIS SRT": "SRT1", "CON OF RD": "C1", "TARIKH": null, "NORTHING_2": 1.553103, "EASTING": 110.337785, "CATATAN_2": null, "NORTH AKK": 1.553661, "EAST AKHR": 110.325951, "Road_type": "Main road" }, "geometry": { "type": "MultiPolygon", "coordinates": [ [ [ [ 110.328941159458154, 1.553435588209396 ], [ 110.328929171454533, 1.553411908662564 ], [ 110.328905239038505, 1.553412590143641 ], [ 110.328890343555898, 1.553414059918948 ], [ 110.328851268596978, 1.553420696174907 ], [ 110.328739020853988, 1.553429677567275 ], [ 110.328736031634747, 1.55343558107411 ], [ 110.328730752314925, 1.553469118022658 ], [ 110.328736029328894, 1.553502655338521 ], [ 110.328751346126083, 1.553532910155695 ], [ 110.328775203391928, 1.553556920921913 ], [ 110.328805265811198, 1.55357233729613 ], [ 110.328838590664816, 1.553577650216054 ], [ 110.328871915883667, 1.553572339615941 ], [ 110.328901979362882, 1.553556925334152 ], [ 110.328925838279346, 1.553532916227965 ], [ 110.328941157155938, 1.553502662475938 ], [ 110.328946436474297, 1.553469125526269 ], [ 110.328941159458154, 1.553435588209396 ] ] ] ] } },
{ "type": "Feature", "properties": { "fid_1": 224.0, "Lokasi": "Jalan_Satok", "Pemilik": "Dbku", "Tarikh_Dit": null, "Jenis_Poko": "TB2_Bucida", "Tinggi_Pok": 5.0, "Silara_Pok": 0.0, "Catatan": null, "Ukur_Lilit": 16, "Northing": null, "Easthing": null, "Ln_TAGB_": 4.888, "TAGB": 132.688, "CO2_Stock": 66.344, "NAMA JALAN": "JALAN SATOK", "KTG JLN": "JRB", "PJG JLN": 1.351, "LBR JLN": 12.9, "JENIS SRT": "SRT1", "CON OF RD": "C1", "TARIKH": null, "NORTHING_2": 1.553103, "EASTING": 110.337785, "CATATAN_2": null, "NORTH AKK": 1.553661, "EAST AKHR": 110.325951, "Road_type": "Main road" }, "geometry": { "type": "MultiPolygon", "coordinates": [ [ [ [ 110.328883649811942, 1.553436386956336 ], [ 110.328873771405483, 1.553416874433346 ], [ 110.328851268596978, 1.553420696174907 ], [ 110.328679504351868, 1.553434439720011 ], [ 110.328678521990312, 1.553436379817877 ], [ 110.328673242670021, 1.553469916766046 ], [ 110.32867851968345, 1.553503454081673 ], [ 110.328693836480028, 1.553533708898799 ], [ 110.328717693745304, 1.553557719665186 ], [ 110.328747756164063, 1.553573136039703 ], [ 110.328781081017311, 1.553578448960109 ], [ 110.328814406235949, 1.553573138360557 ], [ 110.328844469715165, 1.553557724079383 ], [ 110.328868328631771, 1.55353371497377 ], [ 110.32888364750869, 1.553503461222253 ], [ 110.328888926827517, 1.553469924272975 ], [ 110.328883649811942, 1.553436386956336 ] ] ] ] } },
{ "type": "Feature", "properties": { "fid_1": 225.0, "Lokasi": "Jalan_Satok", "Pemilik": "Dbku", "Tarikh_Dit": null, "Jenis_Poko": "TB2_Bucida", "Tinggi_Pok": 5.0, "Silara_Pok": 0.0, "Catatan": null, "Ukur_Lilit": 11, "Northing": null, "Easthing": null, "Ln_TAGB_": 4.065, "TAGB": 58.265, "CO2_Stock": 29.133, "NAMA JALAN": "JALAN SATOK", "KTG JLN": "JRB", "PJG JLN": 1.351, "LBR JLN": 12.9, "JENIS SRT": "SRT1", "CON OF RD": "C1", "TARIKH": null, "NORTHING_2": 1.553103, "EASTING": 110.337785, "CATATAN_2": null, "NORTH AKK": 1.553661, "EAST AKHR": 110.325951, "Road_type": "Main road" }, "geometry": { "type": "MultiPolygon", "coordinates": [ [ [ [ 110.328832530126576, 1.553442244422032 ], [ 110.328822775317619, 1.553422976036866 ], [ 110.328677509463816, 1.553434599338951 ], [ 110.328629784337693, 1.5534375329292 ], [ 110.328627402306267, 1.553442237280609 ], [ 110.328622122985507, 1.553475774228405 ], [ 110.328627399998425, 1.553509311543786 ], [ 110.328642716794491, 1.553539566360863 ], [ 110.328666574059255, 1.55356357712737 ], [ 110.328696636477602, 1.553578993502183 ], [ 110.328729961330552, 1.553584306423023 ], [ 110.328763286549076, 1.553578995823995 ], [ 110.328793350028292, 1.553563581543408 ], [ 110.328817208945111, 1.553539572438356 ], [ 110.328832527822357, 1.553509318687353 ], [ 110.328837807141625, 1.55347578173847 ], [ 110.328832530126576, 1.553442244422032 ] ] ] ] } },
{ "type": "Feature", "properties": { "fid_1": 226.0, "Lokasi": "Jalan_Satok", "Pemilik": "Dbku", "Tarikh_Dit": null, "Jenis_Poko": "TB2_Bucida", "Tinggi_Pok": 5.0, "Silara_Pok": 0.0, "Catatan": null, "Ukur_Lilit": 14, "Northing": null, "Easthing": null, "Ln_TAGB_": 4.594, "TAGB": 98.889, "CO2_Stock": 49.444, "NAMA JALAN": "JALAN SATOK", "KTG JLN": "JRB", "PJG JLN": 1.351, "LBR JLN": 12.9, "JENIS SRT": "SRT1", "CON OF RD": "C1", "TARIKH": null, "NORTHING_2": 1.553103, "EASTING": 110.337785, "CATATAN_2": null, "NORTH AKK": 1.553661, "EAST AKHR": 110.325951, "Road_type": "Main road" }, "geometry": { "type": "MultiPolygon", "coordinates": [ [ [ [ 110.328754785604985, 1.553448368136975 ], [ 110.328745077960775, 1.553429192913939 ], [ 110.328677509463816, 1.553434599338951 ], [ 110.328552742667, 1.553442268561134 ], [ 110.328549657786809, 1.553448360991105 ], [ 110.328544378465423, 1.553481897938335 ], [ 110.328549655477545, 1.553515435253374 ], [ 110.328564972272787, 1.553545690070367 ], [ 110.328588829536798, 1.553569700837086 ], [ 110.32861889195452, 1.553585117212344 ], [ 110.328652216807001, 1.553590430133822 ], [ 110.328685542025283, 1.553585119535592 ], [ 110.328715605504513, 1.553569705255864 ], [ 110.328739464421602, 1.55354569615166 ], [ 110.328754783299331, 1.553515442401388 ], [ 110.328760062619253, 1.553481905453059 ], [ 110.328754785604985, 1.553448368136975 ] ] ] ] } },
{ "type": "Feature", "properties": { "fid_1": 227.0, "Lokasi": "Jalan_Satok", "Pemilik": "Dbku", "Tarikh_Dit": null, "Jenis_Poko": "TB2_Bucida", "Tinggi_Pok": 5.0, "Silara_Pok": 0.0, "Catatan": null, "Ukur_Lilit": 10, "Northing": null, "Easthing": null, "Ln_TAGB_": 3.855, "TAGB": 47.229, "CO2_Stock": 23.614, "NAMA JALAN": "JALAN SATOK", "KTG JLN": "JRB", "PJG JLN": 1.351, "LBR JLN": 12.9, "JENIS SRT": "SRT1", "CON OF RD": "C1", "TARIKH": null, "NORTHING_2": 1.553103, "EASTING": 110.337785, "CATATAN_2": null, "NORTH AKK": 1.553661, "EAST AKHR": 110.325951, "Road_type": "Main road" }, "geometry": { "type": "MultiPolygon", "coordinates": [ [ [ [ 110.32867411235128, 1.553450231878136 ], [ 110.328666539597236, 1.553435273639851 ], [ 110.328470451867261, 1.553447326847033 ], [ 110.328468984535576, 1.553450224727807 ], [ 110.328463705213537, 1.553483761674463 ], [ 110.328468982224877, 1.553517298989219 ], [ 110.328484299019294, 1.553547553806145 ], [ 110.32850815628251, 1.553571564573064 ], [ 110.328538218699521, 1.553586980948772 ], [ 110.328571543551476, 1.553592293870913 ], [ 110.328604868769474, 1.553586983273479 ], [ 110.328634932248676, 1.553571568994598 ], [ 110.328658791165992, 1.553547559891227 ], [ 110.32867411004419, 1.553517306141682 ], [ 110.32867938936478, 1.553483769193901 ], [ 110.32867411235128, 1.553450231878136 ] ] ] ] } },
{ "type": "Feature", "properties": { "fid_1": 228.0, "Lokasi": "Jalan_Satok", "Pemilik": "Dbku", "Tarikh_Dit": null, "Jenis_Poko": "TB2_Bucida", "Tinggi_Pok": 5.0, "Silara_Pok": 0.0, "Catatan": null, "Ukur_Lilit": 12, "Northing": null, "Easthing": null, "Ln_TAGB_": 4.256, "TAGB": 70.527, "CO2_Stock": 35.264, "NAMA JALAN": "JALAN SATOK", "KTG JLN": "JRB", "PJG JLN": 1.351, "LBR JLN": 12.9, "JENIS SRT": "SRT1", "CON OF RD": "C1", "TARIKH": null, "NORTHING_2": 1.553103, "EASTING": 110.337785, "CATATAN_2": null, "NORTH AKK": 1.553661, "EAST AKHR": 110.325951, "Road_type": "Main road" }, "geometry": { "type": "MultiPolygon", "coordinates": [ [ [ [ 110.328465159278807, 1.553463637080001 ], [ 110.328457310995901, 1.553448134595547 ], [ 110.328261792081918, 1.553460152827117 ], [ 110.328260031469071, 1.553463629917819 ], [ 110.32825475214527, 1.553497166863001 ], [ 110.328260029154549, 1.55353070417686 ], [ 110.328275345946793, 1.5535609589936 ], [ 110.328299203207933, 1.553584969761044 ], [ 110.328329265623211, 1.553600386137946 ], [ 110.328362590473901, 1.553605699061816 ], [ 110.328395915691232, 1.553600388466517 ], [ 110.328425979170447, 1.553584974189904 ], [ 110.328449838088432, 1.553560965088764 ], [ 110.328465156967908, 1.553530711341163 ], [ 110.32847043629026, 1.553497174394872 ], [ 110.328465159278807, 1.553463637080001 ] ] ] ] } },
{ "type": "Feature", "properties": { "fid_1": 229.0, "Lokasi": "Jalan_Satok", "Pemilik": "Dbku", "Tarikh_Dit": null, "Jenis_Poko": "TB2_Bucida", "Tinggi_Pok": 5.0, "Silara_Pok": 0.0, "Catatan": null, "Ukur_Lilit": 12, "Northing": null, "Easthing": null, "Ln_TAGB_": 4.256, "TAGB": 70.527, "CO2_Stock": 35.264, "NAMA JALAN": "JALAN SATOK", "KTG JLN": "JRB", "PJG JLN": 1.351, "LBR JLN": 12.9, "JENIS SRT": "SRT1", "CON OF RD": "C1", "TARIKH": null, "NORTHING_2": 1.553103, "EASTING": 110.337785, "CATATAN_2": null, "NORTH AKK": 1.553661, "EAST AKHR": 110.325951, "Road_type": "Main road" }, "geometry": { "type": "MultiPolygon", "coordinates": [ [ [ [ 110.328423890782744, 1.553466565813339 ], [ 110.32841585002339, 1.553450683135397 ], [ 110.328220728464061, 1.55346267693996 ], [ 110.328218762974146, 1.553466558648817 ], [ 110.328213483649989, 1.553500095593703 ], [ 110.328218760658871, 1.553533632907383 ], [ 110.328234077450688, 1.553563887724092 ], [ 110.328257934711417, 1.55358789849163 ], [ 110.328287997126353, 1.553603314868787 ], [ 110.328321321976787, 1.553608627793002 ], [ 110.328354647194004, 1.553603317198095 ], [ 110.328384710673205, 1.553587902921949 ], [ 110.328408569591332, 1.553563893821239 ], [ 110.328423888471079, 1.553533640074043 ], [ 110.328429167793772, 1.553500103128032 ], [ 110.328423890782744, 1.553466565813339 ] ] ] ] } },
{ "type": "Feature", "properties": { "fid_1": 230.0, "Lokasi": "Jalan_Satok", "Pemilik": "Dbku", "Tarikh_Dit": null, "Jenis_Poko": "TB2_Bucida", "Tinggi_Pok": 5.0, "Silara_Pok": 0.0, "Catatan": null, "Ukur_Lilit": 12, "Northing": null, "Easthing": null, "Ln_TAGB_": 4.256, "TAGB": 70.527, "CO2_Stock": 35.264, "NAMA JALAN": "JALAN SATOK", "KTG JLN": "JRB", "PJG JLN": 1.351, "LBR JLN": 12.9, "JENIS SRT": "SRT1", "CON OF RD": "C1", "TARIKH": null, "NORTHING_2": 1.553103, "EASTING": 110.337785, "CATATAN_2": null, "NORTH AKK": 1.553661, "EAST AKHR": 110.325951, "Road_type": "Main road" }, "geometry": { "type": "MultiPolygon", "coordinates": [ [ [ [ 110.328264674262456, 1.553476683256402 ], [ 110.328256471155214, 1.553460479895713 ], [ 110.328061684756562, 1.553472453089877 ], [ 110.328059546458391, 1.553476676082862 ], [ 110.328054267132899, 1.553510213026608 ], [ 110.328059544140203, 1.553543750339611 ], [ 110.328074860930357, 1.553574005156192 ], [ 110.328098718189537, 1.553598015924134 ], [ 110.328128780603123, 1.553613432302169 ], [ 110.328162105452606, 1.553618745227718 ], [ 110.328195430669297, 1.553613434634415 ], [ 110.328225494148512, 1.553598020360013 ], [ 110.328249353067164, 1.553574011260987 ], [ 110.328264671947878, 1.553543757515298 ], [ 110.328269951271906, 1.553510220570434 ], [ 110.328264674262456, 1.553476683256402 ] ] ] ] } },
{ "type": "Feature", "properties": { "fid_1": 231.0, "Lokasi": "Jalan_Satok", "Pemilik": "Dbku", "Tarikh_Dit": null, "Jenis_Poko": "TB2_Bucida", "Tinggi_Pok": 6.0, "Silara_Pok": 0.0, "Catatan": null, "Ukur_Lilit": 12, "Northing": null, "Easthing": null, "Ln_TAGB_": 4.256, "TAGB": 70.527, "CO2_Stock": 35.264, "NAMA JALAN": "JALAN SATOK", "KTG JLN": "JRB", "PJG JLN": 1.351, "LBR JLN": 12.9, "JENIS SRT": "SRT1", "CON OF RD": "C1", "TARIKH": null, "NORTHING_2": 1.553103, "EASTING": 110.337785, "CATATAN_2": null, "NORTH AKK": 1.553661, "EAST AKHR": 110.325951, "Road_type": "Main road" }, "geometry": { "type": "MultiPolygon", "coordinates": [ [ [ [ 110.328216749557313, 1.553479345741583 ], [ 110.328208685578232, 1.553463417196204 ], [ 110.328013611961609, 1.553475408042564 ], [ 110.328011621754655, 1.553479338565353 ], [ 110.328006342428765, 1.553512875508751 ], [ 110.3280116194356, 1.553546412821553 ], [ 110.328026936225257, 1.553576667638091 ], [ 110.328050793483953, 1.553600678406159 ], [ 110.328080855897142, 1.553616094784479 ], [ 110.328114180746326, 1.553621407710403 ], [ 110.32814750596286, 1.553616097117608 ], [ 110.328177569442076, 1.553600682843717 ], [ 110.32820142836087, 1.553576673745192 ], [ 110.328216747241868, 1.553546419999942 ], [ 110.328222026566309, 1.553512883055417 ], [ 110.328216749557313, 1.553479345741583 ] ] ] ] } },
{ "type": "Feature", "properties": { "fid_1": 232.0, "Lokasi": "Jalan_Satok", "Pemilik": "Dbku", "Tarikh_Dit": null, "Jenis_Poko": "TB2_Bucida", "Tinggi_Pok": 6.0, "Silara_Pok": 0.0, "Catatan": null, "Ukur_Lilit": 16, "Northing": null, "Easthing": null, "Ln_TAGB_": 4.888, "TAGB": 132.688, "CO2_Stock": 66.344, "NAMA JALAN": "JALAN SATOK", "KTG JLN": "JRB", "PJG JLN": 1.351, "LBR JLN": 12.9, "JENIS SRT": "SRT1", "CON OF RD": "C1", "TARIKH": null, "NORTHING_2": 1.553103, "EASTING": 110.337785, "CATATAN_2": null, "NORTH AKK": 1.553661, "EAST AKHR": 110.325951, "Road_type": "Main road" }, "geometry": { "type": "MultiPolygon", "coordinates": [ [ [ [ 110.328156044930779, 1.553482008227218 ], [ 110.328148505774408, 1.553467116348425 ], [ 110.32795234870251, 1.553479173789645 ], [ 110.327950917129925, 1.553482001047584 ], [ 110.327945637803523, 1.553515537990566 ], [ 110.327950914809762, 1.553549075303113 ], [ 110.327966231598793, 1.553579330119602 ], [ 110.327990088856893, 1.553603340887836 ], [ 110.328020151269556, 1.553618757266498 ], [ 110.32805347611837, 1.553624070192926 ], [ 110.328086801334706, 1.553618759600704 ], [ 110.328116864813921, 1.553603345327485 ], [ 110.328140723732901, 1.553579336229613 ], [ 110.328156042614253, 1.553549082484898 ], [ 110.328161321939191, 1.553515545540806 ], [ 110.328156044930779, 1.553482008227218 ] ] ] ] } },
{ "type": "Feature", "properties": { "fid_1": 233.0, "Lokasi": "Jalan_Satok", "Pemilik": "Dbku", "Tarikh_Dit": null, "Jenis_Poko": "TB2_Bucida", "Tinggi_Pok": 4.0, "Silara_Pok": 0.0, "Catatan": null, "Ukur_Lilit": 15, "Northing": null, "Easthing": null, "Ln_TAGB_": 4.746, "TAGB": 115.123, "CO2_Stock": 57.562, "NAMA JALAN": "JALAN SATOK", "KTG JLN": "JRB", "PJG JLN": 1.351, "LBR JLN": 12.9, "JENIS SRT": "SRT1", "CON OF RD": "C1", "TARIKH": null, "NORTHING_2": 1.553103, "EASTING": 110.337785, "CATATAN_2": null, "NORTH AKK": 1.553661, "EAST AKHR": 110.325951, "Road_type": "Main road" }, "geometry": { "type": "MultiPolygon", "coordinates": [ [ [ [ 110.327952364934049, 1.553494521906976 ], [ 110.327944828814168, 1.553479636024159 ], [ 110.327923536117822, 1.553480944849264 ], [ 110.327919381620305, 1.553481281424999 ], [ 110.327746583212758, 1.553498668783624 ], [ 110.327741957810886, 1.553528051657363 ], [ 110.327747234815121, 1.553561588969075 ], [ 110.327762551602035, 1.553591843785363 ], [ 110.327786408858117, 1.553615854554094 ], [ 110.327816471269088, 1.55363127093391 ], [ 110.327849796116638, 1.553636583862032 ], [ 110.327883121332349, 1.553631273271883 ], [ 110.327913184811536, 1.553615859000867 ], [ 110.327937043731154, 1.553591849905155 ], [ 110.327952362613772, 1.55356159616235 ], [ 110.327957641940401, 1.55352805921971 ], [ 110.327952364934049, 1.553494521906976 ] ] ] ] } },
{ "type": "Feature", "properties": { "fid_1": 234.0, "Lokasi": "Jalan_Satok", "Pemilik": "Dbku", "Tarikh_Dit": null, "Jenis_Poko": "TB2_Bucida", "Tinggi_Pok": 4.0, "Silara_Pok": 0.0, "Catatan": null, "Ukur_Lilit": 12, "Northing": null, "Easthing": null, "Ln_TAGB_": 4.256, "TAGB": 70.527, "CO2_Stock": 35.264, "NAMA JALAN": "JALAN SATOK", "KTG JLN": "JRB", "PJG JLN": 1.351, "LBR JLN": 12.9, "JENIS SRT": "SRT1", "CON OF RD": "C1", "TARIKH": null, "NORTHING_2": 1.553103, "EASTING": 110.337785, "CATATAN_2": null, "NORTH AKK": 1.553661, "EAST AKHR": 110.325951, "Road_type": "Main road" }, "geometry": { "type": "MultiPolygon", "coordinates": [ [ [ [ 110.327806460831795, 1.553503574356115 ], [ 110.327801195345828, 1.553493173590734 ], [ 110.327704546464616, 1.55350289861305 ], [ 110.327700338792866, 1.553503406210776 ], [ 110.327599115696771, 1.553517652836038 ], [ 110.327596053711602, 1.553537104097199 ], [ 110.327601330714387, 1.553570641408293 ], [ 110.327616647499781, 1.553600896224463 ], [ 110.327640504754456, 1.553624906993551 ], [ 110.327670567164191, 1.5536403233742 ], [ 110.327703892010859, 1.553645636303547 ], [ 110.327737217226087, 1.553640325714856 ], [ 110.327767280705274, 1.553624911445438 ], [ 110.32779113962539, 1.553600902351277 ], [ 110.327806458508874, 1.553570648609836 ], [ 110.327811737836726, 1.553537111668223 ], [ 110.327806460831795, 1.553503574356115 ] ] ] ] } },
{ "type": "Feature", "properties": { "fid_1": 235.0, "Lokasi": "Jalan_Satok", "Pemilik": "Dbku", "Tarikh_Dit": null, "Jenis_Poko": "TB2_Bucida", "Tinggi_Pok": 4.0, "Silara_Pok": 0.0, "Catatan": null, "Ukur_Lilit": 11, "Northing": null, "Easthing": null, "Ln_TAGB_": 4.065, "TAGB": 58.265, "CO2_Stock": 29.133, "NAMA JALAN": "JALAN SATOK", "KTG JLN": "JRB", "PJG JLN": 1.351, "LBR JLN": 12.9, "JENIS SRT": "SRT1", "CON OF RD": "C1", "TARIKH": null, "NORTHING_2": 1.553103, "EASTING": 110.337785, "CATATAN_2": null, "NORTH AKK": 1.553661, "EAST AKHR": 110.325951, "Road_type": "Main road" }, "geometry": { "type": "MultiPolygon", "coordinates": [ [ [ [ 110.327537717904988, 1.553526294254981 ], [ 110.327340568653298, 1.553554041976076 ], [ 110.327326921670519, 1.553557350979864 ], [ 110.327331121502326, 1.553584042482223 ], [ 110.327346438284948, 1.553614297298175 ], [ 110.327370295536909, 1.55363830806796 ], [ 110.327400357944356, 1.553653724450145 ], [ 110.327433682789362, 1.553659037381689 ], [ 110.327467008003708, 1.553653726795707 ], [ 110.327497071482867, 1.553638312529193 ], [ 110.327520930403807, 1.553614303437893 ], [ 110.327536249288912, 1.553584049698943 ], [ 110.327541528619022, 1.553550512759231 ], [ 110.327537717904988, 1.553526294254981 ] ] ] ] } },
{ "type": "Feature", "properties": { "fid_1": 236.0, "Lokasi": "Jalan_Satok", "Pemilik": "Dbku", "Tarikh_Dit": null, "Jenis_Poko": "TB2_Bucida", "Tinggi_Pok": 4.0, "Silara_Pok": 0.0, "Catatan": null, "Ukur_Lilit": 14, "Northing": null, "Easthing": null, "Ln_TAGB_": 4.594, "TAGB": 98.889, "CO2_Stock": 49.444, "NAMA JALAN": "JALAN SATOK", "KTG JLN": "JRB", "PJG JLN": 1.351, "LBR JLN": 12.9, "JENIS SRT": "SRT1", "CON OF RD": "C1", "TARIKH": null, "NORTHING_2": 1.553103, "EASTING": 110.337785, "CATATAN_2": null, "NORTH AKK": 1.553661, "EAST AKHR": 110.325951, "Road_type": "Main road" }, "geometry": { "type": "MultiPolygon", "coordinates": [ [ [ [ 110.327039082571559, 1.553663069154542 ], [ 110.32706914497625, 1.553678485538599 ], [ 110.32710246981928, 1.553683798472931 ], [ 110.327135795032575, 1.553678487890312 ], [ 110.327165858511805, 1.553663073627443 ], [ 110.327189717433839, 1.553639064539696 ], [ 110.327205036321018, 1.553608810803882 ], [ 110.327206640355115, 1.553598621184921 ], [ 110.327034691473159, 1.553658649799351 ], [ 110.327039082571559, 1.553663069154542 ] ] ] ] } },
{ "type": "Feature", "properties": { "fid_1": 237.0, "Lokasi": "Jalan_Satok", "Pemilik": "Dbku", "Tarikh_Dit": null, "Jenis_Poko": "TB2_Bucida", "Tinggi_Pok": 4.0, "Silara_Pok": 0.0, "Catatan": null, "Ukur_Lilit": 14, "Northing": null, "Easthing": null, "Ln_TAGB_": 4.594, "TAGB": 98.889, "CO2_Stock": 49.444, "NAMA JALAN": "JALAN SATOK", "KTG JLN": "JRB", "PJG JLN": 1.351, "LBR JLN": 12.9, "JENIS SRT": "SRT1", "CON OF RD": "C1", "TARIKH": null, "NORTHING_2": 1.553103, "EASTING": 110.337785, "CATATAN_2": null, "NORTH AKK": 1.553661, "EAST AKHR": 110.325951, "Road_type": "Main road" }, "geometry": { "type": "MultiPolygon", "coordinates": [ [ [ [ 110.326972008118886, 1.553685928457481 ], [ 110.327005333331726, 1.553680617876136 ], [ 110.327035396810885, 1.553665203614649 ], [ 110.327045744031267, 1.553654791270711 ], [ 110.326961398361249, 1.553684236957923 ], [ 110.326972008118886, 1.553685928457481 ] ] ] ] } },
{ "type": "Feature", "properties": { "fid_1": 250.0, "Lokasi": "Jalan_Satok", "Pemilik": "Dbku", "Tarikh_Dit": null, "Jenis_Poko": "TB2_Bucida", "Tinggi_Pok": 4.0, "Silara_Pok": 0.0, "Catatan": null, "Ukur_Lilit": 10, "Northing": null, "Easthing": null, "Ln_TAGB_": 3.855, "TAGB": 47.229, "CO2_Stock": 23.614, "NAMA JALAN": "JALAN SATOK", "KTG JLN": "JRB", "PJG JLN": 1.351, "LBR JLN": 12.9, "JENIS SRT": "SRT1", "CON OF RD": "C1", "TARIKH": null, "NORTHING_2": 1.553103, "EASTING": 110.337785, "CATATAN_2": null, "NORTH AKK": 1.553661, "EAST AKHR": 110.325951, "Road_type": "Main road" }, "geometry": { "type": "MultiPolygon", "coordinates": [ [ [ [ 110.335916935324434, 1.553170275979542 ], [ 110.335901618452908, 1.553140021156522 ], [ 110.33587776111672, 1.553116010408466 ], [ 110.335847698638304, 1.553100594074686 ], [ 110.335814373742465, 1.553095281213195 ], [ 110.335781048502, 1.553100591883757 ], [ 110.335750985023324, 1.553116006240785 ], [ 110.335727126128901, 1.553140015419536 ], [ 110.335711807293407, 1.553170269234356 ], [ 110.335706528031224, 1.553203806231159 ], [ 110.335711056804641, 1.553232587861592 ], [ 110.335789448717136, 1.553220655110216 ], [ 110.335920244668458, 1.553216313580039 ], [ 110.335922212408889, 1.553203813324578 ], [ 110.335916935324434, 1.553170275979542 ] ] ] ] } },
{ "type": "Feature", "properties": { "fid_1": 251.0, "Lokasi": "Jalan_Satok", "Pemilik": "Dbku", "Tarikh_Dit": null, "Jenis_Poko": "TB2_Bucida", "Tinggi_Pok": 4.0, "Silara_Pok": 0.0, "Catatan": null, "Ukur_Lilit": 10, "Northing": null, "Easthing": null, "Ln_TAGB_": 3.855, "TAGB": 47.229, "CO2_Stock": 23.614, "NAMA JALAN": "JALAN SATOK", "KTG JLN": "JRB", "PJG JLN": 1.351, "LBR JLN": 12.9, "JENIS SRT": "SRT1", "CON OF RD": "C1", "TARIKH": null, "NORTHING_2": 1.553103, "EASTING": 110.337785, "CATATAN_2": null, "NORTH AKK": 1.553661, "EAST AKHR": 110.325951, "Road_type": "Main road" }, "geometry": { "type": "MultiPolygon", "coordinates": [ [ [ [ 110.335827949205282, 1.553175009286685 ], [ 110.335812632334694, 1.553144754463725 ], [ 110.335788774999372, 1.553120743715448 ], [ 110.335758712521709, 1.55310532738116 ], [ 110.335725387626411, 1.553100014518924 ], [ 110.335692062386229, 1.553105325188586 ], [ 110.335661998907554, 1.553120739544649 ], [ 110.335638140012847, 1.553144748722467 ], [ 110.335622821176827, 1.553175002536468 ], [ 110.335617541913891, 1.553208539532661 ], [ 110.33562281899529, 1.553242076876317 ], [ 110.335624672111265, 1.553245737265172 ], [ 110.335789448717136, 1.553220655110216 ], [ 110.335831540153393, 1.553219257963185 ], [ 110.335833226288855, 1.55320854663135 ], [ 110.335827949205282, 1.553175009286685 ] ] ] ] } },
{ "type": "Feature", "properties": { "fid_1": 252.0, "Lokasi": "Jalan_Satok", "Pemilik": "Dbku", "Tarikh_Dit": null, "Jenis_Poko": "TB2_Bucida", "Tinggi_Pok": 4.0, "Silara_Pok": 0.0, "Catatan": null, "Ukur_Lilit": 14, "Northing": null, "Easthing": null, "Ln_TAGB_": 4.594, "TAGB": 98.889, "CO2_Stock": 49.444, "NAMA JALAN": "JALAN SATOK", "KTG JLN": "JRB", "PJG JLN": 1.351, "LBR JLN": 12.9, "JENIS SRT": "SRT1", "CON OF RD": "C1", "TARIKH": null, "NORTHING_2": 1.553103, "EASTING": 110.337785, "CATATAN_2": null, "NORTH AKK": 1.553661, "EAST AKHR": 110.325951, "Road_type": "Main road" }, "geometry": { "type": "MultiPolygon", "coordinates": [ [ [ [ 110.335744643051157, 1.553177849271932 ], [ 110.335729326181436, 1.553147594449045 ], [ 110.335705468846953, 1.553123583700532 ], [ 110.335675406369987, 1.553108167365767 ], [ 110.335642081475214, 1.553102854502864 ], [ 110.335608756235331, 1.553108165171697 ], [ 110.335578692756656, 1.553123579526874 ], [ 110.335554833861721, 1.553147588703824 ], [ 110.335539515025204, 1.553177842517066 ], [ 110.335534235761557, 1.55321137951267 ], [ 110.335539512842161, 1.553244916855999 ], [ 110.335542884128841, 1.553251576029575 ], [ 110.335608661981695, 1.553247712010271 ], [ 110.335618506089659, 1.553246675851588 ], [ 110.335747454878515, 1.553227047377434 ], [ 110.335749920133907, 1.553211386616261 ], [ 110.335744643051157, 1.553177849271932 ] ] ] ] } },
{ "type": "Feature", "properties": { "fid_1": 253.0, "Lokasi": "Jalan_Satok", "Pemilik": "Dbku", "Tarikh_Dit": null, "Jenis_Poko": "TB2_Bucida", "Tinggi_Pok": 4.0, "Silara_Pok": 0.0, "Catatan": null, "Ukur_Lilit": 11, "Northing": null, "Easthing": null, "Ln_TAGB_": 4.065, "TAGB": 58.265, "CO2_Stock": 29.133, "NAMA JALAN": "JALAN SATOK", "KTG JLN": "JRB", "PJG JLN": 1.351, "LBR JLN": 12.9, "JENIS SRT": "SRT1", "CON OF RD": "C1", "TARIKH": null, "NORTHING_2": 1.553103, "EASTING": 110.337785, "CATATAN_2": null, "NORTH AKK": 1.553661, "EAST AKHR": 110.325951, "Road_type": "Main road" }, "geometry": { "type": "MultiPolygon", "coordinates": [ [ [ [ 110.335651870288643, 1.553182582579197 ], [ 110.335636553419874, 1.553152327756388 ], [ 110.335612696086315, 1.553128317007642 ], [ 110.33558263361013, 1.553112900672345 ], [ 110.33554930871594, 1.55310758780866 ], [ 110.335515983476341, 1.553112898476572 ], [ 110.335485919997694, 1.553128312830745 ], [ 110.335462061102447, 1.55315232200672 ], [ 110.335446742265376, 1.553182575819099 ], [ 110.335441463000961, 1.553216112814063 ], [ 110.335446740080656, 1.553249650157013 ], [ 110.335450463623289, 1.553257005128699 ], [ 110.335608661981695, 1.553247712010271 ], [ 110.335618506089659, 1.553246675851588 ], [ 110.335653167933742, 1.55324139965589 ], [ 110.335657147370497, 1.553216119923161 ], [ 110.335651870288643, 1.553182582579197 ] ] ] ] } },
{ "type": "Feature", "properties": { "fid_1": 254.0, "Lokasi": "Jalan_Satok", "Pemilik": "Dbku", "Tarikh_Dit": null, "Jenis_Poko": "TB2_Bucida", "Tinggi_Pok": 4.0, "Silara_Pok": 0.0, "Catatan": null, "Ukur_Lilit": 10, "Northing": null, "Easthing": null, "Ln_TAGB_": 3.855, "TAGB": 47.229, "CO2_Stock": 23.614, "NAMA JALAN": "JALAN SATOK", "KTG JLN": "JRB", "PJG JLN": 1.351, "LBR JLN": 12.9, "JENIS SRT": "SRT1", "CON OF RD": "C1", "TARIKH": null, "NORTHING_2": 1.553103, "EASTING": 110.337785, "CATATAN_2": null, "NORTH AKK": 1.553661, "EAST AKHR": 110.325951, "Road_type": "Main road" }, "geometry": { "type": "MultiPolygon", "coordinates": [ [ [ [ 110.335561937508871, 1.553193942512427 ], [ 110.33554662064104, 1.553163687689714 ], [ 110.335522763308347, 1.553139676940761 ], [ 110.335492700832873, 1.553124260604931 ], [ 110.33545937593918, 1.553118947740475 ], [ 110.335426050699823, 1.55312425840745 ], [ 110.335395987221105, 1.553139672760586 ], [ 110.335372128325517, 1.553163681935544 ], [ 110.33535680948782, 1.553193935747042 ], [ 110.335351530222638, 1.553227472741319 ], [ 110.335356807301395, 1.553261010083853 ], [ 110.335357543158679, 1.553262463594739 ], [ 110.335563613148381, 1.553250358335165 ], [ 110.335567214589801, 1.553227479855977 ], [ 110.335561937508871, 1.553193942512427 ] ] ] ] } },
{ "type": "Feature", "properties": { "fid_1": 255.0, "Lokasi": "Jalan_Satok", "Pemilik": "Dbku", "Tarikh_Dit": null, "Jenis_Poko": "TB2_Bucida", "Tinggi_Pok": 6.0, "Silara_Pok": 0.0, "Catatan": null, "Ukur_Lilit": 14, "Northing": null, "Easthing": null, "Ln_TAGB_": 4.594, "TAGB": 98.889, "CO2_Stock": 49.444, "NAMA JALAN": "JALAN SATOK", "KTG JLN": "JRB", "PJG JLN": 1.351, "LBR JLN": 12.9, "JENIS SRT": "SRT1", "CON OF RD": "C1", "TARIKH": null, "NORTHING_2": 1.553103, "EASTING": 110.337785, "CATATAN_2": null, "NORTH AKK": 1.553661, "EAST AKHR": 110.325951, "Road_type": "Main road" }, "geometry": { "type": "MultiPolygon", "coordinates": [ [ [ [ 110.335477684693871, 1.553196782497723 ], [ 110.335462367826921, 1.553166527675066 ], [ 110.335438510495052, 1.553142516925893 ], [ 110.335408448020303, 1.553127100589573 ], [ 110.335375123127136, 1.55312178772444 ], [ 110.335341797888077, 1.553127098390558 ], [ 110.335311734409373, 1.553142512742793 ], [ 110.335287875513529, 1.553166521916899 ], [ 110.335272556675335, 1.553196775727618 ], [ 110.335267277409457, 1.553230312721316 ], [ 110.335272554487403, 1.553263850063506 ], [ 110.335274327370769, 1.55326735197283 ], [ 110.335479025192456, 1.553255327323906 ], [ 110.335482961773977, 1.553230319840936 ], [ 110.335477684693871, 1.553196782497723 ] ] ] ] } },
{ "type": "Feature", "properties": { "fid_1": 256.0, "Lokasi": "Jalan_Satok", "Pemilik": "Dbku", "Tarikh_Dit": null, "Jenis_Poko": "TB2_Bucida", "Tinggi_Pok": 4.0, "Silara_Pok": 0.0, "Catatan": null, "Ukur_Lilit": 15, "Northing": null, "Easthing": null, "Ln_TAGB_": 4.746, "TAGB": 115.123, "CO2_Stock": 57.562, "NAMA JALAN": "JALAN SATOK", "KTG JLN": "JRB", "PJG JLN": 1.351, "LBR JLN": 12.9, "JENIS SRT": "SRT1", "CON OF RD": "C1", "TARIKH": null, "NORTHING_2": 1.553103, "EASTING": 110.337785, "CATATAN_2": null, "NORTH AKK": 1.553661, "EAST AKHR": 110.325951, "Road_type": "Main road" }, "geometry": { "type": "MultiPolygon", "coordinates": [ [ [ [ 110.335388698574548, 1.55319678250057 ], [ 110.335373381708521, 1.553166527677974 ], [ 110.335349524377563, 1.553142516928549 ], [ 110.335319461903595, 1.553127100591754 ], [ 110.335286137011011, 1.553121787725869 ], [ 110.335252811772278, 1.553127098391133 ], [ 110.335222748293617, 1.553142512742445 ], [ 110.335198889397546, 1.553166521915646 ], [ 110.335183570558868, 1.55319677572559 ], [ 110.335178291292252, 1.553230312718699 ], [ 110.335183568369345, 1.553263850060557 ], [ 110.335196381101269, 1.553289158565257 ], [ 110.335230215051354, 1.553281955797137 ], [ 110.335251610626983, 1.553274989254678 ], [ 110.335267876008871, 1.55326773094766 ], [ 110.335389208522443, 1.55326060346319 ], [ 110.335393975653815, 1.553230319843437 ], [ 110.335388698574548, 1.55319678250057 ] ] ] ] } },
{ "type": "Feature", "properties": { "fid_1": 257.0, "Lokasi": "Jalan_Satok", "Pemilik": "Dbku", "Tarikh_Dit": null, "Jenis_Poko": "TB2_Bucida", "Tinggi_Pok": 4.0, "Silara_Pok": 0.0, "Catatan": null, "Ukur_Lilit": 14, "Northing": null, "Easthing": null, "Ln_TAGB_": 4.594, "TAGB": 98.889, "CO2_Stock": 49.444, "NAMA JALAN": "JALAN SATOK", "KTG JLN": "JRB", "PJG JLN": 1.351, "LBR JLN": 12.9, "JENIS SRT": "SRT1", "CON OF RD": "C1", "TARIKH": null, "NORTHING_2": 1.553103, "EASTING": 110.337785, "CATATAN_2": null, "NORTH AKK": 1.553661, "EAST AKHR": 110.325951, "Road_type": "Main road" }, "geometry": { "type": "MultiPolygon", "coordinates": [ [ [ [ 110.335296872472981, 1.553204355790408 ], [ 110.335281555607907, 1.553174100967869 ], [ 110.335257698277829, 1.55315009021823 ], [ 110.335227635804628, 1.553134673880883 ], [ 110.33519431091257, 1.553129361014261 ], [ 110.335160985674108, 1.553134671678573 ], [ 110.335130922195461, 1.553150086028875 ], [ 110.335107063299048, 1.55317409520108 ], [ 110.335091744459788, 1.553204349010153 ], [ 110.33508646519239, 1.553237886002583 ], [ 110.33509174226856, 1.55327142334405 ], [ 110.335104182385734, 1.553295995838408 ], [ 110.335178531105768, 1.553291695417376 ], [ 110.33519466200778, 1.553289524535882 ], [ 110.335230215051354, 1.553281955797137 ], [ 110.335251610626983, 1.553274989254678 ], [ 110.335267876008871, 1.55326773094766 ], [ 110.3352977286482, 1.553265977302477 ], [ 110.335302149551296, 1.553237893132884 ], [ 110.335296872472981, 1.553204355790408 ] ] ] ] } },
{ "type": "Feature", "properties": { "fid_1": 258.0, "Lokasi": "Jalan_Satok", "Pemilik": "Dbku", "Tarikh_Dit": null, "Jenis_Poko": "TB2_Bucida", "Tinggi_Pok": 6.0, "Silara_Pok": 0.0, "Catatan": null, "Ukur_Lilit": 14, "Northing": null, "Easthing": null, "Ln_TAGB_": 4.594, "TAGB": 98.889, "CO2_Stock": 49.444, "NAMA JALAN": "JALAN SATOK", "KTG JLN": "JRB", "PJG JLN": 1.351, "LBR JLN": 12.9, "JENIS SRT": "SRT1", "CON OF RD": "C1", "TARIKH": null, "NORTHING_2": 1.553103, "EASTING": 110.337785, "CATATAN_2": null, "NORTH AKK": 1.553661, "EAST AKHR": 110.325951, "Road_type": "Main road" }, "geometry": { "type": "MultiPolygon", "coordinates": [ [ [ [ 110.335206304551306, 1.553212946673171 ], [ 110.335190987687156, 1.553182691850745 ], [ 110.335167130357988, 1.553158681100858 ], [ 110.335137067885526, 1.553143264763005 ], [ 110.335103742994008, 1.553137951895591 ], [ 110.335070417755787, 1.553143262558984 ], [ 110.335040354277083, 1.55315867690828 ], [ 110.335016495380373, 1.553182686079486 ], [ 110.335001176540516, 1.553212939887691 ], [ 110.33499589727235, 1.553246476879453 ], [ 110.33500117434761, 1.553280014220526 ], [ 110.33501196559628, 1.553301329768349 ], [ 110.335178531105768, 1.553291695417376 ], [ 110.33519466200778, 1.553289524535882 ], [ 110.335202315279076, 1.553287895262988 ], [ 110.335206302362025, 1.553280021008134 ], [ 110.335211581628727, 1.553246484015241 ], [ 110.335206304551306, 1.553212946673171 ] ] ] ] } },
{ "type": "Feature", "properties": { "fid_1": 259.0, "Lokasi": "Jalan_Satok", "Pemilik": "Dbku", "Tarikh_Dit": null, "Jenis_Poko": "TB2_Bucida", "Tinggi_Pok": 4.0, "Silara_Pok": 0.0, "Catatan": null, "Ukur_Lilit": 10, "Northing": null, "Easthing": null, "Ln_TAGB_": 3.855, "TAGB": 47.229, "CO2_Stock": 23.614, "NAMA JALAN": "JALAN SATOK", "KTG JLN": "JRB", "PJG JLN": 1.351, "LBR JLN": 12.9, "JENIS SRT": "SRT1", "CON OF RD": "C1", "TARIKH": null, "NORTHING_2": 1.553103, "EASTING": 110.337785, "CATATAN_2": null, "NORTH AKK": 1.553661, "EAST AKHR": 110.325951, "Road_type": "Main road" }, "geometry": { "type": "MultiPolygon", "coordinates": [ [ [ [ 110.335122288401408, 1.553211763349747 ], [ 110.335106971538124, 1.553181508527377 ], [ 110.335083114209809, 1.553157497777282 ], [ 110.335053051738072, 1.553142081438952 ], [ 110.335019726847122, 1.553136768570863 ], [ 110.334986401609243, 1.553142079233447 ], [ 110.33495633813061, 1.553157493581863 ], [ 110.334932479233672, 1.553181502752234 ], [ 110.334917160393346, 1.553211756559709 ], [ 110.334911881124526, 1.553245293550945 ], [ 110.334917158198976, 1.553278830891694 ], [ 110.334930921711504, 1.553306017442089 ], [ 110.335113882367665, 1.553295434779669 ], [ 110.335122286210648, 1.553278837683866 ], [ 110.335127565478018, 1.553245300691538 ], [ 110.335122288401408, 1.553211763349747 ] ] ] ] } },
{ "type": "Feature", "properties": { "fid_1": 260.0, "Lokasi": "Jalan_Satok", "Pemilik": "Dbku", "Tarikh_Dit": null, "Jenis_Poko": "TB2_Bucida", "Tinggi_Pok": 6.0, "Silara_Pok": 0.0, "Catatan": null, "Ukur_Lilit": 14, "Northing": null, "Easthing": null, "Ln_TAGB_": 4.594, "TAGB": 98.889, "CO2_Stock": 49.444, "NAMA JALAN": "JALAN SATOK", "KTG JLN": "JRB", "PJG JLN": 1.351, "LBR JLN": 12.9, "JENIS SRT": "SRT1", "CON OF RD": "C1", "TARIKH": null, "NORTHING_2": 1.553103, "EASTING": 110.337785, "CATATAN_2": null, "NORTH AKK": 1.553661, "EAST AKHR": 110.325951, "Road_type": "Main road" }, "geometry": { "type": "MultiPolygon", "coordinates": [ [ [ [ 110.335041822229869, 1.553216969987081 ], [ 110.335026505367452, 1.553186715164764 ], [ 110.335002648039904, 1.553162704414453 ], [ 110.334972585568835, 1.55314728807566 ], [ 110.334939260678382, 1.553141975206914 ], [ 110.334905935440744, 1.553147285868676 ], [ 110.334875871962097, 1.553162700216208 ], [ 110.334852013064918, 1.553186709385734 ], [ 110.334836694224109, 1.55321696319246 ], [ 110.334831414954579, 1.553250500183109 ], [ 110.334836692028233, 1.553284037523529 ], [ 110.334850183849284, 1.55331068741331 ], [ 110.33503370432517, 1.553300072374362 ], [ 110.335041820037659, 1.55328404432028 ], [ 110.335047099305697, 1.55325050732852 ], [ 110.335041822229869, 1.553216969987081 ] ] ] ] } },
{ "type": "Feature", "properties": { "fid_1": 261.0, "Lokasi": "Jalan_Satok", "Pemilik": "Dbku", "Tarikh_Dit": null, "Jenis_Poko": "TB2_Bucida", "Tinggi_Pok": 4.0, "Silara_Pok": 0.0, "Catatan": null, "Ukur_Lilit": 13, "Northing": null, "Easthing": null, "Ln_TAGB_": 4.432, "TAGB": 84.099, "CO2_Stock": 42.05, "NAMA JALAN": "JALAN SATOK", "KTG JLN": "JRB", "PJG JLN": 1.351, "LBR JLN": 12.9, "JENIS SRT": "SRT1", "CON OF RD": "C1", "TARIKH": null, "NORTHING_2": 1.553103, "EASTING": 110.337785, "CATATAN_2": null, "NORTH AKK": 1.553661, "EAST AKHR": 110.325951, "Road_type": "Main road" }, "geometry": { "type": "MultiPolygon", "coordinates": [ [ [ [ 110.334940292854611, 1.553223123285916 ], [ 110.334924975993232, 1.553192868463702 ], [ 110.334901118666679, 1.553168857713128 ], [ 110.334871056196477, 1.553153441373746 ], [ 110.334837731306621, 1.553148128504164 ], [ 110.334804406069324, 1.553153439164893 ], [ 110.334774342590677, 1.553168853511321 ], [ 110.334750483693156, 1.553192862679766 ], [ 110.334735164851708, 1.553223116485546 ], [ 110.334729885581339, 1.553256653475472 ], [ 110.334735162653999, 1.55329019081548 ], [ 110.334748516400452, 1.553316567973408 ], [ 110.334932321376243, 1.553305936483838 ], [ 110.334940290660512, 1.553290197617984 ], [ 110.334945569929417, 1.553256660626933 ], [ 110.334940292854611, 1.553223123285916 ] ] ] ] } },
{ "type": "Feature", "properties": { "fid_1": 262.0, "Lokasi": "Jalan_Satok", "Pemilik": "Dbku", "Tarikh_Dit": null, "Jenis_Poko": "TB2_Bucida", "Tinggi_Pok": 4.0, "Silara_Pok": 0.0, "Catatan": null, "Ukur_Lilit": 10, "Northing": null, "Easthing": null, "Ln_TAGB_": 3.855, "TAGB": 47.229, "CO2_Stock": 23.614, "NAMA JALAN": "JALAN SATOK", "KTG JLN": "JRB", "PJG JLN": 1.351, "LBR JLN": 12.9, "JENIS SRT": "SRT1", "CON OF RD": "C1", "TARIKH": null, "NORTHING_2": 1.553103, "EASTING": 110.337785, "CATATAN_2": null, "NORTH AKK": 1.553661, "EAST AKHR": 110.325951, "Road_type": "Main road" }, "geometry": { "type": "MultiPolygon", "coordinates": [ [ [ [ 110.334843733448722, 1.553228566588973 ], [ 110.334828416588337, 1.553198311766825 ], [ 110.33480455926275, 1.553174301016009 ], [ 110.334774496793372, 1.553158884676078 ], [ 110.334741171904113, 1.553153571805681 ], [ 110.334707846667101, 1.553158882465448 ], [ 110.334677783188454, 1.553174296810832 ], [ 110.33465392429062, 1.553198305978241 ], [ 110.334638605448603, 1.553228559783123 ], [ 110.334633326177425, 1.553262096772374 ], [ 110.334638603249132, 1.553295634111985 ], [ 110.334652026743228, 1.553322149041527 ], [ 110.334835687999245, 1.553311525869827 ], [ 110.33484373125286, 1.55329564091996 ], [ 110.334849010522575, 1.553262103929581 ], [ 110.334843733448722, 1.553228566588973 ] ] ] ] } },
{ "type": "Feature", "properties": { "fid_1": 263.0, "Lokasi": "Jalan_Satok", "Pemilik": "Dbku", "Tarikh_Dit": null, "Jenis_Poko": "TB2_Bucida", "Tinggi_Pok": 6.0, "Silara_Pok": 0.0, "Catatan": null, "Ukur_Lilit": 14, "Northing": null, "Easthing": null, "Ln_TAGB_": 4.594, "TAGB": 98.889, "CO2_Stock": 49.444, "NAMA JALAN": "JALAN SATOK", "KTG JLN": "JRB", "PJG JLN": 1.351, "LBR JLN": 12.9, "JENIS SRT": "SRT1", "CON OF RD": "C1", "TARIKH": null, "NORTHING_2": 1.553103, "EASTING": 110.337785, "CATATAN_2": null, "NORTH AKK": 1.553661, "EAST AKHR": 110.325951, "Road_type": "Main road" }, "geometry": { "type": "MultiPolygon", "coordinates": [ [ [ [ 110.334752144012285, 1.55323424655707 ], [ 110.334736827152852, 1.553203991735008 ], [ 110.334712969828175, 1.553179980983941 ], [ 110.33468290735955, 1.553164564643503 ], [ 110.334649582470846, 1.553159251772341 ], [ 110.334616257234131, 1.553164562431174 ], [ 110.334586193755499, 1.553179976775569 ], [ 110.334562334857353, 1.55320398594201 ], [ 110.334547016014767, 1.553234239746026 ], [ 110.334541736742807, 1.553267776734633 ], [ 110.334547013813619, 1.55330131407384 ], [ 110.334560249254395, 1.553327457550231 ], [ 110.334744297992458, 1.553316811970824 ], [ 110.334752141814761, 1.553301320887018 ], [ 110.334757421085243, 1.553267783897302 ], [ 110.334752144012285, 1.55323424655707 ] ] ] ] } },
{ "type": "Feature", "properties": { "fid_1": 264.0, "Lokasi": "Jalan_Satok", "Pemilik": "Dbku", "Tarikh_Dit": null, "Jenis_Poko": "TB2_Bucida", "Tinggi_Pok": 6.0, "Silara_Pok": 0.0, "Catatan": null, "Ukur_Lilit": 14, "Northing": null, "Easthing": null, "Ln_TAGB_": 4.594, "TAGB": 98.889, "CO2_Stock": 49.444, "NAMA JALAN": "JALAN SATOK", "KTG JLN": "JRB", "PJG JLN": 1.351, "LBR JLN": 12.9, "JENIS SRT": "SRT1", "CON OF RD": "C1", "TARIKH": null, "NORTHING_2": 1.553103, "EASTING": 110.337785, "CATATAN_2": null, "NORTH AKK": 1.553661, "EAST AKHR": 110.325951, "Road_type": "Main road" }, "geometry": { "type": "MultiPolygon", "coordinates": [ [ [ [ 110.334667417866882, 1.553236849877146 ], [ 110.334652101008359, 1.553206595055137 ], [ 110.334628243684506, 1.553182584303871 ], [ 110.334598181216606, 1.553167167962936 ], [ 110.334564856328427, 1.553161855091083 ], [ 110.334531531092011, 1.553167165749079 ], [ 110.334501467613393, 1.553182580092554 ], [ 110.334477608715005, 1.553206589258129 ], [ 110.334462289871922, 1.553236843061379 ], [ 110.334457010599266, 1.553270380049391 ], [ 110.33446228766924, 1.553303917388293 ], [ 110.334476653073509, 1.553332292841236 ], [ 110.334658373506301, 1.553321781937842 ], [ 110.334667415667838, 1.553303924206168 ], [ 110.33467269493903, 1.553270387217031 ], [ 110.334667417866882, 1.553236849877146 ] ] ] ] } },
{ "type": "Feature", "properties": { "fid_1": 265.0, "Lokasi": "Jalan_Satok", "Pemilik": "Dbku", "Tarikh_Dit": null, "Jenis_Poko": "TB2_Bucida", "Tinggi_Pok": 5.0, "Silara_Pok": 0.0, "Catatan": null, "Ukur_Lilit": 17, "Northing": null, "Easthing": null, "Ln_TAGB_": 5.021, "TAGB": 151.563, "CO2_Stock": 75.781, "NAMA JALAN": "JALAN SATOK", "KTG JLN": "JRB", "PJG JLN": 1.351, "LBR JLN": 12.9, "JENIS SRT": "SRT1", "CON OF RD": "C1", "TARIKH": null, "NORTHING_2": 1.553103, "EASTING": 110.337785, "CATATAN_2": null, "NORTH AKK": 1.553661, "EAST AKHR": 110.325951, "Road_type": "Main road" }, "geometry": { "type": "MultiPolygon", "coordinates": [ [ [ [ 110.33460375492534, 1.553242529844346 ], [ 110.334588438067456, 1.553212275022418 ], [ 110.334564580744242, 1.553188264270967 ], [ 110.334534518276868, 1.553172847929672 ], [ 110.334501193389059, 1.553167535057294 ], [ 110.334467868152842, 1.553172845714642 ], [ 110.334437804674181, 1.553188260057395 ], [ 110.33441394577558, 1.553212269222261 ], [ 110.334398626932099, 1.553242523024928 ], [ 110.334393347658903, 1.553276060012475 ], [ 110.334398624728237, 1.55330959735108 ], [ 110.334411945371386, 1.553335909127092 ], [ 110.334451832141198, 1.553333727977946 ], [ 110.334452168919128, 1.553333709030101 ], [ 110.33459575257119, 1.553325404000458 ], [ 110.334603752725101, 1.553309604172635 ], [ 110.334609031996834, 1.553276067183964 ], [ 110.33460375492534, 1.553242529844346 ] ] ] ] } },
{ "type": "Feature", "properties": { "fid_1": 266.0, "Lokasi": "Jalan_Satok", "Pemilik": "Dbku", "Tarikh_Dit": null, "Jenis_Poko": "TB2_Bucida", "Tinggi_Pok": 5.0, "Silara_Pok": 0.0, "Catatan": null, "Ukur_Lilit": 12, "Northing": null, "Easthing": null, "Ln_TAGB_": 4.256, "TAGB": 70.527, "CO2_Stock": 35.264, "NAMA JALAN": "JALAN SATOK", "KTG JLN": "JRB", "PJG JLN": 1.351, "LBR JLN": 12.9, "JENIS SRT": "SRT1", "CON OF RD": "C1", "TARIKH": null, "NORTHING_2": 1.553103, "EASTING": 110.337785, "CATATAN_2": null, "NORTH AKK": 1.553661, "EAST AKHR": 110.325951, "Road_type": "Main road" }, "geometry": { "type": "MultiPolygon", "coordinates": [ [ [ [ 110.334524394421308, 1.553250693826912 ], [ 110.334509077564235, 1.553220439005046 ], [ 110.334485220241802, 1.553196428253403 ], [ 110.334455157775068, 1.553181011911648 ], [ 110.334421832887713, 1.553175699038597 ], [ 110.33438850765171, 1.553181009695112 ], [ 110.334358444173006, 1.553196424037002 ], [ 110.334334585274121, 1.553220433200986 ], [ 110.334319266430128, 1.55325068700288 ], [ 110.334313987156236, 1.553284223989835 ], [ 110.334319264224789, 1.553317761328071 ], [ 110.334330700942843, 1.553340351857388 ], [ 110.334451832141198, 1.553333727977946 ], [ 110.334452168919128, 1.553333709030101 ], [ 110.334518256176054, 1.553329886474287 ], [ 110.334524392219578, 1.553317768154243 ], [ 110.334529671491993, 1.553284231166176 ], [ 110.334524394421308, 1.553250693826912 ] ] ] ] } },
{ "type": "Feature", "properties": { "fid_1": 267.0, "Lokasi": "Jalan_Satok", "Pemilik": "Dbku", "Tarikh_Dit": null, "Jenis_Poko": "TB2_Bucida", "Tinggi_Pok": 5.0, "Silara_Pok": 0.0, "Catatan": null, "Ukur_Lilit": 10, "Northing": null, "Easthing": null, "Ln_TAGB_": 3.855, "TAGB": 47.229, "CO2_Stock": 23.614, "NAMA JALAN": "JALAN SATOK", "KTG JLN": "JRB", "PJG JLN": 1.351, "LBR JLN": 12.9, "JENIS SRT": "SRT1", "CON OF RD": "C1", "TARIKH": null, "NORTHING_2": 1.553103, "EASTING": 110.337785, "CATATAN_2": null, "NORTH AKK": 1.553661, "EAST AKHR": 110.325951, "Road_type": "Main road" }, "geometry": { "type": "MultiPolygon", "coordinates": [ [ [ [ 110.334450554875545, 1.553251640490138 ], [ 110.334435238019239, 1.553221385668319 ], [ 110.334411380697546, 1.553197374916482 ], [ 110.334381318231451, 1.553181958574314 ], [ 110.334347993344593, 1.553176645700641 ], [ 110.334314668108831, 1.553181956356441 ], [ 110.33428460463017, 1.553197370697542 ], [ 110.334260745731086, 1.553221379860798 ], [ 110.334245426886667, 1.553251633662009 ], [ 110.334240147612178, 1.553285170648489 ], [ 110.334245424680006, 1.553318707986454 ], [ 110.33425838416909, 1.553344306390684 ], [ 110.334442697927443, 1.553334227468976 ], [ 110.334450552672493, 1.553318714816695 ], [ 110.334455831945519, 1.553285177829103 ], [ 110.334450554875545, 1.553251640490138 ] ] ] ] } },
{ "type": "Feature", "properties": { "fid_1": 268.0, "Lokasi": "Jalan_Satok", "Pemilik": "Dbku", "Tarikh_Dit": null, "Jenis_Poko": "TB2_Bucida", "Tinggi_Pok": 2.0, "Silara_Pok": 0.0, "Catatan": null, "Ukur_Lilit": 10, "Northing": null, "Easthing": null, "Ln_TAGB_": 3.855, "TAGB": 47.229, "CO2_Stock": 23.614, "NAMA JALAN": "JALAN SATOK", "KTG JLN": "JRB", "PJG JLN": 1.351, "LBR JLN": 12.9, "JENIS SRT": "SRT1", "CON OF RD": "C1", "TARIKH": null, "NORTHING_2": 1.553103, "EASTING": 110.337785, "CATATAN_2": null, "NORTH AKK": 1.553661, "EAST AKHR": 110.325951, "Road_type": "Main road" }, "geometry": { "type": "MultiPolygon", "coordinates": [ [ [ [ 110.334364408738907, 1.553255427136338 ], [ 110.33434909188351, 1.55322517231459 ], [ 110.334325234562641, 1.553201161562528 ], [ 110.334295172097285, 1.553185745219862 ], [ 110.334261847210954, 1.553180432345488 ], [ 110.334228521975504, 1.553185743000435 ], [ 110.334198458496857, 1.553201157340605 ], [ 110.334174599597503, 1.553225166502953 ], [ 110.334159280752559, 1.553255420303388 ], [ 110.334154001477344, 1.553288957289261 ], [ 110.33415927854432, 1.553322494626869 ], [ 110.334172693280436, 1.553348992265341 ], [ 110.334356070536217, 1.553338964559244 ], [ 110.334364406534306, 1.553322501461939 ], [ 110.334369685808028, 1.553288964474963 ], [ 110.334364408738907, 1.553255427136338 ] ] ] ] } },
{ "type": "Feature", "properties": { "fid_1": 269.0, "Lokasi": "Jalan_Satok", "Pemilik": "Dbku", "Tarikh_Dit": null, "Jenis_Poko": "TB2_Bucida", "Tinggi_Pok": 5.0, "Silara_Pok": 0.0, "Catatan": null, "Ukur_Lilit": 15, "Northing": null, "Easthing": null, "Ln_TAGB_": 4.746, "TAGB": 115.123, "CO2_Stock": 57.562, "NAMA JALAN": "JALAN SATOK", "KTG JLN": "JRB", "PJG JLN": 1.351, "LBR JLN": 12.9, "JENIS SRT": "SRT1", "CON OF RD": "C1", "TARIKH": null, "NORTHING_2": 1.553103, "EASTING": 110.337785, "CATATAN_2": null, "NORTH AKK": 1.553661, "EAST AKHR": 110.325951, "Road_type": "Main road" }, "geometry": { "type": "MultiPolygon", "coordinates": [ [ [ [ 110.334298615810425, 1.553259923777541 ], [ 110.334283298955711, 1.553229668955839 ], [ 110.334259441635496, 1.553205658203627 ], [ 110.334229379170694, 1.553190241860579 ], [ 110.33419605428476, 1.553184928985645 ], [ 110.33416272904951, 1.553190239639918 ], [ 110.334132665570863, 1.553205653979378 ], [ 110.334108806671281, 1.553229663141023 ], [ 110.334093487825925, 1.553259916940839 ], [ 110.334088208550185, 1.553293453926226 ], [ 110.334093485616492, 1.553326991263561 ], [ 110.334106457555805, 1.553352614262822 ], [ 110.334290745696279, 1.553342536749736 ], [ 110.334298613604602, 1.553326998102406 ], [ 110.334303892878907, 1.553293461115884 ], [ 110.334298615810425, 1.553259923777541 ] ] ] ] } },
{ "type": "Feature", "properties": { "fid_1": 270.0, "Lokasi": "Jalan_Satok", "Pemilik": "Dbku", "Tarikh_Dit": null, "Jenis_Poko": "Leopard Tree", "Tinggi_Pok": 4.0, "Silara_Pok": 0.0, "Catatan": null, "Ukur_Lilit": 8, "Northing": null, "Easthing": null, "Ln_TAGB_": 3.365, "TAGB": 28.933, "CO2_Stock": 14.466, "NAMA JALAN": "JALAN SATOK", "KTG JLN": "JRB", "PJG JLN": 1.351, "LBR JLN": 12.9, "JENIS SRT": "SRT1", "CON OF RD": "C1", "TARIKH": null, "NORTHING_2": 1.553103, "EASTING": 110.337785, "CATATAN_2": null, "NORTH AKK": 1.553661, "EAST AKHR": 110.325951, "Road_type": "Main road" }, "geometry": { "type": "MultiPolygon", "coordinates": [ [ [ [ 110.334031219948429, 1.553321264567632 ], [ 110.334015903096514, 1.553291009746355 ], [ 110.333992045778814, 1.553266998993526 ], [ 110.333961983316001, 1.55325158264889 ], [ 110.333928658431319, 1.553246269771566 ], [ 110.333895333196494, 1.55325158042284 ], [ 110.333865269717364, 1.553266994759022 ], [ 110.333841410816476, 1.553291003917421 ], [ 110.333826091969087, 1.553321257714347 ], [ 110.333820812690789, 1.55335479469748 ], [ 110.333822909356229, 1.55336811964087 ], [ 110.334036236920525, 1.553356454167582 ], [ 110.334036497014083, 1.55335480190458 ], [ 110.334031219948429, 1.553321264567632 ] ] ] ] } },
{ "type": "Feature", "properties": { "fid_1": 271.0, "Lokasi": "Jalan_Satok", "Pemilik": "Dbku", "Tarikh_Dit": null, "Jenis_Poko": "Leopard Tree", "Tinggi_Pok": 4.0, "Silara_Pok": 0.0, "Catatan": null, "Ukur_Lilit": 6, "Northing": null, "Easthing": null, "Ln_TAGB_": 2.734, "TAGB": 15.394, "CO2_Stock": 7.697, "NAMA JALAN": "JALAN SATOK", "KTG JLN": "JRB", "PJG JLN": 1.351, "LBR JLN": 12.9, "JENIS SRT": "SRT1", "CON OF RD": "C1", "TARIKH": null, "NORTHING_2": 1.553103, "EASTING": 110.337785, "CATATAN_2": null, "NORTH AKK": 1.553661, "EAST AKHR": 110.325951, "Road_type": "Main road" }, "geometry": { "type": "MultiPolygon", "coordinates": [ [ [ [ 110.334010380910158, 1.553345837188352 ], [ 110.333986523592387, 1.553321826435598 ], [ 110.333956461129304, 1.553306410090864 ], [ 110.333923136244223, 1.553301097213271 ], [ 110.333889811008888, 1.553306407864144 ], [ 110.333859747529203, 1.553321822199842 ], [ 110.333835888627746, 1.55334583135768 ], [ 110.333824651307125, 1.553368024385143 ], [ 110.334016307603548, 1.553357543970631 ], [ 110.334010380910158, 1.553345837188352 ] ] ] ] } },
{ "type": "Feature", "properties": { "fid_1": 272.0, "Lokasi": "Jalan_Satok", "Pemilik": "Dbku", "Tarikh_Dit": null, "Jenis_Poko": "Leopard Tree", "Tinggi_Pok": 4.0, "Silara_Pok": 0.0, "Catatan": null, "Ukur_Lilit": 10, "Northing": null, "Easthing": null, "Ln_TAGB_": 3.855, "TAGB": 47.229, "CO2_Stock": 23.614, "NAMA JALAN": "JALAN SATOK", "KTG JLN": "JRB", "PJG JLN": 1.351, "LBR JLN": 12.9, "JENIS SRT": "SRT1", "CON OF RD": "C1", "TARIKH": null, "NORTHING_2": 1.553103, "EASTING": 110.337785, "CATATAN_2": null, "NORTH AKK": 1.553661, "EAST AKHR": 110.325951, "Road_type": "Main road" }, "geometry": { "type": "MultiPolygon", "coordinates": [ [ [ [ 110.333958433340271, 1.55334545985156 ], [ 110.333925108454864, 1.553340146973835 ], [ 110.333891783219144, 1.553345457624487 ], [ 110.333861719739062, 1.553360871959879 ], [ 110.333856333734772, 1.553366291883538 ], [ 110.333985303906672, 1.553359239358331 ], [ 110.333958433340271, 1.55334545985156 ] ] ] ] } },
{ "type": "Feature", "properties": { "fid_1": 277.0, "Lokasi": "Jalan_Satok", "Pemilik": "Dbku", "Tarikh_Dit": null, "Jenis_Poko": "TB2_Bucida", "Tinggi_Pok": 2.0, "Silara_Pok": 0.0, "Catatan": null, "Ukur_Lilit": 14, "Northing": null, "Easthing": null, "Ln_TAGB_": 4.594, "TAGB": 98.889, "CO2_Stock": 49.444, "NAMA JALAN": "JALAN SATOK", "KTG JLN": "JRB", "PJG JLN": 1.351, "LBR JLN": 12.9, "JENIS SRT": "SRT1", "CON OF RD": "C1", "TARIKH": null, "NORTHING_2": 1.553103, "EASTING": 110.337785, "CATATAN_2": null, "NORTH AKK": 1.553661, "EAST AKHR": 110.325951, "Road_type": "Main road" }, "geometry": { "type": "MultiPolygon", "coordinates": [ [ [ [ 110.333798172441533, 1.553285979212597 ], [ 110.33378285559202, 1.553255724391309 ], [ 110.33375899827675, 1.553231713637803 ], [ 110.333728935816154, 1.553216297291901 ], [ 110.333695610933304, 1.553210984412839 ], [ 110.333662285699688, 1.553216295062078 ], [ 110.333632222221055, 1.553231709396116 ], [ 110.333608363319911, 1.553255718552472 ], [ 110.333593044471527, 1.553285972347665 ], [ 110.333587765191595, 1.553319509329554 ], [ 110.333593042252971, 1.553353046664818 ], [ 110.333605824827899, 1.553378295627695 ], [ 110.333732140515636, 1.553373073675232 ], [ 110.333733565435665, 1.553373005265108 ], [ 110.333789619841966, 1.553369940023035 ], [ 110.333798170226586, 1.553353053531884 ], [ 110.333803449505083, 1.55331951654888 ], [ 110.333798172441533, 1.553285979212597 ] ] ] ] } },
{ "type": "Feature", "properties": { "fid_1": 278.0, "Lokasi": "Jalan_Satok", "Pemilik": "Dbku", "Tarikh_Dit": null, "Jenis_Poko": "TB2_Bucida", "Tinggi_Pok": 2.0, "Silara_Pok": 0.0, "Catatan": null, "Ukur_Lilit": 16, "Northing": null, "Easthing": null, "Ln_TAGB_": 4.888, "TAGB": 132.688, "CO2_Stock": 66.344, "NAMA JALAN": "JALAN SATOK", "KTG JLN": "JRB", "PJG JLN": 1.351, "LBR JLN": 12.9, "JENIS SRT": "SRT1", "CON OF RD": "C1", "TARIKH": null, "NORTHING_2": 1.553103, "EASTING": 110.337785, "CATATAN_2": null, "NORTH AKK": 1.553661, "EAST AKHR": 110.325951, "Road_type": "Main road" }, "geometry": { "type": "MultiPolygon", "coordinates": [ [ [ [ 110.33375241716756, 1.553290712518369 ], [ 110.333737100318544, 1.553260457697122 ], [ 110.333713243003714, 1.553236446943511 ], [ 110.333683180543503, 1.553221030597351 ], [ 110.333649855660909, 1.553215717717884 ], [ 110.333616530427406, 1.553221028366665 ], [ 110.333586466948773, 1.553236442700169 ], [ 110.333562608047444, 1.553260451856034 ], [ 110.333547289198776, 1.553290705650767 ], [ 110.333542009918432, 1.553324242632325 ], [ 110.333547286979353, 1.553357779967389 ], [ 110.333558660374322, 1.55338024542819 ], [ 110.333732140515636, 1.553373073675232 ], [ 110.333733565435665, 1.553373005265108 ], [ 110.333745026523431, 1.55337237853463 ], [ 110.333752414951775, 1.553357786837115 ], [ 110.33375769423067, 1.553324249854449 ], [ 110.33375241716756, 1.553290712518369 ] ] ] ] } },
{ "type": "Feature", "properties": { "fid_1": 279.0, "Lokasi": "Jalan_Satok", "Pemilik": "Dbku", "Tarikh_Dit": null, "Jenis_Poko": "TB2_Bucida", "Tinggi_Pok": 3.0, "Silara_Pok": 0.0, "Catatan": null, "Ukur_Lilit": 13, "Northing": null, "Easthing": null, "Ln_TAGB_": 4.432, "TAGB": 84.099, "CO2_Stock": 42.05, "NAMA JALAN": "JALAN SATOK", "KTG JLN": "JRB", "PJG JLN": 1.351, "LBR JLN": 12.9, "JENIS SRT": "SRT1", "CON OF RD": "C1", "TARIKH": null, "NORTHING_2": 1.553103, "EASTING": 110.337785, "CATATAN_2": null, "NORTH AKK": 1.553661, "EAST AKHR": 110.325951, "Road_type": "Main road" }, "geometry": { "type": "MultiPolygon", "coordinates": [ [ [ [ 110.333609892118602, 1.553298601363453 ], [ 110.333594575271036, 1.553268346542322 ], [ 110.333570717957627, 1.553244335788342 ], [ 110.333540655498609, 1.553228919441359 ], [ 110.333507330616882, 1.553223606560729 ], [ 110.333474005383863, 1.55322891720805 ], [ 110.333443941905216, 1.553244331540034 ], [ 110.333420083003432, 1.553268340694375 ], [ 110.333404764153912, 1.553298594487809 ], [ 110.333399484872373, 1.55333213146834 ], [ 110.333404761931874, 1.553365668802817 ], [ 110.333415145153054, 1.55338617841061 ], [ 110.333603450148516, 1.553378393798061 ], [ 110.333609889900202, 1.553365675680585 ], [ 110.333615169180277, 1.553332138698938 ], [ 110.333609892118602, 1.553298601363453 ] ] ] ] } },
{ "type": "Feature", "properties": { "fid_1": 280.0, "Lokasi": "Jalan_Satok", "Pemilik": "Dbku", "Tarikh_Dit": null, "Jenis_Poko": "TB2_Bucida", "Tinggi_Pok": 3.0, "Silara_Pok": 0.0, "Catatan": null, "Ukur_Lilit": 16, "Northing": null, "Easthing": null, "Ln_TAGB_": 4.888, "TAGB": 132.688, "CO2_Stock": 66.344, "NAMA JALAN": "JALAN SATOK", "KTG JLN": "JRB", "PJG JLN": 1.351, "LBR JLN": 12.9, "JENIS SRT": "SRT1", "CON OF RD": "C1", "TARIKH": null, "NORTHING_2": 1.553103, "EASTING": 110.337785, "CATATAN_2": null, "NORTH AKK": 1.553661, "EAST AKHR": 110.325951, "Road_type": "Main road" }, "geometry": { "type": "MultiPolygon", "coordinates": [ [ [ [ 110.33355677392683, 1.553299653210549 ], [ 110.333541457079818, 1.553269398389453 ], [ 110.33351759976695, 1.553245387635334 ], [ 110.333487537308386, 1.553229971288064 ], [ 110.333454212427, 1.553224658406997 ], [ 110.333420887194151, 1.553229969053797 ], [ 110.333390823715547, 1.553245383385209 ], [ 110.333366964813621, 1.553269392539009 ], [ 110.333351645963774, 1.553299646331967 ], [ 110.333346366681795, 1.553333183312137 ], [ 110.333351643740798, 1.55336672064641 ], [ 110.333362594293561, 1.553388350884853 ], [ 110.333549740269007, 1.553380614189438 ], [ 110.333556771707507, 1.553366727527124 ], [ 110.333562050988007, 1.553333190545822 ], [ 110.33355677392683, 1.553299653210549 ] ] ] ] } },
{ "type": "Feature", "properties": { "fid_1": 281.0, "Lokasi": "Jalan_Satok", "Pemilik": "Dbku", "Tarikh_Dit": null, "Jenis_Poko": "TB2_Bucida", "Tinggi_Pok": 3.0, "Silara_Pok": 0.0, "Catatan": null, "Ukur_Lilit": 12, "Northing": null, "Easthing": null, "Ln_TAGB_": 4.256, "TAGB": 70.527, "CO2_Stock": 35.264, "NAMA JALAN": "JALAN SATOK", "KTG JLN": "JRB", "PJG JLN": 1.351, "LBR JLN": 12.9, "JENIS SRT": "SRT1", "CON OF RD": "C1", "TARIKH": null, "NORTHING_2": 1.553103, "EASTING": 110.337785, "CATATAN_2": null, "NORTH AKK": 1.553661, "EAST AKHR": 110.325951, "Road_type": "Main road" }, "geometry": { "type": "MultiPolygon", "coordinates": [ [ [ [ 110.333485949671427, 1.553308769206297 ], [ 110.333470632825154, 1.553278514385297 ], [ 110.333446775512982, 1.553254503630986 ], [ 110.333416713054973, 1.553239087283302 ], [ 110.333383388173971, 1.553233774401618 ], [ 110.333350062941321, 1.553239085047685 ], [ 110.333319999462645, 1.553254499378294 ], [ 110.333296140560435, 1.553278508531287 ], [ 110.333280821710119, 1.553308762323552 ], [ 110.333275542427529, 1.553342299303177 ], [ 110.333280819485807, 1.553375836637124 ], [ 110.333288701470877, 1.553391405643381 ], [ 110.333482116308346, 1.553383409794267 ], [ 110.333485947450754, 1.553375843521997 ], [ 110.33349122673188, 1.55334230654125 ], [ 110.333485949671427, 1.553308769206297 ] ] ] ] } },
{ "type": "Feature", "properties": { "fid_1": 282.0, "Lokasi": "Jalan_Satok", "Pemilik": "Dbku", "Tarikh_Dit": null, "Jenis_Poko": "TB2_Bucida", "Tinggi_Pok": 3.0, "Silara_Pok": 0.0, "Catatan": null, "Ukur_Lilit": 15, "Northing": null, "Easthing": null, "Ln_TAGB_": 4.746, "TAGB": 115.123, "CO2_Stock": 57.562, "NAMA JALAN": "JALAN SATOK", "KTG JLN": "JRB", "PJG JLN": 1.351, "LBR JLN": 12.9, "JENIS SRT": "SRT1", "CON OF RD": "C1", "TARIKH": null, "NORTHING_2": 1.553103, "EASTING": 110.337785, "CATATAN_2": null, "NORTH AKK": 1.553661, "EAST AKHR": 110.325951, "Road_type": "Main road" }, "geometry": { "type": "MultiPolygon", "coordinates": [ [ [ [ 110.333434409247701, 1.553308067977687 ], [ 110.333419092401954, 1.55327781315671 ], [ 110.333395235090308, 1.55325380240227 ], [ 110.333365172632767, 1.553238386054296 ], [ 110.333331847752092, 1.553233073172209 ], [ 110.333298522519641, 1.553238383817768 ], [ 110.333268459041022, 1.553253798147832 ], [ 110.333244600138684, 1.553277807300328 ], [ 110.33322928128807, 1.55330806109213 ], [ 110.333224002005068, 1.553341598071437 ], [ 110.333229279062877, 1.553375135405185 ], [ 110.333238565354648, 1.553393478289426 ], [ 110.333429111291721, 1.553385601044538 ], [ 110.333434407026118, 1.55337514229286 ], [ 110.333439686307671, 1.553341605312444 ], [ 110.333434409247701, 1.553308067977687 ] ] ] ] } },
{ "type": "Feature", "properties": { "fid_1": 283.0, "Lokasi": "Jalan_Satok", "Pemilik": "Dbku", "Tarikh_Dit": null, "Jenis_Poko": "TB2_Bucida", "Tinggi_Pok": 3.0, "Silara_Pok": 0.0, "Catatan": null, "Ukur_Lilit": 14, "Northing": null, "Easthing": null, "Ln_TAGB_": 4.594, "TAGB": 98.889, "CO2_Stock": 49.444, "NAMA JALAN": "JALAN SATOK", "KTG JLN": "JRB", "PJG JLN": 1.351, "LBR JLN": 12.9, "JENIS SRT": "SRT1", "CON OF RD": "C1", "TARIKH": null, "NORTHING_2": 1.553103, "EASTING": 110.337785, "CATATAN_2": null, "NORTH AKK": 1.553661, "EAST AKHR": 110.325951, "Road_type": "Main road" }, "geometry": { "type": "MultiPolygon", "coordinates": [ [ [ [ 110.333365688682932, 1.553312625976629 ], [ 110.333350371837895, 1.553282371155713 ], [ 110.333326514526902, 1.553258360401103 ], [ 110.333296452069931, 1.553242944052721 ], [ 110.33326312718971, 1.553237631170056 ], [ 110.333229801957458, 1.553242941814927 ], [ 110.333199738478811, 1.55325835614425 ], [ 110.33317587957626, 1.553282365296007 ], [ 110.333160560725233, 1.553312619087174 ], [ 110.333155281441648, 1.553346156065987 ], [ 110.333160558498761, 1.553379693399445 ], [ 110.333168993328826, 1.553396354422191 ], [ 110.33336127873892, 1.553388405270403 ], [ 110.33336568646007, 1.553379700291031 ], [ 110.333370965742205, 1.553346163311106 ], [ 110.333365688682932, 1.553312625976629 ] ] ] ] } },
{ "type": "Feature", "properties": { "fid_1": 284.0, "Lokasi": "Jalan_Satok", "Pemilik": "Dbku", "Tarikh_Dit": null, "Jenis_Poko": "TB2_Bucida", "Tinggi_Pok": 3.0, "Silara_Pok": 0.0, "Catatan": null, "Ukur_Lilit": 14, "Northing": null, "Easthing": null, "Ln_TAGB_": 4.594, "TAGB": 98.889, "CO2_Stock": 49.444, "NAMA JALAN": "JALAN SATOK", "KTG JLN": "JRB", "PJG JLN": 1.351, "LBR JLN": 12.9, "JENIS SRT": "SRT1", "CON OF RD": "C1", "TARIKH": null, "NORTHING_2": 1.553103, "EASTING": 110.337785, "CATATAN_2": null, "NORTH AKK": 1.553661, "EAST AKHR": 110.325951, "Road_type": "Main road" }, "geometry": { "type": "MultiPolygon", "coordinates": [ [ [ [ 110.333307486571869, 1.553316132129813 ], [ 110.333292169727429, 1.553285877308948 ], [ 110.333268312417033, 1.553261866554186 ], [ 110.333238249960559, 1.553246450205474 ], [ 110.333204925080665, 1.55324113732234 ], [ 110.333171599848626, 1.553246447966617 ], [ 110.333141536369979, 1.553261862295306 ], [ 110.333117677467229, 1.553285871446439 ], [ 110.333102358615847, 1.553316125237059 ], [ 110.333097079331765, 1.553349662215452 ], [ 110.333102356388295, 1.553383199548689 ], [ 110.333111098412388, 1.553400467361591 ], [ 110.333144861514313, 1.553397352039833 ], [ 110.333303645542145, 1.55339078784969 ], [ 110.333307484347969, 1.553383206443552 ], [ 110.333312763630573, 1.55334966946404 ], [ 110.333307486571869, 1.553316132129813 ] ] ] ] } },
{ "type": "Feature", "properties": { "fid_1": 285.0, "Lokasi": "Jalan_Satok", "Pemilik": "Dbku", "Tarikh_Dit": null, "Jenis_Poko": "TB2_Bucida", "Tinggi_Pok": 3.0, "Silara_Pok": 0.0, "Catatan": null, "Ukur_Lilit": 16, "Northing": null, "Easthing": null, "Ln_TAGB_": 4.888, "TAGB": 132.688, "CO2_Stock": 66.344, "NAMA JALAN": "JALAN SATOK", "KTG JLN": "JRB", "PJG JLN": 1.351, "LBR JLN": 12.9, "JENIS SRT": "SRT1", "CON OF RD": "C1", "TARIKH": null, "NORTHING_2": 1.553103, "EASTING": 110.337785, "CATATAN_2": null, "NORTH AKK": 1.553661, "EAST AKHR": 110.325951, "Road_type": "Main road" }, "geometry": { "type": "MultiPolygon", "coordinates": [ [ [ [ 110.3332412203129, 1.55331788520759 ], [ 110.333225903469156, 1.553287630386789 ], [ 110.3332020461594, 1.553263619631847 ], [ 110.333171983703494, 1.553248203282754 ], [ 110.333138658824026, 1.553242890399069 ], [ 110.333105333592201, 1.553248201042704 ], [ 110.333075270113582, 1.553263615370688 ], [ 110.333051411210647, 1.553287624521142 ], [ 110.333036092358881, 1.553317878311158 ], [ 110.333030813074259, 1.553351415289105 ], [ 110.333036090130136, 1.553384952622058 ], [ 110.333046941580847, 1.553406387112137 ], [ 110.333144861514313, 1.553397352039833 ], [ 110.333236869147186, 1.553393548411269 ], [ 110.333241218087792, 1.553384959520634 ], [ 110.333246497370936, 1.553351422541556 ], [ 110.3332412203129, 1.55331788520759 ] ] ] ] } },
{ "type": "Feature", "properties": { "fid_1": 286.0, "Lokasi": "Jalan_Satok", "Pemilik": "Dbku", "Tarikh_Dit": null, "Jenis_Poko": "TB2_Bucida", "Tinggi_Pok": 3.0, "Silara_Pok": 0.0, "Catatan": null, "Ukur_Lilit": 15, "Northing": null, "Easthing": null, "Ln_TAGB_": 4.746, "TAGB": 115.123, "CO2_Stock": 57.562, "NAMA JALAN": "JALAN SATOK", "KTG JLN": "JRB", "PJG JLN": 1.351, "LBR JLN": 12.9, "JENIS SRT": "SRT1", "CON OF RD": "C1", "TARIKH": null, "NORTHING_2": 1.553103, "EASTING": 110.337785, "CATATAN_2": null, "NORTH AKK": 1.553661, "EAST AKHR": 110.325951, "Road_type": "Main road" }, "geometry": { "type": "MultiPolygon", "coordinates": [ [ [ [ 110.33319423788592, 1.553320690130171 ], [ 110.333178921042673, 1.5532904353094 ], [ 110.333155063733386, 1.553266424554358 ], [ 110.333125001277864, 1.553251008205003 ], [ 110.333091676398681, 1.55324569532093 ], [ 110.333058351167011, 1.553251005964069 ], [ 110.333028287688393, 1.553266420291541 ], [ 110.333004428785316, 1.553290429441495 ], [ 110.332989109933266, 1.553320683231087 ], [ 110.332983830648232, 1.5533542202087 ], [ 110.332989107703668, 1.553387757541454 ], [ 110.333000699237388, 1.553410653892263 ], [ 110.333144861514313, 1.553397352039833 ], [ 110.333190332857086, 1.553395472238505 ], [ 110.333194235659974, 1.55338776444269 ], [ 110.333199514943516, 1.553354227463955 ], [ 110.33319423788592, 1.553320690130171 ] ] ] ] } },
{ "type": "Feature", "properties": { "fid_1": 287.0, "Lokasi": "Jalan_Satok", "Pemilik": "Dbku", "Tarikh_Dit": null, "Jenis_Poko": "TB2_Bucida", "Tinggi_Pok": 3.0, "Silara_Pok": 0.0, "Catatan": null, "Ukur_Lilit": 14, "Northing": null, "Easthing": null, "Ln_TAGB_": 4.594, "TAGB": 98.889, "CO2_Stock": 49.444, "NAMA JALAN": "JALAN SATOK", "KTG JLN": "JRB", "PJG JLN": 1.351, "LBR JLN": 12.9, "JENIS SRT": "SRT1", "CON OF RD": "C1", "TARIKH": null, "NORTHING_2": 1.553103, "EASTING": 110.337785, "CATATAN_2": null, "NORTH AKK": 1.553661, "EAST AKHR": 110.325951, "Road_type": "Main road" }, "geometry": { "type": "MultiPolygon", "coordinates": [ [ [ [ 110.333141295001781, 1.553323495052953 ], [ 110.333125978159075, 1.55329324023221 ], [ 110.333102120850327, 1.553269229477024 ], [ 110.33307205839526, 1.553253813127364 ], [ 110.333038733516403, 1.55324850024286 ], [ 110.33300540828489, 1.553253810885472 ], [ 110.332975344806272, 1.553269225212374 ], [ 110.332951485903024, 1.55329323436178 ], [ 110.332936167050647, 1.553323488150868 ], [ 110.332930887765187, 1.553357025128105 ], [ 110.332936164820097, 1.553390562460638 ], [ 110.332948474574266, 1.553414877487983 ], [ 110.332961982289191, 1.553414148289337 ], [ 110.332966052037563, 1.553413850788277 ], [ 110.333137515177896, 1.553398029886397 ], [ 110.333141292774869, 1.553390569364864 ], [ 110.333146572058837, 1.553357032386508 ], [ 110.333141295001781, 1.553323495052953 ] ] ] ] } },
{ "type": "Feature", "properties": { "fid_1": 288.0, "Lokasi": "Jalan_Satok", "Pemilik": "Dbku", "Tarikh_Dit": null, "Jenis_Poko": "TB2_Bucida", "Tinggi_Pok": 3.0, "Silara_Pok": 0.0, "Catatan": null, "Ukur_Lilit": 11, "Northing": null, "Easthing": null, "Ln_TAGB_": 4.065, "TAGB": 58.265, "CO2_Stock": 29.133, "NAMA JALAN": "JALAN SATOK", "KTG JLN": "JRB", "PJG JLN": 1.351, "LBR JLN": 12.9, "JENIS SRT": "SRT1", "CON OF RD": "C1", "TARIKH": null, "NORTHING_2": 1.553103, "EASTING": 110.337785, "CATATAN_2": null, "NORTH AKK": 1.553661, "EAST AKHR": 110.325951, "Road_type": "Main road" }, "geometry": { "type": "MultiPolygon", "coordinates": [ [ [ [ 110.33310062364707, 1.553324897514771 ], [ 110.33308530680479, 1.553294642694074 ], [ 110.333061449496412, 1.553270631938774 ], [ 110.3330313870417, 1.553255215588895 ], [ 110.332998062163099, 1.553249902704039 ], [ 110.332964736931743, 1.553255213346251 ], [ 110.332934673453138, 1.553270627672718 ], [ 110.332910814549763, 1.553294636821677 ], [ 110.33289549569713, 1.553324890610422 ], [ 110.332890216411343, 1.55335842758737 ], [ 110.332895493465855, 1.553391964919741 ], [ 110.332908194072402, 1.553417051984803 ], [ 110.332961982289191, 1.553414148289337 ], [ 110.332966052037563, 1.553413850788277 ], [ 110.333095595442714, 1.553401897820637 ], [ 110.333100621419405, 1.553391971826245 ], [ 110.333105900703728, 1.553358434848164 ], [ 110.33310062364707, 1.553324897514771 ] ] ] ] } },
{ "type": "Feature", "properties": { "fid_1": 289.0, "Lokasi": "Jalan_Satok", "Pemilik": "Dbku", "Tarikh_Dit": null, "Jenis_Poko": "TB2_Bucida", "Tinggi_Pok": 3.0, "Silara_Pok": 0.0, "Catatan": null, "Ukur_Lilit": 12, "Northing": null, "Easthing": null, "Ln_TAGB_": 4.256, "TAGB": 70.527, "CO2_Stock": 35.264, "NAMA JALAN": "JALAN SATOK", "KTG JLN": "JRB", "PJG JLN": 1.351, "LBR JLN": 12.9, "JENIS SRT": "SRT1", "CON OF RD": "C1", "TARIKH": null, "NORTHING_2": 1.553103, "EASTING": 110.337785, "CATATAN_2": null, "NORTH AKK": 1.553661, "EAST AKHR": 110.325951, "Road_type": "Main road" }, "geometry": { "type": "MultiPolygon", "coordinates": [ [ [ [ 110.333051888144638, 1.553332961664406 ], [ 110.333036571302856, 1.553302706843777 ], [ 110.333012713994975, 1.553278696088378 ], [ 110.332982651540618, 1.553263279738196 ], [ 110.332949326662273, 1.553257966852921 ], [ 110.33291600143103, 1.553263277494608 ], [ 110.332885937952369, 1.553278691820506 ], [ 110.332862079048795, 1.553302700968916 ], [ 110.332846760195821, 1.55333295475714 ], [ 110.332841480909593, 1.553366491733707 ], [ 110.332846757963594, 1.553400029065846 ], [ 110.332856781117968, 1.553419827453695 ], [ 110.332961982289191, 1.553414148289337 ], [ 110.332966052037563, 1.553413850788277 ], [ 110.333048754762757, 1.553406219809885 ], [ 110.333051885916035, 1.553400035975251 ], [ 110.333057165200799, 1.553366498997576 ], [ 110.333051888144638, 1.553332961664406 ] ] ] ] } },
{ "type": "Feature", "properties": { "fid_1": 290.0, "Lokasi": "Jalan_Satok", "Pemilik": "Dbku", "Tarikh_Dit": null, "Jenis_Poko": "TB2_Bucida", "Tinggi_Pok": 3.0, "Silara_Pok": 0.0, "Catatan": null, "Ukur_Lilit": 12, "Northing": null, "Easthing": null, "Ln_TAGB_": 4.256, "TAGB": 70.527, "CO2_Stock": 35.264, "NAMA JALAN": "JALAN SATOK", "KTG JLN": "JRB", "PJG JLN": 1.351, "LBR JLN": 12.9, "JENIS SRT": "SRT1", "CON OF RD": "C1", "TARIKH": null, "NORTHING_2": 1.553103, "EASTING": 110.337785, "CATATAN_2": null, "NORTH AKK": 1.553661, "EAST AKHR": 110.325951, "Road_type": "Main road" }, "geometry": { "type": "MultiPolygon", "coordinates": [ [ [ [ 110.333006658793167, 1.553331208590192 ], [ 110.332991341951868, 1.553300953769567 ], [ 110.332967484644414, 1.553276943014037 ], [ 110.332937422190483, 1.55326152666363 ], [ 110.332904097312465, 1.553256213777987 ], [ 110.332870772081392, 1.553261524419236 ], [ 110.332840708602774, 1.553276938744671 ], [ 110.3328168496991, 1.553300947892645 ], [ 110.332801530845899, 1.553331201680509 ], [ 110.332796251559316, 1.553364738656777 ], [ 110.33280152861289, 1.55339827598876 ], [ 110.332813618901469, 1.553422157515475 ], [ 110.332961982289191, 1.553414148289337 ], [ 110.332966052037563, 1.553413850788277 ], [ 110.333000377545133, 1.553410683574793 ], [ 110.333006656563782, 1.553398282900597 ], [ 110.333011935848901, 1.553364745923181 ], [ 110.333006658793167, 1.553331208590192 ] ] ] ] } },
{ "type": "Feature", "properties": { "fid_1": 291.0, "Lokasi": "Jalan_Satok", "Pemilik": "Dbku", "Tarikh_Dit": null, "Jenis_Poko": "TB2_Bucida", "Tinggi_Pok": 3.0, "Silara_Pok": 0.0, "Catatan": null, "Ukur_Lilit": 12, "Northing": null, "Easthing": null, "Ln_TAGB_": 4.256, "TAGB": 70.527, "CO2_Stock": 35.264, "NAMA JALAN": "JALAN SATOK", "KTG JLN": "JRB", "PJG JLN": 1.351, "LBR JLN": 12.9, "JENIS SRT": "SRT1", "CON OF RD": "C1", "TARIKH": null, "NORTHING_2": 1.553103, "EASTING": 110.337785, "CATATAN_2": null, "NORTH AKK": 1.553661, "EAST AKHR": 110.325951, "Road_type": "Main road" }, "geometry": { "type": "MultiPolygon", "coordinates": [ [ [ [ 110.332964935593125, 1.553333662897453 ], [ 110.332949618752252, 1.553303408076859 ], [ 110.33292576144521, 1.553279397321234 ], [ 110.332895698991607, 1.553263980970568 ], [ 110.332862374113859, 1.553258668084585 ], [ 110.332829048882914, 1.553263978725448 ], [ 110.33279898540431, 1.553279393050398 ], [ 110.332775126500479, 1.553303402197936 ], [ 110.332759807647022, 1.553333655985407 ], [ 110.332754528360084, 1.553367192961382 ], [ 110.332759805413247, 1.553400730293192 ], [ 110.332771796193384, 1.553424415264963 ], [ 110.332958034827527, 1.553414361388576 ], [ 110.332964933362959, 1.553400737207385 ], [ 110.332970212648434, 1.553367200230275 ], [ 110.332964935593125, 1.553333662897453 ] ] ] ] } },
{ "type": "Feature", "properties": { "fid_1": 292.0, "Lokasi": "Jalan_Satok", "Pemilik": "Dbku", "Tarikh_Dit": null, "Jenis_Poko": "TB2_Bucida", "Tinggi_Pok": 3.0, "Silara_Pok": 0.0, "Catatan": null, "Ukur_Lilit": 13, "Northing": null, "Easthing": null, "Ln_TAGB_": 4.432, "TAGB": 84.099, "CO2_Stock": 42.05, "NAMA JALAN": "JALAN SATOK", "KTG JLN": "JRB", "PJG JLN": 1.351, "LBR JLN": 12.9, "JENIS SRT": "SRT1", "CON OF RD": "C1", "TARIKH": null, "NORTHING_2": 1.553103, "EASTING": 110.337785, "CATATAN_2": null, "NORTH AKK": 1.553661, "EAST AKHR": 110.325951, "Road_type": "Main road" }, "geometry": { "type": "MultiPolygon", "coordinates": [ [ [ [ 110.332924614853468, 1.55333366289875 ], [ 110.332909298013007, 1.55330340807818 ], [ 110.332885440706391, 1.553279397322438 ], [ 110.332855378253157, 1.553263980971551 ], [ 110.332822053375651, 1.553258668085241 ], [ 110.332788728144848, 1.553263978725695 ], [ 110.332758664666272, 1.553279393050256 ], [ 110.332734805762342, 1.553303402197373 ], [ 110.332719486908658, 1.55333365598449 ], [ 110.332714207621393, 1.553367192960204 ], [ 110.332719484674172, 1.553400730291862 ], [ 110.332732548101148, 1.55342653402642 ], [ 110.332916580968771, 1.553416599227835 ], [ 110.332924612622591, 1.55340073720825 ], [ 110.332929891908393, 1.553367200231411 ], [ 110.332924614853468, 1.55333366289875 ] ] ] ] } },
{ "type": "Feature", "properties": { "fid_1": 293.0, "Lokasi": "Jalan_Satok", "Pemilik": "Dbku", "Tarikh_Dit": null, "Jenis_Poko": "TB2_Bucida", "Tinggi_Pok": 3.0, "Silara_Pok": 0.0, "Catatan": null, "Ukur_Lilit": 10, "Northing": null, "Easthing": null, "Ln_TAGB_": 3.855, "TAGB": 47.229, "CO2_Stock": 23.614, "NAMA JALAN": "JALAN SATOK", "KTG JLN": "JRB", "PJG JLN": 1.351, "LBR JLN": 12.9, "JENIS SRT": "SRT1", "CON OF RD": "C1", "TARIKH": null, "NORTHING_2": 1.553103, "EASTING": 110.337785, "CATATAN_2": null, "NORTH AKK": 1.553661, "EAST AKHR": 110.325951, "Road_type": "Main road" }, "geometry": { "type": "MultiPolygon", "coordinates": [ [ [ [ 110.332885345959369, 1.553338220896748 ], [ 110.33287002911932, 1.55330796607624 ], [ 110.332846171813088, 1.553283955320393 ], [ 110.332816109360152, 1.553268538969285 ], [ 110.332782784482859, 1.553263226082646 ], [ 110.332749459252199, 1.553268536722674 ], [ 110.33271939577358, 1.553283951046791 ], [ 110.332695536869508, 1.55330796019347 ], [ 110.332680218015568, 1.553338213980196 ], [ 110.332674938727948, 1.553371750955626 ], [ 110.332680215780343, 1.553405288287096 ], [ 110.332692077722569, 1.553428718771086 ], [ 110.332878581292633, 1.55341865059656 ], [ 110.332885343727753, 1.553405295205795 ], [ 110.33289062301391, 1.553371758229237 ], [ 110.332885345959369, 1.553338220896748 ] ] ] ] } },
{ "type": "Feature", "properties": { "fid_1": 294.0, "Lokasi": "Jalan_Satok", "Pemilik": "Dbku", "Tarikh_Dit": null, "Jenis_Poko": "TB2_Bucida", "Tinggi_Pok": 3.0, "Silara_Pok": 0.0, "Catatan": null, "Ukur_Lilit": 11, "Northing": null, "Easthing": null, "Ln_TAGB_": 4.065, "TAGB": 58.265, "CO2_Stock": 29.133, "NAMA JALAN": "JALAN SATOK", "KTG JLN": "JRB", "PJG JLN": 1.351, "LBR JLN": 12.9, "JENIS SRT": "SRT1", "CON OF RD": "C1", "TARIKH": null, "NORTHING_2": 1.553103, "EASTING": 110.337785, "CATATAN_2": null, "NORTH AKK": 1.553661, "EAST AKHR": 110.325951, "Road_type": "Main road" }, "geometry": { "type": "MultiPolygon", "coordinates": [ [ [ [ 110.33284853137107, 1.553341025819009 ], [ 110.332833214531405, 1.553310770998513 ], [ 110.332809357225514, 1.553286760242585 ], [ 110.332779294772905, 1.553271343891252 ], [ 110.332745969895839, 1.553266031004307 ], [ 110.332712644665278, 1.553271341643965 ], [ 110.332682581186646, 1.553286755967688 ], [ 110.332658722282446, 1.553310765113952 ], [ 110.332643403428293, 1.553341018900337 ], [ 110.33263812414036, 1.55337455587549 ], [ 110.332643401192371, 1.553408093206812 ], [ 110.332654860261741, 1.553430727910508 ], [ 110.332842192288325, 1.553420615014663 ], [ 110.332848529138772, 1.553408100127627 ], [ 110.332853808425241, 1.55337456315134 ], [ 110.33284853137107, 1.553341025819009 ] ] ] ] } },
{ "type": "Feature", "properties": { "fid_1": 295.0, "Lokasi": "Jalan_Satok", "Pemilik": "Dbku", "Tarikh_Dit": null, "Jenis_Poko": "TB2_Bucida", "Tinggi_Pok": 4.0, "Silara_Pok": 0.0, "Catatan": null, "Ukur_Lilit": 14, "Northing": null, "Easthing": null, "Ln_TAGB_": 4.594, "TAGB": 98.889, "CO2_Stock": 49.444, "NAMA JALAN": "JALAN SATOK", "KTG JLN": "JRB", "PJG JLN": 1.351, "LBR JLN": 12.9, "JENIS SRT": "SRT1", "CON OF RD": "C1", "TARIKH": null, "NORTHING_2": 1.553103, "EASTING": 110.337785, "CATATAN_2": null, "NORTH AKK": 1.553661, "EAST AKHR": 110.325951, "Road_type": "Main road" }, "geometry": { "type": "MultiPolygon", "coordinates": [ [ [ [ 110.332803302019727, 1.553343830741512 ], [ 110.332787985180531, 1.553313575921063 ], [ 110.332764127875095, 1.553289565165025 ], [ 110.332734065422855, 1.553274148813438 ], [ 110.332700740546073, 1.55326883592611 ], [ 110.332667415315655, 1.553274146565317 ], [ 110.33263735183705, 1.553289560888522 ], [ 110.332613492932694, 1.553313570034331 ], [ 110.332598174078242, 1.553343823820279 ], [ 110.33259289478994, 1.553377360795115 ], [ 110.332598171841497, 1.55341089812626 ], [ 110.332609451894413, 1.553433179225544 ], [ 110.332797152044336, 1.553423046459357 ], [ 110.332803299786619, 1.553410905049617 ], [ 110.332808579073458, 1.553377368073644 ], [ 110.332803302019727, 1.553343830741512 ] ] ] ] } },
{ "type": "Feature", "properties": { "fid_1": 296.0, "Lokasi": "Jalan_Satok", "Pemilik": "Dbku", "Tarikh_Dit": null, "Jenis_Poko": "TB2_Bucida", "Tinggi_Pok": 4.0, "Silara_Pok": 0.0, "Catatan": null, "Ukur_Lilit": 11, "Northing": null, "Easthing": null, "Ln_TAGB_": 4.065, "TAGB": 58.265, "CO2_Stock": 29.133, "NAMA JALAN": "JALAN SATOK", "KTG JLN": "JRB", "PJG JLN": 1.351, "LBR JLN": 12.9, "JENIS SRT": "SRT1", "CON OF RD": "C1", "TARIKH": null, "NORTHING_2": 1.553103, "EASTING": 110.337785, "CATATAN_2": null, "NORTH AKK": 1.553661, "EAST AKHR": 110.325951, "Road_type": "Main road" }, "geometry": { "type": "MultiPolygon", "coordinates": [ [ [ [ 110.332754038350544, 1.553347142793907 ], [ 110.332738721511859, 1.553316887973496 ], [ 110.33271486420692, 1.553292877217328 ], [ 110.332684801755093, 1.553277460865465 ], [ 110.332651476878596, 1.553272147977729 ], [ 110.332618151648319, 1.553277458616424 ], [ 110.3325880881697, 1.553292872939105 ], [ 110.332564229265202, 1.553316882084385 ], [ 110.332548910410438, 1.553347135869869 ], [ 110.332543631121723, 1.553380672844362 ], [ 110.332548908172797, 1.553414210175287 ], [ 110.332559866623228, 1.553435856024972 ], [ 110.332748228106809, 1.553425687560064 ], [ 110.332754036116526, 1.553414217101443 ], [ 110.332759315403777, 1.553380680125842 ], [ 110.332754038350544, 1.553347142793907 ] ] ] ] } },
{ "type": "Feature", "properties": { "fid_1": 297.0, "Lokasi": "Jalan_Satok", "Pemilik": "Dbku", "Tarikh_Dit": null, "Jenis_Poko": "TB2_Bucida", "Tinggi_Pok": 4.0, "Silara_Pok": 0.0, "Catatan": null, "Ukur_Lilit": 10, "Northing": null, "Easthing": null, "Ln_TAGB_": 3.855, "TAGB": 47.229, "CO2_Stock": 23.614, "NAMA JALAN": "JALAN SATOK", "KTG JLN": "JRB", "PJG JLN": 1.351, "LBR JLN": 12.9, "JENIS SRT": "SRT1", "CON OF RD": "C1", "TARIKH": null, "NORTHING_2": 1.553103, "EASTING": 110.337785, "CATATAN_2": null, "NORTH AKK": 1.553661, "EAST AKHR": 110.325951, "Road_type": "Main road" }, "geometry": { "type": "MultiPolygon", "coordinates": [ [ [ [ 110.332701095466462, 1.55335170079235 ], [ 110.332685778628331, 1.553321445971988 ], [ 110.332661921323904, 1.553297435215689 ], [ 110.332631858872517, 1.55328201886353 ], [ 110.332598533996347, 1.553276705975343 ], [ 110.332565208766226, 1.553282016613498 ], [ 110.332535145287579, 1.553297430935598 ], [ 110.332511286382896, 1.553321440080297 ], [ 110.332495967527805, 1.553351693865281 ], [ 110.332490688238622, 1.553385230839382 ], [ 110.332495965289169, 1.553418768170065 ], [ 110.3325060860208, 1.553438759303375 ], [ 110.332696170167097, 1.553428497845409 ], [ 110.332701093231478, 1.553418775099281 ], [ 110.332706372519183, 1.553385238124049 ], [ 110.332701095466462, 1.55335170079235 ] ] ] ] } },
{ "type": "Feature", "properties": { "fid_1": 298.0, "Lokasi": "Jalan_Satok", "Pemilik": "Dbku", "Tarikh_Dit": null, "Jenis_Poko": "TB2_Bucida", "Tinggi_Pok": 4.0, "Silara_Pok": 0.0, "Catatan": null, "Ukur_Lilit": 13, "Northing": null, "Easthing": null, "Ln_TAGB_": 4.432, "TAGB": 84.099, "CO2_Stock": 42.05, "NAMA JALAN": "JALAN SATOK", "KTG JLN": "JRB", "PJG JLN": 1.351, "LBR JLN": 12.9, "JENIS SRT": "SRT1", "CON OF RD": "C1", "TARIKH": null, "NORTHING_2": 1.553103, "EASTING": 110.337785, "CATATAN_2": null, "NORTH AKK": 1.553661, "EAST AKHR": 110.325951, "Road_type": "Main road" }, "geometry": { "type": "MultiPolygon", "coordinates": [ [ [ [ 110.332645698276352, 1.553351350178966 ], [ 110.332630381438776, 1.55332109535865 ], [ 110.332606524134903, 1.553297084602177 ], [ 110.332576461683999, 1.553281668249712 ], [ 110.332543136808198, 1.553276355361079 ], [ 110.332509811578291, 1.553281665998704 ], [ 110.332479748099686, 1.553297080320216 ], [ 110.332455889194861, 1.553321089464371 ], [ 110.332440570339458, 1.553351343248864 ], [ 110.332435291049848, 1.55338488022261 ], [ 110.332440568099855, 1.553418417553092 ], [ 110.332452335333514, 1.553441660966067 ], [ 110.332639033650437, 1.553431582290785 ], [ 110.332645696040387, 1.553418424485318 ], [ 110.332650975328519, 1.553384887510457 ], [ 110.332645698276352, 1.553351350178966 ] ] ] ] } },
{ "type": "Feature", "properties": { "fid_1": 299.0, "Lokasi": "Jalan_Satok", "Pemilik": "Dbku", "Tarikh_Dit": null, "Jenis_Poko": "TB2_Bucida", "Tinggi_Pok": 4.0, "Silara_Pok": 0.0, "Catatan": null, "Ukur_Lilit": 9, "Northing": null, "Easthing": null, "Ln_TAGB_": 3.624, "TAGB": 37.487, "CO2_Stock": 18.744, "NAMA JALAN": "JALAN SATOK", "KTG JLN": "JRB", "PJG JLN": 1.351, "LBR JLN": 12.9, "JENIS SRT": "SRT1", "CON OF RD": "C1", "TARIKH": null, "NORTHING_2": 1.553103, "EASTING": 110.337785, "CATATAN_2": null, "NORTH AKK": 1.553661, "EAST AKHR": 110.325951, "Road_type": "Main road" }, "geometry": { "type": "MultiPolygon", "coordinates": [ [ [ [ 110.332591703546825, 1.553353804486641 ], [ 110.332576386709832, 1.553323549666352 ], [ 110.332552529406485, 1.553299538909759 ], [ 110.33252246695605, 1.55328412255697 ], [ 110.332489142080576, 1.553278809667896 ], [ 110.332455816850839, 1.553284120304987 ], [ 110.332425753372249, 1.553299534625908 ], [ 110.332401894467239, 1.553323543769506 ], [ 110.332386575611537, 1.553353797553503 ], [ 110.332381296321444, 1.553387334526869 ], [ 110.332386573370954, 1.55342087185714 ], [ 110.332398567551209, 1.553444563550802 ], [ 110.332584799178406, 1.553434510071972 ], [ 110.33259170130988, 1.553420878792391 ], [ 110.332596980598467, 1.553387341817904 ], [ 110.332591703546825, 1.553353804486641 ] ] ] ] } },
{ "type": "Feature", "properties": { "fid_1": 300.0, "Lokasi": "Jalan_Satok", "Pemilik": "Dbku", "Tarikh_Dit": null, "Jenis_Poko": "TB2_Bucida", "Tinggi_Pok": 4.0, "Silara_Pok": 0.0, "Catatan": null, "Ukur_Lilit": 15, "Northing": null, "Easthing": null, "Ln_TAGB_": 4.746, "TAGB": 115.123, "CO2_Stock": 57.562, "NAMA JALAN": "JALAN SATOK", "KTG JLN": "JRB", "PJG JLN": 1.351, "LBR JLN": 12.9, "JENIS SRT": "SRT1", "CON OF RD": "C1", "TARIKH": null, "NORTHING_2": 1.553103, "EASTING": 110.337785, "CATATAN_2": null, "NORTH AKK": 1.553661, "EAST AKHR": 110.325951, "Road_type": "Main road" }, "geometry": { "type": "MultiPolygon", "coordinates": [ [ [ [ 110.332534903896345, 1.553357310639783 ], [ 110.332519587059934, 1.553327055819555 ], [ 110.332495729757156, 1.553303045062825 ], [ 110.332465667307176, 1.553287628709712 ], [ 110.332432342432043, 1.553282315820162 ], [ 110.332399017202505, 1.553287626456678 ], [ 110.332368953723901, 1.553303040776988 ], [ 110.33234509481872, 1.553327049919968 ], [ 110.332329775962648, 1.553357303703443 ], [ 110.332324496672115, 1.553390840676387 ], [ 110.332329773721042, 1.553424378006425 ], [ 110.332341551124188, 1.553447641508572 ], [ 110.332528228524367, 1.553437563968183 ], [ 110.332534901658349, 1.553424384944902 ], [ 110.332540180947419, 1.553390847970821 ], [ 110.332534903896345, 1.553357310639783 ] ] ] ] } },
{ "type": "Feature", "properties": { "fid_1": 301.0, "Lokasi": "Jalan_Satok", "Pemilik": "Dbku", "Tarikh_Dit": null, "Jenis_Poko": "TB2_Bucida", "Tinggi_Pok": 4.0, "Silara_Pok": 0.0, "Catatan": null, "Ukur_Lilit": 9, "Northing": null, "Easthing": null, "Ln_TAGB_": 3.624, "TAGB": 37.487, "CO2_Stock": 18.744, "NAMA JALAN": "JALAN SATOK", "KTG JLN": "JRB", "PJG JLN": 1.351, "LBR JLN": 12.9, "JENIS SRT": "SRT1", "CON OF RD": "C1", "TARIKH": null, "NORTHING_2": 1.553103, "EASTING": 110.337785, "CATATAN_2": null, "NORTH AKK": 1.553661, "EAST AKHR": 110.325951, "Road_type": "Main road" }, "geometry": { "type": "MultiPolygon", "coordinates": [ [ [ [ 110.332475299324727, 1.553358362487093 ], [ 110.332459982488942, 1.553328107666925 ], [ 110.33243612518676, 1.553304096910025 ], [ 110.332406062737292, 1.553288680556569 ], [ 110.332372737862542, 1.553283367666541 ], [ 110.332339412633232, 1.553288678302457 ], [ 110.332309349154656, 1.553304092622158 ], [ 110.332285490249291, 1.553328101764517 ], [ 110.332270171392878, 1.553358355547463 ], [ 110.332264892101847, 1.553391892520026 ], [ 110.33227016915022, 1.553425429849802 ], [ 110.332283013859296, 1.553450801565863 ], [ 110.332467496474607, 1.55344084251118 ], [ 110.332475297085679, 1.55342543679158 ], [ 110.332480576375232, 1.553391899817901 ], [ 110.332475299324727, 1.553358362487093 ] ] ] ] } },
{ "type": "Feature", "properties": { "fid_1": 302.0, "Lokasi": "Jalan_Satok", "Pemilik": "Dbku", "Tarikh_Dit": null, "Jenis_Poko": "TB2_Bucida", "Tinggi_Pok": 4.0, "Silara_Pok": 0.0, "Catatan": null, "Ukur_Lilit": 14, "Northing": null, "Easthing": null, "Ln_TAGB_": 4.594, "TAGB": 98.889, "CO2_Stock": 49.444, "NAMA JALAN": "JALAN SATOK", "KTG JLN": "JRB", "PJG JLN": 1.351, "LBR JLN": 12.9, "JENIS SRT": "SRT1", "CON OF RD": "C1", "TARIKH": null, "NORTHING_2": 1.553103, "EASTING": 110.337785, "CATATAN_2": null, "NORTH AKK": 1.553661, "EAST AKHR": 110.325951, "Road_type": "Main road" }, "geometry": { "type": "MultiPolygon", "coordinates": [ [ [ [ 110.332423758901115, 1.553361868640087 ], [ 110.332408442065855, 1.553331613819954 ], [ 110.332384584764171, 1.553307603062919 ], [ 110.332354522315157, 1.553292186709187 ], [ 110.33232119744072, 1.553286873818709 ], [ 110.332287872211538, 1.553292184454121 ], [ 110.332257808732976, 1.553307598773248 ], [ 110.332233949827454, 1.553331607915065 ], [ 110.332218630970715, 1.553361861697518 ], [ 110.332213351679258, 1.55339539866972 ], [ 110.332218628727105, 1.553428935999272 ], [ 110.332231116748105, 1.553453603162396 ], [ 110.332416332846151, 1.553443604514245 ], [ 110.332423756661115, 1.553428942943997 ], [ 110.332429035951094, 1.55339540597069 ], [ 110.332423758901115, 1.553361868640087 ] ] ] ] } },
{ "type": "Feature", "properties": { "fid_1": 303.0, "Lokasi": "Jalan_Satok", "Pemilik": "Dbku", "Tarikh_Dit": null, "Jenis_Poko": "TB2_Bucida", "Tinggi_Pok": 4.0, "Silara_Pok": 0.0, "Catatan": null, "Ukur_Lilit": 12, "Northing": null, "Easthing": null, "Ln_TAGB_": 4.256, "TAGB": 70.527, "CO2_Stock": 35.264, "NAMA JALAN": "JALAN SATOK", "KTG JLN": "JRB", "PJG JLN": 1.351, "LBR JLN": 12.9, "JENIS SRT": "SRT1", "CON OF RD": "C1", "TARIKH": null, "NORTHING_2": 1.553103, "EASTING": 110.337785, "CATATAN_2": null, "NORTH AKK": 1.553661, "EAST AKHR": 110.325951, "Road_type": "Main road" }, "geometry": { "type": "MultiPolygon", "coordinates": [ [ [ [ 110.33236345309929, 1.553363271102553 ], [ 110.332348136264656, 1.553333016282429 ], [ 110.332324278963583, 1.553309005525255 ], [ 110.332294216515066, 1.553293589171168 ], [ 110.332260891641013, 1.553288276280211 ], [ 110.332227566412058, 1.553293586915037 ], [ 110.332197502933496, 1.553309001233521 ], [ 110.332173644027819, 1.553333010374713 ], [ 110.332158325170738, 1.553363264156632 ], [ 110.332153045878783, 1.553396801128403 ], [ 110.332158322926034, 1.553430338457738 ], [ 110.332171724125999, 1.553456809393196 ], [ 110.332355062382007, 1.553446912120945 ], [ 110.33236345085821, 1.553430345405793 ], [ 110.332368730148687, 1.553396808432886 ], [ 110.33236345309929, 1.553363271102553 ] ] ] ] } },
{ "type": "Feature", "properties": { "fid_1": 304.0, "Lokasi": "Jalan_Satok", "Pemilik": "Dbku", "Tarikh_Dit": null, "Jenis_Poko": "TB2_Bucida", "Tinggi_Pok": 4.0, "Silara_Pok": 0.0, "Catatan": null, "Ukur_Lilit": 10, "Northing": null, "Easthing": null, "Ln_TAGB_": 3.855, "TAGB": 47.229, "CO2_Stock": 23.614, "NAMA JALAN": "JALAN SATOK", "KTG JLN": "JRB", "PJG JLN": 1.351, "LBR JLN": 12.9, "JENIS SRT": "SRT1", "CON OF RD": "C1", "TARIKH": null, "NORTHING_2": 1.553103, "EASTING": 110.337785, "CATATAN_2": null, "NORTH AKK": 1.553661, "EAST AKHR": 110.325951, "Road_type": "Main road" }, "geometry": { "type": "MultiPolygon", "coordinates": [ [ [ [ 110.332295784379895, 1.553368530331719 ], [ 110.332280467545985, 1.553338275511683 ], [ 110.332256610245551, 1.55331426475433 ], [ 110.332226547797617, 1.553298848399874 ], [ 110.332193222923976, 1.553293535508345 ], [ 110.332159897695234, 1.553298846142467 ], [ 110.33212983421663, 1.553314260460203 ], [ 110.332105975310711, 1.553338269600667 ], [ 110.332090656453232, 1.553368523381936 ], [ 110.332085377160709, 1.55340206035323 ], [ 110.332090654207263, 1.553435597682277 ], [ 110.332103263872284, 1.553460505126673 ], [ 110.33228822981927, 1.553450519989151 ], [ 110.332295782137564, 1.553435604634179 ], [ 110.332301061428637, 1.553402067661786 ], [ 110.332295784379895, 1.553368530331719 ] ] ] ] } },
{ "type": "Feature", "properties": { "fid_1": 305.0, "Lokasi": "Jalan_Satok", "Pemilik": "Dbku", "Tarikh_Dit": null, "Jenis_Poko": "TB2_Bucida", "Tinggi_Pok": 4.0, "Silara_Pok": 0.0, "Catatan": null, "Ukur_Lilit": 10, "Northing": null, "Easthing": null, "Ln_TAGB_": 3.855, "TAGB": 47.229, "CO2_Stock": 23.614, "NAMA JALAN": "JALAN SATOK", "KTG JLN": "JRB", "PJG JLN": 1.351, "LBR JLN": 12.9, "JENIS SRT": "SRT1", "CON OF RD": "C1", "TARIKH": null, "NORTHING_2": 1.553103, "EASTING": 110.337785, "CATATAN_2": null, "NORTH AKK": 1.553661, "EAST AKHR": 110.325951, "Road_type": "Main road" }, "geometry": { "type": "MultiPolygon", "coordinates": [ [ [ [ 110.331737671435022, 1.553401272148847 ], [ 110.331722354606896, 1.55337101732928 ], [ 110.33169849731199, 1.553347006570502 ], [ 110.331668434868732, 1.55333159021286 ], [ 110.331635109998473, 1.553326277316697 ], [ 110.331601784771507, 1.553331587945201 ], [ 110.331571721292946, 1.553347002256874 ], [ 110.331547862385236, 1.553371011391413 ], [ 110.331532543524318, 1.553401265167496 ], [ 110.33152726422712, 1.553434802134828 ], [ 110.331532541268189, 1.553468339461545 ], [ 110.331543863329358, 1.5534907035538 ], [ 110.331731477052472, 1.553480575508685 ], [ 110.331737669182488, 1.553468346445037 ], [ 110.331742948478251, 1.553434809476583 ], [ 110.331737671435022, 1.553401272148847 ] ] ] ] } },
{ "type": "Feature", "properties": { "fid_1": 306.0, "Lokasi": "Jalan_Satok", "Pemilik": "Dbku", "Tarikh_Dit": null, "Jenis_Poko": "TB2_Bucida", "Tinggi_Pok": 3.0, "Silara_Pok": 0.0, "Catatan": null, "Ukur_Lilit": 14, "Northing": null, "Easthing": null, "Ln_TAGB_": 4.594, "TAGB": 98.889, "CO2_Stock": 49.444, "NAMA JALAN": "JALAN SATOK", "KTG JLN": "JRB", "PJG JLN": 1.351, "LBR JLN": 12.9, "JENIS SRT": "SRT1", "CON OF RD": "C1", "TARIKH": null, "NORTHING_2": 1.553103, "EASTING": 110.337785, "CATATAN_2": null, "NORTH AKK": 1.553661, "EAST AKHR": 110.325951, "Road_type": "Main road" }, "geometry": { "type": "MultiPolygon", "coordinates": [ [ [ [ 110.331675612557575, 1.553403551149183 ], [ 110.331660295730074, 1.553373296329686 ], [ 110.331636438435794, 1.553349285570744 ], [ 110.331606375993061, 1.553333869212734 ], [ 110.331573051123186, 1.55332855631606 ], [ 110.331539725896448, 1.553333866943953 ], [ 110.331509662417901, 1.55334928125495 ], [ 110.331485803509992, 1.553373290388858 ], [ 110.331470484648747, 1.553403544164369 ], [ 110.331465205350995, 1.553437081131266 ], [ 110.331470482391467, 1.55347061845774 ], [ 110.331482332310614, 1.553494025211324 ], [ 110.331668860556206, 1.553483955767287 ], [ 110.331675610303918, 1.553470625444701 ], [ 110.331680889600193, 1.553437088476669 ], [ 110.331675612557575, 1.553403551149183 ] ] ] ] } },
{ "type": "Feature", "properties": { "fid_1": 307.0, "Lokasi": "Jalan_Satok", "Pemilik": "Dbku", "Tarikh_Dit": null, "Jenis_Poko": "TB2_Bucida", "Tinggi_Pok": 3.0, "Silara_Pok": 0.0, "Catatan": null, "Ukur_Lilit": 14, "Northing": null, "Easthing": null, "Ln_TAGB_": 4.594, "TAGB": 98.889, "CO2_Stock": 49.444, "NAMA JALAN": "JALAN SATOK", "KTG JLN": "JRB", "PJG JLN": 1.351, "LBR JLN": 12.9, "JENIS SRT": "SRT1", "CON OF RD": "C1", "TARIKH": null, "NORTHING_2": 1.553103, "EASTING": 110.337785, "CATATAN_2": null, "NORTH AKK": 1.553661, "EAST AKHR": 110.325951, "Road_type": "Main road" }, "geometry": { "type": "MultiPolygon", "coordinates": [ [ [ [ 110.331603035226294, 1.553405654842324 ], [ 110.331587718399561, 1.553375400022863 ], [ 110.331563861105991, 1.553351389263735 ], [ 110.33153379866387, 1.553335972905311 ], [ 110.331500473794463, 1.553330660008062 ], [ 110.331467148567995, 1.553335970635219 ], [ 110.331437085089462, 1.553351384945451 ], [ 110.33141322618134, 1.553375394078606 ], [ 110.331397907319655, 1.553405647853465 ], [ 110.331392628021334, 1.553439184819866 ], [ 110.331397905061081, 1.553472722146048 ], [ 110.331410649046774, 1.553497894920864 ], [ 110.331595338751427, 1.553487924731403 ], [ 110.331603032971344, 1.553472729137051 ], [ 110.331608312268202, 1.553439192169506 ], [ 110.331603035226294, 1.553405654842324 ] ] ] ] } },
{ "type": "Feature", "properties": { "fid_1": 308.0, "Lokasi": "Jalan_Satok", "Pemilik": "Dbku", "Tarikh_Dit": null, "Jenis_Poko": "TB2_Bucida", "Tinggi_Pok": 3.0, "Silara_Pok": 0.0, "Catatan": null, "Ukur_Lilit": 16, "Northing": null, "Easthing": null, "Ln_TAGB_": 4.888, "TAGB": 132.688, "CO2_Stock": 66.344, "NAMA JALAN": "JALAN SATOK", "KTG JLN": "JRB", "PJG JLN": 1.351, "LBR JLN": 12.9, "JENIS SRT": "SRT1", "CON OF RD": "C1", "TARIKH": null, "NORTHING_2": 1.553103, "EASTING": 110.337785, "CATATAN_2": null, "NORTH AKK": 1.553661, "EAST AKHR": 110.325951, "Road_type": "Main road" }, "geometry": { "type": "MultiPolygon", "coordinates": [ [ [ [ 110.331536418352243, 1.553409511610914 ], [ 110.331521101526192, 1.553379256791513 ], [ 110.33149724423329, 1.553355246032225 ], [ 110.331467181791737, 1.553339829673428 ], [ 110.331433856922743, 1.553334516775618 ], [ 110.33140053169646, 1.553339827402104 ], [ 110.331370468217941, 1.55335524171161 ], [ 110.33134660930962, 1.553379250844055 ], [ 110.331331290447537, 1.553409504618307 ], [ 110.331326011148647, 1.55344304158421 ], [ 110.331331288187741, 1.553476578910119 ], [ 110.331343903772265, 1.553501498059474 ], [ 110.331528857515409, 1.553491513619704 ], [ 110.331536416096085, 1.553476585904876 ], [ 110.331541695393497, 1.553443048937835 ], [ 110.331536418352243, 1.553409511610914 ] ] ] ] } },
{ "type": "Feature", "properties": { "fid_1": 309.0, "Lokasi": "Jalan_Satok", "Pemilik": "Dbku", "Tarikh_Dit": null, "Jenis_Poko": "TB2_Bucida", "Tinggi_Pok": 3.0, "Silara_Pok": 0.0, "Catatan": null, "Ukur_Lilit": 16, "Northing": null, "Easthing": null, "Ln_TAGB_": 4.888, "TAGB": 132.688, "CO2_Stock": 66.344, "NAMA JALAN": "JALAN SATOK", "KTG JLN": "JRB", "PJG JLN": 1.351, "LBR JLN": 12.9, "JENIS SRT": "SRT1", "CON OF RD": "C1", "TARIKH": null, "NORTHING_2": 1.553103, "EASTING": 110.337785, "CATATAN_2": null, "NORTH AKK": 1.553661, "EAST AKHR": 110.325951, "Road_type": "Main road" }, "geometry": { "type": "MultiPolygon", "coordinates": [ [ [ [ 110.331482774237855, 1.553411965918582 ], [ 110.331467457412359, 1.553381711099227 ], [ 110.331443600119997, 1.553357700339792 ], [ 110.331413537678898, 1.553342283980681 ], [ 110.331380212810231, 1.553336971082437 ], [ 110.331346887584132, 1.553342281708386 ], [ 110.331316824105613, 1.553357696017322 ], [ 110.331292965197136, 1.553381705149202 ], [ 110.331277646334712, 1.553411958922952 ], [ 110.331272367035382, 1.553445495888502 ], [ 110.331277644073964, 1.553479033214181 ], [ 110.331290477269462, 1.553504382204254 ], [ 110.331474983520124, 1.553494421924415 ], [ 110.331482771980717, 1.553479040211964 ], [ 110.331488051278583, 1.553445503245271 ], [ 110.331482774237855, 1.553411965918582 ] ] ] ] } },
{ "type": "Feature", "properties": { "fid_1": 310.0, "Lokasi": "Jalan_Satok", "Pemilik": "Dbku", "Tarikh_Dit": null, "Jenis_Poko": "TB2_Bucida", "Tinggi_Pok": 3.0, "Silara_Pok": 0.0, "Catatan": null, "Ukur_Lilit": 12, "Northing": null, "Easthing": null, "Ln_TAGB_": 4.256, "TAGB": 70.527, "CO2_Stock": 35.264, "NAMA JALAN": "JALAN SATOK", "KTG JLN": "JRB", "PJG JLN": 1.351, "LBR JLN": 12.9, "JENIS SRT": "SRT1", "CON OF RD": "C1", "TARIKH": null, "NORTHING_2": 1.553103, "EASTING": 110.337785, "CATATAN_2": null, "NORTH AKK": 1.553661, "EAST AKHR": 110.325951, "Road_type": "Main road" }, "geometry": { "type": "MultiPolygon", "coordinates": [ [ [ [ 110.3313060411961, 1.553419325138785 ], [ 110.331290724372423, 1.553389070319571 ], [ 110.331266867081808, 1.553365059559683 ], [ 110.331236804642231, 1.553349643199573 ], [ 110.331203479774672, 1.553344330299867 ], [ 110.33117015454917, 1.553349640924054 ], [ 110.331140091070679, 1.553365055231072 ], [ 110.331116232161648, 1.553389064361129 ], [ 110.331100913298172, 1.553419318133245 ], [ 110.331095633997393, 1.55345285509758 ], [ 110.331100911034227, 1.553486392422545 ], [ 110.331114819225107, 1.553513864818824 ], [ 110.331297114872172, 1.553504023883867 ], [ 110.331306038935764, 1.553486399430213 ], [ 110.331311318235095, 1.553452862464761 ], [ 110.3313060411961, 1.553419325138785 ] ] ] ] } },
{ "type": "Feature", "properties": { "fid_1": 311.0, "Lokasi": "Jalan_Satok", "Pemilik": "Dbku", "Tarikh_Dit": null, "Jenis_Poko": "TB2_Bucida", "Tinggi_Pok": 3.0, "Silara_Pok": 0.0, "Catatan": null, "Ukur_Lilit": 10, "Northing": null, "Easthing": null, "Ln_TAGB_": 3.855, "TAGB": 47.229, "CO2_Stock": 23.614, "NAMA JALAN": "JALAN SATOK", "KTG JLN": "JRB", "PJG JLN": 1.351, "LBR JLN": 12.9, "JENIS SRT": "SRT1", "CON OF RD": "C1", "TARIKH": null, "NORTHING_2": 1.553103, "EASTING": 110.337785, "CATATAN_2": null, "NORTH AKK": 1.553661, "EAST AKHR": 110.325951, "Road_type": "Main road" }, "geometry": { "type": "MultiPolygon", "coordinates": [ [ [ [ 110.331221192335434, 1.553423532523092 ], [ 110.331205875512651, 1.553393277703938 ], [ 110.331182018222862, 1.553369266943842 ], [ 110.331151955783994, 1.553353850583243 ], [ 110.331118630916947, 1.553348537682848 ], [ 110.33108530569173, 1.553353848306179 ], [ 110.331055242213253, 1.553369262612302 ], [ 110.33103138330398, 1.553393271741431 ], [ 110.331016064439993, 1.553423525512781 ], [ 110.331010785138488, 1.553457062476518 ], [ 110.331016062174498, 1.553490599801116 ], [ 110.331030154199183, 1.553518435319829 ], [ 110.331212071810938, 1.553508614796797 ], [ 110.331221190073563, 1.55349060681358 ], [ 110.33122646937359, 1.553457069848729 ], [ 110.331221192335434, 1.553423532523092 ] ] ] ] } },
{ "type": "Feature", "properties": { "fid_1": 312.0, "Lokasi": "Jalan_Satok", "Pemilik": "Dbku", "Tarikh_Dit": null, "Jenis_Poko": "TB2_Bucida", "Tinggi_Pok": 4.0, "Silara_Pok": 0.0, "Catatan": null, "Ukur_Lilit": 13, "Northing": null, "Easthing": null, "Ln_TAGB_": 4.432, "TAGB": 84.099, "CO2_Stock": 42.05, "NAMA JALAN": "JALAN SATOK", "KTG JLN": "JRB", "PJG JLN": 1.351, "LBR JLN": 12.9, "JENIS SRT": "SRT1", "CON OF RD": "C1", "TARIKH": null, "NORTHING_2": 1.553103, "EASTING": 110.337785, "CATATAN_2": null, "NORTH AKK": 1.553661, "EAST AKHR": 110.325951, "Road_type": "Main road" }, "geometry": { "type": "MultiPolygon", "coordinates": [ [ [ [ 110.331154575461454, 1.553429142367381 ], [ 110.331139258639354, 1.553398887548296 ], [ 110.331115401350232, 1.553374876788009 ], [ 110.331085338911905, 1.553359460427043 ], [ 110.331052014045255, 1.553354147526084 ], [ 110.331018688820237, 1.553359458148736 ], [ 110.330988625341746, 1.553374872454103 ], [ 110.330964766432217, 1.55339888158254 ], [ 110.330949447567818, 1.553429135353249 ], [ 110.330944168265759, 1.5534626723165 ], [ 110.330949445301087, 1.553496209640833 ], [ 110.330962545018295, 1.553522085087928 ], [ 110.331146503186176, 1.553512154412205 ], [ 110.331154573198347, 1.553496216657086 ], [ 110.331159852498928, 1.553462679692707 ], [ 110.331154575461454, 1.553429142367381 ] ] ] ] } },
{ "type": "Feature", "properties": { "fid_1": 313.0, "Lokasi": "Jalan_Satok", "Pemilik": "Dbku", "Tarikh_Dit": null, "Jenis_Poko": "TB2_Bucida", "Tinggi_Pok": 4.0, "Silara_Pok": 0.0, "Catatan": null, "Ukur_Lilit": 14, "Northing": null, "Easthing": null, "Ln_TAGB_": 4.594, "TAGB": 98.889, "CO2_Stock": 49.444, "NAMA JALAN": "JALAN SATOK", "KTG JLN": "JRB", "PJG JLN": 1.351, "LBR JLN": 12.9, "JENIS SRT": "SRT1", "CON OF RD": "C1", "TARIKH": null, "NORTHING_2": 1.553103, "EASTING": 110.337785, "CATATAN_2": null, "NORTH AKK": 1.553661, "EAST AKHR": 110.325951, "Road_type": "Main road" }, "geometry": { "type": "MultiPolygon", "coordinates": [ [ [ [ 110.33108024505465, 1.553434752211917 ], [ 110.331064928233317, 1.553404497392891 ], [ 110.33104107094492, 1.553380486632436 ], [ 110.331011008507218, 1.553365070271042 ], [ 110.330977683641024, 1.553359757369456 ], [ 110.330944358416218, 1.553365067991353 ], [ 110.330914294937713, 1.553380482295915 ], [ 110.330890436027943, 1.553404491423525 ], [ 110.330875117163075, 1.553434745193542 ], [ 110.330869837860391, 1.553468282156249 ], [ 110.33087511489498, 1.55350181948026 ], [ 110.330887427504024, 1.553526140179304 ], [ 110.331073004260546, 1.55351612213057 ], [ 110.331080242790165, 1.553501826500756 ], [ 110.331085522091399, 1.553468289536936 ], [ 110.33108024505465, 1.553434752211917 ] ] ] ] } },
{ "type": "Feature", "properties": { "fid_1": 314.0, "Lokasi": "Jalan_Satok", "Pemilik": "Dbku", "Tarikh_Dit": null, "Jenis_Poko": "TB2_Bucida", "Tinggi_Pok": 4.0, "Silara_Pok": 0.0, "Catatan": null, "Ukur_Lilit": 11, "Northing": null, "Easthing": null, "Ln_TAGB_": 4.065, "TAGB": 58.265, "CO2_Stock": 29.133, "NAMA JALAN": "JALAN SATOK", "KTG JLN": "JRB", "PJG JLN": 1.351, "LBR JLN": 12.9, "JENIS SRT": "SRT1", "CON OF RD": "C1", "TARIKH": null, "NORTHING_2": 1.553103, "EASTING": 110.337785, "CATATAN_2": null, "NORTH AKK": 1.553661, "EAST AKHR": 110.325951, "Road_type": "Main road" }, "geometry": { "type": "MultiPolygon", "coordinates": [ [ [ [ 110.331029756476482, 1.55343966082538 ], [ 110.331014439655689, 1.553409406006417 ], [ 110.330990582367789, 1.553385395245829 ], [ 110.330960519930485, 1.553369978884154 ], [ 110.330927195064575, 1.553364665982135 ], [ 110.33089386983994, 1.553369976603516 ], [ 110.330863806361407, 1.553385390907518 ], [ 110.330839947451452, 1.553409400034564 ], [ 110.330824628586257, 1.553439653804086 ], [ 110.330819349283118, 1.553473190766441 ], [ 110.330824626317209, 1.553506728090224 ], [ 110.330835863124648, 1.553528923793796 ], [ 110.331023652133709, 1.55351878632299 ], [ 110.331029754211073, 1.553506735113646 ], [ 110.331035033512734, 1.553473198150172 ], [ 110.331029756476482, 1.55343966082538 ] ] ] ] } },
{ "type": "Feature", "properties": { "fid_1": 315.0, "Lokasi": "Jalan_Satok", "Pemilik": "Dbku", "Tarikh_Dit": null, "Jenis_Poko": "TB2_Bucida", "Tinggi_Pok": 4.0, "Silara_Pok": 0.0, "Catatan": null, "Ukur_Lilit": 11, "Northing": null, "Easthing": null, "Ln_TAGB_": 4.065, "TAGB": 58.265, "CO2_Stock": 29.133, "NAMA JALAN": "JALAN SATOK", "KTG JLN": "JRB", "PJG JLN": 1.351, "LBR JLN": 12.9, "JENIS SRT": "SRT1", "CON OF RD": "C1", "TARIKH": null, "NORTHING_2": 1.553103, "EASTING": 110.337785, "CATATAN_2": null, "NORTH AKK": 1.553661, "EAST AKHR": 110.325951, "Road_type": "Main road" }, "geometry": { "type": "MultiPolygon", "coordinates": [ [ [ [ 110.330970853135256, 1.553444218824017 ], [ 110.330955536315088, 1.553413964005118 ], [ 110.330931679027756, 1.553389953244396 ], [ 110.330901616590936, 1.553374536882364 ], [ 110.330868291725395, 1.553369223979857 ], [ 110.330834966500916, 1.553374534600629 ], [ 110.330804903022383, 1.553389948903971 ], [ 110.330781044112229, 1.5534139580304 ], [ 110.330765725246678, 1.553444211799362 ], [ 110.330760445943042, 1.553477748761287 ], [ 110.330765722976551, 1.553511286084815 ], [ 110.33077628061686, 1.553532140252272 ], [ 110.330965466247847, 1.553521927390284 ], [ 110.330970850868738, 1.553511293111597 ], [ 110.33097613017091, 1.553477756148561 ], [ 110.330970853135256, 1.553444218824017 ] ] ] ] } },
{ "type": "Feature", "properties": { "fid_1": 316.0, "Lokasi": "Jalan_Satok", "Pemilik": "Dbku", "Tarikh_Dit": null, "Jenis_Poko": "TB2_Bucida", "Tinggi_Pok": 4.0, "Silara_Pok": 0.0, "Catatan": null, "Ukur_Lilit": 11, "Northing": null, "Easthing": null, "Ln_TAGB_": 4.065, "TAGB": 58.265, "CO2_Stock": 29.133, "NAMA JALAN": "JALAN SATOK", "KTG JLN": "JRB", "PJG JLN": 1.351, "LBR JLN": 12.9, "JENIS SRT": "SRT1", "CON OF RD": "C1", "TARIKH": null, "NORTHING_2": 1.553103, "EASTING": 110.337785, "CATATAN_2": null, "NORTH AKK": 1.553661, "EAST AKHR": 110.325951, "Road_type": "Main road" }, "geometry": { "type": "MultiPolygon", "coordinates": [ [ [ [ 110.330763631333411, 1.55345050756947 ], [ 110.330748314515375, 1.553420252750713 ], [ 110.330724457230104, 1.553396241989454 ], [ 110.330694394795074, 1.553380825626244 ], [ 110.330661069930827, 1.553375512722062 ], [ 110.330627744707073, 1.553380823340784 ], [ 110.330597681228596, 1.553396237641913 ], [ 110.330573822317845, 1.553420246766207 ], [ 110.330558503451087, 1.553450500533281 ], [ 110.330553224145746, 1.553484037493782 ], [ 110.330558501177222, 1.553517574816475 ], [ 110.330571472401175, 1.553543196461546 ], [ 110.330755694783548, 1.553533251542603 ], [ 110.330763629063185, 1.553517581854795 ], [ 110.330768908367034, 1.553484044893205 ], [ 110.330763631333411, 1.55345050756947 ] ] ] ] } },
{ "type": "Feature", "properties": { "fid_1": 318.0, "Lokasi": "Jalan_Satok", "Pemilik": "Dbku", "Tarikh_Dit": null, "Jenis_Poko": "TS1_Adenanthera", "Tinggi_Pok": 14.0, "Silara_Pok": 0.0, "Catatan": null, "Ukur_Lilit": 92, "Northing": null, "Easthing": null, "Ln_TAGB_": 8.729, "TAGB": 6179.545, "CO2_Stock": 3089.773, "NAMA JALAN": "JALAN KULAS", "KTG JLN": "JRB", "PJG JLN": 1.39, "LBR JLN": 12.9, "JENIS SRT": "SRT1", "CON OF RD": "C1", "TARIKH": null, "NORTHING_2": 1.554508, "EASTING": 110.327786, "CATATAN_2": null, "NORTH AKK": 1.553821, "EAST AKHR": 110.33792, "Road_type": "Main road" }, "geometry": { "type": "MultiPolygon", "coordinates": [ [ [ [ 110.327299438653696, 1.554188442421288 ], [ 110.327294159317447, 1.554221979354235 ], [ 110.32729943631476, 1.554255516659747 ], [ 110.327314753096616, 1.554285771472837 ], [ 110.327338610350026, 1.554309782241706 ], [ 110.327368672760898, 1.554325198624966 ], [ 110.327401997611005, 1.554330511559491 ], [ 110.327435322831647, 1.554325200978083 ], [ 110.327465386317698, 1.554309786717289 ], [ 110.327489245245403, 1.554285777632303 ], [ 110.327504564136504, 1.55425552389964 ], [ 110.327508207419001, 1.554232379975496 ], [ 110.327417919864558, 1.554203655378783 ], [ 110.327412146278945, 1.554201994980348 ], [ 110.327325079924933, 1.554179574737127 ], [ 110.327317666631188, 1.554177943104119 ], [ 110.327305851306448, 1.554175777883674 ], [ 110.327299438653696, 1.554188442421288 ] ] ] ] } },
{ "type": "Feature", "properties": { "fid_1": 319.0, "Lokasi": "Jalan_Satok", "Pemilik": "Dbku", "Tarikh_Dit": null, "Jenis_Poko": "TS1_Adenanthera", "Tinggi_Pok": 15.0, "Silara_Pok": 0.0, "Catatan": null, "Ukur_Lilit": 91, "Northing": null, "Easthing": null, "Ln_TAGB_": 8.705, "TAGB": 6033.002, "CO2_Stock": 3016.501, "NAMA JALAN": "JALAN KULAS", "KTG JLN": "JRB", "PJG JLN": 1.39, "LBR JLN": 12.9, "JENIS SRT": "SRT1", "CON OF RD": "C1", "TARIKH": null, "NORTHING_2": 1.554508, "EASTING": 110.327786, "CATATAN_2": null, "NORTH AKK": 1.553821, "EAST AKHR": 110.33792, "Road_type": "Main road" }, "geometry": { "type": "MultiPolygon", "coordinates": [ [ [ [ 110.327222653943863, 1.554160568517255 ], [ 110.327217374607201, 1.554194105449909 ], [ 110.327222651603861, 1.554227642755316 ], [ 110.327237968384964, 1.554257897568485 ], [ 110.327261825637478, 1.554281908337597 ], [ 110.327291888047554, 1.554297324721239 ], [ 110.327325212896952, 1.554302637656269 ], [ 110.327358538117025, 1.554297327075424 ], [ 110.327388601602749, 1.554281912815212 ], [ 110.327412460530354, 1.554257903730738 ], [ 110.327427779421669, 1.554227649998507 ], [ 110.327430906235875, 1.554207786937033 ], [ 110.327417919864558, 1.554203655378783 ], [ 110.327412146278945, 1.554201994980348 ], [ 110.327325079924933, 1.554179574737127 ], [ 110.327317666631188, 1.554177943104119 ], [ 110.327222671082865, 1.554160534668924 ], [ 110.327222653943863, 1.554160568517255 ] ] ] ] } },
{ "type": "Feature", "properties": { "fid_1": 320.0, "Lokasi": "Jalan_Satok", "Pemilik": "Dbku", "Tarikh_Dit": null, "Jenis_Poko": "TS1_Adenanthera", "Tinggi_Pok": 15.0, "Silara_Pok": 0.0, "Catatan": null, "Ukur_Lilit": 92, "Northing": null, "Easthing": null, "Ln_TAGB_": 8.729, "TAGB": 6179.545, "CO2_Stock": 3089.773, "NAMA JALAN": "JALAN KULAS", "KTG JLN": "JRB", "PJG JLN": 1.39, "LBR JLN": 12.9, "JENIS SRT": "SRT1", "CON OF RD": "C1", "TARIKH": null, "NORTHING_2": 1.554508, "EASTING": 110.327786, "CATATAN_2": null, "NORTH AKK": 1.553821, "EAST AKHR": 110.33792, "Road_type": "Main road" }, "geometry": { "type": "MultiPolygon", "coordinates": [ [ [ [ 110.327082738402183, 1.5541720166934 ], [ 110.327088015397621, 1.554205553998423 ], [ 110.32710333217733, 1.554235808811618 ], [ 110.327127189428467, 1.554259819581106 ], [ 110.327157251837221, 1.554275235965468 ], [ 110.327190576685553, 1.554280548901492 ], [ 110.327223901904915, 1.554275238321819 ], [ 110.327253965390327, 1.554259824062811 ], [ 110.32727782431806, 1.554235814979516 ], [ 110.327293143209928, 1.554205561248271 ], [ 110.327298056526772, 1.554174349449265 ], [ 110.327183846199915, 1.554153419803699 ], [ 110.327172688999397, 1.554151975337457 ], [ 110.327086924653671, 1.554145423578603 ], [ 110.327082738402183, 1.5541720166934 ] ] ] ] } },
{ "type": "Feature", "properties": { "fid_1": 321.0, "Lokasi": "Jalan_Satok", "Pemilik": "Dbku", "Tarikh_Dit": null, "Jenis_Poko": "TS1_Adenanthera", "Tinggi_Pok": 16.0, "Silara_Pok": 0.0, "Catatan": null, "Ukur_Lilit": 110, "Northing": null, "Easthing": null, "Ln_TAGB_": 9.121, "TAGB": 9145.342, "CO2_Stock": 4572.671, "NAMA JALAN": "JALAN KULAS", "KTG JLN": "JRB", "PJG JLN": 1.39, "LBR JLN": 12.9, "JENIS SRT": "SRT1", "CON OF RD": "C1", "TARIKH": null, "NORTHING_2": 1.554508, "EASTING": 110.327786, "CATATAN_2": null, "NORTH AKK": 1.553821, "EAST AKHR": 110.33792, "Road_type": "Main road" }, "geometry": { "type": "MultiPolygon", "coordinates": [ [ [ [ 110.326994383392673, 1.554154135319669 ], [ 110.326999660387344, 1.554187672624482 ], [ 110.327014977166144, 1.554217927437695 ], [ 110.327038834416356, 1.554241938207426 ], [ 110.327068896824258, 1.554257354592288 ], [ 110.327102221671865, 1.554262667528947 ], [ 110.327135546890702, 1.554257356949986 ], [ 110.327165610375872, 1.554241942691785 ], [ 110.327189469303676, 1.554217933609206 ], [ 110.327204788195857, 1.554187679878576 ], [ 110.327209442958718, 1.554158110545209 ], [ 110.327183846199915, 1.554153419803699 ], [ 110.327172688999397, 1.554151975337457 ], [ 110.326996838129318, 1.554138541635374 ], [ 110.326994383392673, 1.554154135319669 ] ] ] ] } },
{ "type": "Feature", "properties": { "fid_1": 322.0, "Lokasi": "Jalan_Satok", "Pemilik": "Dbku", "Tarikh_Dit": null, "Jenis_Poko": "TS1_Adenanthera", "Tinggi_Pok": 16.0, "Silara_Pok": 0.0, "Catatan": null, "Ukur_Lilit": 120, "Northing": null, "Easthing": null, "Ln_TAGB_": 9.312, "TAGB": 11070.066, "CO2_Stock": 5535.033, "NAMA JALAN": "JALAN KULAS", "KTG JLN": "JRB", "PJG JLN": 1.39, "LBR JLN": 12.9, "JENIS SRT": "SRT1", "CON OF RD": "C1", "TARIKH": null, "NORTHING_2": 1.554508, "EASTING": 110.327786, "CATATAN_2": null, "NORTH AKK": 1.553821, "EAST AKHR": 110.33792, "Road_type": "Main road" }, "geometry": { "type": "MultiPolygon", "coordinates": [ [ [ [ 110.326889216624693, 1.554160324641612 ], [ 110.32690453340237, 1.554190579454861 ], [ 110.326928390651403, 1.554214590224936 ], [ 110.326958453058168, 1.554230006610376 ], [ 110.326991777904851, 1.554235319547795 ], [ 110.327025103123006, 1.554230008969762 ], [ 110.327055166607821, 1.554214594712468 ], [ 110.327079025535639, 1.55419058563076 ], [ 110.327094344428218, 1.554160331900852 ], [ 110.327096575221688, 1.554146160810402 ], [ 110.326971134208478, 1.55413657804581 ], [ 110.326959992821415, 1.554136308111705 ], [ 110.326885762476223, 1.554138372212638 ], [ 110.326889216624693, 1.554160324641612 ] ] ] ] } },
{ "type": "Feature", "properties": { "fid_1": 323.0, "Lokasi": "Jalan_Satok", "Pemilik": "Dbku", "Tarikh_Dit": null, "Jenis_Poko": "TS1_Adenanthera", "Tinggi_Pok": 12.0, "Silara_Pok": 0.0, "Catatan": null, "Ukur_Lilit": 93, "Northing": null, "Easthing": null, "Ln_TAGB_": 8.753, "TAGB": 6329.649, "CO2_Stock": 3164.825, "NAMA JALAN": "JALAN KULAS", "KTG JLN": "JRB", "PJG JLN": 1.39, "LBR JLN": 12.9, "JENIS SRT": "SRT1", "CON OF RD": "C1", "TARIKH": null, "NORTHING_2": 1.554508, "EASTING": 110.327786, "CATATAN_2": null, "NORTH AKK": 1.553821, "EAST AKHR": 110.33792, "Road_type": "Main road" }, "geometry": { "type": "MultiPolygon", "coordinates": [ [ [ [ 110.326767202562039, 1.554163480173666 ], [ 110.326782519338465, 1.554193734986816 ], [ 110.326806376586276, 1.554217745757212 ], [ 110.32683643899199, 1.554233162143318 ], [ 110.326869763837877, 1.554238475081758 ], [ 110.326903089055619, 1.554233164504905 ], [ 110.326933152540391, 1.554217750248925 ], [ 110.326957011468537, 1.554193741168465 ], [ 110.326972330361812, 1.554163487439663 ], [ 110.326976501852997, 1.554136988094195 ], [ 110.326971134208478, 1.55413657804581 ], [ 110.326959992821415, 1.554136308111705 ], [ 110.326785385913951, 1.554141163351207 ], [ 110.326774628816864, 1.554142005864938 ], [ 110.32676403898158, 1.554143374410822 ], [ 110.326767202562039, 1.554163480173666 ] ] ] ] } },
{ "type": "Feature", "properties": { "fid_1": 324.0, "Lokasi": "Jalan_Satok", "Pemilik": "Dbku", "Tarikh_Dit": null, "Jenis_Poko": "TS1_Adenanthera", "Tinggi_Pok": 12.0, "Silara_Pok": 0.0, "Catatan": null, "Ukur_Lilit": 98, "Northing": null, "Easthing": null, "Ln_TAGB_": 8.868, "TAGB": 7101.065, "CO2_Stock": 3550.532, "NAMA JALAN": "JALAN KULAS", "KTG JLN": "JRB", "PJG JLN": 1.39, "LBR JLN": 12.9, "JENIS SRT": "SRT1", "CON OF RD": "C1", "TARIKH": null, "NORTHING_2": 1.554508, "EASTING": 110.327786, "CATATAN_2": null, "NORTH AKK": 1.553821, "EAST AKHR": 110.33792, "Road_type": "Main road" }, "geometry": { "type": "MultiPolygon", "coordinates": [ [ [ [ 110.326646240344829, 1.554162428324301 ], [ 110.326661557120005, 1.554192683137382 ], [ 110.326685414366608, 1.554216693908093 ], [ 110.32671547677127, 1.554232110294869 ], [ 110.326748801616347, 1.554237423234271 ], [ 110.326782126833606, 1.554232112658599 ], [ 110.326812190318279, 1.554216698403856 ], [ 110.326836049246765, 1.554192689324622 ], [ 110.326851368140694, 1.554162435596875 ], [ 110.326855021605169, 1.554139227014381 ], [ 110.326785385913951, 1.554141163351207 ], [ 110.326774628816864, 1.554142005864938 ], [ 110.326645649629953, 1.554158674104684 ], [ 110.326646240344829, 1.554162428324301 ] ] ] ] } },
{ "type": "Feature", "properties": { "fid_1": 324.0, "Lokasi": "Jalan_Satok", "Pemilik": "Dbku", "Tarikh_Dit": null, "Jenis_Poko": "TS1_Adenanthera", "Tinggi_Pok": 12.0, "Silara_Pok": 0.0, "Catatan": null, "Ukur_Lilit": 98, "Northing": null, "Easthing": null, "Ln_TAGB_": 8.868, "TAGB": 7101.065, "CO2_Stock": 3550.532, "NAMA JALAN": "JALAN SATOK", "KTG JLN": "JRB", "PJG JLN": 1.351, "LBR JLN": 12.9, "JENIS SRT": "SRT1", "CON OF RD": "C1", "TARIKH": null, "NORTHING_2": 1.553103, "EASTING": 110.337785, "CATATAN_2": null, "NORTH AKK": 1.553661, "EAST AKHR": 110.325951, "Road_type": "Main road" }, "geometry": { "type": "MultiPolygon", "coordinates": [ [ [ [ 110.326748809213584, 1.554020366453323 ], [ 110.326715483998456, 1.554025677030024 ], [ 110.326685420515801, 1.554041091285294 ], [ 110.326661561588466, 1.554065100364365 ], [ 110.326656185655281, 1.554075717450351 ], [ 110.326757023786612, 1.554021676092498 ], [ 110.326748809213584, 1.554020366453323 ] ] ] ] } },
{ "type": "Feature", "properties": { "fid_1": 325.0, "Lokasi": "Jalan_Satok", "Pemilik": "Dbku", "Tarikh_Dit": null, "Jenis_Poko": "TA1_Angsana", "Tinggi_Pok": 28.0, "Silara_Pok": 0.0, "Catatan": null, "Ukur_Lilit": 215, "Northing": null, "Easthing": null, "Ln_TAGB_": 10.593, "TAGB": 39854.875, "CO2_Stock": 19927.438, "NAMA JALAN": "JALAN KULAS", "KTG JLN": "JRB", "PJG JLN": 1.39, "LBR JLN": 12.9, "JENIS SRT": "SRT1", "CON OF RD": "C1", "TARIKH": null, "NORTHING_2": 1.554508, "EASTING": 110.327786, "CATATAN_2": null, "NORTH AKK": 1.553821, "EAST AKHR": 110.33792, "Road_type": "Main road" }, "geometry": { "type": "MultiPolygon", "coordinates": [ [ [ [ 110.327175844487343, 1.554152435810973 ], [ 110.32719116126799, 1.554182690624432 ], [ 110.32721501851988, 1.554206701393774 ], [ 110.327245080929103, 1.554222117777588 ], [ 110.327278405777591, 1.554227430712691 ], [ 110.327311730996783, 1.554222120131816 ], [ 110.327341794481697, 1.554206705871479 ], [ 110.32735985666686, 1.554188530010872 ], [ 110.327325079924933, 1.554179574737127 ], [ 110.327317666631188, 1.554177943104119 ], [ 110.327183846199915, 1.554153419803699 ], [ 110.327175836143425, 1.554152382782264 ], [ 110.327175844487343, 1.554152435810973 ] ] ] ] } },
{ "type": "Feature", "properties": { "fid_1": 328.0, "Lokasi": "Jalan_Satok", "Pemilik": "Dbku", "Tarikh_Dit": null, "Jenis_Poko": "TA1_Angsana", "Tinggi_Pok": 27.0, "Silara_Pok": 0.0, "Catatan": null, "Ukur_Lilit": 238, "Northing": null, "Easthing": null, "Ln_TAGB_": 10.816, "TAGB": 49811.442, "CO2_Stock": 24905.721, "NAMA JALAN": "JALAN SATOK", "KTG JLN": "JRB", "PJG JLN": 1.351, "LBR JLN": 12.9, "JENIS SRT": "SRT1", "CON OF RD": "C1", "TARIKH": null, "NORTHING_2": 1.553103, "EASTING": 110.337785, "CATATAN_2": null, "NORTH AKK": 1.553661, "EAST AKHR": 110.325951, "Road_type": "Main road" }, "geometry": { "type": "MultiPolygon", "coordinates": [ [ [ [ 110.327337593210302, 1.553751312351765 ], [ 110.327307530802855, 1.553735895969098 ], [ 110.327274205958076, 1.553730583036212 ], [ 110.327240880743759, 1.553735893619836 ], [ 110.327210817263733, 1.553751307882885 ], [ 110.327186958340633, 1.553775316969847 ], [ 110.327171639451905, 1.553805570704022 ], [ 110.327166360117175, 1.553839107639225 ], [ 110.327166855576962, 1.553842256472897 ], [ 110.327360711905655, 1.553774579811981 ], [ 110.327337593210302, 1.553751312351765 ] ] ] ] } },
{ "type": "Feature", "properties": { "fid_1": 329.0, "Lokasi": "Jalan_Satok", "Pemilik": "Dbku", "Tarikh_Dit": null, "Jenis_Poko": "TA1_Angsana", "Tinggi_Pok": 8.0, "Silara_Pok": 0.0, "Catatan": null, "Ukur_Lilit": 35, "Northing": null, "Easthing": null, "Ln_TAGB_": 6.607, "TAGB": 740.259, "CO2_Stock": 370.13, "NAMA JALAN": "JALAN SATOK", "KTG JLN": "JRB", "PJG JLN": 1.351, "LBR JLN": 12.9, "JENIS SRT": "SRT1", "CON OF RD": "C1", "TARIKH": null, "NORTHING_2": 1.553103, "EASTING": 110.337785, "CATATAN_2": null, "NORTH AKK": 1.553661, "EAST AKHR": 110.325951, "Road_type": "Main road" }, "geometry": { "type": "MultiPolygon", "coordinates": [ [ [ [ 110.32742094474871, 1.553723533993694 ], [ 110.327405627965391, 1.553693279178183 ], [ 110.327381770712918, 1.553669268408553 ], [ 110.327351708305542, 1.553653852026244 ], [ 110.327318383461133, 1.553648539094067 ], [ 110.327285058247412, 1.553653849678635 ], [ 110.327254994768225, 1.553669263942805 ], [ 110.327231135846048, 1.553693273030955 ], [ 110.327215816958287, 1.553723526766243 ], [ 110.327210537624424, 1.553757063702393 ], [ 110.32721581462269, 1.553790601010592 ], [ 110.327230684613014, 1.553819973291723 ], [ 110.327380886378137, 1.553767536755308 ], [ 110.327425564166447, 1.553761248594111 ], [ 110.327426221749107, 1.553757071302925 ], [ 110.32742094474871, 1.553723533993694 ] ] ] ] } },
{ "type": "Feature", "properties": { "fid_1": 338.0, "Lokasi": "Jalan_Satok", "Pemilik": "Dbku", "Tarikh_Dit": null, "Jenis_Poko": "TI1_Ironwood", "Tinggi_Pok": 6.0, "Silara_Pok": 0.0, "Catatan": null, "Ukur_Lilit": 22, "Northing": null, "Easthing": null, "Ln_TAGB_": 5.587, "TAGB": 266.934, "CO2_Stock": 133.467, "NAMA JALAN": "JALAN SATOK", "KTG JLN": "JRB", "PJG JLN": 1.351, "LBR JLN": 12.9, "JENIS SRT": "SRT1", "CON OF RD": "C1", "TARIKH": null, "NORTHING_2": 1.553103, "EASTING": 110.337785, "CATATAN_2": null, "NORTH AKK": 1.553661, "EAST AKHR": 110.325951, "Road_type": "Main road" }, "geometry": { "type": "MultiPolygon", "coordinates": [ [ [ [ 110.327347515964192, 1.55362447272138 ], [ 110.327332199181569, 1.553594217905483 ], [ 110.327308341930092, 1.553570207135525 ], [ 110.327300115272394, 1.553565988401318 ], [ 110.327144487673323, 1.553620319142912 ], [ 110.327142388181457, 1.553624465493078 ], [ 110.32713710884768, 1.553658002429533 ], [ 110.327142385845576, 1.553691539738089 ], [ 110.327157702626167, 1.55372179455347 ], [ 110.32718155987655, 1.553745805323583 ], [ 110.327211622282931, 1.553761221706974 ], [ 110.327244947127539, 1.553766534640483 ], [ 110.327278272342184, 1.553761224056995 ], [ 110.327308335822337, 1.553745809793311 ], [ 110.327332194744827, 1.553721800704876 ], [ 110.327347513631921, 1.55369154696856 ], [ 110.327352792964263, 1.553658010030958 ], [ 110.327347515964192, 1.55362447272138 ] ] ] ] } },
{ "type": "Feature", "properties": { "fid_1": 339.0, "Lokasi": "Jalan_Satok", "Pemilik": "Dbku", "Tarikh_Dit": null, "Jenis_Poko": "TI1_Ironwood", "Tinggi_Pok": 6.0, "Silara_Pok": 0.0, "Catatan": null, "Ukur_Lilit": 21, "Northing": null, "Easthing": null, "Ln_TAGB_": 5.485, "TAGB": 241.049, "CO2_Stock": 120.525, "NAMA JALAN": "JALAN SATOK", "KTG JLN": "JRB", "PJG JLN": 1.351, "LBR JLN": 12.9, "JENIS SRT": "SRT1", "CON OF RD": "C1", "TARIKH": null, "NORTHING_2": 1.553103, "EASTING": 110.337785, "CATATAN_2": null, "NORTH AKK": 1.553661, "EAST AKHR": 110.325951, "Road_type": "Main road" }, "geometry": { "type": "MultiPolygon", "coordinates": [ [ [ [ 110.327288612623065, 1.553632887486493 ], [ 110.327273295841067, 1.553602632670659 ], [ 110.327253170015624, 1.553582377337451 ], [ 110.32708202975904, 1.553642123658174 ], [ 110.327078205507448, 1.553666417190704 ], [ 110.327083482504761, 1.553699954498979 ], [ 110.327098799284741, 1.553730209314274 ], [ 110.327122656534542, 1.55375422008455 ], [ 110.327152718940454, 1.55376963646826 ], [ 110.327186043784749, 1.553774949402269 ], [ 110.327219368999238, 1.553769638819426 ], [ 110.327249432479448, 1.55375422455643 ], [ 110.327273291402179, 1.553730215468647 ], [ 110.327288610289671, 1.553699961732913 ], [ 110.327293889622524, 1.55366642479579 ], [ 110.327288612623065, 1.553632887486493 ] ] ] ] } },
{ "type": "Feature", "properties": { "fid_1": 340.0, "Lokasi": "Jalan_Satok", "Pemilik": "Dbku", "Tarikh_Dit": null, "Jenis_Poko": "TI1_Ironwood", "Tinggi_Pok": 4.0, "Silara_Pok": 0.0, "Catatan": null, "Ukur_Lilit": 19, "Northing": null, "Easthing": null, "Ln_TAGB_": 5.265, "TAGB": 193.446, "CO2_Stock": 96.723, "NAMA JALAN": "JALAN SATOK", "KTG JLN": "JRB", "PJG JLN": 1.351, "LBR JLN": 12.9, "JENIS SRT": "SRT1", "CON OF RD": "C1", "TARIKH": null, "NORTHING_2": 1.553103, "EASTING": 110.337785, "CATATAN_2": null, "NORTH AKK": 1.553661, "EAST AKHR": 110.325951, "Road_type": "Main road" }, "geometry": { "type": "MultiPolygon", "coordinates": [ [ [ [ 110.327208672374823, 1.553656729318166 ], [ 110.327193355593664, 1.553626474502499 ], [ 110.327176229230545, 1.553609237932219 ], [ 110.327001412244442, 1.553670267820467 ], [ 110.326998265259675, 1.553690259016537 ], [ 110.327003542256122, 1.553723796324358 ], [ 110.327018859035292, 1.553754051139491 ], [ 110.327042716284325, 1.553778061909941 ], [ 110.327072778689683, 1.553793478294132 ], [ 110.327106103533652, 1.553798791228888 ], [ 110.327139428748069, 1.553793480646966 ], [ 110.327169492228478, 1.553778066384985 ], [ 110.327193351151635, 1.553754057298238 ], [ 110.327208670039781, 1.5537238035634 ], [ 110.32721394937343, 1.553690266627007 ], [ 110.327208672374823, 1.553656729318166 ] ] ] ] } },
{ "type": "Feature", "properties": { "fid_1": 341.0, "Lokasi": "Jalan_Satok", "Pemilik": "Dbku", "Tarikh_Dit": null, "Jenis_Poko": "TI1_Ironwood", "Tinggi_Pok": 5.0, "Silara_Pok": 0.0, "Catatan": null, "Ukur_Lilit": 16, "Northing": null, "Easthing": null, "Ln_TAGB_": 4.888, "TAGB": 132.688, "CO2_Stock": 66.344, "NAMA JALAN": "JALAN SATOK", "KTG JLN": "JRB", "PJG JLN": 1.351, "LBR JLN": 12.9, "JENIS SRT": "SRT1", "CON OF RD": "C1", "TARIKH": null, "NORTHING_2": 1.553103, "EASTING": 110.337785, "CATATAN_2": null, "NORTH AKK": 1.553661, "EAST AKHR": 110.325951, "Road_type": "Main road" }, "geometry": { "type": "MultiPolygon", "coordinates": [ [ [ [ 110.327109544921854, 1.553695043453943 ], [ 110.327094228141746, 1.553664788638488 ], [ 110.327074366330777, 1.55364479901699 ], [ 110.326902902446491, 1.553704658305721 ], [ 110.326899137806777, 1.553728573144707 ], [ 110.326904414802115, 1.553762110451906 ], [ 110.326919731580219, 1.553792365266833 ], [ 110.326943588828371, 1.553816376037456 ], [ 110.326973651233089, 1.553831792422269 ], [ 110.327006976076675, 1.553837105357989 ], [ 110.327040301291106, 1.553831794777265 ], [ 110.327070364771828, 1.553816380516624 ], [ 110.327094223695639, 1.553792371431195 ], [ 110.327109542584665, 1.553762117697612 ], [ 110.327114821919352, 1.553728580762165 ], [ 110.327109544921854, 1.553695043453943 ] ] ] ] } },
{ "type": "Feature", "properties": { "fid_1": 342.0, "Lokasi": "Jalan_Satok", "Pemilik": "Dbku", "Tarikh_Dit": null, "Jenis_Poko": "TI1_Ironwood", "Tinggi_Pok": 4.0, "Silara_Pok": 0.0, "Catatan": null, "Ukur_Lilit": 18, "Northing": null, "Easthing": null, "Ln_TAGB_": 5.146, "TAGB": 171.743, "CO2_Stock": 85.871, "NAMA JALAN": "JALAN SATOK", "KTG JLN": "JRB", "PJG JLN": 1.351, "LBR JLN": 12.9, "JENIS SRT": "SRT1", "CON OF RD": "C1", "TARIKH": null, "NORTHING_2": 1.553103, "EASTING": 110.337785, "CATATAN_2": null, "NORTH AKK": 1.553661, "EAST AKHR": 110.325951, "Road_type": "Main road" }, "geometry": { "type": "MultiPolygon", "coordinates": [ [ [ [ 110.327045031739402, 1.553724495127263 ], [ 110.327029714959977, 1.553694240311976 ], [ 110.327005857711271, 1.553670229541385 ], [ 110.32700410155563, 1.553669328962375 ], [ 110.326872949609026, 1.553715115057799 ], [ 110.326857603843678, 1.553721857055639 ], [ 110.326838725442315, 1.553731974407111 ], [ 110.326834624624084, 1.553758024812894 ], [ 110.326839901618726, 1.553791562119669 ], [ 110.326855218396105, 1.553821816934418 ], [ 110.326879075643717, 1.553845827705177 ], [ 110.326909138048009, 1.553861244090393 ], [ 110.326942462891424, 1.55386655702674 ], [ 110.326975788105869, 1.55386124644682 ], [ 110.327005851586861, 1.553845832187081 ], [ 110.327029710511141, 1.553821823102585 ], [ 110.327045029400779, 1.55379156936982 ], [ 110.32705030873619, 1.553758032435034 ], [ 110.327045031739402, 1.553724495127263 ] ] ] ] } },
{ "type": "Feature", "properties": { "fid_1": 343.0, "Lokasi": "Jalan_Satok", "Pemilik": "Dbku", "Tarikh_Dit": null, "Jenis_Poko": "TI1_Ironwood", "Tinggi_Pok": 5.0, "Silara_Pok": 0.0, "Catatan": null, "Ukur_Lilit": 18, "Northing": null, "Easthing": null, "Ln_TAGB_": 5.146, "TAGB": 171.743, "CO2_Stock": 85.871, "NAMA JALAN": "JALAN SATOK", "KTG JLN": "JRB", "PJG JLN": 1.351, "LBR JLN": 12.9, "JENIS SRT": "SRT1", "CON OF RD": "C1", "TARIKH": null, "NORTHING_2": 1.553103, "EASTING": 110.337785, "CATATAN_2": null, "NORTH AKK": 1.553661, "EAST AKHR": 110.325951, "Road_type": "Main road" }, "geometry": { "type": "MultiPolygon", "coordinates": [ [ [ [ 110.326880600368597, 1.553800899548717 ], [ 110.326865283590919, 1.553770644733836 ], [ 110.326841426343663, 1.553746633962934 ], [ 110.326826067810984, 1.553738757910659 ], [ 110.326672279485123, 1.553821176455852 ], [ 110.32667019325261, 1.553834429221233 ], [ 110.326675470245362, 1.553867966526866 ], [ 110.326690787021022, 1.553898221341187 ], [ 110.326714644267142, 1.553922232112256 ], [ 110.326744706670453, 1.553937648498495 ], [ 110.326778031513385, 1.553942961436473 ], [ 110.326811356727944, 1.553937650858639 ], [ 110.326841420209618, 1.553922236601228 ], [ 110.326865279135063, 1.553898227519064 ], [ 110.326880598026293, 1.553867973788434 ], [ 110.326885877363509, 1.55383443685535 ], [ 110.326880600368597, 1.553800899548717 ] ] ] ] } },
{ "type": "Feature", "properties": { "fid_1": 344.0, "Lokasi": "Jalan_Satok", "Pemilik": "Dbku", "Tarikh_Dit": null, "Jenis_Poko": "TI1_Ironwood", "Tinggi_Pok": 4.0, "Silara_Pok": 0.0, "Catatan": null, "Ukur_Lilit": 16, "Northing": null, "Easthing": null, "Ln_TAGB_": 4.888, "TAGB": 132.688, "CO2_Stock": 66.344, "NAMA JALAN": "JALAN SATOK", "KTG JLN": "JRB", "PJG JLN": 1.351, "LBR JLN": 12.9, "JENIS SRT": "SRT1", "CON OF RD": "C1", "TARIKH": null, "NORTHING_2": 1.553103, "EASTING": 110.337785, "CATATAN_2": null, "NORTH AKK": 1.553661, "EAST AKHR": 110.325951, "Road_type": "Main road" }, "geometry": { "type": "MultiPolygon", "coordinates": [ [ [ [ 110.326825904409702, 1.553830351221717 ], [ 110.326810587632608, 1.553800096407009 ], [ 110.326786730385834, 1.553776085636015 ], [ 110.326771239403271, 1.553768141661474 ], [ 110.326617607406959, 1.55385047642128 ], [ 110.326615497293261, 1.553863880889709 ], [ 110.32662077428536, 1.553897418194949 ], [ 110.326636091060422, 1.553927673009123 ], [ 110.326659948306101, 1.553951683780294 ], [ 110.326690010709072, 1.553967100166871 ], [ 110.32672333555189, 1.553972413105397 ], [ 110.32675666076652, 1.553967102528302 ], [ 110.32678672424845, 1.55395168827167 ], [ 110.32681058317435, 1.553927679190331 ], [ 110.326825902066147, 1.553897425460431 ], [ 110.326831181403961, 1.553863888527977 ], [ 110.326825904409702, 1.553830351221717 ] ] ] ] } },
{ "type": "Feature", "properties": { "fid_1": 345.0, "Lokasi": "Jalan_Satok", "Pemilik": "Dbku", "Tarikh_Dit": null, "Jenis_Poko": "TI1_Ironwood", "Tinggi_Pok": 4.0, "Silara_Pok": 0.0, "Catatan": null, "Ukur_Lilit": 18, "Northing": null, "Easthing": null, "Ln_TAGB_": 5.146, "TAGB": 171.743, "CO2_Stock": 85.871, "NAMA JALAN": "JALAN SATOK", "KTG JLN": "JRB", "PJG JLN": 1.351, "LBR JLN": 12.9, "JENIS SRT": "SRT1", "CON OF RD": "C1", "TARIKH": null, "NORTHING_2": 1.553103, "EASTING": 110.337785, "CATATAN_2": null, "NORTH AKK": 1.553661, "EAST AKHR": 110.325951, "Road_type": "Main road" }, "geometry": { "type": "MultiPolygon", "coordinates": [ [ [ [ 110.326715110031188, 1.553882242265136 ], [ 110.326699793255258, 1.553851987450726 ], [ 110.326675936009465, 1.55382797667951 ], [ 110.3266675832445, 1.553823693274234 ], [ 110.326505525997476, 1.553910543300623 ], [ 110.326504702914235, 1.553915771924267 ], [ 110.326509979905083, 1.553949309228743 ], [ 110.32652529667898, 1.553979564042636 ], [ 110.326549153923665, 1.554003574814007 ], [ 110.326579216325982, 1.554018991201284 ], [ 110.326612541168458, 1.554024304140904 ], [ 110.32664586638316, 1.554018993565203 ], [ 110.326675929865573, 1.554003579310163 ], [ 110.326699788792268, 1.553979570230394 ], [ 110.326715107685104, 1.553949316501944 ], [ 110.326720387024181, 1.553915779570634 ], [ 110.326715110031188, 1.553882242265136 ] ] ] ] } },
{ "type": "Feature", "properties": { "fid_1": 346.0, "Lokasi": "Jalan_Satok", "Pemilik": "Dbku", "Tarikh_Dit": null, "Jenis_Poko": "TT2_Tecoma", "Tinggi_Pok": 17.0, "Silara_Pok": 0.0, "Catatan": null, "Ukur_Lilit": 121, "Northing": null, "Easthing": null, "Ln_TAGB_": 9.331, "TAGB": 11282.408, "CO2_Stock": 5641.204, "NAMA JALAN": "JALAN SATOK", "KTG JLN": "JRB", "PJG JLN": 1.351, "LBR JLN": 12.9, "JENIS SRT": "SRT1", "CON OF RD": "C1", "TARIKH": null, "NORTHING_2": 1.553103, "EASTING": 110.337785, "CATATAN_2": null, "NORTH AKK": 1.553661, "EAST AKHR": 110.325951, "Road_type": "Main road" }, "geometry": { "type": "MultiPolygon", "coordinates": [ [ [ [ 110.326916102601714, 1.553700050035987 ], [ 110.326872949609026, 1.553715115057799 ], [ 110.326857603843678, 1.553721857055639 ], [ 110.326735091894491, 1.553787513906292 ], [ 110.326746647273524, 1.553799143645895 ], [ 110.326776709676423, 1.553814560031794 ], [ 110.326810034518601, 1.553819872969004 ], [ 110.326843359732095, 1.553814562390086 ], [ 110.326873423212533, 1.55379914813135 ], [ 110.326897282136684, 1.553775139047761 ], [ 110.326912601026649, 1.553744885315743 ], [ 110.326917880362799, 1.553711348381461 ], [ 110.326916102601714, 1.553700050035987 ] ] ] ] } },
{ "type": "Feature", "properties": { "fid_1": 347.0, "Lokasi": "Jalan_Satok", "Pemilik": "Dbku", "Tarikh_Dit": null, "Jenis_Poko": "TT2_Tecoma", "Tinggi_Pok": 14.0, "Silara_Pok": 0.0, "Catatan": null, "Ukur_Lilit": 95, "Northing": null, "Easthing": null, "Ln_TAGB_": 8.799, "TAGB": 6627.613, "CO2_Stock": 3313.807, "NAMA JALAN": "JALAN SATOK", "KTG JLN": "JRB", "PJG JLN": 1.351, "LBR JLN": 12.9, "JENIS SRT": "SRT1", "CON OF RD": "C1", "TARIKH": null, "NORTHING_2": 1.553103, "EASTING": 110.337785, "CATATAN_2": null, "NORTH AKK": 1.553661, "EAST AKHR": 110.325951, "Road_type": "Main road" }, "geometry": { "type": "MultiPolygon", "coordinates": [ [ [ [ 110.326652958937771, 1.553849324636141 ], [ 110.326686284150952, 1.553844014058936 ], [ 110.326716347631589, 1.553828599802058 ], [ 110.326740206556437, 1.55380459072034 ], [ 110.326753978460516, 1.553777392180328 ], [ 110.326627369152291, 1.553845244888037 ], [ 110.326652958937771, 1.553849324636141 ] ] ] ] } },
{ "type": "Feature", "properties": { "fid_1": 356.0, "Lokasi": "Jalan_Satok", "Pemilik": "Dbku", "Tarikh_Dit": null, "Jenis_Poko": "TT2_Tecoma", "Tinggi_Pok": 16.0, "Silara_Pok": 0.0, "Catatan": null, "Ukur_Lilit": 122, "Northing": null, "Easthing": null, "Ln_TAGB_": 9.349, "TAGB": 11487.33, "CO2_Stock": 5743.665, "NAMA JALAN": "JALAN SATOK", "KTG JLN": "JRB", "PJG JLN": 1.351, "LBR JLN": 12.9, "JENIS SRT": "SRT1", "CON OF RD": "C1", "TARIKH": null, "NORTHING_2": 1.553103, "EASTING": 110.337785, "CATATAN_2": null, "NORTH AKK": 1.553661, "EAST AKHR": 110.325951, "Road_type": "Main road" }, "geometry": { "type": "MultiPolygon", "coordinates": [ [ [ [ 110.326123941510502, 1.554157717732066 ], [ 110.326154004994009, 1.554142303483564 ], [ 110.326177863923419, 1.55411829441029 ], [ 110.326187230266257, 1.554099796555225 ], [ 110.326095593979034, 1.554162235078715 ], [ 110.326123941510502, 1.554157717732066 ] ] ] ] } },
{ "type": "Feature", "properties": { "fid_1": 357.0, "Lokasi": "Jalan_Satok", "Pemilik": "Dbku", "Tarikh_Dit": null, "Jenis_Poko": "TT2_Tecoma", "Tinggi_Pok": 16.0, "Silara_Pok": 0.0, "Catatan": null, "Ukur_Lilit": 96, "Northing": null, "Easthing": null, "Ln_TAGB_": 8.822, "TAGB": 6781.815, "CO2_Stock": 3390.907, "NAMA JALAN": "JALAN SATOK", "KTG JLN": "JRB", "PJG JLN": 1.351, "LBR JLN": 12.9, "JENIS SRT": "SRT1", "CON OF RD": "C1", "TARIKH": null, "NORTHING_2": 1.553103, "EASTING": 110.337785, "CATATAN_2": null, "NORTH AKK": 1.553661, "EAST AKHR": 110.325951, "Road_type": "Main road" }, "geometry": { "type": "MultiPolygon", "coordinates": [ [ [ [ 110.326837301596782, 1.553732737477309 ], [ 110.326661565815087, 1.553826918146663 ], [ 110.326668109483577, 1.553833503924809 ], [ 110.326698171885965, 1.553848920311193 ], [ 110.326731496727888, 1.553854233249179 ], [ 110.326764821941424, 1.553848922671241 ], [ 110.326794885422146, 1.553833508413595 ], [ 110.326818744346838, 1.553809499331126 ], [ 110.32683406323757, 1.5537792456001 ], [ 110.326839342574559, 1.553745708666608 ], [ 110.326837301596782, 1.553732737477309 ] ] ] ] } },
{ "type": "Feature", "properties": { "fid_1": 360.0, "Lokasi": "Jalan_Satok", "Pemilik": "Dbku", "Tarikh_Dit": null, "Jenis_Poko": "TJ1_Jambu Laut", "Tinggi_Pok": 12.0, "Silara_Pok": 0.0, "Catatan": null, "Ukur_Lilit": 51, "Northing": null, "Easthing": null, "Ln_TAGB_": 7.433, "TAGB": 1690.873, "CO2_Stock": 845.437, "NAMA JALAN": "JALAN SATOK TIMUR", "KTG JLN": "JRB", "PJG JLN": null, "LBR JLN": null, "JENIS SRT": "SRT1", "CON OF RD": "C1", "TARIKH": "2025-08-01", "NORTHING_2": null, "EASTING": null, "CATATAN_2": null, "NORTH AKK": null, "EAST AKHR": null, "Road_type": "Main road" }, "geometry": { "type": "MultiPolygon", "coordinates": [ [ [ [ 110.337262199041263, 1.553755390881567 ], [ 110.337176884517433, 1.553795370486205 ], [ 110.337075043980576, 1.553832540584964 ], [ 110.337091971390365, 1.553849576831615 ], [ 110.337122033883816, 1.553864993159369 ], [ 110.337155358794377, 1.553870306013361 ], [ 110.337188684047391, 1.553864995334278 ], [ 110.337218747534607, 1.553849580968232 ], [ 110.337242606432156, 1.553825571780706 ], [ 110.337257925264723, 1.553795317958295 ], [ 110.337263204518294, 1.553761780956012 ], [ 110.337262199041263, 1.553755390881567 ] ] ] ] } },
{ "type": "Feature", "properties": { "fid_1": 361.0, "Lokasi": "Jalan_Satok", "Pemilik": "Dbku", "Tarikh_Dit": null, "Jenis_Poko": "TJ1_Jambu Laut", "Tinggi_Pok": 10.0, "Silara_Pok": 0.0, "Catatan": null, "Ukur_Lilit": 39, "Northing": null, "Easthing": null, "Ln_TAGB_": 6.844, "TAGB": 938.235, "CO2_Stock": 469.118, "NAMA JALAN": "JALAN SATOK TIMUR", "KTG JLN": "JRB", "PJG JLN": null, "LBR JLN": null, "JENIS SRT": "SRT1", "CON OF RD": "C1", "TARIKH": "2025-08-01", "NORTHING_2": null, "EASTING": null, "CATATAN_2": null, "NORTH AKK": null, "EAST AKHR": null, "Road_type": "Main road" }, "geometry": { "type": "MultiPolygon", "coordinates": [ [ [ [ 110.337137598106906, 1.553815169802989 ], [ 110.337167660600556, 1.553830586130426 ], [ 110.337200985511146, 1.553835898983908 ], [ 110.337234310764003, 1.553830588304171 ], [ 110.337264374250893, 1.553815173937381 ], [ 110.337288233147973, 1.553791164749091 ], [ 110.337303551979986, 1.553760910925948 ], [ 110.337307783568704, 1.553734029319259 ], [ 110.337176884517433, 1.553795370486205 ], [ 110.337133616497169, 1.553811162593073 ], [ 110.337137598106906, 1.553815169802989 ] ] ] ] } },
{ "type": "Feature", "properties": { "fid_1": 364.0, "Lokasi": "Jalan_Satok", "Pemilik": "Dbku", "Tarikh_Dit": null, "Jenis_Poko": "TJ1_Jambu Laut", "Tinggi_Pok": 12.0, "Silara_Pok": 0.0, "Catatan": null, "Ukur_Lilit": 57, "Northing": null, "Easthing": null, "Ln_TAGB_": 7.678, "TAGB": 2160.295, "CO2_Stock": 1080.148, "NAMA JALAN": "JALAN SATOK TIMUR", "KTG JLN": "JRB", "PJG JLN": null, "LBR JLN": null, "JENIS SRT": "SRT1", "CON OF RD": "C1", "TARIKH": "2025-08-01", "NORTHING_2": null, "EASTING": null, "CATATAN_2": null, "NORTH AKK": null, "EAST AKHR": null, "Road_type": "Main road" }, "geometry": { "type": "MultiPolygon", "coordinates": [ [ [ [ 110.337096602600155, 1.55383881389667 ], [ 110.337129927510333, 1.553844126750776 ], [ 110.337163252763006, 1.55383881607177 ], [ 110.337193316249952, 1.553823401705781 ], [ 110.337217175147273, 1.553799392518292 ], [ 110.337232379527791, 1.553769364732003 ], [ 110.337176884517433, 1.553795370486205 ], [ 110.337080491907287, 1.553830552182618 ], [ 110.337096602600155, 1.55383881389667 ] ] ] ] } },
{ "type": "Feature", "properties": { "fid_1": 365.0, "Lokasi": "Jalan_Satok", "Pemilik": "Dbku", "Tarikh_Dit": null, "Jenis_Poko": "TJ1_Jambu Laut", "Tinggi_Pok": 9.0, "Silara_Pok": 0.0, "Catatan": null, "Ukur_Lilit": 56, "Northing": null, "Easthing": null, "Ln_TAGB_": 7.639, "TAGB": 2077.665, "CO2_Stock": 1038.832, "NAMA JALAN": "JALAN SATOK TIMUR", "KTG JLN": "JRB", "PJG JLN": null, "LBR JLN": null, "JENIS SRT": "SRT1", "CON OF RD": "C1", "TARIKH": "2025-08-01", "NORTHING_2": null, "EASTING": null, "CATATAN_2": null, "NORTH AKK": null, "EAST AKHR": null, "Road_type": "Main road" }, "geometry": { "type": "MultiPolygon", "coordinates": [ [ [ [ 110.337295271049513, 1.553749432591497 ], [ 110.337325334535592, 1.553734018223418 ], [ 110.337340610282837, 1.55371864625029 ], [ 110.337264423630657, 1.553754348407167 ], [ 110.337295271049513, 1.553749432591497 ] ] ] ] } },
{ "type": "Feature", "properties": { "fid_1": 366.0, "Lokasi": "Jalan_Satok", "Pemilik": "Dbku", "Tarikh_Dit": null, "Jenis_Poko": "TJ1_Jambu Laut", "Tinggi_Pok": 9.0, "Silara_Pok": 0.0, "Catatan": null, "Ukur_Lilit": 53, "Northing": null, "Easthing": null, "Ln_TAGB_": 7.518, "TAGB": 1840.882, "CO2_Stock": 920.441, "NAMA JALAN": "JALAN SATOK TIMUR", "KTG JLN": "JRB", "PJG JLN": null, "LBR JLN": null, "JENIS SRT": "SRT1", "CON OF RD": "C1", "TARIKH": "2025-08-01", "NORTHING_2": null, "EASTING": null, "CATATAN_2": null, "NORTH AKK": null, "EAST AKHR": null, "Road_type": "Main road" }, "geometry": { "type": "MultiPolygon", "coordinates": [ [ [ [ 110.337280271281713, 1.553747263483499 ], [ 110.337313596534031, 1.553741952802421 ], [ 110.337343660020039, 1.553726538434092 ], [ 110.337360996073258, 1.553709093176292 ], [ 110.337279727506839, 1.55374717679172 ], [ 110.337280271281713, 1.553747263483499 ] ] ] ] } },
{ "type": "Feature", "properties": { "fid_1": 375.0, "Lokasi": "Jalan_Satok", "Pemilik": "Dbku", "Tarikh_Dit": null, "Jenis_Poko": "TJ1_Jambu Laut", "Tinggi_Pok": 8.0, "Silara_Pok": 0.0, "Catatan": null, "Ukur_Lilit": 37, "Northing": null, "Easthing": null, "Ln_TAGB_": 6.729, "TAGB": 836.311, "CO2_Stock": 418.156, "NAMA JALAN": "JALAN SATOK TIMUR (DOWN)", "KTG JLN": "JRB", "PJG JLN": null, "LBR JLN": null, "JENIS SRT": "SRT1", "CON OF RD": "C1", "TARIKH": null, "NORTHING_2": null, "EASTING": null, "CATATAN_2": null, "NORTH AKK": null, "EAST AKHR": null, "Road_type": "Main road" }, "geometry": { "type": "MultiPolygon", "coordinates": [ [ [ [ 110.337383213880784, 1.55329366783381 ], [ 110.337367896994152, 1.553263413010447 ], [ 110.337344039642915, 1.55323940226649 ], [ 110.337313977151027, 1.553223985940827 ], [ 110.337280652244601, 1.553218673090691 ], [ 110.337247326997442, 1.553223983774743 ], [ 110.337217263516649, 1.553239398146068 ], [ 110.33719340462487, 1.553263407338532 ], [ 110.337180276894429, 1.553289333869802 ], [ 110.33738349145311, 1.553295431879155 ], [ 110.337383213880784, 1.55329366783381 ] ] ] ] } },
{ "type": "Feature", "properties": { "fid_1": 376.0, "Lokasi": "Jalan_Satok", "Pemilik": "Dbku", "Tarikh_Dit": null, "Jenis_Poko": "TJ1_Jambu Laut", "Tinggi_Pok": 11.0, "Silara_Pok": 0.0, "Catatan": null, "Ukur_Lilit": 67, "Northing": null, "Easthing": null, "Ln_TAGB_": 8.033, "TAGB": 3080.971, "CO2_Stock": 1540.486, "NAMA JALAN": "JALAN SATOK TIMUR (DOWN)", "KTG JLN": "JRB", "PJG JLN": null, "LBR JLN": null, "JENIS SRT": "SRT1", "CON OF RD": "C1", "TARIKH": null, "NORTHING_2": null, "EASTING": null, "CATATAN_2": null, "NORTH AKK": null, "EAST AKHR": null, "Road_type": "Main road" }, "geometry": { "type": "MultiPolygon", "coordinates": [ [ [ [ 110.337412385059281, 1.553290675917048 ], [ 110.337397068172351, 1.553260421093651 ], [ 110.337373210820843, 1.553236410349765 ], [ 110.337343148328699, 1.553220994024267 ], [ 110.337309823422103, 1.553215681174409 ], [ 110.337276498174873, 1.553220991858761 ], [ 110.337246434694094, 1.553236406230419 ], [ 110.337222575802443, 1.553260415423191 ], [ 110.337207519209272, 1.553290151350696 ], [ 110.33741327403412, 1.55329632558614 ], [ 110.337412385059281, 1.553290675917048 ] ] ] ] } },
{ "type": "Feature", "properties": { "fid_1": 377.0, "Lokasi": "Jalan_Satok", "Pemilik": "Dbku", "Tarikh_Dit": null, "Jenis_Poko": "TJ1_Jambu Laut", "Tinggi_Pok": 9.0, "Silara_Pok": 0.0, "Catatan": null, "Ukur_Lilit": 44, "Northing": null, "Easthing": null, "Ln_TAGB_": 7.109, "TAGB": 1222.924, "CO2_Stock": 611.462, "NAMA JALAN": "JALAN SATOK TIMUR (DOWN)", "KTG JLN": "JRB", "PJG JLN": null, "LBR JLN": null, "JENIS SRT": "SRT1", "CON OF RD": "C1", "TARIKH": null, "NORTHING_2": null, "EASTING": null, "CATATAN_2": null, "NORTH AKK": null, "EAST AKHR": null, "Road_type": "Main road" }, "geometry": { "type": "MultiPolygon", "coordinates": [ [ [ [ 110.337440808258236, 1.553269732505455 ], [ 110.337425491370993, 1.553239477681956 ], [ 110.337401634019258, 1.553215466938115 ], [ 110.337371571526987, 1.553200050612816 ], [ 110.337338246620376, 1.553194737763246 ], [ 110.337304921373246, 1.553200048448019 ], [ 110.337274857892666, 1.553215462820135 ], [ 110.33725099900127, 1.553239472013397 ], [ 110.337235680173478, 1.553269725840697 ], [ 110.337232347596355, 1.553290896394858 ], [ 110.337445143153616, 1.5532972819051 ], [ 110.337440808258236, 1.553269732505455 ] ] ] ] } },
{ "type": "Feature", "properties": { "fid_1": 378.0, "Lokasi": "Jalan_Satok", "Pemilik": "Dbku", "Tarikh_Dit": null, "Jenis_Poko": "TJ1_Jambu Laut", "Tinggi_Pok": 8.0, "Silara_Pok": 0.0, "Catatan": null, "Ukur_Lilit": 49, "Northing": null, "Easthing": null, "Ln_TAGB_": 7.345, "TAGB": 1548.435, "CO2_Stock": 774.217, "NAMA JALAN": "JALAN SATOK TIMUR (DOWN)", "KTG JLN": "JRB", "PJG JLN": null, "LBR JLN": null, "JENIS SRT": "SRT1", "CON OF RD": "C1", "TARIKH": null, "NORTHING_2": null, "EASTING": null, "CATATAN_2": null, "NORTH AKK": null, "EAST AKHR": null, "Road_type": "Main road" }, "geometry": { "type": "MultiPolygon", "coordinates": [ [ [ [ 110.337424352720845, 1.55324729313741 ], [ 110.337409035833758, 1.553217038313834 ], [ 110.337385178482265, 1.553193027569917 ], [ 110.337355115990249, 1.553177611244558 ], [ 110.337321791083923, 1.553172298394954 ], [ 110.337288465837077, 1.553177609079695 ], [ 110.337258402356724, 1.55319302345181 ], [ 110.337234543465527, 1.553217032645104 ], [ 110.337219224637835, 1.553247286472465 ], [ 110.337213945387262, 1.553280823478588 ], [ 110.337215450576096, 1.553290389353232 ], [ 110.337427125220344, 1.553296741228408 ], [ 110.337429629819596, 1.553280830487656 ], [ 110.337424352720845, 1.55324729313741 ] ] ] ] } },
{ "type": "Feature", "properties": { "fid_1": 379.0, "Lokasi": "Jalan_Satok", "Pemilik": "Dbku", "Tarikh_Dit": null, "Jenis_Poko": "TJ1_Jambu Laut", "Tinggi_Pok": 8.0, "Silara_Pok": 0.0, "Catatan": null, "Ukur_Lilit": 40, "Northing": null, "Easthing": null, "Ln_TAGB_": 6.9, "TAGB": 992.275, "CO2_Stock": 496.137, "NAMA JALAN": "JALAN SATOK TIMUR (DOWN)", "KTG JLN": "JRB", "PJG JLN": null, "LBR JLN": null, "JENIS SRT": "SRT1", "CON OF RD": "C1", "TARIKH": null, "NORTHING_2": null, "EASTING": null, "CATATAN_2": null, "NORTH AKK": null, "EAST AKHR": null, "Road_type": "Main road" }, "geometry": { "type": "MultiPolygon", "coordinates": [ [ [ [ 110.337380969942814, 1.553258512823094 ], [ 110.337365653056182, 1.553228257999611 ], [ 110.337341795705072, 1.553204247255586 ], [ 110.337311733213383, 1.553188830929955 ], [ 110.337278408307256, 1.553183518079961 ], [ 110.337245083060438, 1.553188828764214 ], [ 110.337215019580015, 1.553204243135788 ], [ 110.33719116068859, 1.553228252328529 ], [ 110.337175841860571, 1.553258506155414 ], [ 110.337171032761006, 1.553289056474 ], [ 110.337385704255098, 1.553295498280262 ], [ 110.337386247041081, 1.553292050173115 ], [ 110.337380969942814, 1.553258512823094 ] ] ] ] } },
{ "type": "Feature", "properties": { "fid_1": 381.0, "Lokasi": "Jalan Muda Hashim", "Pemilik": null, "Tarikh_Dit": null, "Jenis_Poko": "Kopsia singapurensis", "Tinggi_Pok": 7.0, "Silara_Pok": 4.0, "Catatan": null, "Ukur_Lilit": 8, "Northing": null, "Easthing": null, "Ln_TAGB_": 3.365, "TAGB": 28.933, "CO2_Stock": 14.466, "NAMA JALAN": "Jalan Muda Hashim", "KTG JLN": null, "PJG JLN": null, "LBR JLN": null, "JENIS SRT": null, "CON OF RD": null, "TARIKH": null, "NORTHING_2": null, "EASTING": null, "CATATAN_2": null, "NORTH AKK": null, "EAST AKHR": null, "Road_type": "Tertiary road" }, "geometry": { "type": "MultiPolygon", "coordinates": [ [ [ [ 110.333959278295779, 1.554447458059756 ], [ 110.333943961445286, 1.554417203243204 ], [ 110.333920104125383, 1.554393192491863 ], [ 110.3338900416569, 1.554377776145326 ], [ 110.333856716763719, 1.554372463262907 ], [ 110.333823391518351, 1.554377773906374 ], [ 110.333807462956941, 1.554385940890368 ], [ 110.333816668413093, 1.554580763219021 ], [ 110.333823384666161, 1.554584207383592 ], [ 110.33385670956082, 1.554589520267145 ], [ 110.333890034808334, 1.554584209624675 ], [ 110.333920098301022, 1.55456879529876 ], [ 110.333943957214444, 1.554544786150934 ], [ 110.333959276071781, 1.554514532363872 ], [ 110.33396455535653, 1.554480995389182 ], [ 110.333959278295779, 1.554447458059756 ] ] ] ] } },
{ "type": "Feature", "properties": { "fid_1": 381.0, "Lokasi": "Jalan Muda Hashim", "Pemilik": null, "Tarikh_Dit": null, "Jenis_Poko": "Kopsia singapurensis", "Tinggi_Pok": 7.0, "Silara_Pok": 4.0, "Catatan": null, "Ukur_Lilit": 8, "Northing": null, "Easthing": null, "Ln_TAGB_": 3.365, "TAGB": 28.933, "CO2_Stock": 14.466, "NAMA JALAN": "Jalan Muda Hashim", "KTG JLN": null, "PJG JLN": null, "LBR JLN": null, "JENIS SRT": null, "CON OF RD": null, "TARIKH": null, "NORTHING_2": null, "EASTING": null, "CATATAN_2": null, "NORTH AKK": null, "EAST AKHR": null, "Road_type": "Tertiary road" }, "geometry": { "type": "MultiPolygon", "coordinates": [ [ [ [ 110.3338900416569, 1.554377776145326 ], [ 110.333856716763719, 1.554372463262907 ], [ 110.333823391518351, 1.554377773906374 ], [ 110.333800426452953, 1.554389548687287 ], [ 110.333817302806523, 1.554391357092859 ], [ 110.333907490615488, 1.554386724152825 ], [ 110.3338900416569, 1.554377776145326 ] ] ] ] } },
{ "type": "Feature", "properties": { "fid_1": 382.0, "Lokasi": "Jalan Muda Hashim", "Pemilik": null, "Tarikh_Dit": null, "Jenis_Poko": "Kopsia singapurensis", "Tinggi_Pok": 6.0, "Silara_Pok": 2.0, "Catatan": null, "Ukur_Lilit": 115, "Northing": null, "Easthing": null, "Ln_TAGB_": 9.219, "TAGB": 10086.972, "CO2_Stock": 5043.486, "NAMA JALAN": "Jalan Muda Hashim", "KTG JLN": null, "PJG JLN": null, "LBR JLN": null, "JENIS SRT": null, "CON OF RD": null, "TARIKH": null, "NORTHING_2": null, "EASTING": null, "CATATAN_2": null, "NORTH AKK": null, "EAST AKHR": null, "Road_type": "Tertiary road" }, "geometry": { "type": "MultiPolygon", "coordinates": [ [ [ [ 110.333972137522878, 1.554559534615744 ], [ 110.333956820672299, 1.554529279799662 ], [ 110.33393296335197, 1.55450526904852 ], [ 110.333902900882762, 1.554489852701916 ], [ 110.333869575988601, 1.554484539819134 ], [ 110.333836250742124, 1.554489850462022 ], [ 110.33381293753736, 1.554501803741894 ], [ 110.33382177626639, 1.554688864788119 ], [ 110.333836243887063, 1.554696283934649 ], [ 110.333869568782703, 1.554701596818554 ], [ 110.333902894031354, 1.55469628617666 ], [ 110.333932957525207, 1.554680871851515 ], [ 110.333956816439724, 1.554656862704551 ], [ 110.333972135297941, 1.554626608918378 ], [ 110.33397741458333, 1.554593071944511 ], [ 110.333972137522878, 1.554559534615744 ] ] ] ] } },
{ "type": "Feature", "properties": { "fid_1": 383.0, "Lokasi": "Jalan Muda Hashim", "Pemilik": null, "Tarikh_Dit": null, "Jenis_Poko": "Callistemon citrinus", "Tinggi_Pok": 7.0, "Silara_Pok": 3.0, "Catatan": null, "Ukur_Lilit": 60, "Northing": null, "Easthing": null, "Ln_TAGB_": 7.79, "TAGB": 2416.318, "CO2_Stock": 1208.159, "NAMA JALAN": "Jalan Muda Hashim", "KTG JLN": null, "PJG JLN": null, "LBR JLN": null, "JENIS SRT": null, "CON OF RD": null, "TARIKH": null, "NORTHING_2": null, "EASTING": null, "CATATAN_2": null, "NORTH AKK": null, "EAST AKHR": null, "Road_type": "Tertiary road" }, "geometry": { "type": "MultiPolygon", "coordinates": [ [ [ [ 110.334078507122186, 1.555498357597215 ], [ 110.33404518221883, 1.555493044711802 ], [ 110.334011856961993, 1.555498355350024 ], [ 110.333981793459671, 1.555513769669458 ], [ 110.333957934536713, 1.555537778809053 ], [ 110.333942615670495, 1.555568032586977 ], [ 110.333937336378455, 1.555601569552735 ], [ 110.333942613434658, 1.555635106874647 ], [ 110.333957930284441, 1.555665361686122 ], [ 110.333981787608039, 1.55568937243547 ], [ 110.334011850084607, 1.555704788783224 ], [ 110.334045174989427, 1.555710101669763 ], [ 110.334078500248438, 1.555704791032565 ], [ 110.334090478884661, 1.555698649282917 ], [ 110.334080645615458, 1.555499454238579 ], [ 110.334078507122186, 1.555498357597215 ] ] ] ] } },
{ "type": "Feature", "properties": { "fid_1": 384.0, "Lokasi": "Jalan Muda Hshim", "Pemilik": null, "Tarikh_Dit": null, "Jenis_Poko": "Callistemon citrinus", "Tinggi_Pok": 5.0, "Silara_Pok": 2.0, "Catatan": null, "Ukur_Lilit": 59, "Northing": null, "Easthing": null, "Ln_TAGB_": 7.753, "TAGB": 2328.548, "CO2_Stock": 1164.274, "NAMA JALAN": "Jalan Muda Hashim", "KTG JLN": null, "PJG JLN": null, "LBR JLN": null, "JENIS SRT": null, "CON OF RD": null, "TARIKH": null, "NORTHING_2": null, "EASTING": null, "CATATAN_2": null, "NORTH AKK": null, "EAST AKHR": null, "Road_type": "Tertiary road" }, "geometry": { "type": "MultiPolygon", "coordinates": [ [ [ [ 110.334066175477034, 1.55564161130599 ], [ 110.334032850572612, 1.555636298419894 ], [ 110.333999525314425, 1.555641609057091 ], [ 110.333969461810668, 1.555657023375247 ], [ 110.333945602886217, 1.555681032513443 ], [ 110.333930284018692, 1.555711286289964 ], [ 110.333925004725629, 1.555744823254501 ], [ 110.333930281781178, 1.55577836057545 ], [ 110.333945598630734, 1.555808615386304 ], [ 110.333969455954602, 1.555832626135477 ], [ 110.333999518431852, 1.5558480424835 ], [ 110.334032843337752, 1.555853355370703 ], [ 110.334066168598085, 1.555848044734525 ], [ 110.334096232103889, 1.555832630416873 ], [ 110.334097052129252, 1.555831805228759 ], [ 110.334088221291125, 1.555652916626093 ], [ 110.334066175477034, 1.55564161130599 ] ] ] ] } },
{ "type": "Feature", "properties": { "fid_1": 385.0, "Lokasi": "Jalan Muda Hshim", "Pemilik": null, "Tarikh_Dit": null, "Jenis_Poko": "Callistemon citrnus", "Tinggi_Pok": 7.0, "Silara_Pok": 3.0, "Catatan": null, "Ukur_Lilit": 60, "Northing": null, "Easthing": null, "Ln_TAGB_": 7.79, "TAGB": 2416.318, "CO2_Stock": 1208.159, "NAMA JALAN": "Jalan Muda Hashim", "KTG JLN": null, "PJG JLN": null, "LBR JLN": null, "JENIS SRT": null, "CON OF RD": null, "TARIKH": null, "NORTHING_2": null, "EASTING": null, "CATATAN_2": null, "NORTH AKK": null, "EAST AKHR": null, "Road_type": "Tertiary road" }, "geometry": { "type": "MultiPolygon", "coordinates": [ [ [ [ 110.334066832818479, 1.555681216071706 ], [ 110.334033507913745, 1.555675903185436 ], [ 110.334000182655174, 1.555681213822404 ], [ 110.333970119151004, 1.555696628140238 ], [ 110.333946260226156, 1.555720637278096 ], [ 110.333930941358304, 1.555750891054281 ], [ 110.333925662064985, 1.555784428018502 ], [ 110.333930939120393, 1.555817965339181 ], [ 110.33394625596992, 1.555848220149883 ], [ 110.333970113293901, 1.555872230898994 ], [ 110.334000175771394, 1.55588764724706 ], [ 110.334033500677606, 1.555892960134417 ], [ 110.334066825938308, 1.555887649498492 ], [ 110.33409688944451, 1.555872235181156 ], [ 110.334098945802623, 1.555870165876584 ], [ 110.334090210086813, 1.555693204175159 ], [ 110.334066832818479, 1.555681216071706 ] ] ] ] } },
{ "type": "Feature", "properties": { "fid_1": 386.0, "Lokasi": "Jalan Muda Hshim", "Pemilik": null, "Tarikh_Dit": null, "Jenis_Poko": "Callistemon citrnus", "Tinggi_Pok": 5.0, "Silara_Pok": 3.0, "Catatan": null, "Ukur_Lilit": 60, "Northing": null, "Easthing": null, "Ln_TAGB_": 7.79, "TAGB": 2416.318, "CO2_Stock": 1208.159, "NAMA JALAN": "Jalan Muda Hashim", "KTG JLN": null, "PJG JLN": null, "LBR JLN": null, "JENIS SRT": null, "CON OF RD": null, "TARIKH": null, "NORTHING_2": null, "EASTING": null, "CATATAN_2": null, "NORTH AKK": null, "EAST AKHR": null, "Road_type": "Tertiary road" }, "geometry": { "type": "MultiPolygon", "coordinates": [ [ [ [ 110.334068147500687, 1.55573018793962 ], [ 110.334034822595541, 1.555724875053192 ], [ 110.334001497336502, 1.555730185689858 ], [ 110.333971433831834, 1.555745600007326 ], [ 110.333947574906503, 1.555769609144752 ], [ 110.333932256038224, 1.555799862920501 ], [ 110.333926976744593, 1.555833399884346 ], [ 110.33393225379983, 1.555866937204717 ], [ 110.333947570649343, 1.555897192015207 ], [ 110.333971427973481, 1.555921202764234 ], [ 110.334001490451243, 1.55593661911237 ], [ 110.334034815357853, 1.55594193199992 ], [ 110.334068140619038, 1.555936621364284 ], [ 110.334098204125752, 1.55592120704732 ], [ 110.334101311107958, 1.555918080504207 ], [ 110.334092656226545, 1.555742756266058 ], [ 110.334068147500687, 1.55573018793962 ] ] ] ] } },
{ "type": "Feature", "properties": { "fid_1": 387.0, "Lokasi": "Jalan Muda Hashim", "Pemilik": null, "Tarikh_Dit": null, "Jenis_Poko": "Callistemon citrnus", "Tinggi_Pok": 5.0, "Silara_Pok": 3.0, "Catatan": null, "Ukur_Lilit": 60, "Northing": null, "Easthing": null, "Ln_TAGB_": 7.79, "TAGB": 2416.318, "CO2_Stock": 1208.159, "NAMA JALAN": "Jalan Muda Hashim", "KTG JLN": null, "PJG JLN": null, "LBR JLN": null, "JENIS SRT": null, "CON OF RD": null, "TARIKH": null, "NORTHING_2": null, "EASTING": null, "CATATAN_2": null, "NORTH AKK": null, "EAST AKHR": null, "Road_type": "Tertiary road" }, "geometry": { "type": "MultiPolygon", "coordinates": [ [ [ [ 110.334073570561131, 1.555789184250241 ], [ 110.334040245655487, 1.55578387136362 ], [ 110.334006920395865, 1.555789181999953 ], [ 110.333976856890573, 1.555804596317021 ], [ 110.333952997964673, 1.555828605453975 ], [ 110.333937679095925, 1.555858859229248 ], [ 110.333932399801924, 1.555892396192627 ], [ 110.333937676857005, 1.555925933512667 ], [ 110.333952993706546, 1.555956188322911 ], [ 110.333976851030869, 1.555980199071844 ], [ 110.334006913509029, 1.555995615420013 ], [ 110.334040238416137, 1.556000928307754 ], [ 110.334073563677919, 1.555995617672436 ], [ 110.334103627185243, 1.555980203355897 ], [ 110.334104342278977, 1.555979483760115 ], [ 110.334095503370932, 1.555800431620367 ], [ 110.334073570561131, 1.555789184250241 ] ] ] ] } },
{ "type": "Feature", "properties": { "fid_1": 388.0, "Lokasi": "Jalan Muda Hashim", "Pemilik": null, "Tarikh_Dit": null, "Jenis_Poko": "Callistemon citrnus", "Tinggi_Pok": 7.0, "Silara_Pok": 3.0, "Catatan": null, "Ukur_Lilit": 105, "Northing": null, "Easthing": null, "Ln_TAGB_": 9.019, "TAGB": 8258.514, "CO2_Stock": 4129.257, "NAMA JALAN": "Jalan Muda Hashim", "KTG JLN": null, "PJG JLN": null, "LBR JLN": null, "JENIS SRT": null, "CON OF RD": null, "TARIKH": null, "NORTHING_2": null, "EASTING": null, "CATATAN_2": null, "NORTH AKK": null, "EAST AKHR": null, "Road_type": "Tertiary road" }, "geometry": { "type": "MultiPolygon", "coordinates": [ [ [ [ 110.334081129978529, 1.555866093089699 ], [ 110.334047805072217, 1.555860780202826 ], [ 110.334014479811827, 1.555866090838744 ], [ 110.333984416305739, 1.555881505155273 ], [ 110.3339605573791, 1.555905514291616 ], [ 110.333945238509713, 1.555935768066274 ], [ 110.333939959215272, 1.555969305029081 ], [ 110.333945236270154, 1.556002842348639 ], [ 110.333960553119738, 1.556033097158574 ], [ 110.333984410444316, 1.556057107907365 ], [ 110.334014472922973, 1.556072524255598 ], [ 110.334047797830749, 1.55607783714359 ], [ 110.334081123093299, 1.55607252650869 ], [ 110.334108248763641, 1.556058618495964 ], [ 110.334099202246762, 1.555875360734333 ], [ 110.334081129978529, 1.555866093089699 ] ] ] ] } },
{ "type": "Feature", "properties": { "fid_1": 389.0, "Lokasi": "Jalan Muda Hashim", "Pemilik": null, "Tarikh_Dit": null, "Jenis_Poko": "Callistemon citrnus", "Tinggi_Pok": 7.0, "Silara_Pok": 3.0, "Catatan": null, "Ukur_Lilit": 62, "Northing": null, "Easthing": null, "Ln_TAGB_": 7.862, "TAGB": 2596.709, "CO2_Stock": 1298.354, "NAMA JALAN": "Jalan Muda Hashim", "KTG JLN": null, "PJG JLN": null, "LBR JLN": null, "JENIS SRT": null, "CON OF RD": null, "TARIKH": null, "NORTHING_2": null, "EASTING": null, "CATATAN_2": null, "NORTH AKK": null, "EAST AKHR": null, "Road_type": "Tertiary road" }, "geometry": { "type": "MultiPolygon", "coordinates": [ [ [ [ 110.33408211599027, 1.555906848201281 ], [ 110.334048791083632, 1.555901535314246 ], [ 110.334015465822858, 1.555906845949923 ], [ 110.33398540231633, 1.555922260266119 ], [ 110.333961543389293, 1.555946269402108 ], [ 110.333946224519536, 1.555976523176416 ], [ 110.333940945224867, 1.55601006013891 ], [ 110.333946222279593, 1.556043597458212 ], [ 110.333961539129149, 1.556073852267982 ], [ 110.333985396453869, 1.556097863016693 ], [ 110.334015458932754, 1.556113279364981 ], [ 110.334048783840856, 1.556118592253137 ], [ 110.33408210910379, 1.556113281618474 ], [ 110.334110235314242, 1.556098860604187 ], [ 110.334101240766728, 1.555916655582899 ], [ 110.33408211599027, 1.555906848201281 ] ] ] ] } },
{ "type": "Feature", "properties": { "fid_1": 390.0, "Lokasi": "Jalan Muda Hashim", "Pemilik": null, "Tarikh_Dit": null, "Jenis_Poko": "Callistemon citrnus", "Tinggi_Pok": 7.0, "Silara_Pok": 3.0, "Catatan": null, "Ukur_Lilit": 62, "Northing": null, "Easthing": null, "Ln_TAGB_": 7.862, "TAGB": 2596.709, "CO2_Stock": 1298.354, "NAMA JALAN": "Jalan Muda Hashim", "KTG JLN": null, "PJG JLN": null, "LBR JLN": null, "JENIS SRT": null, "CON OF RD": null, "TARIKH": null, "NORTHING_2": null, "EASTING": null, "CATATAN_2": null, "NORTH AKK": null, "EAST AKHR": null, "Road_type": "Tertiary road" }, "geometry": { "type": "MultiPolygon", "coordinates": [ [ [ [ 110.334085074026419, 1.556066581945048 ], [ 110.334051749118487, 1.556061269057385 ], [ 110.334018423856151, 1.556066579692077 ], [ 110.333988360348002, 1.556081994007041 ], [ 110.333964501419359, 1.556106003141642 ], [ 110.333949182548253, 1.556136256914545 ], [ 110.333943903252546, 1.556169793875771 ], [ 110.333949180306718, 1.556203331194041 ], [ 110.333964497156202, 1.556233586003146 ], [ 110.333988354481363, 1.556257596751615 ], [ 110.334018416961158, 1.556273013100111 ], [ 110.334051741870553, 1.556278325988883 ], [ 110.334085067135049, 1.556273015355202 ], [ 110.33411513064523, 1.556257601040753 ], [ 110.33411793235291, 1.556254781694839 ], [ 110.334109253991656, 1.556078981679111 ], [ 110.334085074026419, 1.556066581945048 ] ] ] ] } },
{ "type": "Feature", "properties": { "fid_1": 391.0, "Lokasi": "Jalan Muda Hashim", "Pemilik": null, "Tarikh_Dit": null, "Jenis_Poko": "Callistemon citrnus", "Tinggi_Pok": 7.0, "Silara_Pok": 3.0, "Catatan": null, "Ukur_Lilit": 66, "Northing": null, "Easthing": null, "Ln_TAGB_": 7.999, "TAGB": 2977.979, "CO2_Stock": 1488.989, "NAMA JALAN": "Jalan Muda Hashim", "KTG JLN": null, "PJG JLN": null, "LBR JLN": null, "JENIS SRT": null, "CON OF RD": null, "TARIKH": null, "NORTHING_2": null, "EASTING": null, "CATATAN_2": null, "NORTH AKK": null, "EAST AKHR": null, "Road_type": "Tertiary road" }, "geometry": { "type": "MultiPolygon", "coordinates": [ [ [ [ 110.334083430676671, 1.55612344189919 ], [ 110.334050105768299, 1.556118129011291 ], [ 110.334016780505436, 1.556123439645603 ], [ 110.333986716996677, 1.556138853960089 ], [ 110.333962858067466, 1.556162863094166 ], [ 110.333947539195862, 1.556193116866553 ], [ 110.333942259899771, 1.556226653827318 ], [ 110.333947536953701, 1.556260191145212 ], [ 110.333962853803129, 1.556290445954069 ], [ 110.333986711128432, 1.556314456702472 ], [ 110.334016773608539, 1.55632987305103 ], [ 110.334050098518389, 1.556335185940049 ], [ 110.334083423783412, 1.556329875306751 ], [ 110.334113487294189, 1.556314460992773 ], [ 110.334120528634742, 1.556307375323532 ], [ 110.334112176464743, 1.5561381830339 ], [ 110.334083430676671, 1.55612344189919 ] ] ] ] } },
{ "type": "Feature", "properties": { "fid_1": 392.0, "Lokasi": "Jalan Muda Hashim", "Pemilik": null, "Tarikh_Dit": null, "Jenis_Poko": "Callistemon citrnus", "Tinggi_Pok": 7.0, "Silara_Pok": 3.0, "Catatan": null, "Ukur_Lilit": 71, "Northing": null, "Easthing": null, "Ln_TAGB_": 8.16, "TAGB": 3498.187, "CO2_Stock": 1749.093, "NAMA JALAN": "Jalan Muda Hashim", "KTG JLN": null, "PJG JLN": null, "LBR JLN": null, "JENIS SRT": null, "CON OF RD": null, "TARIKH": null, "NORTHING_2": null, "EASTING": null, "CATATAN_2": null, "NORTH AKK": null, "EAST AKHR": null, "Road_type": "Tertiary road" }, "geometry": { "type": "MultiPolygon", "coordinates": [ [ [ [ 110.334175336766364, 1.557461003317895 ], [ 110.334142011846708, 1.557455690425359 ], [ 110.33410868657063, 1.557461001052103 ], [ 110.334078623048057, 1.557476415356832 ], [ 110.33405476410573, 1.557500424479918 ], [ 110.334039445223013, 1.557530678241153 ], [ 110.334034165918922, 1.557564215191698 ], [ 110.334039442968731, 1.55759775250133 ], [ 110.334054759818315, 1.557628007304669 ], [ 110.334078617148023, 1.557652018050818 ], [ 110.334108679636373, 1.557667434400642 ], [ 110.334142004557506, 1.557672747294299 ], [ 110.33417532983573, 1.557667436668567 ], [ 110.334190319055196, 1.557659751329283 ], [ 110.334179851833042, 1.557463318689937 ], [ 110.334175336766364, 1.557461003317895 ] ] ] ] } },
{ "type": "Feature", "properties": { "fid_1": 392.0, "Lokasi": "Jalan Muda Hashim", "Pemilik": null, "Tarikh_Dit": null, "Jenis_Poko": "Callistemon citrnus", "Tinggi_Pok": 7.0, "Silara_Pok": 3.0, "Catatan": null, "Ukur_Lilit": 71, "Northing": null, "Easthing": null, "Ln_TAGB_": 8.16, "TAGB": 3498.187, "CO2_Stock": 1749.093, "NAMA JALAN": "Jalan Parit Lama", "KTG JLN": null, "PJG JLN": null, "LBR JLN": null, "JENIS SRT": null, "CON OF RD": null, "TARIKH": null, "NORTHING_2": null, "EASTING": null, "CATATAN_2": null, "NORTH AKK": null, "EAST AKHR": null, "Road_type": "Tertiary road" }, "geometry": { "type": "MultiPolygon", "coordinates": [ [ [ [ 110.334039445223013, 1.557530678241153 ], [ 110.334034165918922, 1.557564215191698 ], [ 110.334039442968731, 1.55759775250133 ], [ 110.334054759818315, 1.557628007304669 ], [ 110.334078617148023, 1.557652018050818 ], [ 110.334080684867573, 1.557653078398456 ], [ 110.334081088621261, 1.557652631385408 ], [ 110.334094957204471, 1.557621677209799 ], [ 110.334098642119102, 1.557587925143924 ], [ 110.334091782660281, 1.557554679075251 ], [ 110.334075050279949, 1.557525193360809 ], [ 110.334052614398416, 1.557504670007065 ], [ 110.334039445223013, 1.557530678241153 ] ] ] ] } },
{ "type": "Feature", "properties": { "fid_1": 393.0, "Lokasi": "Jalan Muda Hashim", "Pemilik": null, "Tarikh_Dit": null, "Jenis_Poko": "Callistemon citrnus", "Tinggi_Pok": 6.0, "Silara_Pok": 4.0, "Catatan": null, "Ukur_Lilit": 50, "Northing": null, "Easthing": null, "Ln_TAGB_": 7.39, "TAGB": 1619.706, "CO2_Stock": 809.853, "NAMA JALAN": "Jalan Muda Hashim", "KTG JLN": null, "PJG JLN": null, "LBR JLN": null, "JENIS SRT": null, "CON OF RD": null, "TARIKH": null, "NORTHING_2": null, "EASTING": null, "CATATAN_2": null, "NORTH AKK": null, "EAST AKHR": null, "Road_type": "Tertiary road" }, "geometry": { "type": "MultiPolygon", "coordinates": [ [ [ [ 110.334218016149705, 1.558572819635443 ], [ 110.334184691220898, 1.55856750673877 ], [ 110.334151365933963, 1.558572817358897 ], [ 110.334121302399893, 1.558588231655157 ], [ 110.334097443446581, 1.558612240768753 ], [ 110.334082124554442, 1.558642494520407 ], [ 110.334076845243402, 1.558676031462226 ], [ 110.334082122289445, 1.55870956876485 ], [ 110.334097439138787, 1.558739823563561 ], [ 110.334121296471849, 1.558763834307931 ], [ 110.334151358966764, 1.558779250658997 ], [ 110.33418468389705, 1.558784563556807 ], [ 110.334218009186145, 1.558779252937702 ], [ 110.334245332127182, 1.558765243810786 ], [ 110.334247900815853, 1.558740358250941 ], [ 110.334239562037482, 1.558583868583881 ], [ 110.334218016149705, 1.558572819635443 ] ] ] ] } },
{ "type": "Feature", "properties": { "fid_1": 393.0, "Lokasi": "Jalan Muda Hashim", "Pemilik": null, "Tarikh_Dit": null, "Jenis_Poko": "Callistemon citrnus", "Tinggi_Pok": 6.0, "Silara_Pok": 4.0, "Catatan": null, "Ukur_Lilit": 50, "Northing": null, "Easthing": null, "Ln_TAGB_": 7.39, "TAGB": 1619.706, "CO2_Stock": 809.853, "NAMA JALAN": "Jalan Mataaim", "KTG JLN": null, "PJG JLN": null, "LBR JLN": null, "JENIS SRT": null, "CON OF RD": null, "TARIKH": null, "NORTHING_2": null, "EASTING": null, "CATATAN_2": null, "NORTH AKK": null, "EAST AKHR": null, "Road_type": "Tertiary road" }, "geometry": { "type": "MultiPolygon", "coordinates": [ [ [ [ 110.334097439138787, 1.558739823563561 ], [ 110.334121296471849, 1.558763834307931 ], [ 110.334151358966764, 1.558779250658997 ], [ 110.33418468389705, 1.558784563556807 ], [ 110.334218009186145, 1.558779252937702 ], [ 110.334248072722247, 1.55876383864197 ], [ 110.334271931676682, 1.558739829528199 ], [ 110.334287250568607, 1.55870957577574 ], [ 110.334287869898461, 1.558705641467831 ], [ 110.334105699179858, 1.558709209910186 ], [ 110.334098769267015, 1.558709570370974 ], [ 110.334082806385084, 1.558710920033351 ], [ 110.334097439138787, 1.558739823563561 ] ] ] ] } },
{ "type": "Feature", "properties": { "fid_1": 394.0, "Lokasi": "Jalan Muda Hashim", "Pemilik": null, "Tarikh_Dit": null, "Jenis_Poko": "Callistemon citrnus", "Tinggi_Pok": 7.0, "Silara_Pok": 3.0, "Catatan": null, "Ukur_Lilit": 71, "Northing": null, "Easthing": null, "Ln_TAGB_": 8.16, "TAGB": 3498.187, "CO2_Stock": 1749.093, "NAMA JALAN": "Jalan Muda Hashim", "KTG JLN": null, "PJG JLN": null, "LBR JLN": null, "JENIS SRT": null, "CON OF RD": null, "TARIKH": null, "NORTHING_2": null, "EASTING": null, "CATATAN_2": null, "NORTH AKK": null, "EAST AKHR": null, "Road_type": "Tertiary road" }, "geometry": { "type": "MultiPolygon", "coordinates": [ [ [ [ 110.334214729446714, 1.558547840696147 ], [ 110.33418140451812, 1.558542527799539 ], [ 110.334148079231426, 1.558547838419791 ], [ 110.334118015697626, 1.558563252716221 ], [ 110.334094156744555, 1.558587261830002 ], [ 110.334078837852601, 1.558617515581868 ], [ 110.334073558541732, 1.558651052523856 ], [ 110.334078835587803, 1.558684589826625 ], [ 110.33409415243716, 1.55871484462544 ], [ 110.334118009770123, 1.558738855369852 ], [ 110.334148072264853, 1.558754271720904 ], [ 110.334181397194939, 1.55875958461863 ], [ 110.334214722483779, 1.558754273999413 ], [ 110.33424478601961, 1.558738859703524 ], [ 110.334247666506684, 1.558735961087724 ], [ 110.334238285939762, 1.55855992070327 ], [ 110.334214729446714, 1.558547840696147 ] ] ] ] } },
{ "type": "Feature", "properties": { "fid_1": 394.0, "Lokasi": "Jalan Muda Hashim", "Pemilik": null, "Tarikh_Dit": null, "Jenis_Poko": "Callistemon citrnus", "Tinggi_Pok": 7.0, "Silara_Pok": 3.0, "Catatan": null, "Ukur_Lilit": 71, "Northing": null, "Easthing": null, "Ln_TAGB_": 8.16, "TAGB": 3498.187, "CO2_Stock": 1749.093, "NAMA JALAN": "Jalan Mataaim", "KTG JLN": null, "PJG JLN": null, "LBR JLN": null, "JENIS SRT": null, "CON OF RD": null, "TARIKH": null, "NORTHING_2": null, "EASTING": null, "CATATAN_2": null, "NORTH AKK": null, "EAST AKHR": null, "Road_type": "Tertiary road" }, "geometry": { "type": "MultiPolygon", "coordinates": [ [ [ [ 110.33409415243716, 1.55871484462544 ], [ 110.334118009770123, 1.558738855369852 ], [ 110.334148072264853, 1.558754271720904 ], [ 110.334181397194939, 1.55875958461863 ], [ 110.334214722483779, 1.558754273999413 ], [ 110.33424478601961, 1.558738859703524 ], [ 110.33426864497379, 1.558714850589551 ], [ 110.334273162103258, 1.558705929571098 ], [ 110.334105699179858, 1.558709209910186 ], [ 110.334098769267015, 1.558709570370974 ], [ 110.334091781395571, 1.558710161195813 ], [ 110.33409415243716, 1.55871484462544 ] ] ] ] } },
{ "type": "Feature", "properties": { "fid_1": 395.0, "Lokasi": "Jalan Muda Hashim", "Pemilik": null, "Tarikh_Dit": null, "Jenis_Poko": "Callistemon citrnus", "Tinggi_Pok": 7.0, "Silara_Pok": 3.0, "Catatan": null, "Ukur_Lilit": 66, "Northing": null, "Easthing": null, "Ln_TAGB_": 7.999, "TAGB": 2977.979, "CO2_Stock": 1488.989, "NAMA JALAN": "Jalan Muda Hashim", "KTG JLN": null, "PJG JLN": null, "LBR JLN": null, "JENIS SRT": null, "CON OF RD": null, "TARIKH": null, "NORTHING_2": null, "EASTING": null, "CATATAN_2": null, "NORTH AKK": null, "EAST AKHR": null, "Road_type": "Tertiary road" }, "geometry": { "type": "MultiPolygon", "coordinates": [ [ [ [ 110.334211442743396, 1.558511358297928 ], [ 110.3341781178151, 1.558506045401454 ], [ 110.334144792528789, 1.558511356021902 ], [ 110.334114728995374, 1.558526770318568 ], [ 110.334090870042644, 1.55855077943266 ], [ 110.334075551151003, 1.558581033184802 ], [ 110.334070271840304, 1.558614570127095 ], [ 110.334075548886517, 1.55864810743008 ], [ 110.334090865735845, 1.558678362229035 ], [ 110.33411472306868, 1.558702372973536 ], [ 110.334144785563183, 1.558717789324548 ], [ 110.334178110492957, 1.558723102222156 ], [ 110.334211435781427, 1.55871779160274 ], [ 110.334241499316889, 1.55870237730658 ], [ 110.334245654156504, 1.558698196317817 ], [ 110.334236379642618, 1.558524146191347 ], [ 110.334211442743396, 1.558511358297928 ] ] ] ] } },
{ "type": "Feature", "properties": { "fid_1": 395.0, "Lokasi": "Jalan Muda Hashim", "Pemilik": null, "Tarikh_Dit": null, "Jenis_Poko": "Callistemon citrnus", "Tinggi_Pok": 7.0, "Silara_Pok": 3.0, "Catatan": null, "Ukur_Lilit": 66, "Northing": null, "Easthing": null, "Ln_TAGB_": 7.999, "TAGB": 2977.979, "CO2_Stock": 1488.989, "NAMA JALAN": "Jalan Mataaim", "KTG JLN": null, "PJG JLN": null, "LBR JLN": null, "JENIS SRT": null, "CON OF RD": null, "TARIKH": null, "NORTHING_2": null, "EASTING": null, "CATATAN_2": null, "NORTH AKK": null, "EAST AKHR": null, "Road_type": "Tertiary road" }, "geometry": { "type": "MultiPolygon", "coordinates": [ [ [ [ 110.334144785563183, 1.558717789324548 ], [ 110.334178110492957, 1.558723102222156 ], [ 110.334211435781427, 1.55871779160274 ], [ 110.334233038174574, 1.558706715537343 ], [ 110.334127232819071, 1.558708788099997 ], [ 110.334144785563183, 1.558717789324548 ] ] ] ] } },
{ "type": "Feature", "properties": { "fid_1": 396.0, "Lokasi": "Jalan Muda Hashim", "Pemilik": null, "Tarikh_Dit": null, "Jenis_Poko": "Callistemon citrnus", "Tinggi_Pok": 7.0, "Silara_Pok": 3.0, "Catatan": null, "Ukur_Lilit": 62, "Northing": null, "Easthing": null, "Ln_TAGB_": 7.862, "TAGB": 2596.709, "CO2_Stock": 1298.354, "NAMA JALAN": "Jalan Muda Hashim", "KTG JLN": null, "PJG JLN": null, "LBR JLN": null, "JENIS SRT": null, "CON OF RD": null, "TARIKH": null, "NORTHING_2": null, "EASTING": null, "CATATAN_2": null, "NORTH AKK": null, "EAST AKHR": null, "Road_type": "Tertiary road" }, "geometry": { "type": "MultiPolygon", "coordinates": [ [ [ [ 110.334201189708224, 1.558269192075286 ], [ 110.334167864781918, 1.558263879179711 ], [ 110.334134539497967, 1.558269189801596 ], [ 110.334104475967052, 1.558284604100104 ], [ 110.334080617016724, 1.558308613216245 ], [ 110.334065298127143, 1.558338866970465 ], [ 110.334060018817951, 1.558372403914644 ], [ 110.33406529586496, 1.55840594121915 ], [ 110.334080612714345, 1.558436196019124 ], [ 110.334104470046412, 1.558460206763992 ], [ 110.334134532539494, 1.558475623114765 ], [ 110.334167857467264, 1.55848093601147 ], [ 110.334201182753361, 1.558475625390608 ], [ 110.334231246286322, 1.558460211092618 ], [ 110.334232884901553, 1.558458562164177 ], [ 110.334223400977706, 1.558280582238658 ], [ 110.334201189708224, 1.558269192075286 ] ] ] ] } },
{ "type": "Feature", "properties": { "fid_1": 397.0, "Lokasi": "Jalan Muda Hashim", "Pemilik": null, "Tarikh_Dit": null, "Jenis_Poko": "Callistemon citrnus", "Tinggi_Pok": 7.0, "Silara_Pok": 3.0, "Catatan": null, "Ukur_Lilit": 62, "Northing": null, "Easthing": null, "Ln_TAGB_": 7.862, "TAGB": 2596.709, "CO2_Stock": 1298.354, "NAMA JALAN": "Jalan Muda Hashim", "KTG JLN": null, "PJG JLN": null, "LBR JLN": null, "JENIS SRT": null, "CON OF RD": null, "TARIKH": null, "NORTHING_2": null, "EASTING": null, "CATATAN_2": null, "NORTH AKK": null, "EAST AKHR": null, "Road_type": "Tertiary road" }, "geometry": { "type": "MultiPolygon", "coordinates": [ [ [ [ 110.334199875026201, 1.55822580760168 ], [ 110.33416655010025, 1.558220494706272 ], [ 110.334133224816739, 1.558225805328412 ], [ 110.334103161286251, 1.558241219627247 ], [ 110.334079302336363, 1.558265228743768 ], [ 110.334063983447123, 1.558295482498375 ], [ 110.334058704138243, 1.558329019442887 ], [ 110.33406398118538, 1.558362556747673 ], [ 110.334079298034766, 1.558392811547841 ], [ 110.334103155366719, 1.558416822292781 ], [ 110.334133217859559, 1.558432238643481 ], [ 110.33416654278696, 1.558437551540023 ], [ 110.334199868072645, 1.558432240918902 ], [ 110.334229931605151, 1.558416826620572 ], [ 110.3342306238426, 1.55841613002626 ], [ 110.334221061158516, 1.558236672064396 ], [ 110.334199875026201, 1.55822580760168 ] ] ] ] } },
{ "type": "Feature", "properties": { "fid_1": 398.0, "Lokasi": "Jalan Muda Hashim", "Pemilik": null, "Tarikh_Dit": null, "Jenis_Poko": "Callistemon citrnus", "Tinggi_Pok": 7.0, "Silara_Pok": 3.0, "Catatan": null, "Ukur_Lilit": 105, "Northing": null, "Easthing": null, "Ln_TAGB_": 9.019, "TAGB": 8258.514, "CO2_Stock": 4129.257, "NAMA JALAN": "Jalan Muda Hashim", "KTG JLN": null, "PJG JLN": null, "LBR JLN": null, "JENIS SRT": null, "CON OF RD": null, "TARIKH": null, "NORTHING_2": null, "EASTING": null, "CATATAN_2": null, "NORTH AKK": null, "EAST AKHR": null, "Road_type": "Tertiary road" }, "geometry": { "type": "MultiPolygon", "coordinates": [ [ [ [ 110.334197903003684, 1.558183737809092 ], [ 110.334164578078116, 1.558178424913822 ], [ 110.33413125279499, 1.558183735536221 ], [ 110.334101189264956, 1.558199149835376 ], [ 110.334077330315466, 1.558223158952249 ], [ 110.334062011426596, 1.558253412707212 ], [ 110.334056732117958, 1.558286949652075 ], [ 110.334062009165237, 1.558320486957109 ], [ 110.334077326014651, 1.558350741757439 ], [ 110.334101183346476, 1.558374752502448 ], [ 110.334131245839046, 1.558390168853106 ], [ 110.334164570766106, 1.558395481749488 ], [ 110.334197896051379, 1.55839017112814 ], [ 110.334227959583458, 1.558374756829494 ], [ 110.334228395818911, 1.558374317848397 ], [ 110.334218811828933, 1.558194460065988 ], [ 110.334197903003684, 1.558183737809092 ] ] ] ] } },
{ "type": "Feature", "properties": { "fid_1": 399.0, "Lokasi": "Jalan Patingan", "Pemilik": null, "Tarikh_Dit": null, "Jenis_Poko": "Arfeuillea arboresce", "Tinggi_Pok": 8.0, "Silara_Pok": 5.0, "Catatan": null, "Ukur_Lilit": 48, "Northing": null, "Easthing": null, "Ln_TAGB_": 7.3, "TAGB": 1480.3, "CO2_Stock": 740.15, "NAMA JALAN": "Jalan Patingan", "KTG JLN": null, "PJG JLN": null, "LBR JLN": null, "JENIS SRT": null, "CON OF RD": null, "TARIKH": null, "NORTHING_2": null, "EASTING": null, "CATATAN_2": null, "NORTH AKK": null, "EAST AKHR": null, "Road_type": "Secondary road" }, "geometry": { "type": "MultiPolygon", "coordinates": [ [ [ [ 110.32995996729062, 1.567321415953186 ], [ 110.329926642320103, 1.567316102986581 ], [ 110.329893316965155, 1.567321413509385 ], [ 110.329863253343376, 1.567336827690503 ], [ 110.329839394291284, 1.567360836682382 ], [ 110.329824075298959, 1.567391090317665 ], [ 110.329818795896131, 1.567424627159854 ], [ 110.329824072867737, 1.56745816438932 ], [ 110.329839389667356, 1.567488419148528 ], [ 110.329863246980167, 1.567512429890938 ], [ 110.32989330948638, 1.567527846277744 ], [ 110.32992663445836, 1.567533159245503 ], [ 110.329959959815483, 1.567527848723721 ], [ 110.329968520382664, 1.567523459561353 ], [ 110.329961152054764, 1.567322023513372 ], [ 110.32995996729062, 1.567321415953186 ] ] ] ] } },
{ "type": "Feature", "properties": { "fid_1": 399.0, "Lokasi": "Jalan Patingan", "Pemilik": null, "Tarikh_Dit": null, "Jenis_Poko": "Arfeuillea arboresce", "Tinggi_Pok": 8.0, "Silara_Pok": 5.0, "Catatan": null, "Ukur_Lilit": 48, "Northing": null, "Easthing": null, "Ln_TAGB_": 7.3, "TAGB": 1480.3, "CO2_Stock": 740.15, "NAMA JALAN": "Jalan Tanjung", "KTG JLN": null, "PJG JLN": null, "LBR JLN": null, "JENIS SRT": null, "CON OF RD": null, "TARIKH": null, "NORTHING_2": null, "EASTING": null, "CATATAN_2": null, "NORTH AKK": null, "EAST AKHR": null, "Road_type": "Secondary road" }, "geometry": { "type": "MultiPolygon", "coordinates": [ [ [ [ 110.32989330948638, 1.567527846277744 ], [ 110.32992663445836, 1.567533159245503 ], [ 110.329959959815483, 1.567527848723721 ], [ 110.329966470925626, 1.567524510356178 ], [ 110.329886991127026, 1.567524606152962 ], [ 110.32989330948638, 1.567527846277744 ] ] ] ] } },
{ "type": "Feature", "properties": { "fid_1": 400.0, "Lokasi": "Jalan Patingan", "Pemilik": null, "Tarikh_Dit": null, "Jenis_Poko": "Arfeuillea arboresce", "Tinggi_Pok": 9.0, "Silara_Pok": 5.0, "Catatan": null, "Ukur_Lilit": 52, "Northing": null, "Easthing": null, "Ln_TAGB_": 7.476, "TAGB": 1765.166, "CO2_Stock": 882.583, "NAMA JALAN": "Jalan Patingan", "KTG JLN": null, "PJG JLN": null, "LBR JLN": null, "JENIS SRT": null, "CON OF RD": null, "TARIKH": null, "NORTHING_2": null, "EASTING": null, "CATATAN_2": null, "NORTH AKK": null, "EAST AKHR": null, "Road_type": "Secondary road" }, "geometry": { "type": "MultiPolygon", "coordinates": [ [ [ [ 110.329958652611069, 1.567375317875051 ], [ 110.329925327640126, 1.567370004908226 ], [ 110.329892002284637, 1.567375315430652 ], [ 110.329861938662333, 1.567390729611312 ], [ 110.329838079609701, 1.567414738602714 ], [ 110.329822760616892, 1.567444992237499 ], [ 110.329817481213695, 1.567478529079222 ], [ 110.329822758185074, 1.567512066308345 ], [ 110.329838074984636, 1.567542321067337 ], [ 110.32986193229759, 1.567566331809657 ], [ 110.3298919948041, 1.567581748196545 ], [ 110.329925319776493, 1.56758706116453 ], [ 110.329958645134141, 1.567581750643113 ], [ 110.329970431559659, 1.567575707523286 ], [ 110.329963186557691, 1.567377642933121 ], [ 110.329958652611069, 1.567375317875051 ] ] ] ] } },
{ "type": "Feature", "properties": { "fid_1": 400.0, "Lokasi": "Jalan Patingan", "Pemilik": null, "Tarikh_Dit": null, "Jenis_Poko": "Arfeuillea arboresce", "Tinggi_Pok": 9.0, "Silara_Pok": 5.0, "Catatan": null, "Ukur_Lilit": 52, "Northing": null, "Easthing": null, "Ln_TAGB_": 7.476, "TAGB": 1765.166, "CO2_Stock": 882.583, "NAMA JALAN": "Jalan Tanjung", "KTG JLN": null, "PJG JLN": null, "LBR JLN": null, "JENIS SRT": null, "CON OF RD": null, "TARIKH": null, "NORTHING_2": null, "EASTING": null, "CATATAN_2": null, "NORTH AKK": null, "EAST AKHR": null, "Road_type": "Secondary road" }, "geometry": { "type": "MultiPolygon", "coordinates": [ [ [ [ 110.329838074984636, 1.567542321067337 ], [ 110.32986193229759, 1.567566331809657 ], [ 110.3298919948041, 1.567581748196545 ], [ 110.329925319776493, 1.56758706116453 ], [ 110.329958645134141, 1.567581750643113 ], [ 110.329988708758506, 1.567566336462984 ], [ 110.330012567812261, 1.567542327471442 ], [ 110.330021623206662, 1.567524443880274 ], [ 110.329829141916022, 1.567524675877389 ], [ 110.329838074984636, 1.567542321067337 ] ] ] ] } },
{ "type": "Feature", "properties": { "fid_1": 401.0, "Lokasi": "Jalan Tanjung", "Pemilik": null, "Tarikh_Dit": null, "Jenis_Poko": "Arfeuillea arboresce", "Tinggi_Pok": 7.0, "Silara_Pok": 4.0, "Catatan": null, "Ukur_Lilit": 51, "Northing": null, "Easthing": null, "Ln_TAGB_": 7.433, "TAGB": 1690.873, "CO2_Stock": 845.437, "NAMA JALAN": "Jalan Patingan", "KTG JLN": null, "PJG JLN": null, "LBR JLN": null, "JENIS SRT": null, "CON OF RD": null, "TARIKH": null, "NORTHING_2": null, "EASTING": null, "CATATAN_2": null, "NORTH AKK": null, "EAST AKHR": null, "Road_type": "Secondary road" }, "geometry": { "type": "MultiPolygon", "coordinates": [ [ [ [ 110.329941650669795, 1.56762216926686 ], [ 110.329917793355889, 1.567598158524826 ], [ 110.32988773084908, 1.567582742138057 ], [ 110.329854405876944, 1.567577429169783 ], [ 110.329821080519736, 1.567582739690226 ], [ 110.329791016895342, 1.567598153868456 ], [ 110.329767157840436, 1.567622162857247 ], [ 110.329763950603905, 1.567628496859956 ], [ 110.329778075343739, 1.567654026759238 ], [ 110.329802795039612, 1.567677137133261 ], [ 110.329833401249999, 1.567691429034197 ], [ 110.329866898025728, 1.56769550347102 ], [ 110.32990000646879, 1.5676889616094 ], [ 110.329929485693768, 1.567672443812078 ], [ 110.329952450068475, 1.567647566956152 ], [ 110.329953431225263, 1.567645438999816 ], [ 110.329941650669795, 1.56762216926686 ] ] ] ] } },
{ "type": "Feature", "properties": { "fid_1": 401.0, "Lokasi": "Jalan Tanjung", "Pemilik": null, "Tarikh_Dit": null, "Jenis_Poko": "Arfeuillea arboresce", "Tinggi_Pok": 7.0, "Silara_Pok": 4.0, "Catatan": null, "Ukur_Lilit": 51, "Northing": null, "Easthing": null, "Ln_TAGB_": 7.433, "TAGB": 1690.873, "CO2_Stock": 845.437, "NAMA JALAN": "Jalan Tanjung", "KTG JLN": null, "PJG JLN": null, "LBR JLN": null, "JENIS SRT": null, "CON OF RD": null, "TARIKH": null, "NORTHING_2": null, "EASTING": null, "CATATAN_2": null, "NORTH AKK": null, "EAST AKHR": null, "Road_type": "Secondary road" }, "geometry": { "type": "MultiPolygon", "coordinates": [ [ [ [ 110.329956967470522, 1.567652424025456 ], [ 110.329941650669795, 1.56762216926686 ], [ 110.329917793355889, 1.567598158524826 ], [ 110.32988773084908, 1.567582742138057 ], [ 110.329854405876944, 1.567577429169783 ], [ 110.329821080519736, 1.567582739690226 ], [ 110.329791016895342, 1.567598153868456 ], [ 110.329767157840436, 1.567622162857247 ], [ 110.329751838845411, 1.567652416489522 ], [ 110.329746559440267, 1.567685953329093 ], [ 110.329751836410182, 1.567719490556567 ], [ 110.329762164175094, 1.567739890643858 ], [ 110.329781218110128, 1.567741790038092 ], [ 110.329945777890941, 1.567741591703064 ], [ 110.329956965038932, 1.567719498094679 ], [ 110.329962244442598, 1.567685961253984 ], [ 110.329956967470522, 1.567652424025456 ] ] ] ] } },
{ "type": "Feature", "properties": { "fid_1": 402.0, "Lokasi": "Jalan Tanjung", "Pemilik": null, "Tarikh_Dit": null, "Jenis_Poko": "Arfeuillea arboresce", "Tinggi_Pok": 7.0, "Silara_Pok": 3.0, "Catatan": null, "Ukur_Lilit": 48, "Northing": null, "Easthing": null, "Ln_TAGB_": 7.3, "TAGB": 1480.3, "CO2_Stock": 740.15, "NAMA JALAN": "Jalan Patingan", "KTG JLN": null, "PJG JLN": null, "LBR JLN": null, "JENIS SRT": null, "CON OF RD": null, "TARIKH": null, "NORTHING_2": null, "EASTING": null, "CATATAN_2": null, "NORTH AKK": null, "EAST AKHR": null, "Road_type": "Secondary road" }, "geometry": { "type": "MultiPolygon", "coordinates": [ [ [ [ 110.329952150215476, 1.567578798093433 ], [ 110.32991882524297, 1.567573485125696 ], [ 110.329885499885549, 1.567578795646791 ], [ 110.329855436261141, 1.567594209825724 ], [ 110.329831577206448, 1.567618218815212 ], [ 110.329816258211821, 1.567648472448088 ], [ 110.329811132877026, 1.56768103057663 ], [ 110.329833401249999, 1.567691429034197 ], [ 110.329866898025728, 1.56769550347102 ], [ 110.32990000646879, 1.5676889616094 ], [ 110.329929485693768, 1.567672443812078 ], [ 110.329952450068475, 1.567647566956152 ], [ 110.329966651679726, 1.567616766161616 ], [ 110.329970105911372, 1.567588005972998 ], [ 110.329952150215476, 1.567578798093433 ] ] ] ] } },
{ "type": "Feature", "properties": { "fid_1": 402.0, "Lokasi": "Jalan Tanjung", "Pemilik": null, "Tarikh_Dit": null, "Jenis_Poko": "Arfeuillea arboresce", "Tinggi_Pok": 7.0, "Silara_Pok": 3.0, "Catatan": null, "Ukur_Lilit": 48, "Northing": null, "Easthing": null, "Ln_TAGB_": 7.3, "TAGB": 1480.3, "CO2_Stock": 740.15, "NAMA JALAN": "Jalan Tanjung", "KTG JLN": null, "PJG JLN": null, "LBR JLN": null, "JENIS SRT": null, "CON OF RD": null, "TARIKH": null, "NORTHING_2": null, "EASTING": null, "CATATAN_2": null, "NORTH AKK": null, "EAST AKHR": null, "Road_type": "Secondary road" }, "geometry": { "type": "MultiPolygon", "coordinates": [ [ [ [ 110.330021386838794, 1.567648479980351 ], [ 110.330006070037399, 1.567618225221694 ], [ 110.329982212722854, 1.567594214479831 ], [ 110.329952150215476, 1.567578798093433 ], [ 110.32991882524297, 1.567573485125696 ], [ 110.329885499885549, 1.567578795646791 ], [ 110.329855436261141, 1.567594209825724 ], [ 110.329831577206448, 1.567618218815212 ], [ 110.329816258211821, 1.567648472448088 ], [ 110.329810978807231, 1.567682009288131 ], [ 110.329816255777772, 1.567715546515892 ], [ 110.329829512378168, 1.567741731832362 ], [ 110.330008238304529, 1.567741516420984 ], [ 110.330021384408397, 1.567715554050312 ], [ 110.330026663811509, 1.567682017209141 ], [ 110.330021386838794, 1.567648479980351 ] ] ] ] } },
{ "type": "Feature", "properties": { "fid_1": 403.0, "Lokasi": "Jalan Tanjung", "Pemilik": null, "Tarikh_Dit": null, "Jenis_Poko": "Arfeuillea arboresce", "Tinggi_Pok": 7.0, "Silara_Pok": 4.0, "Catatan": null, "Ukur_Lilit": 47, "Northing": null, "Easthing": null, "Ln_TAGB_": 7.254, "TAGB": 1413.749, "CO2_Stock": 706.875, "NAMA JALAN": "Jalan Patingan", "KTG JLN": null, "PJG JLN": null, "LBR JLN": null, "JENIS SRT": null, "CON OF RD": null, "TARIKH": null, "NORTHING_2": null, "EASTING": null, "CATATAN_2": null, "NORTH AKK": null, "EAST AKHR": null, "Road_type": "Secondary road" }, "geometry": { "type": "MultiPolygon", "coordinates": [ [ [ [ 110.329960895033111, 1.567577429168035 ], [ 110.329927569675505, 1.567582739689513 ], [ 110.32989750605104, 1.567598153868847 ], [ 110.329873646996418, 1.56762216285872 ], [ 110.329858328001976, 1.567652416491948 ], [ 110.329853048597698, 1.567685953332238 ], [ 110.329854310363331, 1.567693972349526 ], [ 110.329866898025728, 1.56769550347102 ], [ 110.32990000646879, 1.5676889616094 ], [ 110.329929485693768, 1.567672443812078 ], [ 110.329952450068475, 1.567647566956152 ], [ 110.329966651679726, 1.567616766161616 ], [ 110.329970700374943, 1.567583056424966 ], [ 110.329970550845957, 1.567578968584738 ], [ 110.329960895033111, 1.567577429168035 ] ] ] ] } },
{ "type": "Feature", "properties": { "fid_1": 403.0, "Lokasi": "Jalan Tanjung", "Pemilik": null, "Tarikh_Dit": null, "Jenis_Poko": "Arfeuillea arboresce", "Tinggi_Pok": 7.0, "Silara_Pok": 4.0, "Catatan": null, "Ukur_Lilit": 47, "Northing": null, "Easthing": null, "Ln_TAGB_": 7.254, "TAGB": 1413.749, "CO2_Stock": 706.875, "NAMA JALAN": "Jalan Tanjung", "KTG JLN": null, "PJG JLN": null, "LBR JLN": null, "JENIS SRT": null, "CON OF RD": null, "TARIKH": null, "NORTHING_2": null, "EASTING": null, "CATATAN_2": null, "NORTH AKK": null, "EAST AKHR": null, "Road_type": "Secondary road" }, "geometry": { "type": "MultiPolygon", "coordinates": [ [ [ [ 110.330063456630526, 1.56765242402203 ], [ 110.330048139828691, 1.56762216926336 ], [ 110.330024282513719, 1.567598158521617 ], [ 110.329994220005958, 1.567582742135448 ], [ 110.329960895033111, 1.567577429168035 ], [ 110.329927569675505, 1.567582739689513 ], [ 110.32989750605104, 1.567598153868847 ], [ 110.329873646996418, 1.56762216285872 ], [ 110.329858328001976, 1.567652416491948 ], [ 110.329853048597698, 1.567685953332238 ], [ 110.329858325568637, 1.567719490560121 ], [ 110.329869561017816, 1.567741683564054 ], [ 110.33005233208219, 1.567741463275168 ], [ 110.330063454200825, 1.567719498092364 ], [ 110.330068733603639, 1.567685961250963 ], [ 110.330063456630526, 1.56765242402203 ] ] ] ] } },
{ "type": "Feature", "properties": { "fid_1": 404.0, "Lokasi": "JaLAN tANJUNG", "Pemilik": null, "Tarikh_Dit": null, "Jenis_Poko": "Arfeuillea arboresce", "Tinggi_Pok": 7.0, "Silara_Pok": 4.0, "Catatan": null, "Ukur_Lilit": 52, "Northing": null, "Easthing": null, "Ln_TAGB_": 7.476, "TAGB": 1765.166, "CO2_Stock": 882.583, "NAMA JALAN": "Jalan Patingan", "KTG JLN": null, "PJG JLN": null, "LBR JLN": null, "JENIS SRT": null, "CON OF RD": null, "TARIKH": null, "NORTHING_2": null, "EASTING": null, "CATATAN_2": null, "NORTH AKK": null, "EAST AKHR": null, "Road_type": "Secondary road" }, "geometry": { "type": "MultiPolygon", "coordinates": [ [ [ [ 110.329961730619317, 1.56761690413603 ], [ 110.329946411625443, 1.567647157770095 ], [ 110.329945092520234, 1.56765553724369 ], [ 110.329952450068475, 1.567647566956152 ], [ 110.329966651679726, 1.567616766161616 ], [ 110.329967309350408, 1.56761129034682 ], [ 110.329961730619317, 1.56761690413603 ] ] ] ] } },
{ "type": "Feature", "properties": { "fid_1": 404.0, "Lokasi": "JaLAN tANJUNG", "Pemilik": null, "Tarikh_Dit": null, "Jenis_Poko": "Arfeuillea arboresce", "Tinggi_Pok": 7.0, "Silara_Pok": 4.0, "Catatan": null, "Ukur_Lilit": 52, "Northing": null, "Easthing": null, "Ln_TAGB_": 7.476, "TAGB": 1765.166, "CO2_Stock": 882.583, "NAMA JALAN": "Jalan Tanjung", "KTG JLN": null, "PJG JLN": null, "LBR JLN": null, "JENIS SRT": null, "CON OF RD": null, "TARIKH": null, "NORTHING_2": null, "EASTING": null, "CATATAN_2": null, "NORTH AKK": null, "EAST AKHR": null, "Road_type": "Secondary road" }, "geometry": { "type": "MultiPolygon", "coordinates": [ [ [ [ 110.330151540256551, 1.567647165295149 ], [ 110.330136223453792, 1.567616910536401 ], [ 110.330112366137939, 1.567592899794872 ], [ 110.330082303629439, 1.567577483409221 ], [ 110.330048978656052, 1.567572170442534 ], [ 110.330015653298162, 1.567577480964908 ], [ 110.329985589673683, 1.56759289514521 ], [ 110.329961730619317, 1.56761690413603 ], [ 110.329946411625443, 1.567647157770095 ], [ 110.32994113222189, 1.567680694610997 ], [ 110.32994640919371, 1.567714231839266 ], [ 110.329960251591032, 1.567741574258349 ], [ 110.330137805108322, 1.567741360253827 ], [ 110.330151537828456, 1.567714239366496 ], [ 110.330156817230531, 1.567680702524453 ], [ 110.330151540256551, 1.567647165295149 ] ] ] ] } },
{ "type": "Feature", "properties": { "fid_1": 405.0, "Lokasi": "Jalan Tanjung", "Pemilik": null, "Tarikh_Dit": null, "Jenis_Poko": "Arfeuillea arboresce", "Tinggi_Pok": 6.0, "Silara_Pok": 4.0, "Catatan": null, "Ukur_Lilit": 47, "Northing": null, "Easthing": null, "Ln_TAGB_": 7.254, "TAGB": 1413.749, "CO2_Stock": 706.875, "NAMA JALAN": "Jalan Tanjung", "KTG JLN": null, "PJG JLN": null, "LBR JLN": null, "JENIS SRT": null, "CON OF RD": null, "TARIKH": null, "NORTHING_2": null, "EASTING": null, "CATATAN_2": null, "NORTH AKK": null, "EAST AKHR": null, "Road_type": "Secondary road" }, "geometry": { "type": "MultiPolygon", "coordinates": [ [ [ [ 110.330235679839888, 1.56765110933549 ], [ 110.330220363036275, 1.567620854576703 ], [ 110.330196505719542, 1.567596843835398 ], [ 110.330166443210288, 1.567581427450211 ], [ 110.330133118236319, 1.567576114484199 ], [ 110.330099792878045, 1.567581425007346 ], [ 110.330069729253466, 1.56759683918852 ], [ 110.330045870199299, 1.567620848180158 ], [ 110.330030551205851, 1.567651101814928 ], [ 110.330025271802953, 1.567684638656369 ], [ 110.330030548775582, 1.567718175884928 ], [ 110.330042344365481, 1.567741475313313 ], [ 110.330223994370783, 1.567741256367214 ], [ 110.330235677413256, 1.56771818340767 ], [ 110.330240956814677, 1.567684646565101 ], [ 110.330235679839888, 1.56765110933549 ] ] ] ] } },
{ "type": "Feature", "properties": { "fid_1": 406.0, "Lokasi": "Jalan Tanjung", "Pemilik": null, "Tarikh_Dit": null, "Jenis_Poko": "Arfeuillea arboresce", "Tinggi_Pok": 6.0, "Silara_Pok": 5.0, "Catatan": null, "Ukur_Lilit": 47, "Northing": null, "Easthing": null, "Ln_TAGB_": 7.254, "TAGB": 1413.749, "CO2_Stock": 706.875, "NAMA JALAN": "Jalan Tanjung", "KTG JLN": null, "PJG JLN": null, "LBR JLN": null, "JENIS SRT": null, "CON OF RD": null, "TARIKH": null, "NORTHING_2": null, "EASTING": null, "CATATAN_2": null, "NORTH AKK": null, "EAST AKHR": null, "Road_type": "Secondary road" }, "geometry": { "type": "MultiPolygon", "coordinates": [ [ [ [ 110.330321134103897, 1.567644535927657 ], [ 110.330305817299376, 1.567614281168791 ], [ 110.330281959981818, 1.567590270427711 ], [ 110.33025189747184, 1.567574854042997 ], [ 110.330218572497344, 1.567569541077705 ], [ 110.330185247138814, 1.567574851601747 ], [ 110.33015518351425, 1.567590265783845 ], [ 110.330131324460368, 1.567614274776425 ], [ 110.33011600546746, 1.567644528412019 ], [ 110.3301107260653, 1.567678065254077 ], [ 110.330116003038768, 1.567711602483013 ], [ 110.330131072344258, 1.567741368368959 ], [ 110.330224265333555, 1.567741256040619 ], [ 110.330244950132709, 1.567744259932147 ], [ 110.330286261208911, 1.567742194077895 ], [ 110.330308442788493, 1.567736669421118 ], [ 110.330321131678858, 1.56771161000084 ], [ 110.33032641107954, 1.567678073157648 ], [ 110.330321134103897, 1.567644535927657 ] ] ] ] } },
{ "type": "Feature", "properties": { "fid_1": 407.0, "Lokasi": "Jalan Tanjung", "Pemilik": null, "Tarikh_Dit": null, "Jenis_Poko": "Arfeuillea arboresce", "Tinggi_Pok": 6.0, "Silara_Pok": 4.0, "Catatan": null, "Ukur_Lilit": 45, "Northing": null, "Easthing": null, "Ln_TAGB_": 7.158, "TAGB": 1284.34, "CO2_Stock": 642.17, "NAMA JALAN": "Jalan Tanjung", "KTG JLN": null, "PJG JLN": null, "LBR JLN": null, "JENIS SRT": null, "CON OF RD": null, "TARIKH": null, "NORTHING_2": null, "EASTING": null, "CATATAN_2": null, "NORTH AKK": null, "EAST AKHR": null, "Road_type": "Secondary road" }, "geometry": { "type": "MultiPolygon", "coordinates": [ [ [ [ 110.330372406662264, 1.56763927720195 ], [ 110.330357089857202, 1.567609022443043 ], [ 110.330333232539132, 1.567585011702071 ], [ 110.330303170028728, 1.567569595317658 ], [ 110.330269845053948, 1.567564282352815 ], [ 110.330236519695262, 1.567569592877376 ], [ 110.330206456070727, 1.567585007060069 ], [ 110.330182597017043, 1.567609016053219 ], [ 110.330167278024447, 1.567639269689295 ], [ 110.330161998622742, 1.567672806531737 ], [ 110.330167275596722, 1.567706343760923 ], [ 110.330182592399751, 1.567736598519316 ], [ 110.330187264473864, 1.567741300639151 ], [ 110.330224265333555, 1.567741256040619 ], [ 110.330244950132709, 1.567744259932147 ], [ 110.330286261208911, 1.567742194077895 ], [ 110.330364067696536, 1.567722815198445 ], [ 110.33037240423819, 1.567706351275755 ], [ 110.330377683638417, 1.567672814432181 ], [ 110.330372406662264, 1.56763927720195 ] ] ] ] } },
{ "type": "Feature", "properties": { "fid_1": 408.0, "Lokasi": "Jalan Tanjung", "Pemilik": null, "Tarikh_Dit": null, "Jenis_Poko": "Arfeuillea arboresce", "Tinggi_Pok": 6.0, "Silara_Pok": 4.0, "Catatan": null, "Ukur_Lilit": 50, "Northing": null, "Easthing": null, "Ln_TAGB_": 7.39, "TAGB": 1619.706, "CO2_Stock": 809.853, "NAMA JALAN": "Jalan Tanjung", "KTG JLN": null, "PJG JLN": null, "LBR JLN": null, "JENIS SRT": null, "CON OF RD": null, "TARIKH": null, "NORTHING_2": null, "EASTING": null, "CATATAN_2": null, "NORTH AKK": null, "EAST AKHR": null, "Road_type": "Secondary road" }, "geometry": { "type": "MultiPolygon", "coordinates": [ [ [ [ 110.330418420496514, 1.567630074433383 ], [ 110.330403103690983, 1.56759981967438 ], [ 110.330379246372459, 1.567575808933531 ], [ 110.330349183861713, 1.567560392549391 ], [ 110.330315858886692, 1.567555079584947 ], [ 110.330282533527935, 1.567560390110034 ], [ 110.330252469903442, 1.567575804293279 ], [ 110.330228610849971, 1.567599813286956 ], [ 110.330213291857717, 1.567630066923543 ], [ 110.330208012456438, 1.567663603766382 ], [ 110.330213289430915, 1.56769714099579 ], [ 110.330228606234414, 1.567727395754249 ], [ 110.330245343126705, 1.567744240279606 ], [ 110.330286261208911, 1.567742194077895 ], [ 110.330411389686859, 1.567711028941845 ], [ 110.33041841807335, 1.567697148507805 ], [ 110.330423697473151, 1.567663611663829 ], [ 110.330418420496514, 1.567630074433383 ] ] ] ] } },
{ "type": "Feature", "properties": { "fid_1": 409.0, "Lokasi": "Jalan Tanjung", "Pemilik": null, "Tarikh_Dit": null, "Jenis_Poko": "Arfeuillea arboresce", "Tinggi_Pok": 7.0, "Silara_Pok": 4.0, "Catatan": null, "Ukur_Lilit": 47, "Northing": null, "Easthing": null, "Ln_TAGB_": 7.254, "TAGB": 1413.749, "CO2_Stock": 706.875, "NAMA JALAN": "Jalan Tanjung", "KTG JLN": null, "PJG JLN": null, "LBR JLN": null, "JENIS SRT": null, "CON OF RD": null, "TARIKH": null, "NORTHING_2": null, "EASTING": null, "CATATAN_2": null, "NORTH AKK": null, "EAST AKHR": null, "Road_type": "Secondary road" }, "geometry": { "type": "MultiPolygon", "coordinates": [ [ [ [ 110.330472322416512, 1.567614298259503 ], [ 110.330457005610398, 1.567584043500394 ], [ 110.330433148291391, 1.567560032759654 ], [ 110.330403085780247, 1.567544616375835 ], [ 110.330369760804984, 1.567539303411903 ], [ 110.330336435446185, 1.567544613937606 ], [ 110.330306371821806, 1.567560028121544 ], [ 110.330282512768633, 1.567584037115926 ], [ 110.330267193776834, 1.567614290753123 ], [ 110.330261914376095, 1.567647827596449 ], [ 110.330267191351155, 1.567681364826169 ], [ 110.330282508155221, 1.567711619584738 ], [ 110.330306365473092, 1.567735630325649 ], [ 110.330308408433055, 1.567736677977863 ], [ 110.330463929328559, 1.567697943149416 ], [ 110.330472319994485, 1.567681372334706 ], [ 110.330477599393731, 1.567647835490242 ], [ 110.330472322416512, 1.567614298259503 ] ] ] ] } },
{ "type": "Feature", "properties": { "fid_1": 410.0, "Lokasi": "Jalan Tanjung", "Pemilik": null, "Tarikh_Dit": null, "Jenis_Poko": "Arfeuillea arboresce", "Tinggi_Pok": 8.0, "Silara_Pok": 5.0, "Catatan": null, "Ukur_Lilit": 50, "Northing": null, "Easthing": null, "Ln_TAGB_": 7.39, "TAGB": 1619.706, "CO2_Stock": 809.853, "NAMA JALAN": "Jalan Patingan", "KTG JLN": null, "PJG JLN": null, "LBR JLN": null, "JENIS SRT": null, "CON OF RD": null, "TARIKH": null, "NORTHING_2": null, "EASTING": null, "CATATAN_2": null, "NORTH AKK": null, "EAST AKHR": null, "Road_type": "Secondary road" }, "geometry": { "type": "MultiPolygon", "coordinates": [ [ [ [ 110.329954534247449, 1.567564737545882 ], [ 110.329949254844507, 1.567598274387506 ], [ 110.329954531816711, 1.567631811616357 ], [ 110.329957244208131, 1.567637169311381 ], [ 110.329966651679726, 1.567616766161616 ], [ 110.329970700374943, 1.567583056424966 ], [ 110.329968986272107, 1.567536196095831 ], [ 110.329954534247449, 1.567564737545882 ] ] ] ] } },
{ "type": "Feature", "properties": { "fid_1": 410.0, "Lokasi": "Jalan Tanjung", "Pemilik": null, "Tarikh_Dit": null, "Jenis_Poko": "Arfeuillea arboresce", "Tinggi_Pok": 8.0, "Silara_Pok": 5.0, "Catatan": null, "Ukur_Lilit": 50, "Northing": null, "Easthing": null, "Ln_TAGB_": 7.39, "TAGB": 1619.706, "CO2_Stock": 809.853, "NAMA JALAN": "Jalan Tanjung", "KTG JLN": null, "PJG JLN": null, "LBR JLN": null, "JENIS SRT": null, "CON OF RD": null, "TARIKH": null, "NORTHING_2": null, "EASTING": null, "CATATAN_2": null, "NORTH AKK": null, "EAST AKHR": null, "Road_type": "Secondary road" }, "geometry": { "type": "MultiPolygon", "coordinates": [ [ [ [ 110.330159662874337, 1.567564745067824 ], [ 110.330144346071435, 1.567534490308739 ], [ 110.330134228977769, 1.567524308152268 ], [ 110.329979780451708, 1.567524494314075 ], [ 110.329969853240556, 1.567534483911007 ], [ 110.329954534247449, 1.567564737545882 ], [ 110.329949254844507, 1.567598274387506 ], [ 110.329954531816711, 1.567631811616357 ], [ 110.329969848617566, 1.567662066374922 ], [ 110.329993705932154, 1.567686077116715 ], [ 110.330023768440483, 1.567701493503032 ], [ 110.330057093414709, 1.567706806470424 ], [ 110.330090418774034, 1.567701495948494 ], [ 110.330120482399721, 1.567686081767959 ], [ 110.330144341454343, 1.567662072776151 ], [ 110.330159660447237, 1.567631819140467 ], [ 110.330164939848714, 1.567598282297703 ], [ 110.330159662874337, 1.567564745067824 ] ] ] ] } },
{ "type": "Feature", "properties": { "fid_1": 411.0, "Lokasi": "Jalan Tanjung", "Pemilik": null, "Tarikh_Dit": null, "Jenis_Poko": "Arfeuillea arboresce", "Tinggi_Pok": 9.0, "Silara_Pok": 6.0, "Catatan": null, "Ukur_Lilit": 50, "Northing": null, "Easthing": null, "Ln_TAGB_": 7.39, "TAGB": 1619.706, "CO2_Stock": 809.853, "NAMA JALAN": "Jalan Tanjung", "KTG JLN": null, "PJG JLN": null, "LBR JLN": null, "JENIS SRT": null, "CON OF RD": null, "TARIKH": null, "NORTHING_2": null, "EASTING": null, "CATATAN_2": null, "NORTH AKK": null, "EAST AKHR": null, "Road_type": "Secondary road" }, "geometry": { "type": "MultiPolygon", "coordinates": [ [ [ [ 110.33021619415679, 1.567563430384998 ], [ 110.330200877353292, 1.567533175625864 ], [ 110.330191997354774, 1.567524238520548 ], [ 110.330035071489036, 1.567524427670727 ], [ 110.33002638452092, 1.567533169230799 ], [ 110.33001106552814, 1.567563422866185 ], [ 110.330005786125668, 1.567596959708203 ], [ 110.330011063098439, 1.567630496937288 ], [ 110.330026379899877, 1.5676607516959 ], [ 110.330050237215048, 1.567684762437543 ], [ 110.330080299723846, 1.567700178823526 ], [ 110.330113624698456, 1.567705491790466 ], [ 110.33014695005798, 1.567700181267974 ], [ 110.330177013683667, 1.567684767086845 ], [ 110.330200872738132, 1.567660758094442 ], [ 110.330216191730727, 1.567630504458259 ], [ 110.330221471131722, 1.567596967615099 ], [ 110.33021619415679, 1.567563430384998 ] ] ] ] } },
{ "type": "Feature", "properties": { "fid_1": 412.0, "Lokasi": "Jalan Tanjung", "Pemilik": null, "Tarikh_Dit": null, "Jenis_Poko": "Arfeuillea arboresce", "Tinggi_Pok": 10.0, "Silara_Pok": 6.0, "Catatan": null, "Ukur_Lilit": 54, "Northing": null, "Easthing": null, "Ln_TAGB_": 7.559, "TAGB": 1917.927, "CO2_Stock": 958.963, "NAMA JALAN": "Jalan Tanjung", "KTG JLN": null, "PJG JLN": null, "LBR JLN": null, "JENIS SRT": null, "CON OF RD": null, "TARIKH": null, "NORTHING_2": null, "EASTING": null, "CATATAN_2": null, "NORTH AKK": null, "EAST AKHR": null, "Road_type": "Secondary road" }, "geometry": { "type": "MultiPolygon", "coordinates": [ [ [ [ 110.330295075015826, 1.567556856977409 ], [ 110.330279758211532, 1.567526602218178 ], [ 110.330274665787826, 1.567521477045589 ], [ 110.330254899315776, 1.567526400184489 ], [ 110.330247344718146, 1.567525303089569 ], [ 110.330231812911791, 1.567524190527915 ], [ 110.33010750675669, 1.567524340361885 ], [ 110.330105265377298, 1.567526595827004 ], [ 110.330089946384987, 1.567556849463155 ], [ 110.330084666983211, 1.567590386305759 ], [ 110.33008994395675, 1.567623923535186 ], [ 110.330105260759026, 1.567654178293854 ], [ 110.330129118074964, 1.56767818903532 ], [ 110.330159180584445, 1.567693605420852 ], [ 110.330192505559523, 1.567698918387135 ], [ 110.330225830919275, 1.567693607863823 ], [ 110.330255894544962, 1.567678193681809 ], [ 110.330279753599171, 1.567654184688538 ], [ 110.330295072591241, 1.567623931051601 ], [ 110.330300351991553, 1.567590394207856 ], [ 110.330295075015826, 1.567556856977409 ] ] ] ] } },
{ "type": "Feature", "properties": { "fid_1": 413.0, "Lokasi": "Jalan Tanjung", "Pemilik": null, "Tarikh_Dit": null, "Jenis_Poko": "Arfeuillea arboresce", "Tinggi_Pok": 8.0, "Silara_Pok": 5.0, "Catatan": null, "Ukur_Lilit": 50, "Northing": null, "Easthing": null, "Ln_TAGB_": 7.39, "TAGB": 1619.706, "CO2_Stock": 809.853, "NAMA JALAN": "Jalan Tanjung", "KTG JLN": null, "PJG JLN": null, "LBR JLN": null, "JENIS SRT": null, "CON OF RD": null, "TARIKH": null, "NORTHING_2": null, "EASTING": null, "CATATAN_2": null, "NORTH AKK": null, "EAST AKHR": null, "Road_type": "Secondary road" }, "geometry": { "type": "MultiPolygon", "coordinates": [ [ [ [ 110.33047025918377, 1.567512730086702 ], [ 110.330454942377614, 1.567482475327166 ], [ 110.330450243915948, 1.567477746650549 ], [ 110.330263307060832, 1.567524306108409 ], [ 110.330259851149592, 1.567546259427624 ], [ 110.330265128125006, 1.567579796658012 ], [ 110.33028044492913, 1.567610051416998 ], [ 110.330304302246731, 1.567634062158064 ], [ 110.330334364757505, 1.567649478542557 ], [ 110.330367689733407, 1.567654791507238 ], [ 110.3304010150934, 1.567649480981929 ], [ 110.330431078718732, 1.567634066797725 ], [ 110.330454937772032, 1.567610057802283 ], [ 110.330470256762737, 1.567579804163386 ], [ 110.330475536161373, 1.5675462673181 ], [ 110.33047025918377, 1.567512730086702 ] ] ] ] } },
{ "type": "Feature", "properties": { "fid_1": 414.0, "Lokasi": "Jalan Tanjung", "Pemilik": null, "Tarikh_Dit": null, "Jenis_Poko": "Arfeuillea arboresce", "Tinggi_Pok": 7.0, "Silara_Pok": 4.0, "Catatan": null, "Ukur_Lilit": 51, "Northing": null, "Easthing": null, "Ln_TAGB_": 7.433, "TAGB": 1690.873, "CO2_Stock": 845.437, "NAMA JALAN": "Jalan Tanjung", "KTG JLN": null, "PJG JLN": null, "LBR JLN": null, "JENIS SRT": null, "CON OF RD": null, "TARIKH": null, "NORTHING_2": null, "EASTING": null, "CATATAN_2": null, "NORTH AKK": null, "EAST AKHR": null, "Road_type": "Secondary road" }, "geometry": { "type": "MultiPolygon", "coordinates": [ [ [ [ 110.330541251956603, 1.567496953912219 ], [ 110.330525935149694, 1.567466699152571 ], [ 110.330519718837678, 1.567460442864829 ], [ 110.330334612064277, 1.567506546517745 ], [ 110.330330843921658, 1.567530483258176 ], [ 110.330336120897826, 1.567564020488943 ], [ 110.330351437702689, 1.567594275248045 ], [ 110.330375295020957, 1.567618285988945 ], [ 110.330405357532271, 1.56763370237301 ], [ 110.330438682508515, 1.567639015337042 ], [ 110.330472007868636, 1.567633704810945 ], [ 110.330502071493854, 1.567618290625867 ], [ 110.330525930546813, 1.567594281629558 ], [ 110.330541249537006, 1.567564027989896 ], [ 110.330546528934946, 1.567530491144014 ], [ 110.330541251956603, 1.567496953912219 ] ] ] ] } },
{ "type": "Feature", "properties": { "fid_1": 415.0, "Lokasi": "Jalan Tanjung", "Pemilik": null, "Tarikh_Dit": null, "Jenis_Poko": "Arfeuillea arboresce", "Tinggi_Pok": 6.0, "Silara_Pok": 3.0, "Catatan": null, "Ukur_Lilit": 45, "Northing": null, "Easthing": null, "Ln_TAGB_": 7.158, "TAGB": 1284.34, "CO2_Stock": 642.17, "NAMA JALAN": "Jalan Tanjung", "KTG JLN": null, "PJG JLN": null, "LBR JLN": null, "JENIS SRT": null, "CON OF RD": null, "TARIKH": null, "NORTHING_2": null, "EASTING": null, "CATATAN_2": null, "NORTH AKK": null, "EAST AKHR": null, "Road_type": "Secondary road" }, "geometry": { "type": "MultiPolygon", "coordinates": [ [ [ [ 110.330793173029463, 1.56754126575472 ], [ 110.330777856219953, 1.567511010995101 ], [ 110.33075399889789, 1.567487000255085 ], [ 110.330723936384317, 1.567471583873184 ], [ 110.330690611407519, 1.567466270912132 ], [ 110.330657286048165, 1.567471581441439 ], [ 110.330627222424368, 1.567486995629348 ], [ 110.330603363372745, 1.567511004627656 ], [ 110.33058804438339, 1.567541258268342 ], [ 110.330582764985706, 1.567574795114412 ], [ 110.330588041964162, 1.567608332345866 ], [ 110.330603358771626, 1.567638587104939 ], [ 110.330622975743879, 1.567658330228071 ], [ 110.330788766529551, 1.567617037509464 ], [ 110.330793170613859, 1.5676083398344 ], [ 110.330798450010093, 1.567574802987183 ], [ 110.330793173029463, 1.56754126575472 ] ] ] ] } },
{ "type": "Feature", "properties": { "fid_1": 416.0, "Lokasi": "Jalan Tanjung", "Pemilik": null, "Tarikh_Dit": null, "Jenis_Poko": "Arfeuillea arboresce", "Tinggi_Pok": 8.0, "Silara_Pok": 3.0, "Catatan": null, "Ukur_Lilit": 45, "Northing": null, "Easthing": null, "Ln_TAGB_": 7.158, "TAGB": 1284.34, "CO2_Stock": 642.17, "NAMA JALAN": "Jalan Tanjung", "KTG JLN": null, "PJG JLN": null, "LBR JLN": null, "JENIS SRT": null, "CON OF RD": null, "TARIKH": null, "NORTHING_2": null, "EASTING": null, "CATATAN_2": null, "NORTH AKK": null, "EAST AKHR": null, "Road_type": "Secondary road" }, "geometry": { "type": "MultiPolygon", "coordinates": [ [ [ [ 110.331229726804224, 1.567430486114243 ], [ 110.33121440999011, 1.567400231353872 ], [ 110.331190552663898, 1.567376220614847 ], [ 110.331160490147113, 1.567360804235541 ], [ 110.331127165168283, 1.567355491278483 ], [ 110.331093839808347, 1.567360801812759 ], [ 110.331063776185403, 1.56737621600614 ], [ 110.331039917136025, 1.567400225009878 ], [ 110.331024598150066, 1.567430478655451 ], [ 110.331019318756645, 1.567464015505368 ], [ 110.331024595739763, 1.567497552739201 ], [ 110.33103991255183, 1.567527807499041 ], [ 110.331061161728229, 1.567549193317953 ], [ 110.331151382346562, 1.567526722486869 ], [ 110.33119292672562, 1.567506051261832 ], [ 110.33123354629862, 1.567473281925812 ], [ 110.331235003789502, 1.567464023349131 ], [ 110.331229726804224, 1.567430486114243 ] ] ] ] } },
{ "type": "Feature", "properties": { "fid_1": 417.0, "Lokasi": "Jln. Ajibah Abol", "Pemilik": null, "Tarikh_Dit": null, "Jenis_Poko": "Arfeuillea arboresce", "Tinggi_Pok": 6.0, "Silara_Pok": 4.0, "Catatan": null, "Ukur_Lilit": 31, "Northing": null, "Easthing": null, "Ln_TAGB_": 6.34, "TAGB": 566.796, "CO2_Stock": 283.398, "NAMA JALAN": "Jalan Tanjung", "KTG JLN": null, "PJG JLN": null, "LBR JLN": null, "JENIS SRT": null, "CON OF RD": null, "TARIKH": null, "NORTHING_2": null, "EASTING": null, "CATATAN_2": null, "NORTH AKK": null, "EAST AKHR": null, "Road_type": "Secondary road" }, "geometry": { "type": "MultiPolygon", "coordinates": [ [ [ [ 110.33243024967436, 1.566806017218475 ], [ 110.332414932847328, 1.566775762454682 ], [ 110.332391075510628, 1.566751751717855 ], [ 110.332361012986738, 1.566736335346164 ], [ 110.332327688004924, 1.56673102240137 ], [ 110.332294362646422, 1.566736332951395 ], [ 110.332264299029148, 1.566751747162405 ], [ 110.332240439989192, 1.566775756183983 ], [ 110.332225121015441, 1.566806009845834 ], [ 110.332219841635776, 1.566839546708888 ], [ 110.33222511863292, 1.566873083951421 ], [ 110.332240435457919, 1.566903338714675 ], [ 110.332242538410071, 1.566905455188718 ], [ 110.332357817329182, 1.566896377592339 ], [ 110.332366154597764, 1.566895391265284 ], [ 110.332407728220488, 1.56688881323512 ], [ 110.332412333436523, 1.56688883415742 ], [ 110.33241497955882, 1.566888743101068 ], [ 110.332421618061133, 1.566888776500437 ], [ 110.332422317738263, 1.566888751523751 ], [ 110.33243024729552, 1.566873091326206 ], [ 110.332435526673692, 1.566839554462043 ], [ 110.33243024967436, 1.566806017218475 ] ] ] ] } },
{ "type": "Feature", "properties": { "fid_1": 417.0, "Lokasi": "Jln. Ajibah Abol", "Pemilik": null, "Tarikh_Dit": null, "Jenis_Poko": "Arfeuillea arboresce", "Tinggi_Pok": 6.0, "Silara_Pok": 4.0, "Catatan": null, "Ukur_Lilit": 31, "Northing": null, "Easthing": null, "Ln_TAGB_": 6.34, "TAGB": 566.796, "CO2_Stock": 283.398, "NAMA JALAN": "Jalan Datuk Ajibah Abol", "KTG JLN": null, "PJG JLN": null, "LBR JLN": null, "JENIS SRT": null, "CON OF RD": null, "TARIKH": null, "NORTHING_2": null, "EASTING": null, "CATATAN_2": null, "NORTH AKK": null, "EAST AKHR": null, "Road_type": "Secondary road" }, "geometry": { "type": "MultiPolygon", "coordinates": [ [ [ [ 110.33243024967436, 1.566806017218475 ], [ 110.332414932847328, 1.566775762454682 ], [ 110.332391075510628, 1.566751751717855 ], [ 110.332372168994695, 1.566742056261902 ], [ 110.332377275097642, 1.56677154163556 ], [ 110.332393056001948, 1.566801553880889 ], [ 110.332417280234068, 1.566825189649185 ], [ 110.332434611710937, 1.56683373954207 ], [ 110.33243024967436, 1.566806017218475 ] ] ] ] } },
{ "type": "Feature", "properties": { "fid_1": 418.0, "Lokasi": "Jln. Ajibah Abol", "Pemilik": null, "Tarikh_Dit": null, "Jenis_Poko": "Arfeuillea arboresce", "Tinggi_Pok": 7.0, "Silara_Pok": 4.0, "Catatan": null, "Ukur_Lilit": 30, "Northing": null, "Easthing": null, "Ln_TAGB_": 6.268, "TAGB": 527.421, "CO2_Stock": 263.711, "NAMA JALAN": "Jalan Tanjung", "KTG JLN": null, "PJG JLN": null, "LBR JLN": null, "JENIS SRT": null, "CON OF RD": null, "TARIKH": null, "NORTHING_2": null, "EASTING": null, "CATATAN_2": null, "NORTH AKK": null, "EAST AKHR": null, "Road_type": "Secondary road" }, "geometry": { "type": "MultiPolygon", "coordinates": [ [ [ [ 110.332347465133481, 1.566726931472159 ], [ 110.332332148307273, 1.566696676708099 ], [ 110.332317406300447, 1.566681839910963 ], [ 110.332160082299282, 1.566694228335923 ], [ 110.332157655455035, 1.566696670435705 ], [ 110.33214233648151, 1.566726924097545 ], [ 110.332137057101718, 1.566760460960656 ], [ 110.33214233409835, 1.56679399820341 ], [ 110.332157650922539, 1.566824252966948 ], [ 110.332181508257065, 1.566848263704268 ], [ 110.332211570780018, 1.566863680077125 ], [ 110.332244895762102, 1.566868993023388 ], [ 110.332278221121697, 1.566863682474712 ], [ 110.332308284740137, 1.566848268264452 ], [ 110.332332143780661, 1.566824259242835 ], [ 110.332347462753972, 1.566794005580193 ], [ 110.332352742132286, 1.566760468715948 ], [ 110.332347465133481, 1.566726931472159 ] ] ] ] } },
{ "type": "Feature", "properties": { "fid_1": 419.0, "Lokasi": "Jln. Ajibah Abol", "Pemilik": null, "Tarikh_Dit": null, "Jenis_Poko": "Arfeuillea arboresce", "Tinggi_Pok": 6.0, "Silara_Pok": 3.0, "Catatan": null, "Ukur_Lilit": 31, "Northing": null, "Easthing": null, "Ln_TAGB_": 6.34, "TAGB": 566.796, "CO2_Stock": 283.398, "NAMA JALAN": "Jalan Tanjung", "KTG JLN": null, "PJG JLN": null, "LBR JLN": null, "JENIS SRT": null, "CON OF RD": null, "TARIKH": null, "NORTHING_2": null, "EASTING": null, "CATATAN_2": null, "NORTH AKK": null, "EAST AKHR": null, "Road_type": "Secondary road" }, "geometry": { "type": "MultiPolygon", "coordinates": [ [ [ [ 110.332403996415735, 1.56672035806527 ], [ 110.332388679588931, 1.566690103301163 ], [ 110.332373225322357, 1.566674549664898 ], [ 110.332336804292467, 1.566680312422191 ], [ 110.332214325953245, 1.566689956938638 ], [ 110.332214186735456, 1.566690097031564 ], [ 110.332198867762301, 1.566720350693966 ], [ 110.332193588383006, 1.566753887557531 ], [ 110.332198865380221, 1.566787424800539 ], [ 110.332214182204993, 1.56681767956413 ], [ 110.332238039540087, 1.566841690301323 ], [ 110.332268102063495, 1.566857106673857 ], [ 110.332301427045905, 1.566862419619635 ], [ 110.332334752405671, 1.566857109070363 ], [ 110.332364816024054, 1.566841694859462 ], [ 110.332388675064365, 1.566817685837213 ], [ 110.332403994037293, 1.566787432173997 ], [ 110.332409273415109, 1.566753895309319 ], [ 110.332403996415735, 1.56672035806527 ] ] ] ] } },
{ "type": "Feature", "properties": { "fid_1": 419.0, "Lokasi": "Jln. Ajibah Abol", "Pemilik": null, "Tarikh_Dit": null, "Jenis_Poko": "Arfeuillea arboresce", "Tinggi_Pok": 6.0, "Silara_Pok": 3.0, "Catatan": null, "Ukur_Lilit": 31, "Northing": null, "Easthing": null, "Ln_TAGB_": 6.34, "TAGB": 566.796, "CO2_Stock": 283.398, "NAMA JALAN": "Jalan Datuk Ajibah Abol", "KTG JLN": null, "PJG JLN": null, "LBR JLN": null, "JENIS SRT": null, "CON OF RD": null, "TARIKH": null, "NORTHING_2": null, "EASTING": null, "CATATAN_2": null, "NORTH AKK": null, "EAST AKHR": null, "Road_type": "Secondary road" }, "geometry": { "type": "MultiPolygon", "coordinates": [ [ [ [ 110.332403996415735, 1.56672035806527 ], [ 110.332388679588931, 1.566690103301163 ], [ 110.332385032987744, 1.566686433252656 ], [ 110.332376244548584, 1.566704475545157 ], [ 110.3323714822657, 1.566738090720834 ], [ 110.332377275097642, 1.56677154163556 ], [ 110.332393056001948, 1.566801553880889 ], [ 110.332395591053299, 1.566804027349872 ], [ 110.332403994037293, 1.566787432173997 ], [ 110.332409273415109, 1.566753895309319 ], [ 110.332403996415735, 1.56672035806527 ] ] ] ] } },
{ "type": "Feature", "properties": { "fid_1": 420.0, "Lokasi": "Jln. Ajibah Abol", "Pemilik": null, "Tarikh_Dit": null, "Jenis_Poko": "Arfeuillea arboresce", "Tinggi_Pok": 6.0, "Silara_Pok": 3.0, "Catatan": null, "Ukur_Lilit": 30, "Northing": null, "Easthing": null, "Ln_TAGB_": 6.268, "TAGB": 527.421, "CO2_Stock": 263.711, "NAMA JALAN": "Jalan Tanjung", "KTG JLN": null, "PJG JLN": null, "LBR JLN": null, "JENIS SRT": null, "CON OF RD": null, "TARIKH": null, "NORTHING_2": null, "EASTING": null, "CATATAN_2": null, "NORTH AKK": null, "EAST AKHR": null, "Road_type": "Secondary road" }, "geometry": { "type": "MultiPolygon", "coordinates": [ [ [ [ 110.332461842378947, 1.566712469977353 ], [ 110.332446525551504, 1.566682215213153 ], [ 110.3324331459619, 1.566668749594289 ], [ 110.332417852312645, 1.566671698467106 ], [ 110.332414689126551, 1.566671682552717 ], [ 110.332412009711462, 1.566671774100332 ], [ 110.332405299951049, 1.566671743616907 ], [ 110.332402621505366, 1.566671832029144 ], [ 110.332399356105967, 1.566671818656507 ], [ 110.332382167328419, 1.56667313480614 ], [ 110.332336804292467, 1.566680312422191 ], [ 110.332270343030686, 1.566685545892881 ], [ 110.33225671372405, 1.566712462609487 ], [ 110.332251434345281, 1.566745999473502 ], [ 110.332256711343092, 1.566779536716779 ], [ 110.332272028168461, 1.566809791480433 ], [ 110.332295885504124, 1.566833802217499 ], [ 110.332325948027986, 1.566849218589684 ], [ 110.332359273010724, 1.566854531534968 ], [ 110.332392598370632, 1.566849220985074 ], [ 110.332422661988971, 1.566833806773515 ], [ 110.332446521029055, 1.566809797750607 ], [ 110.332461840001613, 1.5667795440868 ], [ 110.332467119378904, 1.566746007221662 ], [ 110.332461842378947, 1.566712469977353 ] ] ] ] } },
{ "type": "Feature", "properties": { "fid_1": 420.0, "Lokasi": "Jln. Ajibah Abol", "Pemilik": null, "Tarikh_Dit": null, "Jenis_Poko": "Arfeuillea arboresce", "Tinggi_Pok": 6.0, "Silara_Pok": 3.0, "Catatan": null, "Ukur_Lilit": 30, "Northing": null, "Easthing": null, "Ln_TAGB_": 6.268, "TAGB": 527.421, "CO2_Stock": 263.711, "NAMA JALAN": "Jalan Datuk Ajibah Abol", "KTG JLN": null, "PJG JLN": null, "LBR JLN": null, "JENIS SRT": null, "CON OF RD": null, "TARIKH": null, "NORTHING_2": null, "EASTING": null, "CATATAN_2": null, "NORTH AKK": null, "EAST AKHR": null, "Road_type": "Secondary road" }, "geometry": { "type": "MultiPolygon", "coordinates": [ [ [ [ 110.332461842378947, 1.566712469977353 ], [ 110.332446525551504, 1.566682215213153 ], [ 110.332422668214733, 1.566658204476284 ], [ 110.332407536934852, 1.566650445000328 ], [ 110.332391532170959, 1.566673361736734 ], [ 110.332391363013528, 1.566673709215837 ], [ 110.332391095780721, 1.566673986595858 ], [ 110.332376244548584, 1.566704475545157 ], [ 110.3323714822657, 1.566738090720834 ], [ 110.332377275097642, 1.56677154163556 ], [ 110.332393056001948, 1.566801553880889 ], [ 110.332417280234068, 1.566825189649185 ], [ 110.332426637856443, 1.566829805912987 ], [ 110.332446521029055, 1.566809797750607 ], [ 110.332461840001613, 1.5667795440868 ], [ 110.332467119378904, 1.566746007221662 ], [ 110.332461842378947, 1.566712469977353 ] ] ] ] } },
{ "type": "Feature", "properties": { "fid_1": 421.0, "Lokasi": "Jln. Ajibah Abol", "Pemilik": null, "Tarikh_Dit": null, "Jenis_Poko": "Tabebuia chrysantha", "Tinggi_Pok": 6.0, "Silara_Pok": 4.0, "Catatan": null, "Ukur_Lilit": 29, "Northing": null, "Easthing": null, "Ln_TAGB_": 6.194, "TAGB": 489.801, "CO2_Stock": 244.9, "NAMA JALAN": "Jalan Datuk Ajibah Abol", "KTG JLN": null, "PJG JLN": null, "LBR JLN": null, "JENIS SRT": null, "CON OF RD": null, "TARIKH": null, "NORTHING_2": null, "EASTING": null, "CATATAN_2": null, "NORTH AKK": null, "EAST AKHR": null, "Road_type": "Secondary road" }, "geometry": { "type": "MultiPolygon", "coordinates": [ [ [ [ 110.333042411521319, 1.565898100988753 ], [ 110.333027094687324, 1.565867846220746 ], [ 110.333003237346801, 1.565843835484164 ], [ 110.332973174822584, 1.565828419117151 ], [ 110.332964275241721, 1.565827000274419 ], [ 110.332853185540458, 1.565996014532438 ], [ 110.332876454701179, 1.566019433308613 ], [ 110.332906517225595, 1.566034849676444 ], [ 110.332939842205661, 1.566040162613712 ], [ 110.332973167559942, 1.566034852052942 ], [ 110.333003231170238, 1.566019437828685 ], [ 110.333027090200616, 1.565995428792536 ], [ 110.333042409162786, 1.565965175116271 ], [ 110.333047688530044, 1.56593163824059 ], [ 110.333042411521319, 1.565898100988753 ] ] ] ] } },
{ "type": "Feature", "properties": { "fid_1": 422.0, "Lokasi": null, "Pemilik": null, "Tarikh_Dit": null, "Jenis_Poko": "Tabebuia crysantha", "Tinggi_Pok": 7.0, "Silara_Pok": 4.0, "Catatan": null, "Ukur_Lilit": 32, "Northing": null, "Easthing": null, "Ln_TAGB_": 6.41, "TAGB": 607.894, "CO2_Stock": 303.947, "NAMA JALAN": "Jalan Datuk Ajibah Abol", "KTG JLN": null, "PJG JLN": null, "LBR JLN": null, "JENIS SRT": null, "CON OF RD": null, "TARIKH": null, "NORTHING_2": null, "EASTING": null, "CATATAN_2": null, "NORTH AKK": null, "EAST AKHR": null, "Road_type": "Secondary road" }, "geometry": { "type": "MultiPolygon", "coordinates": [ [ [ [ 110.333062514091395, 1.565868083027647 ], [ 110.333047197257173, 1.565837828259506 ], [ 110.333023339916508, 1.565813817522922 ], [ 110.332993277392276, 1.565798401156076 ], [ 110.332983291419467, 1.565796809112089 ], [ 110.332974535640929, 1.565811389880912 ], [ 110.332873063999514, 1.565965771020332 ], [ 110.33289655727323, 1.565989415350387 ], [ 110.332926619797661, 1.566004831718038 ], [ 110.332959944777627, 1.566010144655017 ], [ 110.332993270131695, 1.566004834093859 ], [ 110.333023333741679, 1.565989419869153 ], [ 110.333047192771701, 1.565965410832544 ], [ 110.333062511733502, 1.565935157155817 ], [ 110.33306779110039, 1.565901620279768 ], [ 110.333062514091395, 1.565868083027647 ] ] ] ] } },
{ "type": "Feature", "properties": { "fid_1": 423.0, "Lokasi": "Jln. Ajibah Abol", "Pemilik": null, "Tarikh_Dit": null, "Jenis_Poko": "Tabebuia crysantha", "Tinggi_Pok": 7.0, "Silara_Pok": 3.0, "Catatan": null, "Ukur_Lilit": 33, "Northing": null, "Easthing": null, "Ln_TAGB_": 6.477, "TAGB": 650.018, "CO2_Stock": 325.009, "NAMA JALAN": "Jalan Datuk Ajibah Abol", "KTG JLN": null, "PJG JLN": null, "LBR JLN": null, "JENIS SRT": null, "CON OF RD": null, "TARIKH": null, "NORTHING_2": null, "EASTING": null, "CATATAN_2": null, "NORTH AKK": null, "EAST AKHR": null, "Road_type": "Secondary road" }, "geometry": { "type": "MultiPolygon", "coordinates": [ [ [ [ 110.333132503853591, 1.565927651165516 ], [ 110.333108646511832, 1.56590364042929 ], [ 110.333078583986335, 1.565888224062782 ], [ 110.333045259006568, 1.565882911127269 ], [ 110.333011933653495, 1.565888221689713 ], [ 110.332981870044563, 1.565903635915114 ], [ 110.332958011014981, 1.565927644951616 ], [ 110.332942692052669, 1.565957898627493 ], [ 110.332937412684387, 1.56599143550225 ], [ 110.332942689691734, 1.566024972753068 ], [ 110.332958006524734, 1.566055227520372 ], [ 110.332981863865356, 1.566079238256765 ], [ 110.333011926391052, 1.566094654624049 ], [ 110.333043629089929, 1.56609970892342 ], [ 110.333143040059483, 1.565948462936524 ], [ 110.333132503853591, 1.565927651165516 ] ] ] ] } },
{ "type": "Feature", "properties": { "fid_1": 424.0, "Lokasi": "Jln. Ajibah Abol", "Pemilik": null, "Tarikh_Dit": null, "Jenis_Poko": "Tabebuia crysantha", "Tinggi_Pok": 7.0, "Silara_Pok": 2.0, "Catatan": null, "Ukur_Lilit": 30, "Northing": null, "Easthing": null, "Ln_TAGB_": 6.268, "TAGB": 527.421, "CO2_Stock": 263.711, "NAMA JALAN": "Jalan Datuk Ajibah Abol", "KTG JLN": null, "PJG JLN": null, "LBR JLN": null, "JENIS SRT": null, "CON OF RD": null, "TARIKH": null, "NORTHING_2": null, "EASTING": null, "CATATAN_2": null, "NORTH AKK": null, "EAST AKHR": null, "Road_type": "Secondary road" }, "geometry": { "type": "MultiPolygon", "coordinates": [ [ [ [ 110.333158797471796, 1.565889525415061 ], [ 110.333134940129867, 1.565865514678869 ], [ 110.333104877604356, 1.56585009831257 ], [ 110.333071552624716, 1.56584478537741 ], [ 110.333038227271899, 1.565850095940368 ], [ 110.333008163663365, 1.565865510166344 ], [ 110.332984304634223, 1.565889519203464 ], [ 110.33296898567238, 1.565919772879911 ], [ 110.332963706304582, 1.56595330975514 ], [ 110.332968983312313, 1.565986847006346 ], [ 110.332984300145611, 1.566017101773801 ], [ 110.333008157486418, 1.566041112510171 ], [ 110.333038220012128, 1.566056528877272 ], [ 110.333068805460002, 1.566061405055173 ], [ 110.333155641439816, 1.565929290923539 ], [ 110.33315799326725, 1.565925549100831 ], [ 110.333168324767513, 1.565908344323552 ], [ 110.333158797471796, 1.565889525415061 ] ] ] ] } },
{ "type": "Feature", "properties": { "fid_1": 425.0, "Lokasi": "Jln. Ajibah Abol", "Pemilik": null, "Tarikh_Dit": null, "Jenis_Poko": "Tabebuia crysantha", "Tinggi_Pok": 6.0, "Silara_Pok": 2.0, "Catatan": null, "Ukur_Lilit": 33, "Northing": null, "Easthing": null, "Ln_TAGB_": 6.477, "TAGB": 650.018, "CO2_Stock": 325.009, "NAMA JALAN": "Jalan Datuk Ajibah Abol", "KTG JLN": null, "PJG JLN": null, "LBR JLN": null, "JENIS SRT": null, "CON OF RD": null, "TARIKH": null, "NORTHING_2": null, "EASTING": null, "CATATAN_2": null, "NORTH AKK": null, "EAST AKHR": null, "Road_type": "Secondary road" }, "geometry": { "type": "MultiPolygon", "coordinates": [ [ [ [ 110.333203929908564, 1.565822647342541 ], [ 110.333180072566364, 1.565798636606351 ], [ 110.333150010040839, 1.565783220240405 ], [ 110.333116685061427, 1.565777907305884 ], [ 110.333083359709093, 1.565783217869703 ], [ 110.333053296101198, 1.565798632096699 ], [ 110.333029437072852, 1.565822641134877 ], [ 110.333014118111862, 1.565852894812319 ], [ 110.33300883874486, 1.565886431688395 ], [ 110.333014115753286, 1.565919968940197 ], [ 110.333029432587082, 1.565950223707979 ], [ 110.333053289928174, 1.565974234444335 ], [ 110.333083352453912, 1.565989650811084 ], [ 110.333112874510675, 1.5659943574541 ], [ 110.333155641439816, 1.565929290923539 ], [ 110.33315799326725, 1.565925549100831 ], [ 110.333211182869547, 1.565836973842898 ], [ 110.333203929908564, 1.565822647342541 ] ] ] ] } },
{ "type": "Feature", "properties": { "fid_1": 426.0, "Lokasi": "Jln. Ajibah Abol", "Pemilik": null, "Tarikh_Dit": null, "Jenis_Poko": "Tabebuia crysantha", "Tinggi_Pok": 6.0, "Silara_Pok": 2.0, "Catatan": null, "Ukur_Lilit": 33, "Northing": null, "Easthing": null, "Ln_TAGB_": 6.477, "TAGB": 650.018, "CO2_Stock": 325.009, "NAMA JALAN": "Jalan Datuk Ajibah Abol", "KTG JLN": null, "PJG JLN": null, "LBR JLN": null, "JENIS SRT": null, "CON OF RD": null, "TARIKH": null, "NORTHING_2": null, "EASTING": null, "CATATAN_2": null, "NORTH AKK": null, "EAST AKHR": null, "Road_type": "Secondary road" }, "geometry": { "type": "MultiPolygon", "coordinates": [ [ [ [ 110.333405179286842, 1.565497376470257 ], [ 110.333381321943463, 1.565473365734105 ], [ 110.333351259417981, 1.565457949369721 ], [ 110.333317934439833, 1.56545263643815 ], [ 110.333284609089873, 1.565457947006007 ], [ 110.333254545485218, 1.565473361237747 ], [ 110.333230686460681, 1.565497370280892 ], [ 110.333215367503641, 1.565527623963049 ], [ 110.333210088140405, 1.565561160843139 ], [ 110.333215365152014, 1.565594698097827 ], [ 110.333230681988127, 1.565624952867097 ], [ 110.333254539330397, 1.565648963603413 ], [ 110.333284601856093, 1.5656643799686 ], [ 110.333312185060407, 1.565668777501944 ], [ 110.333378817921187, 1.565557815500537 ], [ 110.333383456655113, 1.56554924184456 ], [ 110.333406918123842, 1.56550081112905 ], [ 110.333405179286842, 1.565497376470257 ] ] ] ] } },
{ "type": "Feature", "properties": { "fid_1": 427.0, "Lokasi": null, "Pemilik": null, "Tarikh_Dit": null, "Jenis_Poko": "Mimusops elengi", "Tinggi_Pok": 5.0, "Silara_Pok": 3.0, "Catatan": null, "Ukur_Lilit": 30, "Northing": null, "Easthing": null, "Ln_TAGB_": 6.268, "TAGB": 527.421, "CO2_Stock": 263.711, "NAMA JALAN": "Jalan Datuk Ajibah Abol", "KTG JLN": null, "PJG JLN": null, "LBR JLN": null, "JENIS SRT": null, "CON OF RD": null, "TARIKH": null, "NORTHING_2": null, "EASTING": null, "CATATAN_2": null, "NORTH AKK": null, "EAST AKHR": null, "Road_type": "Secondary road" }, "geometry": { "type": "MultiPolygon", "coordinates": [ [ [ [ 110.33334161526318, 1.565450065062752 ], [ 110.333326298425803, 1.565419810292683 ], [ 110.333302441083404, 1.565395799556202 ], [ 110.333272378559045, 1.565380383191483 ], [ 110.333239053582062, 1.565375070259599 ], [ 110.33322694565814, 1.565376999720245 ], [ 110.333191711165412, 1.565449733088538 ], [ 110.333143233043714, 1.565530462466248 ], [ 110.333151801131692, 1.565547386688535 ], [ 110.333175658472953, 1.565571397425187 ], [ 110.333205720997526, 1.565586813790706 ], [ 110.333239045975986, 1.565592126723738 ], [ 110.333272371327084, 1.565586816157171 ], [ 110.333302434932918, 1.565571401926165 ], [ 110.33332629395801, 1.56554739288296 ], [ 110.333341612914609, 1.565517139199992 ], [ 110.333346892276495, 1.565483602318678 ], [ 110.33334161526318, 1.565450065062752 ] ] ] ] } },
{ "type": "Feature", "properties": { "fid_1": 428.0, "Lokasi": "Jln. Ajibah Abol", "Pemilik": null, "Tarikh_Dit": null, "Jenis_Poko": "Tabebuia crysantha", "Tinggi_Pok": 7.0, "Silara_Pok": 4.0, "Catatan": null, "Ukur_Lilit": 36, "Northing": null, "Easthing": null, "Ln_TAGB_": 6.668, "TAGB": 786.82, "CO2_Stock": 393.41, "NAMA JALAN": "Jalan Datuk Ajibah Abol", "KTG JLN": null, "PJG JLN": null, "LBR JLN": null, "JENIS SRT": null, "CON OF RD": null, "TARIKH": null, "NORTHING_2": null, "EASTING": null, "CATATAN_2": null, "NORTH AKK": null, "EAST AKHR": null, "Road_type": "Secondary road" }, "geometry": { "type": "MultiPolygon", "coordinates": [ [ [ [ 110.333498521629494, 1.565302803676307 ], [ 110.33347466428566, 1.565278792940099 ], [ 110.333444601760462, 1.56526337657651 ], [ 110.333411276783252, 1.565258063646506 ], [ 110.333377951434798, 1.565263374216498 ], [ 110.333347887832105, 1.565278788450783 ], [ 110.333324028809756, 1.565302797496633 ], [ 110.333308709854947, 1.565333051181378 ], [ 110.333303430493743, 1.565366588063669 ], [ 110.333308707506987, 1.565400125319979 ], [ 110.333324024344222, 1.565430380090127 ], [ 110.33334788168689, 1.565454390826505 ], [ 110.333377944212344, 1.565469807190894 ], [ 110.333411269191032, 1.565475120122034 ], [ 110.333420040858499, 1.565473722310962 ], [ 110.333457665298653, 1.565396055444652 ], [ 110.333458155422136, 1.565395030088141 ], [ 110.33350014116516, 1.565306002683554 ], [ 110.333498521629494, 1.565302803676307 ] ] ] ] } },
{ "type": "Feature", "properties": { "fid_1": 429.0, "Lokasi": "Jln. Ajibah Abol", "Pemilik": null, "Tarikh_Dit": null, "Jenis_Poko": "Tabebuia crysantha", "Tinggi_Pok": 7.0, "Silara_Pok": 4.0, "Catatan": null, "Ukur_Lilit": 37, "Northing": null, "Easthing": null, "Ln_TAGB_": 6.729, "TAGB": 836.311, "CO2_Stock": 418.156, "NAMA JALAN": "Jalan Datuk Ajibah Abol", "KTG JLN": null, "PJG JLN": null, "LBR JLN": null, "JENIS SRT": null, "CON OF RD": null, "TARIKH": null, "NORTHING_2": null, "EASTING": null, "CATATAN_2": null, "NORTH AKK": null, "EAST AKHR": null, "Road_type": "Secondary road" }, "geometry": { "type": "MultiPolygon", "coordinates": [ [ [ [ 110.33368717096765, 1.564800467240954 ], [ 110.333657108443234, 1.564785050879214 ], [ 110.33362378346844, 1.56477973795286 ], [ 110.333590458123808, 1.564785048527991 ], [ 110.333560394525904, 1.564800462768371 ], [ 110.333536535508927, 1.564824471820665 ], [ 110.33352121655949, 1.564854725511616 ], [ 110.333515937203146, 1.564888262399229 ], [ 110.333521214220269, 1.564921799659453 ], [ 110.333536531059991, 1.564952054431759 ], [ 110.333560388403612, 1.564976065168278 ], [ 110.333590450928227, 1.564991481530834 ], [ 110.333623775904499, 1.564996794458316 ], [ 110.33364126701828, 1.56499400715485 ], [ 110.333671092484664, 1.564906336254605 ], [ 110.333707631025248, 1.564821058847252 ], [ 110.33368717096765, 1.564800467240954 ] ] ] ] } },
{ "type": "Feature", "properties": { "fid_1": 430.0, "Lokasi": "Jln. Ajibah Abol", "Pemilik": null, "Tarikh_Dit": null, "Jenis_Poko": "Tabebuia crysantha", "Tinggi_Pok": 9.0, "Silara_Pok": 4.0, "Catatan": null, "Ukur_Lilit": 33, "Northing": null, "Easthing": null, "Ln_TAGB_": 6.477, "TAGB": 650.018, "CO2_Stock": 325.009, "NAMA JALAN": "Jalan Datuk Ajibah Abol", "KTG JLN": null, "PJG JLN": null, "LBR JLN": null, "JENIS SRT": null, "CON OF RD": null, "TARIKH": null, "NORTHING_2": null, "EASTING": null, "CATATAN_2": null, "NORTH AKK": null, "EAST AKHR": null, "Road_type": "Secondary road" }, "geometry": { "type": "MultiPolygon", "coordinates": [ [ [ [ 110.333730748524985, 1.564765317330787 ], [ 110.333706891180199, 1.564741306594399 ], [ 110.333676828655939, 1.564725890232834 ], [ 110.333643503681515, 1.564720577306891 ], [ 110.333610178337352, 1.564725887882585 ], [ 110.333580114740059, 1.564741302123654 ], [ 110.333556255723735, 1.564765311176674 ], [ 110.333540936774924, 1.564795564868325 ], [ 110.333535657419134, 1.564829101756547 ], [ 110.333540934436684, 1.564862639017237 ], [ 110.333556251276647, 1.564892893789798 ], [ 110.333580108620282, 1.564916904526352 ], [ 110.33361017114477, 1.564932320888724 ], [ 110.333643496120672, 1.564937633815807 ], [ 110.333661416630605, 1.564934778085407 ], [ 110.333671092484664, 1.564906336254605 ], [ 110.333731163341128, 1.564766136701287 ], [ 110.333730748524985, 1.564765317330787 ] ] ] ] } },
{ "type": "Feature", "properties": { "fid_1": 431.0, "Lokasi": "Jln. Ajibah Abol", "Pemilik": null, "Tarikh_Dit": null, "Jenis_Poko": "Mimusops elengi", "Tinggi_Pok": 8.0, "Silara_Pok": 4.0, "Catatan": null, "Ukur_Lilit": 32, "Northing": null, "Easthing": null, "Ln_TAGB_": 6.41, "TAGB": 607.894, "CO2_Stock": 303.947, "NAMA JALAN": "Jalan Datuk Ajibah Abol", "KTG JLN": null, "PJG JLN": null, "LBR JLN": null, "JENIS SRT": null, "CON OF RD": null, "TARIKH": null, "NORTHING_2": null, "EASTING": null, "CATATAN_2": null, "NORTH AKK": null, "EAST AKHR": null, "Road_type": "Secondary road" }, "geometry": { "type": "MultiPolygon", "coordinates": [ [ [ [ 110.333395517180051, 1.565339631855827 ], [ 110.333380200342049, 1.565309377085264 ], [ 110.333356342999394, 1.565285366348752 ], [ 110.333326280475177, 1.565269949984488 ], [ 110.333292955498706, 1.565264637053481 ], [ 110.333279926477758, 1.565266713296287 ], [ 110.333263544488204, 1.565301449989893 ], [ 110.333201716603668, 1.565429079202357 ], [ 110.333205703055569, 1.565436953490829 ], [ 110.333229560397086, 1.565460964227489 ], [ 110.333259622921517, 1.56547638059255 ], [ 110.333292947899452, 1.5654816935247 ], [ 110.333326273249682, 1.565476382956909 ], [ 110.333356336854408, 1.565460968724433 ], [ 110.333380195878263, 1.565436959679695 ], [ 110.333395514833583, 1.565406705995254 ], [ 110.333400794194318, 1.565373169112673 ], [ 110.333395517180051, 1.565339631855827 ] ] ] ] } },
{ "type": "Feature", "properties": { "fid_1": 432.0, "Lokasi": "Jln. Ajibah Abol", "Pemilik": null, "Tarikh_Dit": null, "Jenis_Poko": "Tabebuia crysantha", "Tinggi_Pok": 6.0, "Silara_Pok": 3.0, "Catatan": null, "Ukur_Lilit": 33, "Northing": null, "Easthing": null, "Ln_TAGB_": 6.477, "TAGB": 650.018, "CO2_Stock": 325.009, "NAMA JALAN": "Jalan Datuk Ajibah Abol", "KTG JLN": null, "PJG JLN": null, "LBR JLN": null, "JENIS SRT": null, "CON OF RD": null, "TARIKH": null, "NORTHING_2": null, "EASTING": null, "CATATAN_2": null, "NORTH AKK": null, "EAST AKHR": null, "Road_type": "Secondary road" }, "geometry": { "type": "MultiPolygon", "coordinates": [ [ [ [ 110.333424440159916, 1.565283100571306 ], [ 110.333409123321587, 1.56525284580048 ], [ 110.333385265978777, 1.565228835063968 ], [ 110.33335520345463, 1.56521341869995 ], [ 110.333321878478429, 1.565208105769402 ], [ 110.333306403043437, 1.565210571861423 ], [ 110.333263544488204, 1.565301449989893 ], [ 110.333229853986737, 1.565370996155886 ], [ 110.333234626039015, 1.565380422211105 ], [ 110.333258483380675, 1.565404432947771 ], [ 110.333288545905049, 1.565419849312603 ], [ 110.333321870882727, 1.565425162244267 ], [ 110.333355196232517, 1.56541985167586 ], [ 110.333385259836689, 1.565404437442625 ], [ 110.333409118859905, 1.565380428397058 ], [ 110.333424437814543, 1.565350174711869 ], [ 110.333429717174681, 1.565316637828633 ], [ 110.333424440159916, 1.565283100571306 ] ] ] ] } },
{ "type": "Feature", "properties": { "fid_1": 433.0, "Lokasi": "Jln. Ajibah Abol", "Pemilik": null, "Tarikh_Dit": null, "Jenis_Poko": "Tabebuia crysantha", "Tinggi_Pok": 8.0, "Silara_Pok": 4.0, "Catatan": null, "Ukur_Lilit": 34, "Northing": null, "Easthing": null, "Ln_TAGB_": 6.543, "TAGB": 694.367, "CO2_Stock": 347.183, "NAMA JALAN": "Jalan Datuk Ajibah Abol", "KTG JLN": null, "PJG JLN": null, "LBR JLN": null, "JENIS SRT": null, "CON OF RD": null, "TARIKH": null, "NORTHING_2": null, "EASTING": null, "CATATAN_2": null, "NORTH AKK": null, "EAST AKHR": null, "Road_type": "Secondary road" }, "geometry": { "type": "MultiPolygon", "coordinates": [ [ [ [ 110.33352059069496, 1.565108078888531 ], [ 110.333505273855508, 1.565077824116898 ], [ 110.333481416512186, 1.565053813380383 ], [ 110.333451353988181, 1.565038397017134 ], [ 110.333418029012719, 1.56503308408808 ], [ 110.333387838180542, 1.565037895158089 ], [ 110.333319420521946, 1.565182969340517 ], [ 110.333330776585086, 1.565205400543612 ], [ 110.333354633927286, 1.565229411280289 ], [ 110.333384696451517, 1.565244827644341 ], [ 110.333418021428443, 1.565250140574525 ], [ 110.333451346776911, 1.565244830004038 ], [ 110.333481410379335, 1.565229415768394 ], [ 110.333505269400519, 1.565205406720299 ], [ 110.333520588353124, 1.565175153032645 ], [ 110.333525867711316, 1.565141616147348 ], [ 110.33352059069496, 1.565108078888531 ] ] ] ] } },
{ "type": "Feature", "properties": { "fid_1": 434.0, "Lokasi": "Jln. Ajibah Abol", "Pemilik": null, "Tarikh_Dit": null, "Jenis_Poko": "Tabebuia crysantha", "Tinggi_Pok": 8.0, "Silara_Pok": 4.0, "Catatan": null, "Ukur_Lilit": 34, "Northing": null, "Easthing": null, "Ln_TAGB_": 6.543, "TAGB": 694.367, "CO2_Stock": 347.183, "NAMA JALAN": "Jalan Datuk Ajibah Abol", "KTG JLN": null, "PJG JLN": null, "LBR JLN": null, "JENIS SRT": null, "CON OF RD": null, "TARIKH": null, "NORTHING_2": null, "EASTING": null, "CATATAN_2": null, "NORTH AKK": null, "EAST AKHR": null, "Road_type": "Secondary road" }, "geometry": { "type": "MultiPolygon", "coordinates": [ [ [ [ 110.333546884312838, 1.565051547604078 ], [ 110.333531567473074, 1.565021292832191 ], [ 110.333507710129652, 1.564997282095661 ], [ 110.333477647605719, 1.564981865732629 ], [ 110.333444322630541, 1.564976552804012 ], [ 110.333414528398876, 1.564981300674226 ], [ 110.333345904040357, 1.565126813157233 ], [ 110.333357070206574, 1.565148869263782 ], [ 110.333380927548873, 1.565172880000481 ], [ 110.33341099007302, 1.565188296364304 ], [ 110.333444315049675, 1.565193609294051 ], [ 110.333477640397703, 1.565188298722941 ], [ 110.333507703999558, 1.565172884486563 ], [ 110.333531563020117, 1.565148875437687 ], [ 110.33354688197204, 1.565118621749306 ], [ 110.333552161329678, 1.565085084863369 ], [ 110.333546884312838, 1.565051547604078 ] ] ] ] } },
{ "type": "Feature", "properties": { "fid_1": 435.0, "Lokasi": "Jln. Ajibah Abol", "Pemilik": null, "Tarikh_Dit": null, "Jenis_Poko": "Tabebuia crysantha", "Tinggi_Pok": 9.0, "Silara_Pok": 4.0, "Catatan": null, "Ukur_Lilit": 36, "Northing": null, "Easthing": null, "Ln_TAGB_": 6.668, "TAGB": 786.82, "CO2_Stock": 393.41, "NAMA JALAN": "Jalan Datuk Ajibah Abol", "KTG JLN": null, "PJG JLN": null, "LBR JLN": null, "JENIS SRT": null, "CON OF RD": null, "TARIKH": null, "NORTHING_2": null, "EASTING": null, "CATATAN_2": null, "NORTH AKK": null, "EAST AKHR": null, "Road_type": "Secondary road" }, "geometry": { "type": "MultiPolygon", "coordinates": [ [ [ [ 110.333586324739386, 1.564956890569833 ], [ 110.333571007899124, 1.564926635797518 ], [ 110.33354715055556, 1.564902625060948 ], [ 110.333517088031812, 1.564887208698275 ], [ 110.333483763057117, 1.564881895770374 ], [ 110.333450437712031, 1.564887206343496 ], [ 110.333449453628191, 1.564887710903921 ], [ 110.333425604349301, 1.564957815001666 ], [ 110.333388036755707, 1.565037474095274 ], [ 110.333396510639105, 1.565054212236969 ], [ 110.333420367981574, 1.565078222973716 ], [ 110.333450430505536, 1.565093639337187 ], [ 110.333483755481694, 1.56509895226622 ], [ 110.333517080828955, 1.565093641694129 ], [ 110.333547144429843, 1.565078227456585 ], [ 110.33357100344935, 1.565054218406436 ], [ 110.333586322400265, 1.565023964716864 ], [ 110.333591601756936, 1.564990427829887 ], [ 110.333586324739386, 1.564956890569833 ] ] ] ] } },
{ "type": "Feature", "properties": { "fid_1": 436.0, "Lokasi": "Jln. Ajibah Abol", "Pemilik": null, "Tarikh_Dit": null, "Jenis_Poko": "Tabebuia crysantha", "Tinggi_Pok": 8.0, "Silara_Pok": 4.0, "Catatan": null, "Ukur_Lilit": 40, "Northing": null, "Easthing": null, "Ln_TAGB_": 6.9, "TAGB": 992.275, "CO2_Stock": 496.137, "NAMA JALAN": "Jalan Datuk Ajibah Abol", "KTG JLN": null, "PJG JLN": null, "LBR JLN": null, "JENIS SRT": null, "CON OF RD": null, "TARIKH": null, "NORTHING_2": null, "EASTING": null, "CATATAN_2": null, "NORTH AKK": null, "EAST AKHR": null, "Road_type": "Secondary road" }, "geometry": { "type": "MultiPolygon", "coordinates": [ [ [ [ 110.333598156866827, 1.564913506095977 ], [ 110.333582840026452, 1.564883251323456 ], [ 110.333558982682845, 1.56485924058687 ], [ 110.333528920159225, 1.564843824224322 ], [ 110.333495595184829, 1.564838511296673 ], [ 110.333464505808976, 1.564843465556503 ], [ 110.333425604349301, 1.564957815001666 ], [ 110.333404335877745, 1.565002913104561 ], [ 110.33340834276936, 1.5650108277661 ], [ 110.333432200111815, 1.565034838502885 ], [ 110.333462262635663, 1.565050254866241 ], [ 110.333495587611537, 1.565055567794991 ], [ 110.333528912958428, 1.565050257222517 ], [ 110.333558976558876, 1.56503484298447 ], [ 110.333582835577914, 1.565010833933842 ], [ 110.33359815452836, 1.564980580243775 ], [ 110.333603433884662, 1.564947043356363 ], [ 110.333598156866827, 1.564913506095977 ] ] ] ] } },
{ "type": "Feature", "properties": { "fid_1": 437.0, "Lokasi": "Jln. Ajibah Abol", "Pemilik": null, "Tarikh_Dit": null, "Jenis_Poko": "Tabebuia crysantha", "Tinggi_Pok": 8.0, "Silara_Pok": 5.0, "Catatan": null, "Ukur_Lilit": 39, "Northing": null, "Easthing": null, "Ln_TAGB_": 6.844, "TAGB": 938.235, "CO2_Stock": 469.118, "NAMA JALAN": "Jalan Datuk Ajibah Abol", "KTG JLN": null, "PJG JLN": null, "LBR JLN": null, "JENIS SRT": null, "CON OF RD": null, "TARIKH": null, "NORTHING_2": null, "EASTING": null, "CATATAN_2": null, "NORTH AKK": null, "EAST AKHR": null, "Road_type": "Secondary road" }, "geometry": { "type": "MultiPolygon", "coordinates": [ [ [ [ 110.333627079846138, 1.564839883958264 ], [ 110.333611763005408, 1.564809629185426 ], [ 110.333587905661716, 1.564785618448796 ], [ 110.333557843138252, 1.564770202086504 ], [ 110.333524518164253, 1.564764889159414 ], [ 110.333494786404131, 1.564769627076586 ], [ 110.333471384977486, 1.564824243730169 ], [ 110.333468385005176, 1.56483206279752 ], [ 110.333434484538529, 1.564931712005552 ], [ 110.333437265753375, 1.564937205634058 ], [ 110.33346112309593, 1.564961216370877 ], [ 110.333491185619593, 1.564976632733955 ], [ 110.333524510595069, 1.564981945662191 ], [ 110.333557835941377, 1.564976635088945 ], [ 110.333587899541087, 1.564961220850036 ], [ 110.333611758559314, 1.564937211798435 ], [ 110.333627077508964, 1.564906958107441 ], [ 110.333632356864541, 1.564873421219243 ], [ 110.333627079846138, 1.564839883958264 ] ] ] ] } },
{ "type": "Feature", "properties": { "fid_1": 438.0, "Lokasi": "Jln. Ajibah Abol", "Pemilik": null, "Tarikh_Dit": null, "Jenis_Poko": "Tabebuia crysantha", "Tinggi_Pok": 7.0, "Silara_Pok": 3.0, "Catatan": null, "Ukur_Lilit": 40, "Northing": null, "Easthing": null, "Ln_TAGB_": 6.9, "TAGB": 992.275, "CO2_Stock": 496.137, "NAMA JALAN": "Jalan Datuk Ajibah Abol", "KTG JLN": null, "PJG JLN": null, "LBR JLN": null, "JENIS SRT": null, "CON OF RD": null, "TARIKH": null, "NORTHING_2": null, "EASTING": null, "CATATAN_2": null, "NORTH AKK": null, "EAST AKHR": null, "Road_type": "Secondary road" }, "geometry": { "type": "MultiPolygon", "coordinates": [ [ [ [ 110.332782531386044, 1.56645882361799 ], [ 110.332758674046445, 1.566434812881648 ], [ 110.332728611521077, 1.566419396512458 ], [ 110.332695286539376, 1.566414083571942 ], [ 110.332661961182509, 1.566419394127569 ], [ 110.332631897568291, 1.566434808344998 ], [ 110.332608038532484, 1.566458817373187 ], [ 110.33259271956355, 1.566489071041155 ], [ 110.332587440188945, 1.566522607909238 ], [ 110.332592717190877, 1.566556145155257 ], [ 110.332608034019884, 1.566586399920094 ], [ 110.332631891358361, 1.566610410656604 ], [ 110.332661953883942, 1.566625827026588 ], [ 110.332685711926089, 1.566629614728211 ], [ 110.332791969885378, 1.566477467133891 ], [ 110.332782531386044, 1.56645882361799 ] ] ] ] } },
{ "type": "Feature", "properties": { "fid_1": 439.0, "Lokasi": "Jln. Ajibah Abol", "Pemilik": null, "Tarikh_Dit": null, "Jenis_Poko": "Tabebuia crysantha", "Tinggi_Pok": 7.0, "Silara_Pok": 4.0, "Catatan": null, "Ukur_Lilit": 40, "Northing": null, "Easthing": null, "Ln_TAGB_": 6.9, "TAGB": 992.275, "CO2_Stock": 496.137, "NAMA JALAN": "Jalan Datuk Ajibah Abol", "KTG JLN": null, "PJG JLN": null, "LBR JLN": null, "JENIS SRT": null, "CON OF RD": null, "TARIKH": null, "NORTHING_2": null, "EASTING": null, "CATATAN_2": null, "NORTH AKK": null, "EAST AKHR": null, "Road_type": "Secondary road" }, "geometry": { "type": "MultiPolygon", "coordinates": [ [ [ [ 110.332804223620769, 1.566418232840805 ], [ 110.332780366281042, 1.566394222104452 ], [ 110.332750303755716, 1.566378805735454 ], [ 110.332716978774201, 1.566373492795275 ], [ 110.332683653417632, 1.566378803351361 ], [ 110.332653589803826, 1.566394217569374 ], [ 110.33262973076846, 1.566418226598124 ], [ 110.332614411800023, 1.566448480266668 ], [ 110.332609132425858, 1.566482017135221 ], [ 110.332614409428132, 1.566515554381603 ], [ 110.332629726257423, 1.566545809146606 ], [ 110.332653583596013, 1.566569819883127 ], [ 110.332683646121566, 1.566585236252926 ], [ 110.332713393179333, 1.566589978772156 ], [ 110.332816459284686, 1.566442401491374 ], [ 110.332804223620769, 1.566418232840805 ] ] ] ] } },
{ "type": "Feature", "properties": { "fid_1": 440.0, "Lokasi": "Jln. Ajibah Abol", "Pemilik": null, "Tarikh_Dit": null, "Jenis_Poko": "Tabebuia crysantha", "Tinggi_Pok": 7.0, "Silara_Pok": 4.0, "Catatan": null, "Ukur_Lilit": 42, "Northing": null, "Easthing": null, "Ln_TAGB_": 7.007, "TAGB": 1104.337, "CO2_Stock": 552.168, "NAMA JALAN": "Jalan Datuk Ajibah Abol", "KTG JLN": null, "PJG JLN": null, "LBR JLN": null, "JENIS SRT": null, "CON OF RD": null, "TARIKH": null, "NORTHING_2": null, "EASTING": null, "CATATAN_2": null, "NORTH AKK": null, "EAST AKHR": null, "Road_type": "Secondary road" }, "geometry": { "type": "MultiPolygon", "coordinates": [ [ [ [ 110.332847806091621, 1.566397215045869 ], [ 110.332832489259971, 1.566366960280106 ], [ 110.332808631920116, 1.566342949543742 ], [ 110.332778569394804, 1.56632753317498 ], [ 110.332745244413516, 1.566322220235226 ], [ 110.332711919057346, 1.566327530791945 ], [ 110.332681855444065, 1.566342945010636 ], [ 110.332657996409282, 1.566366954040148 ], [ 110.332642677441427, 1.566397207709402 ], [ 110.33263739806786, 1.566430744578567 ], [ 110.332642675070602, 1.56646428182538 ], [ 110.332657991900206, 1.56649453659063 ], [ 110.332681849238938, 1.566518547327137 ], [ 110.332711911764449, 1.566533963696726 ], [ 110.332745236747215, 1.566539276637596 ], [ 110.332749249494753, 1.566538637187052 ], [ 110.332847844858037, 1.566397461420206 ], [ 110.332847806091621, 1.566397215045869 ] ] ] ] } },
{ "type": "Feature", "properties": { "fid_1": 441.0, "Lokasi": "Jln. Ajibah Abol", "Pemilik": null, "Tarikh_Dit": null, "Jenis_Poko": "Tabebuia crysantha", "Tinggi_Pok": 6.0, "Silara_Pok": 4.0, "Catatan": null, "Ukur_Lilit": 31, "Northing": null, "Easthing": null, "Ln_TAGB_": 6.34, "TAGB": 566.796, "CO2_Stock": 283.398, "NAMA JALAN": "Jalan Datuk Ajibah Abol", "KTG JLN": null, "PJG JLN": null, "LBR JLN": null, "JENIS SRT": null, "CON OF RD": null, "TARIKH": null, "NORTHING_2": null, "EASTING": null, "CATATAN_2": null, "NORTH AKK": null, "EAST AKHR": null, "Road_type": "Secondary road" }, "geometry": { "type": "MultiPolygon", "coordinates": [ [ [ [ 110.332926160274809, 1.566230890791504 ], [ 110.332902302934343, 1.5662068800552 ], [ 110.332872240408989, 1.566191463687122 ], [ 110.332838915428155, 1.566186150748711 ], [ 110.332805590072937, 1.566191461307188 ], [ 110.332775526460978, 1.566206875527978 ], [ 110.332751667427829, 1.566230884559672 ], [ 110.332736348461708, 1.566261138230973 ], [ 110.332731069089775, 1.566294675101864 ], [ 110.332736346093952, 1.566328212349929 ], [ 110.332751662924608, 1.566358467115812 ], [ 110.332775520263937, 1.566382477852297 ], [ 110.332805582789518, 1.566397894221171 ], [ 110.332838907771816, 1.566403207160729 ], [ 110.332844448771738, 1.566402324175518 ], [ 110.332848284494588, 1.566396831917651 ], [ 110.332849999813789, 1.566394300589045 ], [ 110.332939755350267, 1.566257744635294 ], [ 110.332926160274809, 1.566230890791504 ] ] ] ] } },
{ "type": "Feature", "properties": { "fid_1": 442.0, "Lokasi": "Jln. Ajibah Abol", "Pemilik": null, "Tarikh_Dit": null, "Jenis_Poko": "Tabebuia crysantha", "Tinggi_Pok": 6.0, "Silara_Pok": 3.0, "Catatan": null, "Ukur_Lilit": 30, "Northing": null, "Easthing": null, "Ln_TAGB_": 6.268, "TAGB": 527.421, "CO2_Stock": 263.711, "NAMA JALAN": "Jalan Datuk Ajibah Abol", "KTG JLN": null, "PJG JLN": null, "LBR JLN": null, "JENIS SRT": null, "CON OF RD": null, "TARIKH": null, "NORTHING_2": null, "EASTING": null, "CATATAN_2": null, "NORTH AKK": null, "EAST AKHR": null, "Road_type": "Secondary road" }, "geometry": { "type": "MultiPolygon", "coordinates": [ [ [ [ 110.333027092815115, 1.5660774404902 ], [ 110.333003235474024, 1.56605342975394 ], [ 110.332973172948641, 1.566038013386643 ], [ 110.332939847968376, 1.566032700449655 ], [ 110.332906522614252, 1.566038011010117 ], [ 110.332876459003842, 1.566053425233187 ], [ 110.332852599972483, 1.56607743426729 ], [ 110.332837281008253, 1.566107687940869 ], [ 110.332832001638138, 1.566141224813699 ], [ 110.332837278643879, 1.566174762063169 ], [ 110.3328525954757, 1.56620501682975 ], [ 110.332876452815654, 1.566229027566179 ], [ 110.332906515341236, 1.566244443934284 ], [ 110.332939840322993, 1.566249756872391 ], [ 110.332945609854434, 1.566248837469204 ], [ 110.333040656258987, 1.56610423185191 ], [ 110.333027092815115, 1.5660774404902 ] ] ] ] } },
{ "type": "Feature", "properties": { "fid_1": 443.0, "Lokasi": "Jln. Ajibah Abol", "Pemilik": null, "Tarikh_Dit": null, "Jenis_Poko": "Tabebuia crysantha", "Tinggi_Pok": 6.0, "Silara_Pok": 3.0, "Catatan": null, "Ukur_Lilit": 30, "Northing": null, "Easthing": null, "Ln_TAGB_": 6.268, "TAGB": 527.421, "CO2_Stock": 263.711, "NAMA JALAN": "Jalan Datuk Ajibah Abol", "KTG JLN": null, "PJG JLN": null, "LBR JLN": null, "JENIS SRT": null, "CON OF RD": null, "TARIKH": null, "NORTHING_2": null, "EASTING": null, "CATATAN_2": null, "NORTH AKK": null, "EAST AKHR": null, "Road_type": "Secondary road" }, "geometry": { "type": "MultiPolygon", "coordinates": [ [ [ [ 110.332999738975033, 1.565990350913658 ], [ 110.33298442214155, 1.565960096146086 ], [ 110.332960564801198, 1.565936085409506 ], [ 110.332930502276838, 1.565920669042138 ], [ 110.33290534485019, 1.565916658242374 ], [ 110.332802534905028, 1.566073075485877 ], [ 110.332809924809595, 1.566087672489246 ], [ 110.332833782148811, 1.566111683225989 ], [ 110.332863844673383, 1.566127099594159 ], [ 110.332897169653918, 1.566132412532139 ], [ 110.33293049500891, 1.566127101972387 ], [ 110.332960558620144, 1.566111687749331 ], [ 110.332984417651545, 1.566087678714444 ], [ 110.332999736614767, 1.566057425039375 ], [ 110.333005015982963, 1.566023888164751 ], [ 110.332999738975033, 1.565990350913658 ] ] ] ] } },
{ "type": "Feature", "properties": { "fid_1": 444.0, "Lokasi": "Jln. Ajibah Abol", "Pemilik": null, "Tarikh_Dit": null, "Jenis_Poko": "Tabebuia crysantha", "Tinggi_Pok": 7.0, "Silara_Pok": 4.0, "Catatan": null, "Ukur_Lilit": 30, "Northing": null, "Easthing": null, "Ln_TAGB_": 6.268, "TAGB": 527.421, "CO2_Stock": 263.711, "NAMA JALAN": "Jalan Datuk Ajibah Abol", "KTG JLN": null, "PJG JLN": null, "LBR JLN": null, "JENIS SRT": null, "CON OF RD": null, "TARIKH": null, "NORTHING_2": null, "EASTING": null, "CATATAN_2": null, "NORTH AKK": null, "EAST AKHR": null, "Road_type": "Secondary road" }, "geometry": { "type": "MultiPolygon", "coordinates": [ [ [ [ 110.332879112279329, 1.566179086577387 ], [ 110.33286379544721, 1.566148831810682 ], [ 110.332839938107597, 1.566124821074073 ], [ 110.332809875583251, 1.566109404705756 ], [ 110.332781617556833, 1.566104899581995 ], [ 110.33268041774619, 1.566258867097915 ], [ 110.332689298102039, 1.566276408135346 ], [ 110.33271315544053, 1.566300418872107 ], [ 110.332743217965088, 1.566315835241213 ], [ 110.332776542946334, 1.566321148180952 ], [ 110.332809868302675, 1.566315837623588 ], [ 110.332839931915771, 1.566300423403319 ], [ 110.332863790949403, 1.566276414371346 ], [ 110.332879109914956, 1.566246160699067 ], [ 110.332884389285383, 1.566212623826772 ], [ 110.332879112279329, 1.566179086577387 ] ] ] ] } }
]
}
